Mag,Date,Has_Data,bx_min,bx_max,bx_mean,by_min,by_max,by_mean,bz_min,bz_max,bz_mean
pg0,2024-01-01,True,14530.89,15011.91,14742.65294865612,-1563.67,-111.39,-381.0373885784862,-55698.13,-53043.15,-53436.4151619126
pg0,2024-01-02,True,14371.8,15088.03,14720.358853900576,-1563.67,-193.01,-393.39410069571153,-55698.13,-53058.27,-53439.767841057575
pg0,2024-01-03,True,14491.54,15059.7,14707.415316388637,-586.55,-74.8,-371.9776913930518,-53631.31,-53080.91,-53450.56890102775
pg0,2024-01-04,True,14419.3,14946.88,14744.19608657856,-1563.67,-125.75,-387.9675377386197,-55698.13,-53099.67,-53458.8835282232
pg0,2024-01-05,True,14387.86,14847.25,14674.842560294881,-1563.67,-158.24,-377.10157814781667,-55698.13,-53190.39,-53476.183395355416
pg0,2024-01-06,True,13278.1,14908.76,14712.070973315913,-1563.67,-160.82,-372.7896321668609,-55698.13,-53120.9,-53474.274884470964
pg0,2024-01-07,True,14498.17,14972.39,14717.806592732699,-577.46,-166.51,-397.88047356116584,-55698.13,-53164.24,-53476.28953853925
pg0,2024-01-08,True,14467.97,14813.3,14648.532037171926,-1563.67,-105.76,-375.28390434455696,-55698.13,-53186.81,-53472.92865469113
pg0,2024-01-09,True,14413.67,14920.2,14662.931421821506,-1563.67,-196.42,-373.6094698213197,-55698.13,-53240.41,-53480.031320991424
pg0,2024-01-10,True,14366.28,14735.31,14610.835150115741,-568.9,-218.17,-377.64266597222223,-53780.31,-53254.95,-53493.15794340277
pg0,2024-01-11,True,14331.92,14771.02,14618.682129050927,-557.99,-247.9,-367.14565983796297,-53822.59,-53339.28,-53510.065172222225
pg0,2024-01-12,True,14419.41,14724.28,14641.391254861112,-515.18,-286.49,-382.63109861111116,-53706.13,-53379.74,-53495.518104050934
pg0,2024-01-13,True,14512.77,14760.64,14643.956347685185,-470.97,-262.39,-368.6879302083333,-53649.36,-53373.99,-53474.249632986124
pg0,2024-01-14,True,14333.56,14766.39,14638.160821412037,-552.83,-218.05,-380.11326388888887,-53802.42,-53344.73,-53511.885306828706
pg0,2024-01-15,True,14582.02,14850.89,14733.696472800926,-583.38,-211.6,-373.6948385416667,-53703.9,-53394.22,-53476.693946643514
pg0,2024-01-16,True,14632.92,14864.37,14731.816196296299,-484.75,-238.81,-390.2850998842592,-53591.26,-53377.57,-53468.65226851852
pg0,2024-01-17,True,14553.81,14806.91,14684.039061689815,-499.06,-299.27,-384.0837791666667,-53584.51,-53385.02,-53477.870448379625
pg0,2024-01-18,True,14312.1,14798.99,14655.176538078706,-496.18,-230.43,-377.07328530092593,-53690.01,-53359.27,-53490.26379988426
pg0,2024-01-19,True,14512.06,14870.94,14664.716681481485,-497.88,-222.63,-353.7853855324074,-53792.27,-53376.45,-53504.20607789351
pg0,2024-01-20,True,14400.65,14824.15,14654.166683796297,-518.47,-245.44,-381.592746875,-53738.91,-53364.55,-53495.43748090278
pg0,2024-01-21,True,14424.98,14781.05,14652.378600462962,-572.12,-289.65,-373.5140841435185,-53805.47,-53340.74,-53516.53656446759
pg0,2024-01-22,True,14383.06,14786.44,14598.377620833335,-516.59,-214.59,-381.1473174768518,-53713.17,-53270.73,-53470.906070254634
pg0,2024-01-23,True,14456.41,14793.65,14663.859146412036,-517.94,-260.45,-378.94992384259257,-53690.06,-53351.18,-53468.92990983796
pg0,2024-01-24,True,14609.52,14965.29,14728.423415046296,-579.69,-213.07,-379.3524427083333,-53634.41,-53409.7,-53480.20759097222
pg0,2024-01-25,True,14572.23,14867.54,14726.734256018519,-510.14,-283.96,-394.3494329861111,-53568.21,-53330.42,-53463.928523958326
pg0,2024-01-26,True,14617.56,14850.06,14734.127767708334,-549.66,-236.58,-376.7973128472222,-53593.89,-53260.64,-53450.89452673612
pg0,2024-01-27,True,14537.81,14722.52,14657.629175925927,-483.22,-243.15,-378.5364540509259,-53628.67,-53390.29,-53487.693600231476
pg0,2024-01-28,True,14471.66,14811.36,14671.867580324075,-486.33,-258.05,-387.84477800925924,-53638.28,-53317.87,-53480.01474699073
pg0,2024-01-29,True,14508.08,14872.64,14727.853998611112,-513.54,-263.03,-393.2941289351852,-53613.54,-53297.17,-53443.015026388886
pg0,2024-01-30,True,14618.73,14876.69,14734.59756226852,-528.49,-192.19,-381.0512554398148,-53609.96,-53350.36,-53459.55009675925
pg0,2024-01-31,True,14578.15,14833.29,14707.272036921293,-481.82,-260.68,-384.88320833333336,-53563.63,-53378.98,-53456.38160486111
pg0,2024-02-01,True,14581.14,14864.9,14723.323151041666,-518.58,-301.15,-397.9751489583333,-53567.21,-53386.01,-53446.68873298612
pg0,2024-02-02,True,14586.36,14832.41,14709.58738263889,-476.3,-308.65,-390.4884280092593,-53599.76,-53412.34,-53487.574913657394
pg0,2024-02-03,True,14613.16,14800.69,14712.526436226854,-468.33,-300.27,-397.98219907407406,-53620.63,-53394.11,-53475.58875833334
pg0,2024-02-04,True,14559.68,14813.47,14674.531077662039,-466.22,-233.48,-375.46836574074075,-53560.7,-53357.86,-53459.31301111111
pg0,2024-02-05,True,14447.27,14731.14,14649.386893171295,-529.73,-230.19,-379.79505358796297,-53694.11,-53296.29,-53484.9024980324
pg0,2024-02-06,True,14407.74,14777.12,14634.26122045814,-525.33,-233.94,-387.5243523346418,-53711.0,-53113.69,-53485.095768234816
pg0,2024-02-07,True,14367.57,14844.96,14648.382096128955,-544.85,-163.23,-381.1836263089775,-55698.13,-53131.34,-53487.27870420049
pg0,2024-02-08,True,14488.2,14724.81,14649.972304954123,-497.77,-305.54,-394.1511117115635,-53705.66,-53310.66,-53513.658716767895
pg0,2024-02-09,True,14434.37,14792.42,14672.720398758274,-484.34,-294.58,-397.6813409476952,-53653.59,-53251.44,-53485.90993943654
pg0,2024-02-10,True,14460.58,14857.51,14691.17570965856,-518.06,-221.87,-400.95594995322733,-53740.9,-53185.99,-53489.17536903648
pg0,2024-02-11,True,14321.25,14956.44,14719.461931050522,-603.67,-203.63,-393.723590488925,-53974.0,-53280.76,-53478.66572734144
pg0,2024-02-12,True,14609.82,14906.07,14719.505663078704,-503.92,-239.81,-391.2180733796297,-53625.38,-53403.14,-53484.53842731482
pg0,2024-02-13,True,13278.1,14907.94,14700.88900321767,-1563.67,-171.08,-396.55489640963907,-53986.6,-53386.42,-53476.43632792425
pg0,2024-02-14,True,14488.43,14774.07,14657.58192962963,-489.67,-162.35,-373.8353597222222,-53650.66,-53396.22,-53494.30273206019
pg0,2024-02-15,True,14496.7,14793.77,14658.897319560183,-477.54,-319.21,-398.6190640046296,-53606.09,-53325.85,-53472.78977858796
pg0,2024-02-16,True,14521.5,14764.39,14664.445075462963,-487.15,-270.71,-378.88637939814816,-53626.5,-53430.11,-53505.492042013895
pg0,2024-02-17,True,14483.74,14777.82,14660.28870960648,-480.64,-275.52,-383.8359899305555,-53629.95,-53403.72,-53480.36583923611
pg0,2024-02-18,True,14461.28,14787.26,14659.54790335648,-477.13,-249.02,-367.2540953703704,-53671.3,-53364.32,-53496.122160763894
pg0,2024-02-19,True,14581.14,14710.56,14654.000689583332,-447.22,-302.67,-385.5242368055556,-53554.13,-53400.61,-53468.80807407408
pg0,2024-02-20,True,14437.0,14774.24,14666.839560648148,-509.38,-290.24,-394.01166203703707,-53660.51,-53394.87,-53477.954395486115
pg0,2024-02-21,True,14556.45,14699.89,14650.619228819443,-497.59,-311.35,-389.1558431712962,-53549.38,-53399.79,-53470.980894907414
pg0,2024-02-22,True,14282.61,14875.1,14643.806240477015,-1563.67,-225.09,-389.3699454671761,-55698.13,-53182.71,-53498.07079622554
pg0,2024-02-23,True,14570.88,14732.14,14670.392568237065,-479.53,-330.53,-390.30640467646725,-53586.97,-53439.32,-53498.249777404795
pg0,2024-02-24,True,14593.69,14788.96,14690.618477314816,-477.54,-280.8,-393.91929583333336,-53546.16,-53403.61,-53479.91600277777
pg0,2024-02-25,True,14493.94,14934.45,14708.30002488426,-550.07,-303.84,-407.33441458333334,-53566.33,-53403.67,-53480.097195833325
pg0,2024-02-26,True,14581.55,14857.98,14714.229108912037,-510.67,-241.63,-391.4004170138889,-53566.16,-53398.04,-53487.99109560185
pg0,2024-02-27,True,14566.31,14923.19,14703.602191211538,-1563.67,-154.43,-376.01011031880165,-55698.13,-53175.09,-53496.992483041235
pg0,2024-02-28,True,13278.1,14928.58,14683.992420419028,-1563.67,-188.62,-391.56201423775894,-55698.13,-53200.24,-53495.97802060425
pg0,2024-02-29,True,14600.67,14778.06,14682.063648348341,-478.3,-349.93,-402.6990789138637,-53623.62,-53430.93,-53486.51712724832
pg0,2024-03-01,True,14596.51,14848.95,14695.360146180554,-523.57,-267.78,-383.14924814814816,-53591.43,-53435.45,-53485.24607569445
pg0,2024-03-02,True,14573.28,14861.38,14698.381919649057,-1563.67,-205.92,-393.1153242048243,-55698.13,-53187.58,-53489.6961527154
pg0,2024-03-03,True,14374.96,14921.08,14645.22302921905,-1563.67,-192.13,-379.44920863142784,-55698.13,-53250.79,-53480.93262786229
pg0,2024-03-04,True,14527.6,14738.94,14652.402128703705,-473.49,-205.45,-372.7134200231481,-53671.12,-53366.08,-53493.94630358795
pg0,2024-03-05,True,14505.38,14761.93,14656.785748379627,-473.9,-236.88,-385.8811782407407,-53634.7,-53385.19,-53495.843309490745
pg0,2024-03-06,True,14500.45,14765.74,14658.029264583334,-484.87,-292.82,-396.9769704861111,-53604.8,-53425.54,-53516.28207199075
pg0,2024-03-07,True,14468.38,14739.41,14667.658013773149,-485.8,-276.69,-393.07012222222227,-53600.99,-53429.94,-53498.05221666666
pg0,2024-03-08,True,14588.18,14844.2,14698.457925115741,-477.01,-167.68,-381.1925774305555,-53713.28,-53445.47,-53501.27345358796
pg0,2024-03-09,True,14553.05,14848.13,14690.281129050925,-539.05,-183.22,-392.17980868055554,-53608.67,-53453.63,-53498.94332708333
pg0,2024-03-10,True,14586.54,14780.64,14674.312351388888,-489.44,-336.39,-404.0567403935185,-53610.66,-53431.17,-53500.88395972222
pg0,2024-03-11,True,14608.23,14778.82,14687.36488414352,-496.18,-341.37,-405.25143969907407,-53609.43,-53444.95,-53500.51279745369
pg0,2024-03-12,True,14568.18,14730.5,14661.905896412034,-483.63,-299.56,-403.0761690972223,-53607.15,-53459.37,-53498.81783981482
pg0,2024-03-13,True,14536.69,14765.27,14647.245663773147,-635.04,-334.28,-404.94757048611115,-53775.33,-53435.97,-53510.00679791667
pg0,2024-03-14,True,14534.17,14792.77,14658.714402662035,-456.78,-227.96,-389.9730401620371,-53601.75,-53428.24,-53495.14939675926
pg0,2024-03-15,True,14530.89,14763.69,14673.270790411814,-520.75,-217.41,-398.1661980601403,-53768.05,-53443.95,-53504.27046262645
pg0,2024-03-16,True,14577.56,14696.78,14660.940135763889,-459.65,-375.21,-409.49003310185185,-53546.69,-53430.46,-53495.122301157404
pg0,2024-03-17,True,14622.89,14856.81,14668.664312120929,-1563.67,-250.36,-408.6836517894347,-55698.13,-53205.7,-53491.49174556693
pg0,2024-03-18,True,13278.1,14970.75,14660.93106509493,-1563.67,-84.24,-387.2248028374713,-55698.13,-53188.51,-53487.90116280687
pg0,2024-03-19,True,13278.1,15008.98,14682.299796585714,-1563.67,-219.4,-403.1827207242852,-55698.13,-53202.06,-53502.21267580557
pg0,2024-03-20,True,14626.41,14751.08,14686.701997453705,-477.65,-289.95,-405.5588291666666,-53527.45,-53463.6,-53489.525323379625
pg0,2024-03-21,True,14439.35,14767.73,14647.267233796296,-513.66,-220.87,-386.64030868055556,-53641.98,-53452.34,-53511.7973755787
pg0,2024-03-22,True,14591.99,14835.99,14688.517208330439,-515.89,-336.8,-417.6470829570976,-53573.25,-53243.4,-53502.84490761965
pg0,2024-03-23,True,14505.26,14870.18,14696.98411261574,-540.93,-131.03,-389.0912666666666,-53601.52,-53313.06,-53481.784654976844
pg0,2024-03-24,True,13720.36,14955.38,14639.782664312997,-1563.67,-104.88,-412.7099576339854,-55698.13,-53121.78,-53471.03439159625
pg0,2024-03-25,True,14477.7,14893.99,14683.703379673574,-579.57,-243.15,-420.83251533742333,-55698.13,-53139.26,-53491.06079280008
pg0,2024-03-26,True,14469.31,14845.96,14666.403679020346,-578.45,-294.87,-399.0899795134146,-55698.13,-53425.83,-53519.18729079376
pg0,2024-03-27,True,14473.6,14855.99,14684.388123046649,-587.13,-241.22,-415.1948049542772,-55698.13,-53210.27,-53516.243310684105
pg0,2024-03-28,True,13278.1,14908.53,14674.043600399902,-1563.67,-231.25,-416.538735657572,-55698.13,-53185.47,-53503.195959126264
pg0,2024-03-29,True,14349.98,14928.41,14678.845801732725,-1563.67,-215.53,-421.17170168407887,-55698.13,-53227.63,-53505.339452848115
pg0,2024-03-30,True,14593.93,14710.85,14660.959876967594,-447.28,-334.69,-407.18513506944447,-53533.26,-53436.33,-53490.29770821759
pg0,2024-03-31,True,13278.1,14816.82,14665.842388481213,-1563.67,-253.59,-399.1879580545846,-53765.01,-53200.42,-53504.074200791685
pg0,2024-04-01,True,14518.05,14776.24,14656.607876157408,-512.66,-341.96,-412.0996965277778,-53568.09,-53433.28,-53503.52227858795
pg0,2024-04-02,True,14533.53,14712.5,14651.833310879632,-509.03,-356.09,-412.2622228009259,-53588.56,-53451.57,-53508.64097291666
pg0,2024-04-03,True,14593.81,14717.3,14662.491388310185,-457.3,-324.43,-409.22474155092584,-53589.55,-53475.67,-53508.93926446759
pg0,2024-04-04,True,14526.43,14758.06,14650.550262962961,-487.62,-127.16,-398.4843615740741,-53767.47,-53470.63,-53503.36092094908
pg0,2024-04-05,True,14568.42,14783.1,14669.396616666665,-503.4,-329.29,-419.47992060185186,-53638.46,-53466.47,-53512.3106855324
pg0,2024-04-06,True,14485.27,14841.5,14687.502295939628,-594.52,-306.6,-415.3674587943886,-55698.13,-53454.68,-53511.70899011528
pg0,2024-04-07,True,14466.79,14806.38,14670.449515673476,-1563.67,-311.7,-410.16398064546,-55698.13,-53248.21,-53502.84507651526
pg0,2024-04-08,True,14587.42,14847.02,14673.526815635345,-1563.67,-264.56,-426.8870832465218,-55698.13,-53216.19,-53517.99961629279
pg0,2024-04-09,True,14500.63,14761.64,14653.589381539956,-535.71,-349.06,-418.33690584776366,-53754.8,-53449.64,-53530.435565098625
pg0,2024-04-10,True,14568.65,14719.36,14652.581460300928,-475.48,-337.86,-415.1165276620371,-53576.13,-53442.78,-53501.52726122686
pg0,2024-04-11,True,14598.26,14733.37,14665.097325578705,-456.37,-372.75,-415.6937608796296,-53549.56,-53458.9,-53499.9927337963
pg0,2024-04-12,True,13278.1,14881.85,14661.985445574372,-1563.67,-267.31,-418.6000814241701,-55698.13,-53218.3,-53507.41523048946
pg0,2024-04-13,True,13453.9,14889.0,14667.585267826129,-1563.67,-238.99,-418.21944860007875,-55698.13,-53210.51,-53500.51641265835
pg0,2024-04-14,True,14624.65,14702.76,14663.939234375002,-466.22,-379.84,-416.45284861111116,-53539.3,-53462.72,-53495.07896400463
pg0,2024-04-15,True,14593.52,14743.05,14669.241229455067,-461.94,-309.94,-409.276523797398,-53576.3,-53462.36,-53494.32159370804
pg0,2024-04-16,True,14517.52,14818.81,14656.212206828704,-588.07,-239.28,-411.03305798611103,-53577.18,-53490.69,-53524.127769212966
pg0,2024-04-17,True,14576.1,14720.35,14656.730423958335,-463.4,-337.91,-422.77968472222227,-53537.95,-53472.39,-53502.24744027778
pg0,2024-04-18,True,14639.84,14692.62,14667.108809606483,-451.32,-402.18,-424.6578668981482,-53511.21,-53482.19,-53497.219729398144
pg0,2024-04-19,True,14449.2,14740.47,14633.338768634261,-578.4,-140.94,-419.3850106481482,-53622.86,-53480.95,-53523.147018634256
pg0,2024-04-20,True,14519.28,14732.14,14645.431778587963,-527.44,-307.3,-420.0594206018518,-53590.72,-53486.81,-53520.60279664352
pg0,2024-04-21,True,14532.88,14803.09,14660.74889664352,-546.67,-310.59,-421.89308009259264,-53602.04,-53482.6,-53527.31017870371
pg0,2024-04-22,True,14624.01,14762.16,14676.822603703704,-516.36,-357.56,-429.0392041666666,-53588.38,-53474.33,-53516.91857083334
pg0,2024-04-23,True,14579.38,14723.23,14666.12408912037,-536.64,-335.57,-422.6124881944445,-53611.43,-53482.36,-53518.92010081019
pg0,2024-04-24,True,14633.62,14712.08,14667.186721643518,-446.4,-402.89,-425.6484798611112,-53522.24,-53492.15,-53504.30591273149
pg0,2024-04-25,True,13278.1,14866.25,14659.78969328422,-1563.67,-215.71,-421.2254070238841,-55698.13,-53204.99,-53501.84401684158
pg0,2024-04-26,True,14346.41,14778.06,14647.65131103137,-1563.67,-313.05,-426.45111031369373,-55698.13,-53247.21,-53515.67832573214
pg0,2024-04-27,True,14558.39,14732.84,14658.82758425926,-477.42,-283.67,-402.79349062500006,-53581.4,-53464.59,-53512.965220833335
pg0,2024-04-28,True,14628.46,14762.05,14670.939059606482,-474.84,-330.64,-420.47731701388886,-53569.03,-53480.66,-53511.4801420139
pg0,2024-04-29,True,14609.0,14833.29,14662.1357459024,-1563.67,-257.05,-427.05131157977587,-55698.13,-53201.77,-53498.12923465136
pg0,2024-04-30,True,14568.48,14747.33,14657.47039595824,-449.1,-139.53,-398.57314208662234,-53761.66,-53467.06,-53503.785761591695
pg0,2024-05-01,True,14609.17,14789.31,14667.74753576389,-470.21,-286.02,-420.8291715277778,-53695.46,-53466.17,-53503.46141030093
pg0,2024-05-02,True,14332.21,14737.12,14617.36327627315,-532.66,66.75,-405.4506650462963,-53673.17,-53468.11,-53533.91980196758
pg0,2024-05-03,True,14635.09,14835.17,14678.72015949074,-480.76,-297.75,-420.91625625,-53720.97,-53493.85,-53522.44582581019
pg0,2024-05-04,True,14629.52,14703.99,14664.109726388888,-453.32,-262.15,-415.5065953703704,-53628.78,-53477.14,-53505.54469791666
pg0,2024-05-05,True,14614.98,14732.78,14668.576358333336,-486.39,-263.97,-413.9740003472223,-53558.12,-53477.55,-53512.088653125
pg0,2024-05-06,True,14487.2,14820.69,14647.619983217592,-491.32,-249.31,-419.6044601851852,-53598.35,-53445.3,-53519.51648194445
pg0,2024-05-07,True,14294.1,14847.19,14653.173887267505,-1563.67,-234.94,-423.06745141639453,-55698.13,-53220.42,-53501.15406330345
pg0,2024-05-08,True,14325.59,14868.36,14661.191014680831,-1563.67,-256.58,-427.5141981159404,-55698.13,-53220.88,-53498.47144490921
pg0,2024-05-09,True,14619.79,14701.41,14656.460586574074,-452.55,-378.14,-422.740805787037,-53533.14,-53458.44,-53495.88447615741
pg0,2024-05-10,True,14018.37,14824.38,14600.986620833333,-815.01,207.37,-351.2346376157408,-53987.37,-53180.83,-53523.117316550924
pg0,2024-05-11,True,13995.97,15135.58,14604.935852199076,-1129.5,-32.93,-479.49081990740746,-54502.99,-53535.19,-53757.47585624999
pg0,2024-05-12,True,13704.06,14936.85,14602.37987465278,-543.39,268.3,-373.27516712962966,-54237.11,-53349.54,-53630.2528199074
pg0,2024-05-13,True,14444.57,14866.6,14671.830061921295,-514.71,-218.99,-414.5875442129629,-54018.68,-53479.9,-53571.66557905093
pg0,2024-05-14,True,14597.56,14696.78,14655.591430671295,-531.25,-378.14,-425.7029327546296,-53609.02,-53486.05,-53536.18716851852
pg0,2024-05-15,True,13278.1,14906.59,14647.632909088787,-1563.67,-259.86,-417.508085938412,-55698.13,-53231.61,-53545.49738274229
pg0,2024-05-16,True,14474.48,14786.79,14656.758598611112,-669.17,-384.94,-447.33571817129626,-54049.29,-53504.58,-53591.33749675925
pg0,2024-05-17,True,14425.75,14732.49,14639.004010300927,-473.2,-205.09,-400.3420162037037,-53595.53,-53468.29,-53528.280265972215
pg0,2024-05-18,True,14541.03,14781.46,14664.250383912038,-540.69,-295.28,-440.862859837963,-53673.82,-53494.2,-53561.77195995371
pg0,2024-05-19,True,14573.34,14758.47,14658.425878587961,-484.34,-386.06,-429.5396116898149,-53637.29,-53487.52,-53543.100093518515
pg0,2024-05-20,True,14611.46,14720.24,14661.62053414352,-507.5,-395.2,-429.51680300925926,-53587.79,-53488.58,-53523.76271782407
pg0,2024-05-21,True,14575.04,14709.68,14650.530956481483,-497.77,-383.48,-428.7354261574074,-53571.08,-53488.17,-53522.056979050925
pg0,2024-05-22,True,14644.24,14684.11,14661.506033912035,-440.94,-388.99,-423.1028136574074,-53536.66,-53480.6,-53510.77630451389
pg0,2024-05-23,True,14434.6,14688.1,14636.865016769536,-556.76,-291.12,-425.4162867124724,-53779.49,-53491.27,-53521.36476848725
pg0,2024-05-24,True,14330.57,14845.78,14663.146976432556,-1563.67,-244.73,-437.5422689391713,-55698.13,-53231.15,-53531.02277308257
pg0,2024-05-25,True,14489.43,14794.53,14662.87066118038,-581.5,-280.8,-427.9512926924028,-55698.13,-53234.78,-53513.165083295076
pg0,2024-05-26,True,14285.95,14856.75,14659.238261694132,-1563.67,-282.38,-429.30252235166625,-55698.13,-53232.14,-53516.56462240703
pg0,2024-05-27,True,14492.42,14842.38,14654.742897469097,-574.64,-284.02,-434.0188907592701,-55698.13,-53240.59,-53516.280494761624
pg0,2024-05-28,True,14487.9,14694.96,14664.697461819796,-581.5,-395.15,-430.34299587525265,-53781.01,-53492.97,-53504.603449130074
pg0,2024-05-29,True,14602.9,14670.69,14654.643892824075,-441.47,-381.89,-426.2429320601852,-53516.25,-53467.29,-53496.85692407407
pg0,2024-05-30,True,14556.92,14707.16,14641.37485011574,-478.47,-307.01,-417.5008269675926,-53583.28,-53473.97,-53506.680789814825
pg0,2024-05-31,True,14601.9,14778.47,14666.41259537037,-514.13,-350.64,-431.15016203703703,-53916.12,-53474.62,-53538.23769375001
pg0,2024-06-01,True,14630.05,14745.69,14668.902738888888,-459.24,-368.11,-432.44192268518526,-53596.42,-53479.19,-53513.60335300925
pg0,2024-06-02,True,14643.89,14692.44,14662.869217476851,-450.44,-325.07,-429.37558009259254,-53582.63,-53464.36,-53498.25484212964
pg0,2024-06-03,True,14622.95,14694.73,14658.255349768518,-485.63,-348.35,-434.3856414351852,-53550.09,-53471.1,-53502.83310775463
pg0,2024-06-04,True,14617.73,14706.4,14659.646916319443,-490.2,-369.64,-432.8319510416667,-53606.44,-53463.89,-53517.410930902784
pg0,2024-06-05,True,14600.73,14700.12,14652.915560763886,-467.63,-378.79,-427.9081024305555,-53541.88,-53462.07,-53500.51596122684
pg0,2024-06-06,True,14632.86,14704.29,14667.196598495371,-542.45,-396.26,-435.96145983796293,-53659.86,-53483.53,-53519.15063321759
pg0,2024-06-07,True,14436.48,14722.29,14646.052129282407,-525.5,-362.25,-439.9644811342592,-53632.71,-53482.89,-53531.697362384264
pg0,2024-06-08,True,14477.41,14779.29,14645.863479861113,-539.75,-278.75,-418.53485972222217,-53714.1,-53426.06,-53527.53743888888
pg0,2024-06-09,True,14596.68,14707.8,14646.111209837965,-488.44,-377.5,-430.4696112268518,-53597.06,-53462.72,-53515.500273726844
pg0,2024-06-10,True,14551.35,14686.11,14647.555363078705,-452.73,-377.55,-426.1583630787037,-53551.56,-53431.69,-53498.84361967592
pg0,2024-06-11,True,14579.62,14783.51,14659.098843749998,-475.13,-351.34,-429.6870856481482,-53584.98,-53444.48,-53512.46279826389
pg0,2024-06-12,True,14602.08,14680.42,14653.445861342594,-469.97,-385.47,-430.8085747685185,-53552.32,-53472.8,-53499.76095046296
pg0,2024-06-13,True,14639.49,14675.55,14661.515821064813,-450.15,-410.63,-432.4823583333334,-53508.86,-53476.14,-53494.12514502316
pg0,2024-06-14,True,14592.87,14695.49,14658.79163877315,-496.65,-383.89,-435.75839004629637,-53568.74,-53468.64,-53504.38298125
pg0,2024-06-15,True,14519.34,14799.46,14652.910360069443,-552.01,-345.89,-439.7344417824074,-53613.42,-53454.39,-53517.55649930555
pg0,2024-06-16,True,14577.86,14792.66,14652.628540856482,-499.76,-318.39,-430.2762800925925,-53660.92,-53471.92,-53515.58688796296
pg0,2024-06-17,True,14577.74,14690.62,14647.987059837964,-472.32,-378.9,-431.4036428240741,-53521.47,-53466.0,-53497.35065266204
pg0,2024-06-18,True,14552.76,14752.25,14650.933451967592,-539.4,-389.69,-442.2823278935185,-53635.35,-53469.52,-53515.11533807871
pg0,2024-06-19,True,14586.13,14735.54,14656.630393055557,-499.12,-367.35,-435.5315694444445,-53597.76,-53449.81,-53509.979392708345
pg0,2024-06-20,True,14586.83,14727.8,14659.32227962963,-461.82,-355.15,-426.43079097222227,-53658.63,-53453.69,-53508.70116550926
pg0,2024-06-21,True,14635.91,14696.13,14662.161183796296,-456.01,-408.99,-433.2232887731481,-53516.54,-53478.78,-53493.14928287038
pg0,2024-06-22,True,14647.46,14680.01,14661.747396412036,-443.7,-380.43,-431.8434385416667,-53515.96,-53469.28,-53491.133253935186
pg0,2024-06-23,True,14507.14,14693.97,14655.638783680557,-550.66,-372.8,-438.9497334490741,-53621.63,-53463.65,-53499.841738888885
pg0,2024-06-24,True,14648.46,14836.34,14663.73553241243,-449.74,-299.15,-434.2457302138328,-53525.52,-53224.99,-53493.09744196138
pg0,2024-06-25,True,14640.48,14691.68,14675.181413337026,-453.79,-408.16,-426.2761747801399,-53530.09,-53484.24,-53492.930675853466
pg0,2024-06-26,True,14651.27,14674.26,14659.47380952381,-468.56,-400.66,-434.55095238095237,-53520.18,-53483.42,-53501.89523809524
pg0,2024-06-27,True,14582.43,14696.84,14670.713888888888,-449.39,-396.32,-430.74111111111114,-53529.04,-53475.67,-53508.140555555554
pg0,2024-06-28,False,,,,,,,,,
pg0,2024-06-29,False,,,,,,,,,
pg0,2024-06-30,False,,,,,,,,,
pg0,2024-07-01,False,,,,,,,,,
pg0,2024-07-02,False,,,,,,,,,
pg0,2024-07-03,False,,,,,,,,,
pg0,2024-07-04,False,,,,,,,,,
pg0,2024-07-05,False,,,,,,,,,
pg0,2024-07-06,False,,,,,,,,,
pg0,2024-07-07,False,,,,,,,,,
pg0,2024-07-08,False,,,,,,,,,
pg0,2024-07-09,False,,,,,,,,,
pg0,2024-07-10,False,,,,,,,,,
pg0,2024-07-11,False,,,,,,,,,
pg0,2024-07-12,False,,,,,,,,,
pg0,2024-07-13,False,,,,,,,,,
pg0,2024-07-14,False,,,,,,,,,
pg0,2024-07-15,False,,,,,,,,,
pg0,2024-07-16,False,,,,,,,,,
pg0,2024-07-17,False,,,,,,,,,
pg0,2024-07-18,False,,,,,,,,,
pg0,2024-07-19,False,,,,,,,,,
pg0,2024-07-20,False,,,,,,,,,
pg0,2024-07-21,False,,,,,,,,,
pg0,2024-07-22,False,,,,,,,,,
pg0,2024-07-23,False,,,,,,,,,
pg0,2024-07-24,False,,,,,,,,,
pg0,2024-07-25,False,,,,,,,,,
pg0,2024-07-26,False,,,,,,,,,
pg0,2024-07-27,False,,,,,,,,,
pg0,2024-07-28,False,,,,,,,,,
pg0,2024-07-29,False,,,,,,,,,
pg0,2024-07-30,False,,,,,,,,,
pg0,2024-07-31,False,,,,,,,,,
pg0,2024-08-01,False,,,,,,,,,
pg0,2024-08-02,False,,,,,,,,,
pg0,2024-08-03,False,,,,,,,,,
pg0,2024-08-04,False,,,,,,,,,
pg0,2024-08-05,False,,,,,,,,,
pg0,2024-08-06,False,,,,,,,,,
pg0,2024-08-07,False,,,,,,,,,
pg0,2024-08-08,False,,,,,,,,,
pg0,2024-08-09,False,,,,,,,,,
pg0,2024-08-10,False,,,,,,,,,
pg0,2024-08-11,False,,,,,,,,,
pg0,2024-08-12,False,,,,,,,,,
pg0,2024-08-13,False,,,,,,,,,
pg0,2024-08-14,False,,,,,,,,,
pg0,2024-08-15,False,,,,,,,,,
pg0,2024-08-16,False,,,,,,,,,
pg0,2024-08-17,False,,,,,,,,,
pg0,2024-08-18,False,,,,,,,,,
pg0,2024-08-19,False,,,,,,,,,
pg0,2024-08-20,False,,,,,,,,,
pg0,2024-08-21,False,,,,,,,,,
pg0,2024-08-22,False,,,,,,,,,
pg0,2024-08-23,False,,,,,,,,,
pg0,2024-08-24,False,,,,,,,,,
pg0,2024-08-25,False,,,,,,,,,
pg0,2024-08-26,False,,,,,,,,,
pg0,2024-08-27,False,,,,,,,,,
pg0,2024-08-28,False,,,,,,,,,
pg0,2024-08-29,False,,,,,,,,,
pg0,2024-08-30,False,,,,,,,,,
pg0,2024-08-31,False,,,,,,,,,
pg0,2024-09-01,False,,,,,,,,,
pg0,2024-09-02,False,,,,,,,,,
pg0,2024-09-03,False,,,,,,,,,
pg0,2024-09-04,False,,,,,,,,,
pg0,2024-09-05,False,,,,,,,,,
pg0,2024-09-06,False,,,,,,,,,
pg0,2024-09-07,False,,,,,,,,,
pg0,2024-09-08,False,,,,,,,,,
pg0,2024-09-09,False,,,,,,,,,
pg0,2024-09-10,False,,,,,,,,,
pg0,2024-09-11,False,,,,,,,,,
pg0,2024-09-12,False,,,,,,,,,
pg0,2024-09-13,False,,,,,,,,,
pg0,2024-09-14,False,,,,,,,,,
pg0,2024-09-15,False,,,,,,,,,
pg0,2024-09-16,False,,,,,,,,,
pg0,2024-09-17,False,,,,,,,,,
pg0,2024-09-18,False,,,,,,,,,
pg0,2024-09-19,False,,,,,,,,,
pg0,2024-09-20,False,,,,,,,,,
pg0,2024-09-21,False,,,,,,,,,
pg0,2024-09-22,False,,,,,,,,,
pg0,2024-09-23,False,,,,,,,,,
pg0,2024-09-24,False,,,,,,,,,
pg0,2024-09-25,False,,,,,,,,,
pg0,2024-09-26,False,,,,,,,,,
pg0,2024-09-27,False,,,,,,,,,
pg0,2024-09-28,False,,,,,,,,,
pg0,2024-09-29,False,,,,,,,,,
pg0,2024-09-30,False,,,,,,,,,
pg0,2024-10-01,False,,,,,,,,,
pg0,2024-10-02,False,,,,,,,,,
pg0,2024-10-03,False,,,,,,,,,
pg0,2024-10-04,False,,,,,,,,,
pg0,2024-10-05,False,,,,,,,,,
pg0,2024-10-06,False,,,,,,,,,
pg0,2024-10-07,False,,,,,,,,,
pg0,2024-10-08,True,14478.23,14667.99,14550.698125,-578.57,-390.4,-491.499375,-53605.68,-53418.62,-53536.854374999995
pg0,2024-10-09,True,14554.34,14835.35,14681.0372972973,-611.12,-342.78,-468.71999999999997,-53571.79,-53402.85,-53494.39648648648
pg0,2024-10-10,True,13681.6,15152.0,14444.282253354826,-1029.75,368.4,-318.14442274533326,-53664.38,-53066.84,-53422.74349051653
pg0,2024-10-11,True,14305.12,15110.66,14665.016246875,-931.82,4.01,-450.51501319444446,-53757.5,-53423.31,-53548.143423842586
pg0,2024-10-12,True,14507.78,14810.25,14668.701261342592,-651.99,-276.69,-464.82591712962966,-53671.59,-53395.51,-53500.463000694435
pg0,2024-10-13,True,14535.34,14722.17,14661.757787731483,-529.61,-372.98,-449.2351788194444,-53591.67,-53405.31,-53483.086260185184
pg0,2024-10-14,True,14536.11,14736.36,14651.569137384256,-534.01,-251.77,-430.17935624999996,-53577.65,-53407.36,-53477.59536608797
pg0,2024-10-15,True,14477.52,14775.94,14651.985605787038,-597.57,-272.88,-441.0675163194444,-53630.01,-53405.89,-53484.797062384256
pg0,2024-10-16,True,14363.24,14866.19,14642.132195138889,-597.75,-292.12,-437.8718267361111,-53695.81,-53402.2,-53498.45212094908
pg0,2024-10-17,True,14579.5,14842.27,14668.018850667837,-531.31,-313.99,-427.4255472348896,-53589.38,-53409.29,-53487.27333086414
pg0,2024-10-18,True,14434.31,14769.02,14635.63737349537,-540.1,-279.1,-433.6988429398148,-53592.19,-53388.42,-53479.85328055556
pg0,2024-10-19,True,14511.59,14901.55,14672.670565046299,-602.44,-240.1,-422.01519189814815,-53616.65,-53395.75,-53495.57256446759
pg0,2024-10-20,True,14608.35,14798.87,14698.688831018519,-533.36,-320.61,-442.0020136574075,-53522.76,-53439.26,-53478.80746967593
pg0,2024-10-21,True,14576.74,14791.95,14691.48085925926,-550.01,-356.5,-446.9405715277778,-53531.62,-53404.54,-53471.606508101846
pg0,2024-10-22,True,14486.91,14811.24,14654.478205787038,-585.55,-343.19,-452.74065891203713,-53638.63,-53393.64,-53476.96634791667
pg0,2024-10-23,True,14512.42,14746.62,14651.55501851852,-563.38,-355.27,-447.3931971064815,-53615.94,-53393.17,-53479.93364826389
pg0,2024-10-24,True,14538.57,14942.6,14693.837104166667,-588.37,-297.92,-430.97077442129637,-53655.35,-53385.19,-53488.8143699074
pg0,2024-10-25,True,14609.17,14771.08,14689.628428356482,-504.8,-333.28,-448.12661574074076,-53511.03,-53435.74,-53468.308082870375
pg0,2024-10-26,True,14576.63,14906.59,14735.10596921296,-557.11,-212.66,-448.1728245370371,-53593.89,-53252.2,-53431.686118171296
pg0,2024-10-27,True,14543.03,14941.54,14752.059708333336,-653.87,-333.52,-485.6348194444444,-53533.9,-53204.82,-53381.4920675926
pg0,2024-10-28,True,14538.57,15162.38,14795.941578703705,-760.06,-289.89,-481.5028703703704,-53710.7,-53111.58,-53409.829584375
pg0,2024-10-29,True,14379.54,14963.53,14723.050664467593,-672.34,-109.22,-439.76720706018517,-53588.44,-53265.33,-53428.642010069445
pg0,2024-10-30,True,14568.06,14856.34,14739.511914814815,-638.27,-193.48,-461.69099490740734,-53576.07,-53313.95,-53439.19575821758
pg0,2024-10-31,True,14532.76,14817.87,14693.108672222223,-601.15,-216.88,-442.64649733796296,-53563.11,-53334.53,-53445.264215393516
pg0,2024-11-01,True,14567.54,14915.1,14709.270642476851,-583.2,-253.94,-458.3417549768518,-53564.57,-53360.92,-53457.98439247686
pg0,2024-11-02,True,14534.7,14858.51,14701.65300300926,-642.84,-249.78,-449.29748425925925,-53607.15,-53309.43,-53449.891942476854
pg0,2024-11-03,True,14531.3,14859.15,14676.009156597223,-660.08,-224.21,-438.3842853009259,-53576.01,-53360.33,-53441.58321157407
pg0,2024-11-04,True,14390.21,14958.02,14666.297801388888,-591.0,-255.82,-428.62031585648145,-53701.73,-53363.38,-53474.14344201388
pg0,2024-11-05,True,14314.68,14719.53,14605.416191087965,-601.97,-288.13,-429.9185724537037,-53671.53,-53332.59,-53464.67868368056
pg0,2024-11-06,True,14446.45,14932.28,14676.81280914352,-600.97,-332.87,-443.94076712962965,-53702.44,-53342.15,-53464.483950231486
pg0,2024-11-07,True,14435.54,14823.15,14652.338024286906,-602.91,-266.02,-434.1790648731247,-55698.13,-53156.56,-53467.187316632706
pg0,2024-11-08,True,14508.25,14830.77,14718.184697562443,-543.92,-167.15,-414.08912995671193,-53558.53,-53225.87,-53423.15774520244
pg0,2024-11-09,True,14364.35,14983.29,14707.073549189816,-749.39,-217.64,-467.97423738425925,-53634.35,-53375.63,-53427.411112615744
pg0,2024-11-10,True,14413.96,14881.55,14685.958035995369,-629.76,-69.99,-444.2571084490741,-53524.81,-53332.94,-53407.614265972225
pg0,2024-11-11,True,14466.56,14822.8,14654.978101463277,-626.07,-331.05,-438.4623973551563,-53807.17,-53377.74,-53481.93638219854
pg0,2024-11-12,True,14517.87,14796.29,14652.120959953705,-551.48,-343.31,-440.3375597222222,-53571.73,-53344.67,-53463.69966597223
pg0,2024-11-13,True,14437.94,14755.77,14631.154660069446,-596.69,-325.42,-442.23019282407404,-53589.08,-53365.08,-53471.72707719908
pg0,2024-11-14,True,14491.48,14862.26,14624.11967638889,-592.88,-221.4,-428.03127800925927,-53594.54,-53383.44,-53467.48898356482
pg0,2024-11-15,True,14456.06,14858.74,14627.377618981482,-607.48,-260.63,-415.50060196759256,-53742.37,-53331.07,-53485.37757962963
pg0,2024-11-16,True,14457.41,14830.24,14681.190142708332,-585.67,-260.92,-426.2730612268519,-53645.26,-53368.42,-53472.15539710648
pg0,2024-11-17,True,14386.69,14710.5,14613.627434259259,-565.44,-365.42,-446.62093541666667,-53720.2,-53358.04,-53489.981499305555
pg0,2024-11-18,True,14472.01,14768.44,14623.23130266204,-528.38,-298.04,-434.624634375,-53609.49,-53362.32,-53463.42613136574
pg0,2024-11-19,True,14334.62,14764.69,14630.539666435183,-626.66,-333.34,-455.04602824074067,-53725.6,-53353.0,-53484.57546284722
pg0,2024-11-20,True,14154.95,14781.93,14615.93492326389,-624.84,-334.16,-433.9886445601852,-53980.62,-53385.6,-53518.21255266204
pg0,2024-11-21,True,14486.03,14882.43,14719.192790740739,-579.63,-244.73,-441.06587951388883,-53605.03,-53315.53,-53438.08759583334
pg0,2024-11-22,True,14521.5,14883.02,14697.331676851853,-595.87,-231.36,-450.1649453703704,-53575.3,-53278.88,-53412.60114641204
pg0,2024-11-23,True,14549.71,14875.46,14727.000729166666,-622.9,-297.57,-460.38241840277783,-53556.77,-53283.86,-53405.754572337966
pg0,2024-11-24,True,14517.4,14879.21,14701.09817071759,-578.45,-198.76,-448.81330520833336,-53538.6,-53344.5,-53436.514264699064
pg0,2024-11-25,True,14570.94,14893.52,14740.106204513891,-623.2,-174.01,-449.4079090277778,-53513.03,-53238.47,-53402.4526099537
pg0,2024-11-26,True,14575.28,14813.88,14695.91865082216,-579.16,-276.58,-438.12095067035926,-53536.95,-53360.45,-53440.32167271169
pg0,2024-11-27,True,14590.88,14839.04,14727.219602083334,-556.64,-318.8,-441.21494918981483,-53588.44,-53335.99,-53429.65038634258
pg0,2024-11-28,True,14572.64,14846.84,14729.423654629632,-565.38,-332.69,-451.8516777777777,-53601.22,-53335.64,-53435.56716724537
pg0,2024-11-29,True,14526.49,14969.28,14712.57032199074,-623.37,-274.05,-458.28339178240736,-53592.31,-53288.79,-53413.17585995369
pg0,2024-11-30,True,14550.53,14918.73,14717.581747222222,-599.57,-205.09,-437.505384375,-53549.03,-53306.26,-53429.280122800934
pg0,2024-12-01,True,14442.28,14782.75,14659.105025925926,-575.41,-278.51,-438.80027384259256,-53636.0,-53303.33,-53439.96155937499
pg0,2024-12-02,True,14510.6,14778.11,14637.933880902778,-571.54,-269.48,-435.0455009259259,-53553.37,-53306.61,-53425.05004837962
pg0,2024-12-03,True,14465.8,14920.26,14694.607655671296,-642.72,-202.69,-446.1071402777778,-53617.11,-53342.33,-53464.06059270833
pg0,2024-12-04,True,14649.46,14920.02,14791.26052361111,-618.62,-252.36,-455.6923234953704,-53632.65,-53128.23,-53396.721557523146
pg0,2024-12-05,True,14531.36,14902.14,14719.506949537037,-619.8,-325.01,-451.8093214120371,-53527.98,-53345.32,-53405.21760127315
pg0,2024-12-06,True,14592.81,14905.13,14732.132108912037,-601.38,-326.01,-445.13127407407404,-53531.26,-53309.26,-53422.016010300926
pg0,2024-12-07,True,14539.8,14921.37,14721.122630555557,-594.87,-341.26,-462.35340266203696,-53572.37,-53290.49,-53422.508556018525
pg0,2024-12-08,True,14346.35,14750.38,14595.704345601853,-611.41,-335.98,-435.7335153935186,-53918.52,-53375.22,-53501.233506250006
pg0,2024-12-09,True,14356.67,14832.88,14609.902318749999,-607.42,-221.34,-427.5554280092593,-53723.37,-53367.13,-53490.96473159722
pg0,2024-12-10,True,14353.27,14864.61,14625.01071736111,-658.44,-244.56,-434.1714320601852,-53787.11,-53317.87,-53462.69918425926
pg0,2024-12-11,True,14444.69,14825.55,14657.19002152778,-596.69,-266.37,-432.5711181712963,-53708.24,-53358.63,-53477.283139120365
pg0,2024-12-12,True,14549.3,14892.64,14696.735107665203,-586.31,-305.08,-440.2033721577081,-53535.72,-53305.44,-53419.254677352066
pg0,2024-12-13,True,14428.03,14813.18,14653.538415162038,-561.8,-336.8,-454.60260509259257,-53631.13,-53322.39,-53421.13377476851
pg0,2024-12-14,True,14301.08,14729.74,14588.597236689815,-659.67,-281.03,-427.82669097222214,-53771.4,-53321.57,-53463.15765057871
pg0,2024-12-15,True,14218.1,14713.49,14565.102010532408,-640.55,-184.39,-417.3191899305555,-53744.95,-53261.11,-53468.959074768514
pg0,2024-12-16,True,14436.24,14810.25,14637.20930127315,-624.25,-263.56,-438.6761127314815,-53727.24,-53371.18,-53469.061935185186
pg0,2024-12-17,True,14351.62,15146.08,14778.576046759259,-927.36,-45.77,-417.3328813657408,-53785.53,-52832.86,-53390.00973460648
pg0,2024-12-18,True,14511.77,14961.31,14715.255440303355,-689.93,-217.94,-453.7739920682778,-55698.13,-53237.95,-53400.826946634814
pg0,2024-12-19,True,14546.02,14897.91,14723.603333796296,-578.81,-223.98,-425.96190798611104,-53572.31,-53324.03,-53427.521263657414
pg0,2024-12-20,True,14355.67,14883.67,14707.233059953705,-645.3,-199.99,-439.6367278935186,-53656.29,-53244.75,-53413.94744988426
pg0,2024-12-21,True,14515.29,14980.48,14775.497504976849,-667.41,-215.36,-451.47750034722225,-53599.29,-53243.05,-53405.500048842594
pg0,2024-12-22,True,14547.6,14949.05,14730.453185763889,-686.12,-181.34,-459.3313081018518,-53497.84,-53168.11,-53343.64723935185
pg0,2024-12-23,True,14483.56,14926.36,14740.644294560187,-618.74,-158.59,-443.79365532407405,-53581.81,-53162.89,-53375.00097465278
pg0,2024-12-24,True,14546.02,14861.62,14702.004484837964,-630.47,-283.09,-446.47187268518513,-53498.13,-53250.85,-53393.14444872685
pg0,2024-12-25,True,14549.65,14917.68,14723.732043634262,-577.05,-309.94,-436.3311722222222,-53600.58,-53335.11,-53429.565947569434
pg0,2024-12-26,True,14588.41,14816.17,14703.658942245373,-529.61,-382.42,-447.0761646990741,-53559.82,-53346.78,-53438.202199884254
pg0,2024-12-27,True,14542.5,14818.75,14704.911258449074,-537.88,-371.69,-445.4440265046296,-53537.19,-53323.8,-53418.399402430565
pg0,2024-12-28,True,14576.33,14765.8,14690.882674305554,-564.79,-363.6,-440.5291873842593,-53586.62,-53355.11,-53428.830468518514
pg0,2024-12-29,True,14457.41,14921.78,14712.673660300927,-594.64,-350.76,-437.0215881944444,-53590.02,-53238.3,-53410.36966400462
pg0,2024-12-30,True,14369.22,14856.05,14603.409794560184,-597.98,-325.36,-436.01158113425925,-53594.42,-53261.81,-53428.8469091435
pg0,2024-12-31,True,14215.99,14813.47,14576.467451504628,-609.36,-167.62,-387.4900679398148,-53871.85,-53166.99,-53442.24820196759
pg1,2024-01-01,True,-180.0,142.68,15.136454398148144,-1193.45,-807.9,-1066.7317232638889,-176.33,154.7,-1.4032171296296319
pg1,2024-01-02,True,-341.53,252.98,-3.2495202546296276,-1220.52,-886.58,-1080.7161755787035,-156.47,149.13,-0.7743650462962924
pg1,2024-01-03,True,-262.6,196.06,-16.149979398148155,-1265.55,-837.0,-1058.2313146990741,-192.9,160.9,-8.41024270833333
pg1,2024-01-04,True,-158.87,224.4,8.27043113425926,-1189.02,-891.64,-1068.2196125,-182.4,91.71,-24.20425451388889
pg1,2024-01-05,True,-186.58,69.57,-48.18728113425926,-1201.55,-919.98,-1063.7485613425927,-144.83,87.03,-25.655593634259258
pg1,2024-01-06,True,-121.18,99.17,-18.223959490740743,-1162.59,-969.69,-1057.9415872685186,-103.22,78.8,-28.896976157407405
pg1,2024-01-07,True,-186.45,74.88,-16.669802199074077,-1147.66,-999.67,-1079.3111208333335,-159.51,19.23,-37.033700231481475
pg1,2024-01-08,True,-218.07,22.52,-66.20505671296297,-1148.17,-933.76,-1063.2320482638888,-158.87,87.28,-16.73101226851852
pg1,2024-01-09,True,-270.82,40.86,-51.8251673611111,-1193.45,-897.46,-1061.1493931712962,-225.54,112.2,-27.967048842592593
pg1,2024-01-10,True,-441.58,3.16,-101.32979880617977,-1230.51,-908.72,-1063.5456237125468,-261.46,195.43,-20.785343164794003
pg1,2024-01-11,True,-375.55,16.57,-88.56293145498468,-1235.95,-936.55,-1056.6991118879496,-296.37,120.42,-43.42553597974542
pg1,2024-01-12,True,-308.89,24.54,-49.47527164351852,-1201.29,-976.27,-1069.065070486111,-241.98,74.38,-48.854575231481476
pg1,2024-01-13,True,-199.48,63.5,-45.01689440055762,-1164.61,-947.05,-1055.5384550418216,-193.66,98.28,-27.12217448884758
pg1,2024-01-14,True,-369.48,71.85,-69.31911955514364,-1225.83,-897.46,-1061.8261778266913,-371.13,127.76,-64.62051158480075
pg1,2024-01-15,True,-152.17,149.26,24.906770601851846,-1270.61,-890.25,-1054.1331096064814,-340.77,58.82,-44.63081840277778
pg1,2024-01-16,True,-113.84,172.03,25.267908255813957,-1145.39,-918.21,-1069.5094634883721,-167.6,44.65,-38.47651755813954
pg1,2024-01-17,True,-141.17,90.69,-8.215622569444445,-1185.23,-983.98,-1067.2443247685185,-178.48,36.43,-44.098565972222225
pg1,2024-01-18,True,-352.79,126.74,-19.487052448206516,-1183.33,-912.26,-1060.036500724875,-252.35,91.07,-49.101306879296644
pg1,2024-01-19,True,-85.89,263.48,67.17730946261682,-1196.11,-898.98,-1036.6617457943926,-417.42,56.92,-85.6953195093458
pg1,2024-01-20,True,-144.71,212.25,54.395349305555555,-1199.9,-928.83,-1066.5631092592594,-340.77,69.19,-70.8941474537037
pg1,2024-01-21,True,-256.53,152.68,57.361641550925924,-1248.1,-978.16,-1059.1762873842592,-412.36,88.8,-92.62194537037037
pg1,2024-01-22,True,-191.76,181.26,16.47498090277778,-1187.76,-896.83,-1068.0133635416666,-277.9,202.01,-38.33587951388889
pg1,2024-01-23,True,-148.63,200.87,75.66815450093284,-1181.06,-941.99,-1067.606872084888,-251.09,52.11,-51.60357999067163
pg1,2024-01-24,True,-29.73,374.29,130.3679921296296,-1267.2,-898.6,-1065.180078935185,-255.39,7.21,-75.6478082175926
pg1,2024-01-25,True,-34.28,234.39,103.36846433550186,-1200.54,-956.15,-1076.7264556226764,-234.26,56.29,-71.41592843866171
pg1,2024-01-26,True,-87.79,209.47,36.86830780956848,-1241.39,-926.81,-1061.2487768527203,-242.36,52.49,-86.89166768292682
pg1,2024-01-27,True,-139.01,38.07,-21.73187013888889,-1160.56,-927.44,-1065.1749450231482,-247.29,-19.99,-113.10198958333332
pg1,2024-01-28,True,-222.63,128.14,-23.10912789351852,-1165.75,-938.32,-1071.9357172453704,-245.39,66.66,-99.238096875
pg1,2024-01-29,True,-176.96,190.88,42.675158101851856,-1196.23,-950.59,-1079.100826851852,-270.19,19.61,-80.02038402777778
pg1,2024-01-30,True,-128.64,189.36,37.96364097222222,-1224.32,-894.05,-1065.9677059027779,-301.94,21.25,-94.308565625
pg1,2024-01-31,True,-208.33,139.52,19.586503703703702,-1160.56,-935.16,-1069.8230065972223,-181.01,31.62,-85.38552604166665
pg1,2024-02-01,True,-98.28,180.63,39.36985478478896,-1197.12,-987.27,-1082.3201652969308,-233.0,21.5,-82.1799503180573
pg1,2024-02-02,True,-150.27,143.06,29.164924532710277,-1159.05,-992.08,-1073.3980439252337,-219.21,-28.84,-97.52193014018691
pg1,2024-02-03,True,-138.51,124.09,32.52387114485981,-1150.82,-978.54,-1080.7734705607477,-225.91,24.03,-78.48807278037384
pg1,2024-02-04,True,-125.35,144.2,5.223569212962964,-1148.8,-919.6,-1062.3481097222223,-176.71,88.54,-57.28409120370371
pg1,2024-02-05,True,-251.97,76.27,-15.377088078703705,-1216.6,-922.51,-1066.4833630787036,-213.64,127.88,-77.0161912037037
pg1,2024-02-06,True,-224.14,104.36,-25.005706597222225,-1191.93,-923.14,-1075.0141212962963,-344.18,116.25,-77.6735119212963
pg1,2024-02-07,True,-182.78,57.81,-13.922140625000003,-1174.6,-986.26,-1068.9012752314816,-203.65,44.9,-78.40289467592592
pg1,2024-02-08,True,-193.66,55.28,-23.92173784722222,-1190.16,-999.29,-1080.148607523148,-314.08,32.38,-105.60777800925925
pg1,2024-02-09,True,-221.23,95.25,4.860132688723205,-1151.08,-1017.5,-1083.2336711323392,-235.15,-1.64,-85.94067579217149
pg1,2024-02-10,True,-138.64,65.14,13.37741400462963,-1153.23,-1030.15,-1083.2310108796296,-236.92,-42.75,-91.38229525462964
pg1,2024-02-11,True,-398.96,317.24,50.17734050925927,-1278.96,-955.9,-1085.6422423611111,-603.37,58.06,-87.67598113425926
pg1,2024-02-12,True,-60.08,227.31,44.44940243055556,-1175.11,-927.44,-1074.4395895833331,-265.51,-14.67,-86.54964282407407
pg1,2024-02-13,True,-205.3,224.78,24.427314120370365,-1215.21,-799.94,-1075.4914929398149,-326.48,40.73,-87.00293333333333
pg1,2024-02-14,True,-183.54,96.64,-11.32007928240741,-1166.51,-840.16,-1058.4167662037037,-242.74,27.32,-86.70187824074074
pg1,2024-02-15,True,-151.92,119.53,-1.3447319277108407,-1143.49,-1008.14,-1085.616361793327,-223.89,27.45,-72.57260553753476
pg1,2024-02-16,True,-156.6,111.19,-2.8695527717682134,-1144.5,-942.87,-1061.735953195152,-228.57,62.74,-56.6460342661735
pg1,2024-02-17,True,-214.53,122.7,5.804327083333333,-1154.11,-963.49,-1067.687379861111,-95.75,120.67,23.304874999999996
pg1,2024-02-18,True,-205.17,131.05,6.759074074074076,-1150.19,-933.13,-1055.7907572916668,-159.63,117.64,12.162609953703704
pg1,2024-02-19,True,-80.45,53.51,6.908706944444445,-1118.44,-987.02,-1070.3476776620369,-41.24,111.19,37.69402326388889
pg1,2024-02-20,True,-288.78,116.88,13.026149580615098,-1176.76,-974.49,-1077.3266705498602,-129.4,118.4,23.246649580615095
pg1,2024-02-21,True,-93.1,64.64,0.5780311342592588,-1150.82,-991.19,-1072.903339236111,-37.82,114.22,36.801763657407406
pg1,2024-02-22,True,-204.03,79.31,-9.337891166822873,-1172.83,-984.23,-1073.7359469306468,-134.59,114.22,11.812748828491097
pg1,2024-02-23,True,-81.21,78.3,11.023402314814813,-1140.58,-1008.39,-1072.2381576388889,-106.25,71.09,4.810474652777778
pg1,2024-02-24,True,-58.82,128.39,33.39107245370371,-1161.07,-949.7,-1073.2559282407406,-87.15,110.17,16.262399537037037
pg1,2024-02-25,True,-239.32,272.59,57.93399988328665,-1224.19,-986.76,-1087.7770707282914,-113.59,108.28,15.725784663865547
pg1,2024-02-26,True,-81.46,198.59,59.872214236111105,-1186.24,-912.89,-1071.455346875,-108.02,70.71,2.6513984953703713
pg1,2024-02-27,False,,,,,,,,,
pg1,2024-02-28,False,,,,,,,,,
pg1,2024-02-29,False,,,,,,,,,
pg1,2024-03-01,False,,,,,,,,,
pg1,2024-03-02,False,,,,,,,,,
pg1,2024-03-03,False,,,,,,,,,
pg1,2024-03-04,False,,,,,,,,,
pg1,2024-03-05,False,,,,,,,,,
pg1,2024-03-06,False,,,,,,,,,
pg1,2024-03-07,False,,,,,,,,,
pg1,2024-03-08,False,,,,,,,,,
pg1,2024-03-09,False,,,,,,,,,
pg1,2024-03-10,False,,,,,,,,,
pg1,2024-03-11,False,,,,,,,,,
pg1,2024-03-12,False,,,,,,,,,
pg1,2024-03-13,False,,,,,,,,,
pg1,2024-03-14,False,,,,,,,,,
pg1,2024-03-15,False,,,,,,,,,
pg1,2024-03-16,False,,,,,,,,,
pg1,2024-03-17,False,,,,,,,,,
pg1,2024-03-18,False,,,,,,,,,
pg1,2024-03-19,False,,,,,,,,,
pg1,2024-03-20,False,,,,,,,,,
pg1,2024-03-21,False,,,,,,,,,
pg1,2024-03-22,False,,,,,,,,,
pg1,2024-03-23,False,,,,,,,,,
pg1,2024-03-24,False,,,,,,,,,
pg1,2024-03-25,False,,,,,,,,,
pg1,2024-03-26,False,,,,,,,,,
pg1,2024-03-27,False,,,,,,,,,
pg1,2024-03-28,False,,,,,,,,,
pg1,2024-03-29,False,,,,,,,,,
pg1,2024-03-30,False,,,,,,,,,
pg1,2024-03-31,False,,,,,,,,,
pg1,2024-04-01,False,,,,,,,,,
pg1,2024-04-02,False,,,,,,,,,
pg1,2024-04-03,False,,,,,,,,,
pg1,2024-04-04,False,,,,,,,,,
pg1,2024-04-05,False,,,,,,,,,
pg1,2024-04-06,False,,,,,,,,,
pg1,2024-04-07,False,,,,,,,,,
pg1,2024-04-08,False,,,,,,,,,
pg1,2024-04-09,False,,,,,,,,,
pg1,2024-04-10,False,,,,,,,,,
pg1,2024-04-11,False,,,,,,,,,
pg1,2024-04-12,False,,,,,,,,,
pg1,2024-04-13,False,,,,,,,,,
pg1,2024-04-14,False,,,,,,,,,
pg1,2024-04-15,False,,,,,,,,,
pg1,2024-04-16,False,,,,,,,,,
pg1,2024-04-17,False,,,,,,,,,
pg1,2024-04-18,False,,,,,,,,,
pg1,2024-04-19,False,,,,,,,,,
pg1,2024-04-20,False,,,,,,,,,
pg1,2024-04-21,False,,,,,,,,,
pg1,2024-04-22,False,,,,,,,,,
pg1,2024-04-23,False,,,,,,,,,
pg1,2024-04-24,False,,,,,,,,,
pg1,2024-04-25,False,,,,,,,,,
pg1,2024-04-26,False,,,,,,,,,
pg1,2024-04-27,False,,,,,,,,,
pg1,2024-04-28,False,,,,,,,,,
pg1,2024-04-29,False,,,,,,,,,
pg1,2024-04-30,True,-154.32,77.67,-2.3779315972222226,-1118.06,-768.69,-1066.8516621527776,-384.66,35.67,-9.075261689814814
pg1,2024-05-01,True,-23.15,120.17,12.012697222222222,-1139.95,-944.9,-1089.1152042824074,-272.59,32.89,-8.489176157407407
pg1,2024-05-02,True,-374.92,66.16,-52.34902100420549,-1198.26,-595.14,-1071.6412326029879,-195.94,70.08,-38.59125490833895
pg1,2024-05-03,True,-63.25,134.46,-16.41731574074074,-1146.02,-944.64,-1088.5048320601852,-305.6,-3.54,-37.570239351851846
pg1,2024-05-04,True,-108.02,3.42,-31.07172789351852,-1119.96,-916.18,-1083.807257523148,-204.16,17.2,-18.534568287037036
pg1,2024-05-05,True,-73.11,40.98,-26.42264884259259,-1152.47,-932.75,-1082.3381260416668,-87.91,17.71,-25.971177199074074
pg1,2024-05-06,True,-199.1,129.78,-49.45974398148149,-1166.26,-914.66,-1087.4903497685184,-134.97,62.87,-23.980986921296296
pg1,2024-05-07,True,-125.99,1.52,-39.79108506944444,-1145.13,-1045.2,-1092.6279753472222,-57.81,54.39,-10.010578703703704
pg1,2024-05-08,True,-118.78,0.51,-31.58800219907407,-1148.42,-1057.98,-1097.446967013889,-85.64,45.92,-9.989172916666666
pg1,2024-05-09,True,-84.5,9.87,-32.469626796368956,-1125.65,-1045.96,-1092.3176239175355,-57.3,50.22,-7.737415782508763
pg1,2024-05-10,True,-631.95,136.61,-72.54895303803339,-1472.62,-452.34,-1017.5758552875694,-564.66,322.3,-52.00270674860854
pg1,2024-05-11,True,-1517.4,490.41,-87.95166932870369,-1775.32,-711.39,-1141.0318269675925,-994.86,-71.85,-295.2624773148148
pg1,2024-05-12,True,-940.22,232.37,-72.92709652777778,-1219.26,-365.44,-1038.3033230324074,-662.31,250.33,-150.6926402777778
pg1,2024-05-13,True,-292.07,164.82,4.710765393518518,-1185.99,-843.7,-1084.8354283564813,-541.01,-20.49,-93.55267314814814
pg1,2024-05-14,True,-79.69,42.37,-9.854312847222221,-1189.66,-1036.85,-1093.7915594907408,-160.39,-0.63,-61.74837708333334
pg1,2024-05-15,True,-132.06,55.28,-21.508869675925926,-1174.48,-999.79,-1084.595587615741,-248.68,-1.26,-68.7574230324074
pg1,2024-05-16,True,-405.53,82.98,-20.353500940395193,-1320.96,-1049.0,-1112.6992207490655,-694.31,4.93,-121.12719588083684
pg1,2024-05-17,True,-252.48,67.29,-18.48038645833333,-1144.63,-867.36,-1069.346742361111,-91.45,55.4,-8.64912650462963
pg1,2024-05-18,True,-144.71,125.73,4.788341898148148,-1205.97,-965.77,-1107.694817476852,-198.47,34.66,-45.06192557870371
pg1,2024-05-19,True,-120.93,96.39,-3.73979859813084,-1147.91,-1057.35,-1096.8771313084112,-156.6,38.83,-23.15662324766355
pg1,2024-05-20,True,-53.38,59.83,4.876154629629631,-1175.36,-1064.94,-1098.7050168981482,-81.33,38.71,-3.1362615740740742
pg1,2024-05-21,True,-92.97,50.98,-9.40485636574074,-1161.58,-1054.06,-1096.3694225694446,-62.99,44.27,-1.040751041666666
pg1,2024-05-22,True,-13.91,25.8,4.931583680555555,-1107.06,-1061.65,-1092.352798611111,-23.02,41.11,9.86687986111111
pg1,2024-05-23,True,-106.51,86.14,-18.828383688256192,-1154.62,-959.44,-1093.2615581384548,-111.69,36.68,-3.0262974617403224
pg1,2024-05-24,True,-32.63,153.81,62.06680300925926,-1176.25,-1041.54,-1104.8800489583332,-169.88,16.19,-34.580815625
pg1,2024-05-25,True,5.95,110.17,61.57196666666667,-1146.14,-1027.24,-1094.8127187500002,-69.06,35.92,-13.469796296296295
pg1,2024-05-26,True,-63.5,109.54,58.12282175925926,-1158.92,-1036.1,-1095.6714694444445,-134.21,48.07,-19.140984606481478
pg1,2024-05-27,True,-76.27,86.9,50.21349722222222,-1188.14,-1026.61,-1098.7139689814812,-121.43,22.01,-16.773909953703704
pg1,2024-05-28,True,43.89,94.24,64.55526559590317,-1123.0,-1061.65,-1096.9143716247672,-33.77,13.16,-5.502020833333334
pg1,2024-05-29,True,-4.05,70.08,55.226774189814805,-1108.07,-1049.25,-1092.9885364583336,-13.66,32.0,3.791831597222222
pg1,2024-05-30,True,-47.06,107.77,36.7001758216235,-1137.16,-969.06,-1082.9610449425156,-108.28,36.43,-5.5894769480896525
pg1,2024-05-31,True,-93.48,158.24,65.30316041666666,-1177.51,-1016.62,-1096.2383895833332,-490.92,40.35,-40.507189930555555
pg1,2024-06-01,True,24.79,140.28,71.41518344907408,-1123.0,-1026.99,-1097.9303221064815,-124.72,35.67,-12.472522800925928
pg1,2024-06-02,True,41.87,89.18,67.14237222222222,-1117.05,-983.22,-1096.218548148148,-113.59,39.59,4.99635462962963
pg1,2024-06-03,True,25.93,97.53,62.19184907407407,-1152.34,-1008.9,-1101.6871906249999,-64.89,43.39,1.1784861111111107
pg1,2024-06-04,True,-23.91,103.47,61.61240520833333,-1156.64,-1036.85,-1100.7616949074074,-143.69,33.77,-14.84920949074074
pg1,2024-06-05,True,7.72,98.66,55.58577858481724,-1134.89,-1048.37,-1095.7615925492034,-42.75,56.16,4.431733364573571
pg1,2024-06-06,True,4.05,106.0,62.73845480239078,-1203.82,-1060.38,-1102.6637329147939,-212.25,24.29,-21.01019390260853
pg1,2024-06-07,True,-230.97,62.11,-15.537248032407412,-1191.68,-1027.87,-1105.3870887731482,-188.85,23.78,-37.84516400462963
pg1,2024-06-08,True,-170.26,116.5,-11.83331412037037,-1195.73,-934.02,-1085.6226847222222,-205.42,96.89,-24.989993981481486
pg1,2024-06-09,True,-91.2,45.41,-15.961289930555555,-1149.18,-1032.05,-1096.5138531250002,-120.42,62.87,-13.83374826388889
pg1,2024-06-10,True,-99.3,29.09,-10.160451851851851,-1123.88,-1045.33,-1093.824713888889,-56.42,86.65,3.388221643518517
pg1,2024-06-11,True,-120.29,126.24,0.8274503521126776,-1141.59,-1018.26,-1096.617243661972,-119.28,56.92,-13.237185798122065
pg1,2024-06-12,True,-95.12,23.15,-7.200873958333333,-1124.64,-1050.77,-1097.0098326388888,-57.3,32.63,-1.7919101851851849
pg1,2024-06-13,True,-24.29,16.57,2.5014154275092935,-1111.99,-1081.13,-1099.135344098513,-12.52,33.65,3.184980599442379
pg1,2024-06-14,True,-123.84,24.03,-15.4235245806151,-1159.3,-1053.68,-1101.2555157269337,-101.32,24.03,-18.54056069431501
pg1,2024-06-15,True,-156.72,130.16,-19.80622604166667,-1218.62,-994.86,-1104.8985915509259,-168.11,41.24,-32.928865972222226
pg1,2024-06-16,True,-95.5,124.59,-20.904976157407408,-1164.86,-952.11,-1095.7962612268518,-257.79,27.32,-28.76336712962963
pg1,2024-06-17,True,-97.27,23.53,-24.45733414351852,-1139.82,-1047.99,-1096.428180787037,-43.64,42.63,-7.256485532407408
pg1,2024-06-18,True,-225.28,102.46,-24.948153165735572,-1222.42,-1050.26,-1106.8103422951583,-171.02,44.53,-26.632667015828677
pg1,2024-06-19,True,-133.07,62.87,-17.361726041666664,-1169.29,-1018.01,-1100.9123613425925,-162.8,55.4,-22.868800462962962
pg1,2024-06-20,True,-142.56,59.07,-12.867809583507453,-1126.28,-1019.78,-1092.0559451177044,-237.68,46.42,-22.231135371685937
pg1,2024-06-21,True,-22.39,47.69,13.96522337962963,-1120.34,-1075.06,-1099.1351521990741,-18.97,26.94,8.661839583333332
pg1,2024-06-22,True,-12.52,31.24,13.74677002314815,-1110.22,-1045.58,-1098.229614236111,-22.9,37.19,9.667968518518519
pg1,2024-06-23,True,-172.79,49.96,6.065103681267474,-1202.05,-1029.64,-1103.804259552656,-163.68,44.27,-1.0369808946877919
pg1,2024-06-24,True,-6.96,43.64,14.221869791666668,-1117.56,-1052.79,-1100.1446006944445,-34.79,25.05,8.219190625
pg1,2024-06-25,True,-78.17,49.96,9.422093865740742,-1196.87,-1056.71,-1110.9256247685187,-128.52,44.4,-5.574614699074071
pg1,2024-06-26,True,-146.22,55.4,3.130974580223882,-1183.21,-1065.82,-1107.3310443097014,-110.81,41.74,-2.42642234141791
pg1,2024-06-27,True,-68.05,66.16,11.058985325531719,-1128.69,-997.77,-1090.8822952075786,-61.98,53.13,10.343400436518994
pg1,2024-06-28,True,-262.47,101.83,-37.35797766203704,-1264.54,-971.84,-1108.1919658564814,-165.07,-26.18,-82.42840937499999
pg1,2024-06-29,True,-181.01,42.0,-34.54256547064306,-1144.37,-955.65,-1093.4164497903078,-294.98,24.92,-41.899874301025164
pg1,2024-06-30,True,-138.38,30.99,-29.125359722222225,-1147.41,-1045.71,-1097.7546519675927,-104.48,10.88,-31.637801851851854
pg1,2024-07-01,True,-122.7,20.62,-24.578749186802973,-1149.43,-1068.35,-1102.9891620585502,-124.59,18.72,-35.95501440520446
pg1,2024-07-02,True,-70.58,16.57,-20.518755324074075,-1128.31,-1063.29,-1098.2547517361113,-149.13,6.96,-34.69969236111111
pg1,2024-07-03,True,-58.44,12.4,-14.21600324074074,-1156.01,-1072.65,-1101.9463863425926,-157.86,2.4,-33.49063425925926
pg1,2024-07-04,True,-158.87,25.17,-28.773191550925926,-1159.68,-1050.9,-1101.6491983796295,-115.11,38.96,-32.55237673611111
pg1,2024-07-05,True,-85.13,33.14,-17.67202048611111,-1157.78,-1049.12,-1102.160004861111,-69.06,12.78,-22.77060185185185
pg1,2024-07-06,True,-38.2,-1.64,-14.126128935185186,-1118.44,-1070.25,-1101.2684042824073,-45.54,-6.32,-21.377027314814818
pg1,2024-07-07,False,,,,,,,,,
pg1,2024-07-08,False,,,,,,,,,
pg1,2024-07-09,False,,,,,,,,,
pg1,2024-07-10,False,,,,,,,,,
pg1,2024-07-11,False,,,,,,,,,
pg1,2024-07-12,False,,,,,,,,,
pg1,2024-07-13,False,,,,,,,,,
pg1,2024-07-14,False,,,,,,,,,
pg1,2024-07-15,False,,,,,,,,,
pg1,2024-07-16,False,,,,,,,,,
pg1,2024-07-17,False,,,,,,,,,
pg1,2024-07-18,False,,,,,,,,,
pg1,2024-07-19,False,,,,,,,,,
pg1,2024-07-20,False,,,,,,,,,
pg1,2024-07-21,False,,,,,,,,,
pg1,2024-07-22,False,,,,,,,,,
pg1,2024-07-23,False,,,,,,,,,
pg1,2024-07-24,False,,,,,,,,,
pg1,2024-07-25,False,,,,,,,,,
pg1,2024-07-26,False,,,,,,,,,
pg1,2024-07-27,False,,,,,,,,,
pg1,2024-07-28,False,,,,,,,,,
pg1,2024-07-29,False,,,,,,,,,
pg1,2024-07-30,False,,,,,,,,,
pg1,2024-07-31,False,,,,,,,,,
pg1,2024-08-01,False,,,,,,,,,
pg1,2024-08-02,False,,,,,,,,,
pg1,2024-08-03,False,,,,,,,,,
pg1,2024-08-04,False,,,,,,,,,
pg1,2024-08-05,False,,,,,,,,,
pg1,2024-08-06,False,,,,,,,,,
pg1,2024-08-07,False,,,,,,,,,
pg1,2024-08-08,False,,,,,,,,,
pg1,2024-08-09,False,,,,,,,,,
pg1,2024-08-10,False,,,,,,,,,
pg1,2024-08-11,False,,,,,,,,,
pg1,2024-08-12,False,,,,,,,,,
pg1,2024-08-13,False,,,,,,,,,
pg1,2024-08-14,False,,,,,,,,,
pg1,2024-08-15,False,,,,,,,,,
pg1,2024-08-16,False,,,,,,,,,
pg1,2024-08-17,False,,,,,,,,,
pg1,2024-08-18,False,,,,,,,,,
pg1,2024-08-19,False,,,,,,,,,
pg1,2024-08-20,False,,,,,,,,,
pg1,2024-08-21,False,,,,,,,,,
pg1,2024-08-22,False,,,,,,,,,
pg1,2024-08-23,False,,,,,,,,,
pg1,2024-08-24,False,,,,,,,,,
pg1,2024-08-25,False,,,,,,,,,
pg1,2024-08-26,False,,,,,,,,,
pg1,2024-08-27,False,,,,,,,,,
pg1,2024-08-28,False,,,,,,,,,
pg1,2024-08-29,False,,,,,,,,,
pg1,2024-08-30,False,,,,,,,,,
pg1,2024-08-31,False,,,,,,,,,
pg1,2024-09-01,False,,,,,,,,,
pg1,2024-09-02,False,,,,,,,,,
pg1,2024-09-03,False,,,,,,,,,
pg1,2024-09-04,False,,,,,,,,,
pg1,2024-09-05,False,,,,,,,,,
pg1,2024-09-06,False,,,,,,,,,
pg1,2024-09-07,False,,,,,,,,,
pg1,2024-09-08,False,,,,,,,,,
pg1,2024-09-09,False,,,,,,,,,
pg1,2024-09-10,False,,,,,,,,,
pg1,2024-09-11,False,,,,,,,,,
pg1,2024-09-12,False,,,,,,,,,
pg1,2024-09-13,False,,,,,,,,,
pg1,2024-09-14,False,,,,,,,,,
pg1,2024-09-15,False,,,,,,,,,
pg1,2024-09-16,False,,,,,,,,,
pg1,2024-09-17,False,,,,,,,,,
pg1,2024-09-18,False,,,,,,,,,
pg1,2024-09-19,False,,,,,,,,,
pg1,2024-09-20,False,,,,,,,,,
pg1,2024-09-21,False,,,,,,,,,
pg1,2024-09-22,False,,,,,,,,,
pg1,2024-09-23,False,,,,,,,,,
pg1,2024-09-24,False,,,,,,,,,
pg1,2024-09-25,False,,,,,,,,,
pg1,2024-09-26,False,,,,,,,,,
pg1,2024-09-27,False,,,,,,,,,
pg1,2024-09-28,False,,,,,,,,,
pg1,2024-09-29,False,,,,,,,,,
pg1,2024-09-30,False,,,,,,,,,
pg1,2024-10-01,False,,,,,,,,,
pg1,2024-10-02,False,,,,,,,,,
pg1,2024-10-03,False,,,,,,,,,
pg1,2024-10-04,False,,,,,,,,,
pg1,2024-10-05,False,,,,,,,,,
pg1,2024-10-06,False,,,,,,,,,
pg1,2024-10-07,False,,,,,,,,,
pg1,2024-10-08,False,,,,,,,,,
pg1,2024-10-09,False,,,,,,,,,
pg1,2024-10-10,False,,,,,,,,,
pg1,2024-10-11,False,,,,,,,,,
pg1,2024-10-12,False,,,,,,,,,
pg1,2024-10-13,False,,,,,,,,,
pg1,2024-10-14,False,,,,,,,,,
pg1,2024-10-15,False,,,,,,,,,
pg1,2024-10-16,False,,,,,,,,,
pg1,2024-10-17,False,,,,,,,,,
pg1,2024-10-18,False,,,,,,,,,
pg1,2024-10-19,False,,,,,,,,,
pg1,2024-10-20,False,,,,,,,,,
pg1,2024-10-21,False,,,,,,,,,
pg1,2024-10-22,False,,,,,,,,,
pg1,2024-10-23,False,,,,,,,,,
pg1,2024-10-24,False,,,,,,,,,
pg1,2024-10-25,False,,,,,,,,,
pg1,2024-10-26,False,,,,,,,,,
pg1,2024-10-27,False,,,,,,,,,
pg1,2024-10-28,False,,,,,,,,,
pg1,2024-10-29,False,,,,,,,,,
pg1,2024-10-30,False,,,,,,,,,
pg1,2024-10-31,False,,,,,,,,,
pg1,2024-11-01,True,16.32,303.33,124.73166666666667,-1245.69,-929.97,-1123.1391671296296,-287.77,-26.94,-122.6242324074074
pg1,2024-11-02,True,-58.95,269.81,125.73641990740741,-1304.89,-919.72,-1119.4488071759258,-270.19,67.04,-105.82097152777777
pg1,2024-11-03,True,-37.19,282.2,98.25434837962962,-1295.4,-883.93,-1104.5035390046298,-218.83,1.9,-97.34532337962965
pg1,2024-11-04,True,-202.89,380.87,96.92892102803737,-1249.61,-929.97,-1102.3927926401868,-315.72,16.82,-119.81844450934581
pg1,2024-11-05,True,-252.73,134.59,33.62151517980072,-1260.37,-948.31,-1101.95104555107,-284.73,131.17,-104.43883380393437
pg1,2024-11-06,True,-222.37,373.78,120.75878437499999,-1261.0,-1000.17,-1116.4687230324075,-365.44,-16.06,-141.78797650462963
pg1,2024-11-07,True,-100.94,259.94,94.93261828703704,-1276.94,-934.78,-1101.6128769675925,-372.9,-24.79,-150.21874224537038
pg1,2024-11-08,True,-53.76,261.96,149.2428769675926,-1199.14,-823.84,-1084.5533662037037,-267.66,79.82,-125.70325393518519
pg1,2024-11-09,True,-243.37,424.0,153.2678119212963,-1415.19,-894.68,-1140.264874652778,-361.77,-38.71,-118.56768773148148
pg1,2024-11-10,True,-164.06,344.56,135.2527511574074,-1300.84,-722.14,-1114.1457702546295,-244.13,-4.05,-100.952640625
pg1,2024-11-11,True,-168.87,251.09,94.28431157407407,-1260.62,-1002.32,-1110.4344622685185,-355.95,-28.59,-160.44668356481483
pg1,2024-11-12,True,-26.69,248.56,77.6153482240342,-1225.08,-1018.01,-1110.5649746788395,-279.55,7.08,-126.14581085789952
pg1,2024-11-13,True,-262.47,89.18,-32.18521342592593,-1253.92,-998.4,-1110.8030622685187,-178.61,57.81,-49.78541863425926
pg1,2024-11-14,True,-201.0,194.54,-42.42434791666666,-1254.93,-878.61,-1096.8753094907408,-224.9,83.11,-48.86677384259259
pg1,2024-11-15,True,-246.66,190.75,-41.815620717592594,-1264.67,-927.69,-1088.1047243055557,-406.92,111.57,-68.74601689814814
pg1,2024-11-16,True,-190.62,163.17,26.933103472222218,-1231.02,-928.83,-1102.4141625,-273.6,57.55,-64.71532060185186
pg1,2024-11-17,True,-281.7,63.88,-42.32274265391791,-1229.88,-1042.42,-1120.3848178638061,-282.58,72.61,-66.55297061567164
pg1,2024-11-18,True,-206.43,100.56,-34.275025578703705,-1204.08,-968.17,-1107.1729668981482,-158.62,67.93,-38.12472048611111
pg1,2024-11-19,True,-372.77,116.37,-30.792212890035078,-1284.65,-1006.62,-1127.2391919332729,-350.13,69.06,-82.41696208266536
pg1,2024-11-20,True,-642.33,115.49,-20.847040162037036,-1284.53,-1017.25,-1109.132121412037,-555.55,-17.08,-153.97718206018519
pg1,2024-11-21,True,-156.22,251.59,86.71147129629628,-1254.42,-923.52,-1114.3381680555556,-283.97,40.35,-105.76307835648149
pg1,2024-11-22,True,-93.1,228.07,72.58131504629628,-1282.0,-888.99,-1122.5200261574075,-317.87,89.43,-77.18212766203703
pg1,2024-11-23,True,-58.95,263.61,108.95475601851852,-1299.71,-975.25,-1135.1579690972223,-307.0,13.53,-80.49393229166667
pg1,2024-11-24,True,-66.03,231.48,69.33608032407408,-1240.25,-877.85,-1120.4545748842593,-259.18,-17.2,-103.83677083333333
pg1,2024-11-25,True,-32.13,264.87,117.67893558850787,-1287.56,-845.6,-1123.871733897127,-202.01,124.85,-76.75428463855421
pg1,2024-11-26,True,-55.91,185.94,53.87057782936738,-1227.86,-957.04,-1109.9521050493324,-232.24,52.24,-91.54247057457923
pg1,2024-11-27,True,-113.72,160.39,37.47168083873957,-1215.71,-1000.43,-1114.837173772011,-220.86,57.3,-39.185904309545876
pg1,2024-11-28,True,-101.07,168.36,36.61680255813954,-1229.5,-1020.66,-1124.8779258139534,-177.59,101.7,-36.32111860465117
pg1,2024-11-29,True,-153.31,320.78,26.158456944444442,-1284.91,-958.81,-1130.4348797453704,-204.41,139.65,-26.344407870370368
pg1,2024-11-30,True,-104.86,244.64,32.52772511574074,-1272.89,-895.94,-1111.0070957175926,-137.24,74.76,-33.516536574074074
pg1,2024-12-01,True,-195.56,106.63,-24.43988344907407,-1241.9,-960.33,-1112.1269091435186,-217.19,93.86,-38.83302870370371
pg1,2024-12-02,True,-155.84,96.39,-28.073854282407403,-1253.28,-954.26,-1114.4358505787038,-150.4,67.42,-28.455423263888893
pg1,2024-12-03,True,-215.16,167.85,-3.367011075251342,-1296.92,-880.76,-1120.7873996377905,-292.96,92.09,-72.83283277995774
pg1,2024-12-04,True,-186.96,205.93,49.59392893518518,-1322.09,-872.16,-1132.0130644675926,-309.53,240.97,-51.55182349537038
pg1,2024-12-05,True,-174.94,170.64,-3.522206365740745,-1291.86,-1010.67,-1129.8647876157409,-172.91,28.21,-46.402578472222224
pg1,2024-12-06,True,-164.19,181.01,-5.1730486111111045,-1273.02,-1012.44,-1121.141059375,-201.0,52.37,-52.679420601851845
pg1,2024-12-07,True,-208.08,199.73,-8.953015046296295,-1272.51,-1025.98,-1139.9977476851852,-196.06,78.8,-60.74510532407407
pg1,2024-12-08,True,-535.19,20.37,-139.22842314814812,-1274.03,-1023.32,-1110.651451388889,-557.58,56.67,-103.8251357638889
pg1,2024-12-09,True,-382.76,102.33,-128.80779895833334,-1279.85,-901.0,-1102.6432450231482,-340.39,44.15,-103.59928252314815
pg1,2024-12-10,True,-380.36,154.83,-80.92791259317744,-1345.75,-929.21,-1113.5681406311683,-444.49,71.72,-76.90226029305902
pg1,2024-12-11,True,-267.66,186.96,38.29790662650603,-1285.41,-951.73,-1114.0963064179796,-336.72,36.18,-96.373062557924
pg1,2024-12-12,True,-77.41,272.34,80.77596006944445,-1269.6,-986.64,-1124.2047090277777,-154.83,76.91,-49.04913356481481
pg1,2024-12-13,True,-110.68,188.35,39.06917025462963,-1235.7,-1020.79,-1134.0341467592593,-270.06,76.15,-44.35748368055555
pg1,2024-12-14,True,-382.13,105.37,-29.403462384259253,-1324.5,-967.66,-1108.0817097222223,-383.14,105.62,-71.54666053240742
pg1,2024-12-15,True,-392.5,89.68,-50.529973148148144,-1293.89,-871.53,-1095.8023631944445,-330.02,137.88,-57.37146666666668
pg1,2024-12-16,True,-195.18,183.41,13.500936689814816,-1299.96,-950.71,-1116.5011712962964,-410.21,34.91,-84.95591030092594
pg1,2024-12-17,True,-143.82,522.41,136.86030643442814,-1522.2,-843.83,-1101.0003117617082,-485.6,410.21,-60.5636128225321
pg1,2024-12-18,True,-178.61,264.75,12.837977199074068,-1357.26,-891.52,-1136.9480229166668,-345.83,124.22,-53.29693252314814
pg1,2024-12-19,True,-129.53,189.61,16.690483449074073,-1252.9,-881.78,-1105.192484375,-220.6,77.16,-70.72281921296295
pg1,2024-12-20,True,-343.05,178.86,0.02081099537037382,-1326.52,-888.61,-1118.2450255787037,-295.49,125.23,-57.34893090277779
pg1,2024-12-21,True,-178.86,282.2,58.311156944444456,-1351.19,-823.97,-1129.999627662037,-318.89,171.9,-65.244309375
pg1,2024-12-22,True,-134.08,258.8,27.32041237233055,-1369.66,-851.92,-1144.4780372562673,-186.96,244.51,5.66428365831012
pg1,2024-12-23,True,-244.38,217.69,30.274973488372094,-1307.04,-826.37,-1120.4984361627905,-263.86,194.67,-38.42737674418605
pg1,2024-12-24,True,-139.39,157.1,-2.1379029223192703,-1308.18,-962.6,-1128.9809496376138,-174.56,102.46,-32.249719731462555
pg1,2024-12-25,True,-165.96,193.53,-1.9312922453703747,-1255.31,-965.89,-1117.7918240740742,-229.33,47.56,-54.0503462962963
pg1,2024-12-26,True,-179.49,96.64,-20.822747453703702,-1194.84,-1066.07,-1126.951507986111,-171.9,35.54,-57.97942951388889
pg1,2024-12-27,True,-234.64,99.17,-17.058674768518514,-1206.35,-1052.41,-1126.5700618055555,-193.53,68.94,-47.21007893518518
pg1,2024-12-28,True,-189.61,52.75,-28.938058912037036,-1239.5,-1059.24,-1124.2424671296296,-241.22,40.1,-49.34649375000001
pg1,2024-12-29,True,-224.14,201.88,6.54596331018519,-1267.83,-1047.73,-1123.6749729166665,-293.59,171.52,-36.66374583333334
pg1,2024-12-30,True,-262.98,116.37,-89.3397875,-1291.23,-1011.43,-1124.5904925925927,-253.87,112.32,-36.786409722222224
pg1,2024-12-31,True,-511.41,132.18,-95.91916523395753,-1276.43,-836.49,-1075.988959388504,-467.13,300.67,-67.89919276520608
pg2,2024-01-01,True,17067.89,17597.49,17318.903528221777,-894.97,-340.52,-654.300381779048,-52041.98,-49178.29,-49606.56592463215
pg2,2024-01-02,True,17003.28,17533.58,17312.485842121372,-833.35,-475.12,-669.3407250129467,-52041.98,-49342.28,-49598.15520126171
pg2,2024-01-03,True,17015.21,17510.65,17291.44450184198,-883.28,-433.57,-644.5507087791157,-52041.98,-49429.49,-49608.93713522356
pg2,2024-01-04,True,17083.52,17530.57,17311.706332772992,-1938.99,-405.99,-651.7506176308087,-52041.98,-49224.93,-49621.7699131273
pg2,2024-01-05,True,15371.74,17600.21,17267.71740959175,-1938.99,-383.93,-657.8669680274992,-52041.98,-49317.5,-49614.215683123795
pg2,2024-01-06,True,16977.63,17594.25,17287.322575923376,-833.11,-442.88,-648.4555377881323,-52041.98,-49267.35,-49622.900054831916
pg2,2024-01-07,True,16811.08,17543.77,17286.84922294759,-1938.99,-495.02,-664.9021681852339,-52041.98,-49286.37,-49629.89014160248
pg2,2024-01-08,True,17044.91,17542.32,17258.606291366566,-833.11,-513.52,-655.6778072776914,-52041.98,-49257.03,-49607.44713176105
pg2,2024-01-09,True,16981.51,17539.66,17268.513153815344,-861.05,-354.66,-656.9954298301411,-52041.98,-49304.64,-49622.3581469833
pg2,2024-01-10,True,16898.67,17540.01,17235.689812298955,-1938.99,-440.09,-664.1055618659346,-52041.98,-49317.56,-49603.309634024205
pg2,2024-01-11,True,16926.92,17508.63,17233.53391312017,-1938.99,-430.37,-656.6465614967602,-52041.98,-49356.81,-49625.77804732058
pg2,2024-01-12,True,17003.45,17556.39,17248.418075429057,-862.97,-491.99,-666.8200536761071,-50001.8,-49200.37,-49618.28236539774
pg2,2024-01-13,True,16897.22,17561.71,17257.31077213537,-878.45,-425.6,-652.5490884709038,-52041.98,-49133.28,-49596.00539859547
pg2,2024-01-14,True,16655.69,17540.58,17213.97507745874,-1938.99,-456.38,-653.697101149236,-52041.98,-49182.79,-49616.27663416183
pg2,2024-01-15,True,15371.74,17424.62,17301.582048678443,-1938.99,-465.17,-639.8904262595635,-52041.98,-49479.76,-49619.45039899399
pg2,2024-01-16,True,17053.88,17591.18,17304.469039605123,-801.63,-481.69,-656.8941667646021,-49885.43,-49256.34,-49615.2112976848
pg2,2024-01-17,True,17083.46,17426.71,17280.537159613345,-774.17,-546.64,-658.5976767652953,-52041.98,-49308.33,-49627.85138724508
pg2,2024-01-18,True,16867.81,17586.61,17254.055107776614,-1938.99,-465.05,-652.5729677669719,-52041.98,-49199.85,-49621.89713924527
pg2,2024-01-19,True,16939.37,17426.53,17255.19949974705,-1938.99,-485.77,-633.4326262103368,-52041.98,-49461.6,-49642.51297186959
pg2,2024-01-20,True,17016.83,17584.12,17245.643812894657,-802.16,-431.12,-662.3849918276636,-49919.84,-49369.6,-49622.935622802586
pg2,2024-01-21,True,15371.74,17418.08,17245.834387701132,-1938.99,-514.11,-654.5159832395012,-52041.98,-49266.2,-49654.37377628378
pg2,2024-01-22,True,17001.43,17372.81,17233.16342999249,-791.22,-503.63,-663.9827637012012,-52041.98,-49323.61,-49585.7772070899
pg2,2024-01-23,True,16842.86,17403.84,17273.466505160617,-1938.99,-527.32,-661.9923330627392,-52041.98,-49502.81,-49612.8700943987
pg2,2024-01-24,True,17125.32,17564.38,17308.770831250004,-835.21,-488.09,-656.2091414351852,-49889.81,-49551.98,-49649.033076851854
pg2,2024-01-25,True,17121.21,17434.93,17294.663733796297,-785.86,-557.98,-662.9258458333334,-49791.59,-49509.38,-49627.85747662037
pg2,2024-01-26,True,17162.6,17466.6,17307.6651125,-810.88,-511.49,-651.8299619212962,-49726.8,-49468.11,-49607.51616423611
pg2,2024-01-27,True,17126.65,17322.68,17258.99515798611,-759.62,-523.88,-660.6737747685186,-49767.38,-49553.3,-49632.85314675926
pg2,2024-01-28,True,17062.85,17404.19,17261.86167071759,-766.37,-507.53,-664.6274795138889,-49804.33,-49440.85,-49601.60329571759
pg2,2024-01-29,True,17131.4,17466.42,17319.04243564815,-794.94,-495.6,-666.7042552083334,-49783.69,-49499.12,-49608.92197986111
pg2,2024-01-30,True,17122.6,17459.53,17310.48151886574,-817.11,-510.73,-654.8171722222221,-49776.37,-49430.93,-49613.33070833333
pg2,2024-01-31,True,17141.07,17405.29,17301.39668310185,-754.32,-567.82,-660.7244045138889,-49780.52,-49404.76,-49607.8337224537
pg2,2024-02-01,True,17197.45,17454.73,17309.35707928241,-784.47,-575.62,-667.9764363425926,-49814.01,-49489.32,-49616.617790624994
pg2,2024-02-02,True,17105.11,17394.11,17277.027968055558,-751.3,-575.96,-659.7310373842593,-49827.15,-49572.56,-49646.165236111105
pg2,2024-02-03,True,17107.02,17383.23,17293.6978525463,-732.56,-552.28,-669.7642873842592,-49796.26,-49521.43,-49624.863989004625
pg2,2024-02-04,True,17157.86,17409.75,17275.749605324076,-746.52,-524.52,-655.2057181712962,-49765.13,-49445.86,-49601.767125694445
pg2,2024-02-05,True,17082.48,17377.27,17256.99961356184,-784.99,-530.34,-661.2935829248792,-49765.36,-49431.45,-49619.022213299955
pg2,2024-02-06,True,16727.71,17453.45,17253.196969283992,-1938.99,-530.98,-669.5420560040069,-52041.98,-49287.24,-49624.081479074215
pg2,2024-02-07,True,17130.41,17478.99,17257.937465413637,-757.35,-483.67,-662.488664640395,-49734.52,-49310.29,-49627.25933296069
pg2,2024-02-08,True,17032.34,17507.82,17237.396388169105,-798.61,-479.02,-672.720577421388,-49846.86,-49194.03,-49644.55162091182
pg2,2024-02-09,True,17097.76,17367.95,17269.846057620554,-732.91,-558.33,-672.6915490625875,-49746.92,-49430.07,-49634.07620138046
pg2,2024-02-10,True,15371.74,17553.09,17268.36125160672,-1938.99,-551.47,-670.394895533899,-52041.98,-49334.33,-49631.47853280049
pg2,2024-02-11,True,16572.33,17563.51,17304.888428482802,-909.93,-461.15,-676.0534184742528,-50060.6,-49250.81,-49650.29772191461
pg2,2024-02-12,True,17100.77,17552.45,17301.31737923285,-1938.99,-502.88,-662.2453501574333,-52041.98,-49313.58,-49643.31631816745
pg2,2024-02-13,True,16952.91,17657.36,17272.37027352168,-836.31,-336.39,-656.8597752622728,-52041.98,-49198.3,-49639.66455774741
pg2,2024-02-14,True,16722.56,17534.04,17256.06265060099,-1938.99,-430.19,-652.2739790212261,-52041.98,-49290.18,-49629.94093191905
pg2,2024-02-15,True,17025.74,17541.45,17268.47695512631,-819.21,-492.05,-677.140697206201,-52041.98,-49297.84,-49624.36808117295
pg2,2024-02-16,True,16993.27,17483.73,17255.090805339867,-817.17,-477.1,-653.5224044726702,-52041.98,-49332.14,-49636.79302188027
pg2,2024-02-17,True,16823.93,17526.86,17260.318398114185,-1938.99,-442.18,-657.1501308549662,-52041.98,-49248.67,-49614.68736714635
pg2,2024-02-18,True,17087.69,17369.11,17260.848382648324,-754.44,-529.18,-653.118092396603,-49813.84,-49299.11,-49632.43382448639
pg2,2024-02-19,True,16836.37,17549.04,17268.702543591186,-1938.99,-505.44,-663.3412652290663,-52041.98,-49291.9,-49607.206046129846
pg2,2024-02-20,True,16982.79,17348.67,17266.687322916667,-760.37,-574.74,-665.9253788194445,-49806.46,-49514.97,-49623.99446203703
pg2,2024-02-21,True,17181.53,17320.82,17262.73807997866,-725.46,-594.41,-666.0406158449603,-49662.82,-49509.27,-49603.924138686896
pg2,2024-02-22,True,17053.13,17318.04,17247.00304675926,-758.34,-581.9,-667.636915625,-49778.22,-49504.19,-49624.608259953704
pg2,2024-02-23,True,17125.03,17324.41,17258.01354861111,-732.09,-592.03,-662.8454190972222,-49720.92,-49576.01,-49634.289733680554
pg2,2024-02-24,True,17159.82,17343.23,17277.417678296235,-746.76,-534.24,-658.7875053010904,-49835.22,-49499.35,-49636.651688933176
pg2,2024-02-25,True,17097.76,17495.6,17308.332288475354,-804.02,-566.6,-671.1873132719983,-49904.79,-49477.45,-49647.2935318996
pg2,2024-02-26,True,17156.75,17433.48,17299.903525925925,-756.71,-487.28,-654.2267846064815,-49838.74,-49567.48,-49662.75166435185
pg2,2024-02-27,True,17053.42,17504.86,17283.43413970264,-777.95,-346.22,-643.9124576113934,-49914.25,-49548.58,-49647.756263887924
pg2,2024-02-28,True,17109.51,17335.59,17264.61591961647,-729.01,-575.5,-654.4319723521609,-49802.37,-49567.31,-49648.84344387815
pg2,2024-02-29,True,17093.42,17455.48,17271.72784725526,-736.86,-524.87,-666.5131925089635,-49762.19,-49314.96,-49632.325481243395
pg2,2024-03-01,True,17068.24,17438.0,17280.040053299344,-782.66,-466.62,-647.5658613058339,-49899.2,-49522.18,-49642.46859509878
pg2,2024-03-02,True,17153.45,17601.66,17282.5738009623,-730.35,-477.85,-658.3452397610525,-49798.51,-49385.97,-49645.821677630054
pg2,2024-03-03,True,17013.93,17370.9,17228.5591559181,-823.57,-451.43,-644.4924607822632,-49742.36,-49542.52,-49620.50851832485
pg2,2024-03-04,True,17140.2,17321.75,17251.758174256967,-734.48,-482.22,-645.1583155935556,-49841.22,-49538.95,-49644.893365090444
pg2,2024-03-05,True,17147.61,17332.11,17259.301350483438,-739.08,-502.93,-657.9651299056395,-49857.82,-49503.44,-49637.721988667436
pg2,2024-03-06,True,16921.82,17344.27,17245.30652147053,-895.26,-556.59,-663.3927145887728,-49997.42,-49568.06,-49659.07263940694
pg2,2024-03-07,True,17102.1,17348.67,17256.813102871092,-734.77,-527.67,-659.7828043705683,-49834.47,-49287.18,-49637.29616087411
pg2,2024-03-08,True,16717.58,17391.22,17274.223115406545,-734.89,-124.8,-640.116800223435,-50195.42,-49577.11,-49660.38405581222
pg2,2024-03-09,True,16820.22,17410.44,17278.29819806178,-1938.99,-451.49,-653.8482798304058,-52041.98,-49565.47,-49654.30206727857
pg2,2024-03-10,True,17119.12,17365.52,17257.817258188243,-745.01,-585.33,-662.4753222994491,-49859.2,-49534.92,-49647.68403856436
pg2,2024-03-11,True,17132.85,17512.1,17268.848366169386,-732.97,-487.11,-662.2936195507053,-49824.44,-49321.82,-49656.072498171474
pg2,2024-03-12,True,17116.35,17330.2,17248.933412555583,-721.62,-546.75,-663.5953224813942,-49739.48,-49587.31,-49643.67847949007
pg2,2024-03-13,True,16985.8,17528.77,17231.291257775916,-823.16,-492.4,-666.1211970830129,-50064.92,-49314.15,-49646.15805794366
pg2,2024-03-14,True,17106.27,17352.84,17251.594216801728,-723.42,-483.96,-652.87912833492,-49764.38,-49535.55,-49631.805019040105
pg2,2024-03-15,True,17097.65,17331.88,17260.82479584968,-750.83,-475.7,-659.1275965042594,-49846.98,-49595.21,-49656.61018128641
pg2,2024-03-16,True,16788.5,17284.18,17254.6418608544,-1938.99,-643.35,-669.4917663469922,-52041.98,-49609.1,-49636.52207090962
pg2,2024-03-17,True,17226.8,17300.85,17260.350883333336,-709.75,-644.05,-667.3654458333333,-49686.45,-49611.81,-49636.70649710648
pg2,2024-03-18,True,17194.04,17369.97,17256.611703240742,-696.19,-480.36,-647.4150454861111,-49656.02,-49561.83,-49622.65085474538
pg2,2024-03-19,True,17143.21,17413.97,17266.92045322231,-731.69,-542.91,-658.0337879086597,-49726.92,-49573.59,-49643.571533974275
pg2,2024-03-20,True,17183.67,17489.23,17269.121321344977,-720.98,-533.31,-657.6595802145853,-49704.78,-49387.94,-49641.86102090237
pg2,2024-03-21,True,16801.93,17348.73,17221.21051659143,-1938.99,-498.57,-643.5216832270675,-52041.98,-49558.44,-49650.762949108765
pg2,2024-03-22,True,17063.78,17387.63,17266.424361310266,-756.94,-586.44,-666.1789267827885,-49760.86,-49588.23,-49653.60547124647
pg2,2024-03-23,True,15371.74,17511.81,17280.31075465488,-1003.79,-391.09,-643.222191672936,-52041.98,-49346.61,-49649.31601596295
pg2,2024-03-24,True,15371.74,17595.52,17248.62025542259,-1938.99,-336.85,-673.2758634457975,-52041.98,-49150.28,-49638.445948821536
pg2,2024-03-25,True,17063.02,17632.46,17264.358523795054,-801.69,-469.82,-667.0927914777243,-49822.54,-49401.02,-49657.23022848394
pg2,2024-03-26,True,17041.2,17402.57,17242.329322222224,-814.78,-522.95,-650.930345486111,-49877.65,-49540.45,-49664.39935127315
pg2,2024-03-27,True,17061.93,17329.91,17249.92308486478,-725.87,-605.7,-660.699486222799,-49809.17,-49610.77,-49666.27811325346
pg2,2024-03-28,True,17125.49,17318.8,17256.30727476852,-724.88,-611.58,-665.1897731481481,-49746.17,-49539.41,-49653.81693206019
pg2,2024-03-29,True,17139.33,17501.85,17260.009744010233,-713.65,-488.85,-666.9401378227494,-49719.71,-49346.2,-49652.21182577343
pg2,2024-03-30,True,16798.51,17516.27,17254.44288508299,-1938.99,-490.42,-661.3513498020698,-52041.98,-49306.72,-49632.27292184985
pg2,2024-03-31,True,16774.02,17517.72,17252.692409785792,-1938.99,-476.17,-649.9191487961647,-52041.98,-49358.54,-49646.456048787935
pg2,2024-04-01,True,17154.79,17354.34,17255.135150990933,-750.31,-604.48,-663.2808975862349,-49801.56,-49560.97,-49650.20626150863
pg2,2024-04-02,True,17056.08,17286.95,17239.646316666665,-741.64,-601.22,-658.886349537037,-49767.26,-49558.32,-49648.23293136574
pg2,2024-04-03,True,17169.37,17291.59,17248.660789351852,-707.77,-568.57,-658.6177100694446,-49791.76,-49585.93,-49655.73110243055
pg2,2024-04-04,True,16719.89,17320.36,17224.017605699333,-725.23,-211.74,-641.7943776679268,-50160.49,-49464.65,-49641.94060703692
pg2,2024-04-05,True,17148.01,17333.27,17252.6771817233,-745.24,-582.37,-660.1767439406239,-49955.69,-49568.12,-49662.05531914647
pg2,2024-04-06,True,16990.31,17582.67,17261.365466921958,-1938.99,-486.76,-655.6925354743222,-52041.98,-49346.95,-49671.67262838885
pg2,2024-04-07,True,15371.74,17454.61,17246.337036967292,-1938.99,-526.68,-651.7504484093824,-52041.98,-49346.15,-49649.50985182483
pg2,2024-04-08,True,16980.47,17555.29,17253.52122921007,-1938.99,-494.73,-667.8407474369386,-52041.98,-49337.38,-49670.70323363584
pg2,2024-04-09,True,16928.02,17517.14,17223.397623550696,-806.23,-506.54,-661.3199947137806,-50018.11,-49361.82,-49673.197756880894
pg2,2024-04-10,True,17009.36,17548.34,17244.74962462233,-807.39,-470.23,-659.8798261247811,-49900.24,-49285.68,-49633.33332561338
pg2,2024-04-11,True,15371.74,17513.37,17254.311138097644,-1938.99,-469.41,-659.4535752324747,-52041.98,-49326.08,-49643.763158482536
pg2,2024-04-12,True,17018.56,17498.32,17248.07773290209,-816.35,-492.46,-660.7128094089974,-52041.98,-49328.1,-49649.46598247574
pg2,2024-04-13,True,16792.09,17303.57,17253.936480646793,-1938.99,-603.49,-660.3211944970756,-52041.98,-49607.14,-49644.221532251424
pg2,2024-04-14,True,17033.1,17484.37,17251.973648955307,-809.6,-475.35,-657.8660761443402,-52041.98,-49327.47,-49636.16404272831
pg2,2024-04-15,True,17049.6,17492.53,17252.169734698437,-819.44,-512.48,-649.5593790039143,-52041.98,-49389.32,-49637.76755609888
pg2,2024-04-16,True,16862.48,17529.06,17235.60416893124,-1938.99,-336.5,-647.5195333215694,-52041.98,-49348.79,-49679.18268395977
pg2,2024-04-17,True,17121.61,17307.1,17244.695460564228,-700.96,-579.75,-662.9596588543811,-49698.27,-49576.13,-49635.93205310629
pg2,2024-04-18,True,17027.42,17275.9,17254.744011743525,-811.53,-647.66,-663.2960866290905,-52041.98,-49626.85,-49639.914459715474
pg2,2024-04-19,True,17032.81,17331.07,17212.888101094504,-797.27,-361.35,-654.3788584206192,-49983.65,-49589.56,-49673.25226468166
pg2,2024-04-20,True,16798.28,17459.82,17225.617163051396,-1938.99,-464.53,-655.5811844609997,-52041.98,-49306.02,-49664.1709592019
pg2,2024-04-21,True,17036.8,17562.7,17243.670028809294,-773.76,-426.35,-658.4583029561863,-49955.0,-49392.49,-49680.9629961666
pg2,2024-04-22,True,16817.39,17493.46,17257.099997525656,-1938.99,-498.1,-663.5214747086754,-52041.98,-49325.8,-49672.647833417774
pg2,2024-04-23,True,17096.55,17517.02,17241.6370141455,-750.54,-531.68,-654.9422506884458,-49862.54,-49393.18,-49675.21455774707
pg2,2024-04-24,True,16781.61,17502.26,17255.24519396628,-1938.99,-512.13,-662.0524369035993,-52041.98,-49342.57,-49646.321740225205
pg2,2024-04-25,True,16968.37,17490.91,17247.5289215421,-833.64,-503.22,-657.8531958447547,-52041.98,-49322.86,-49641.77571440336
pg2,2024-04-26,True,15371.74,17477.94,17233.09694446403,-1938.99,-461.56,-661.8211954452514,-52041.98,-49307.7,-49660.37041152553
pg2,2024-04-27,True,17035.18,17541.39,17242.303078344812,-701.31,-438.17,-638.5490212490434,-49777.64,-49310.81,-49647.97564977338
pg2,2024-04-28,True,17015.78,17564.03,17257.289883686706,-829.39,-490.31,-656.1137290889184,-52041.98,-49322.17,-49653.97314716928
pg2,2024-04-29,True,16787.28,17287.01,17252.940492113714,-1938.99,-622.93,-662.7793540419426,-52041.98,-49597.8,-49637.674802342946
pg2,2024-04-30,True,16633.35,17490.8,17233.45886447404,-791.91,-225.42,-634.3873840392836,-52041.98,-49339.92,-49651.57805277846
pg2,2024-05-01,True,17027.71,17594.94,17254.431732265875,-706.37,-443.93,-654.96007817827,-49961.4,-49328.85,-49652.24435929087
pg2,2024-05-02,True,16766.96,17513.03,17182.534713417,-769.45,-187.24,-638.6349524223997,-49971.66,-49320.09,-49678.190692198215
pg2,2024-05-03,True,16778.54,17443.73,17258.271683654253,-1938.99,-473.78,-653.7405906030789,-52041.98,-49359.69,-49673.00635010122
pg2,2024-05-04,True,15371.74,17497.51,17244.379359094968,-1938.99,-348.26,-649.544123547674,-52041.98,-49346.03,-49648.96216578861
pg2,2024-05-05,True,17008.55,17450.56,17249.88494141153,-1938.99,-403.25,-647.4407217488395,-52041.98,-49339.17,-49660.130822236584
pg2,2024-05-06,True,17134.87,17488.42,17235.2018422229,-724.35,-474.59,-655.0103656212502,-49840.24,-49327.58,-49645.19724619439
pg2,2024-05-07,True,16792.38,17508.22,17244.895159164593,-1938.99,-468.83,-660.0496662829488,-52041.98,-49271.27,-49637.480175257246
pg2,2024-05-08,True,16792.78,17488.02,17252.174841129643,-1938.99,-471.86,-663.9937542396834,-52041.98,-49344.01,-49640.61178737987
pg2,2024-05-09,True,16787.34,17510.6,17251.12141882112,-1938.99,-491.41,-659.2790268183904,-52041.98,-49349.31,-49635.17312606644
pg2,2024-05-10,True,16655.17,17504.75,17179.701960600152,-992.97,-22.62,-586.1688079081453,-50083.88,-49211.32,-49664.77825577027
pg2,2024-05-11,True,15714.87,17733.54,17130.102629741516,-1311.45,-299.49,-706.7892942531709,-52041.98,-49147.86,-49922.47218870852
pg2,2024-05-12,True,16200.83,17475.22,17163.048108378207,-847.08,183.9,-606.8707055517672,-50423.04,-49347.3,-49762.17497131234
pg2,2024-05-13,True,15371.74,17483.27,17258.394515145093,-979.06,-401.1,-653.2975509939702,-52041.98,-49349.77,-49708.09035660449
pg2,2024-05-14,True,16764.7,17469.95,17247.327629063773,-1938.99,-512.88,-661.2582805621602,-52041.98,-49385.74,-49673.66955731067
pg2,2024-05-15,True,16967.44,17304.61,17230.47678065525,-1938.99,-537.56,-651.6071475425252,-52041.98,-49473.59,-49680.7717934099
pg2,2024-05-16,True,16380.53,17338.42,17215.531026608372,-1938.99,-437.06,-677.5376604846861,-52041.98,-49638.61,-49746.06257927274
pg2,2024-05-17,True,16971.21,17316.54,17225.60163170218,-828.17,-405.0,-637.1648366297609,-52041.98,-49387.65,-49668.91220670424
pg2,2024-05-18,True,17019.26,17486.86,17245.893403000882,-813.21,-472.79,-671.3963085613416,-49946.01,-49344.53,-49716.20759894087
pg2,2024-05-19,True,16940.87,17484.49,17234.844605475042,-814.49,-492.11,-661.7100262115496,-49964.22,-49340.38,-49680.81840050777
pg2,2024-05-20,True,16784.68,17494.04,17252.182414718554,-1938.99,-468.66,-664.9934960096052,-52041.98,-49360.27,-49665.73759987758
pg2,2024-05-21,True,16789.48,17479.33,17235.54774731151,-1938.99,-520.22,-661.9550661103602,-52041.98,-49372.95,-49657.83425586178
pg2,2024-05-22,True,16789.42,17276.42,17252.60254496657,-1938.99,-627.11,-659.1545812929654,-52041.98,-49620.34,-49651.02074430266
pg2,2024-05-23,True,16967.91,17491.32,17215.55126014062,-1938.99,-467.44,-658.3722858419356,-52041.98,-49305.33,-49658.92733851436
pg2,2024-05-24,True,17019.55,17469.32,17248.3069467886,-1938.99,-504.21,-669.2395321492885,-52041.98,-49329.31,-49684.595216270616
pg2,2024-05-25,True,17197.05,17482.29,17251.849000541137,-712.25,-497.46,-660.4652451591652,-49734.24,-49355.13,-49654.18717455238
pg2,2024-05-26,True,16783.63,17502.09,17243.618493677135,-1938.99,-492.11,-659.9772375658142,-52041.98,-49366.09,-49662.600528864234
pg2,2024-05-27,True,17063.61,17493.63,17238.57509763352,-750.83,-500.78,-662.3053487415209,-49811.47,-49348.22,-49655.655310181864
pg2,2024-05-28,True,17219.45,17482.58,17255.327457036994,-686.76,-510.15,-662.2209400693995,-49686.74,-49355.71,-49646.349551373285
pg2,2024-05-29,True,16985.45,17273.18,17248.342746228613,-811.58,-615.65,-658.9469194652985,-49914.54,-49590.19,-49634.40889494246
pg2,2024-05-30,True,16945.79,17282.32,17220.805926623652,-1938.99,-514.92,-648.1964691753402,-52041.98,-49578.09,-49638.40466773419
pg2,2024-05-31,True,16837.77,17337.84,17238.72822346132,-1938.99,-578.93,-659.9653529079616,-52041.98,-49580.34,-49695.608607542825
pg2,2024-06-01,True,17022.38,17526.98,17256.237826705383,-816.76,-481.0,-661.6949498642279,-49940.01,-49327.52,-49660.83742185754
pg2,2024-06-02,True,17112.64,17517.83,17254.200113691197,-678.03,-504.33,-660.7592865465416,-49884.85,-49317.5,-49640.391169277485
pg2,2024-06-03,True,16998.01,17460.0,17249.272010277156,-856.51,-508.05,-666.3418959820326,-49994.94,-49337.56,-49644.91577472572
pg2,2024-06-04,True,15371.74,17283.6,17242.927244863153,-979.35,-502.53,-665.718402432283,-52041.98,-49337.73,-49664.12040294979
pg2,2024-06-05,True,17010.52,17476.32,17242.25342667484,-811.7,-519.11,-661.467553234136,-49922.84,-49360.56,-49636.571222203886
pg2,2024-06-06,True,17097.3,17492.36,17247.222124718097,-748.27,-498.05,-665.8003271236611,-49893.73,-49333.87,-49674.2335813287
pg2,2024-06-07,True,16880.49,17490.33,17223.980911623315,-781.5,-508.35,-667.4549819579449,-49961.8,-49434.45,-49681.77233230292
pg2,2024-06-08,True,16967.27,17389.6,17231.930680099274,-827.88,-495.48,-652.8566149123117,-49940.07,-49349.72,-49662.929245915526
pg2,2024-06-09,True,17005.36,17490.39,17232.85305110468,-847.6,-469.71,-662.3067828992258,-49937.25,-49325.05,-49639.603241217854
pg2,2024-06-10,True,16760.65,17445.23,17240.13253734145,-1938.99,-513.18,-660.9305714151619,-52041.98,-49340.03,-49629.29311450596
pg2,2024-06-11,True,17125.67,17567.21,17248.085018573856,-710.27,-483.73,-661.6289324427257,-49826.4,-49310.87,-49650.68477307083
pg2,2024-06-12,True,17020.01,17267.27,17239.19338807321,-830.2,-615.94,-662.3323973480351,-49930.56,-49594.86,-49634.76765120079
pg2,2024-06-13,True,15371.74,17273.29,17254.72066082971,-1938.99,-647.42,-664.5839767305206,-50227.06,-49612.5,-49633.78043835938
pg2,2024-06-14,True,17021.75,17478.58,17242.078504357436,-1938.99,-499.5,-664.5943393275078,-52041.98,-49325.97,-49646.6795453209
pg2,2024-06-15,True,16962.0,17499.6,17236.11742173524,-869.02,-457.02,-668.6834218764711,-49999.04,-49341.88,-49670.57458125412
pg2,2024-06-16,True,16748.61,17485.93,17233.20320002822,-1938.99,-433.86,-660.2645262984607,-52041.98,-49302.63,-49660.4171791917
pg2,2024-06-17,True,17020.76,17505.33,17238.574933463544,-830.79,-504.85,-660.9867187113929,-52041.98,-49283.09,-49631.22301408384
pg2,2024-06-18,True,16913.95,17521.88,17230.18163920699,-818.8,-487.11,-671.1216675118822,-49930.5,-49326.03,-49652.40162175231
pg2,2024-06-19,True,16984.52,17427.69,17239.13041246207,-820.78,-506.37,-665.8590941594337,-49943.82,-49255.76,-49650.04573636299
pg2,2024-06-20,True,16910.42,17517.02,17236.24828180108,-822.0,-481.98,-656.9240014107689,-49925.72,-49285.68,-49652.77328579826
pg2,2024-06-21,True,17015.55,17501.62,17255.508139537622,-1938.99,-509.22,-664.1426358807664,-52041.98,-49336.0,-49632.723770271696
pg2,2024-06-22,True,17199.07,17286.03,17252.68503752235,-678.09,-610.88,-663.2168449468335,-49697.98,-49607.31,-49632.788469817446
pg2,2024-06-23,True,17003.34,17499.25,17230.664482014872,-754.32,-508.75,-679.8596796153587,-49857.01,-49323.15,-49663.02314610528
pg2,2024-06-24,True,17253.9,17269.99,17264.955588235294,-676.23,-652.02,-661.6805882352941,-49663.74,-49640.05,-49655.35147058823
pg2,2024-06-25,False,,,,,,,,,
pg2,2024-06-26,False,,,,,,,,,
pg2,2024-06-27,False,,,,,,,,,
pg2,2024-06-28,False,,,,,,,,,
pg2,2024-06-29,False,,,,,,,,,
pg2,2024-06-30,False,,,,,,,,,
pg2,2024-07-01,False,,,,,,,,,
pg2,2024-07-02,False,,,,,,,,,
pg2,2024-07-03,False,,,,,,,,,
pg2,2024-07-04,False,,,,,,,,,
pg2,2024-07-05,False,,,,,,,,,
pg2,2024-07-06,False,,,,,,,,,
pg2,2024-07-07,False,,,,,,,,,
pg2,2024-07-08,False,,,,,,,,,
pg2,2024-07-09,False,,,,,,,,,
pg2,2024-07-10,False,,,,,,,,,
pg2,2024-07-11,False,,,,,,,,,
pg2,2024-07-12,False,,,,,,,,,
pg2,2024-07-13,False,,,,,,,,,
pg2,2024-07-14,False,,,,,,,,,
pg2,2024-07-15,False,,,,,,,,,
pg2,2024-07-16,False,,,,,,,,,
pg2,2024-07-17,False,,,,,,,,,
pg2,2024-07-18,False,,,,,,,,,
pg2,2024-07-19,False,,,,,,,,,
pg2,2024-07-20,False,,,,,,,,,
pg2,2024-07-21,False,,,,,,,,,
pg2,2024-07-22,False,,,,,,,,,
pg2,2024-07-23,False,,,,,,,,,
pg2,2024-07-24,False,,,,,,,,,
pg2,2024-07-25,False,,,,,,,,,
pg2,2024-07-26,False,,,,,,,,,
pg2,2024-07-27,False,,,,,,,,,
pg2,2024-07-28,False,,,,,,,,,
pg2,2024-07-29,False,,,,,,,,,
pg2,2024-07-30,False,,,,,,,,,
pg2,2024-07-31,False,,,,,,,,,
pg2,2024-08-01,False,,,,,,,,,
pg2,2024-08-02,False,,,,,,,,,
pg2,2024-08-03,False,,,,,,,,,
pg2,2024-08-04,False,,,,,,,,,
pg2,2024-08-05,False,,,,,,,,,
pg2,2024-08-06,False,,,,,,,,,
pg2,2024-08-07,False,,,,,,,,,
pg2,2024-08-08,False,,,,,,,,,
pg2,2024-08-09,False,,,,,,,,,
pg2,2024-08-10,False,,,,,,,,,
pg2,2024-08-11,False,,,,,,,,,
pg2,2024-08-12,False,,,,,,,,,
pg2,2024-08-13,False,,,,,,,,,
pg2,2024-08-14,False,,,,,,,,,
pg2,2024-08-15,False,,,,,,,,,
pg2,2024-08-16,False,,,,,,,,,
pg2,2024-08-17,False,,,,,,,,,
pg2,2024-08-18,False,,,,,,,,,
pg2,2024-08-19,False,,,,,,,,,
pg2,2024-08-20,False,,,,,,,,,
pg2,2024-08-21,False,,,,,,,,,
pg2,2024-08-22,False,,,,,,,,,
pg2,2024-08-23,False,,,,,,,,,
pg2,2024-08-24,False,,,,,,,,,
pg2,2024-08-25,False,,,,,,,,,
pg2,2024-08-26,False,,,,,,,,,
pg2,2024-08-27,False,,,,,,,,,
pg2,2024-08-28,False,,,,,,,,,
pg2,2024-08-29,False,,,,,,,,,
pg2,2024-08-30,False,,,,,,,,,
pg2,2024-08-31,False,,,,,,,,,
pg2,2024-09-01,False,,,,,,,,,
pg2,2024-09-02,False,,,,,,,,,
pg2,2024-09-03,False,,,,,,,,,
pg2,2024-09-04,False,,,,,,,,,
pg2,2024-09-05,False,,,,,,,,,
pg2,2024-09-06,False,,,,,,,,,
pg2,2024-09-07,False,,,,,,,,,
pg2,2024-09-08,False,,,,,,,,,
pg2,2024-09-09,False,,,,,,,,,
pg2,2024-09-10,False,,,,,,,,,
pg2,2024-09-11,False,,,,,,,,,
pg2,2024-09-12,False,,,,,,,,,
pg2,2024-09-13,False,,,,,,,,,
pg2,2024-09-14,False,,,,,,,,,
pg2,2024-09-15,False,,,,,,,,,
pg2,2024-09-16,False,,,,,,,,,
pg2,2024-09-17,False,,,,,,,,,
pg2,2024-09-18,False,,,,,,,,,
pg2,2024-09-19,False,,,,,,,,,
pg2,2024-09-20,False,,,,,,,,,
pg2,2024-09-21,False,,,,,,,,,
pg2,2024-09-22,False,,,,,,,,,
pg2,2024-09-23,False,,,,,,,,,
pg2,2024-09-24,False,,,,,,,,,
pg2,2024-09-25,False,,,,,,,,,
pg2,2024-09-26,False,,,,,,,,,
pg2,2024-09-27,False,,,,,,,,,
pg2,2024-09-28,False,,,,,,,,,
pg2,2024-09-29,False,,,,,,,,,
pg2,2024-09-30,False,,,,,,,,,
pg2,2024-10-01,False,,,,,,,,,
pg2,2024-10-02,False,,,,,,,,,
pg2,2024-10-03,False,,,,,,,,,
pg2,2024-10-04,False,,,,,,,,,
pg2,2024-10-05,False,,,,,,,,,
pg2,2024-10-06,False,,,,,,,,,
pg2,2024-10-07,False,,,,,,,,,
pg2,2024-10-08,False,,,,,,,,,
pg2,2024-10-09,False,,,,,,,,,
pg2,2024-10-10,False,,,,,,,,,
pg2,2024-10-11,False,,,,,,,,,
pg2,2024-10-12,False,,,,,,,,,
pg2,2024-10-13,False,,,,,,,,,
pg2,2024-10-14,False,,,,,,,,,
pg2,2024-10-15,False,,,,,,,,,
pg2,2024-10-16,False,,,,,,,,,
pg2,2024-10-17,False,,,,,,,,,
pg2,2024-10-18,False,,,,,,,,,
pg2,2024-10-19,False,,,,,,,,,
pg2,2024-10-20,False,,,,,,,,,
pg2,2024-10-21,False,,,,,,,,,
pg2,2024-10-22,False,,,,,,,,,
pg2,2024-10-23,False,,,,,,,,,
pg2,2024-10-24,False,,,,,,,,,
pg2,2024-10-25,False,,,,,,,,,
pg2,2024-10-26,False,,,,,,,,,
pg2,2024-10-27,False,,,,,,,,,
pg2,2024-10-28,False,,,,,,,,,
pg2,2024-10-29,False,,,,,,,,,
pg2,2024-10-30,False,,,,,,,,,
pg2,2024-10-31,False,,,,,,,,,
pg2,2024-11-01,False,,,,,,,,,
pg2,2024-11-02,False,,,,,,,,,
pg2,2024-11-03,False,,,,,,,,,
pg2,2024-11-04,False,,,,,,,,,
pg2,2024-11-05,False,,,,,,,,,
pg2,2024-11-06,False,,,,,,,,,
pg2,2024-11-07,False,,,,,,,,,
pg2,2024-11-08,False,,,,,,,,,
pg2,2024-11-09,False,,,,,,,,,
pg2,2024-11-10,False,,,,,,,,,
pg2,2024-11-11,False,,,,,,,,,
pg2,2024-11-12,False,,,,,,,,,
pg2,2024-11-13,False,,,,,,,,,
pg2,2024-11-14,False,,,,,,,,,
pg2,2024-11-15,False,,,,,,,,,
pg2,2024-11-16,False,,,,,,,,,
pg2,2024-11-17,False,,,,,,,,,
pg2,2024-11-18,False,,,,,,,,,
pg2,2024-11-19,False,,,,,,,,,
pg2,2024-11-20,False,,,,,,,,,
pg2,2024-11-21,False,,,,,,,,,
pg2,2024-11-22,False,,,,,,,,,
pg2,2024-11-23,False,,,,,,,,,
pg2,2024-11-24,False,,,,,,,,,
pg2,2024-11-25,False,,,,,,,,,
pg2,2024-11-26,False,,,,,,,,,
pg2,2024-11-27,False,,,,,,,,,
pg2,2024-11-28,False,,,,,,,,,
pg2,2024-11-29,False,,,,,,,,,
pg2,2024-11-30,False,,,,,,,,,
pg2,2024-12-01,False,,,,,,,,,
pg2,2024-12-02,False,,,,,,,,,
pg2,2024-12-03,False,,,,,,,,,
pg2,2024-12-04,False,,,,,,,,,
pg2,2024-12-05,False,,,,,,,,,
pg2,2024-12-06,False,,,,,,,,,
pg2,2024-12-07,False,,,,,,,,,
pg2,2024-12-08,False,,,,,,,,,
pg2,2024-12-09,False,,,,,,,,,
pg2,2024-12-10,False,,,,,,,,,
pg2,2024-12-11,False,,,,,,,,,
pg2,2024-12-12,False,,,,,,,,,
pg2,2024-12-13,False,,,,,,,,,
pg2,2024-12-14,False,,,,,,,,,
pg2,2024-12-15,False,,,,,,,,,
pg2,2024-12-16,False,,,,,,,,,
pg2,2024-12-17,False,,,,,,,,,
pg2,2024-12-18,False,,,,,,,,,
pg2,2024-12-19,False,,,,,,,,,
pg2,2024-12-20,False,,,,,,,,,
pg2,2024-12-21,False,,,,,,,,,
pg2,2024-12-22,False,,,,,,,,,
pg2,2024-12-23,False,,,,,,,,,
pg2,2024-12-24,False,,,,,,,,,
pg2,2024-12-25,False,,,,,,,,,
pg2,2024-12-26,False,,,,,,,,,
pg2,2024-12-27,False,,,,,,,,,
pg2,2024-12-28,False,,,,,,,,,
pg2,2024-12-29,False,,,,,,,,,
pg2,2024-12-30,False,,,,,,,,,
pg2,2024-12-31,False,,,,,,,,,
pg3,2024-01-01,True,17153.49,17543.4,17407.12810833362,-989.84,-470.16,-841.6001942310144,-48948.74,-48453.11,-48725.45083880912
pg3,2024-01-02,True,17206.4,17834.57,17414.970632499302,-1008.63,-644.61,-851.4160242070504,-48878.94,-48557.89,-48726.460336829135
pg3,2024-01-03,True,17164.14,17759.2,17381.88818709252,-972.33,-611.84,-829.3528986513522,-48941.19,-48476.1,-48721.369817591265
pg3,2024-01-04,True,17176.0,17657.58,17403.16299124891,-1017.97,-626.86,-830.2379994824627,-48901.07,-48543.48,-48741.88462796114
pg3,2024-01-05,True,17111.57,17726.67,17375.46864498327,-954.0,-574.08,-843.013916280162,-50023.62,-48568.73,-48733.207521751894
pg3,2024-01-06,True,17081.86,17637.95,17385.338120044373,-1006.95,-666.82,-834.758842412565,-50023.62,-48599.51,-48740.28990599638
pg3,2024-01-07,True,17238.07,17489.4,17382.599518751307,-905.35,-775.38,-845.5176951086579,-48825.91,-48675.7,-48748.06895180555
pg3,2024-01-08,True,15099.28,17502.06,17365.81007456715,-2105.53,-701.56,-838.9147058482448,-50023.62,-48603.72,-48726.14185698878
pg3,2024-01-09,True,17127.58,17466.94,17369.628053703702,-947.22,-667.92,-842.9589628472221,-48968.68,-48648.21,-48745.1965462963
pg3,2024-01-10,True,16717.79,17508.28,17352.045603787832,-2105.53,-727.13,-849.8400275373265,-50023.62,-48531.49,-48720.04948236798
pg3,2024-01-11,True,17078.81,17479.95,17342.56456911248,-949.65,-732.23,-843.0181205858819,-48978.3,-48611.09,-48739.450602233585
pg3,2024-01-12,True,17134.2,17476.04,17357.497616081473,-958.3,-781.76,-853.2717638120425,-48918.36,-48612.3,-48736.332661261324
pg3,2024-01-13,True,17215.5,17681.59,17370.825852671376,-940.55,-694.6,-841.3957597791926,-48892.42,-48542.39,-48713.951836969
pg3,2024-01-14,True,16974.88,17497.86,17331.990013339055,-965.95,-667.69,-838.5095692065001,-49017.1,-48493.4,-48703.199074965494
pg3,2024-01-15,True,17054.16,17758.23,17399.658332213286,-997.85,-670.59,-825.6526312191505,-49116.75,-48537.14,-48728.45225082845
pg3,2024-01-16,True,17295.3,17543.63,17402.393070544713,-916.6,-654.81,-840.6436506279789,-48812.94,-48650.35,-48734.480643403025
pg3,2024-01-17,True,17274.23,17465.27,17374.726242592595,-945.77,-737.28,-842.0511777777776,-48926.2,-48663.02,-48750.823663888885
pg3,2024-01-18,True,17057.62,17477.82,17355.41003909014,-972.21,-719.88,-837.6722801034671,-49025.39,-48506.83,-48732.94196193061
pg3,2024-01-19,True,17097.18,17462.91,17357.594298263888,-950.64,-671.46,-825.4547804398148,-49099.57,-48537.32,-48753.838127199066
pg3,2024-01-20,True,17040.0,17486.06,17346.896820138885,-1011.71,-706.14,-849.9051343750002,-49021.13,-48534.72,-48729.09364537037
pg3,2024-01-21,True,16968.78,17486.57,17338.674718250237,-2105.53,-765.29,-840.2684565517401,-50023.62,-48617.49,-48766.77103712208
pg3,2024-01-22,True,17106.44,17532.29,17348.73508113426,-947.91,-690.54,-847.2994795138889,-48933.29,-48414.43,-48700.33371979166
pg3,2024-01-23,True,17182.1,17496.19,17373.09322372685,-962.01,-691.81,-849.9064490740741,-48979.63,-48603.49,-48731.77100208333
pg3,2024-01-24,True,17203.41,17643.36,17392.574246367232,-982.19,-622.28,-838.6457725359217,-49020.61,-48650.06,-48768.995424973036
pg3,2024-01-25,True,17240.95,17486.46,17384.839966319447,-933.01,-743.02,-846.2344859953704,-48877.67,-48637.43,-48740.009819212966
pg3,2024-01-26,True,17265.94,17499.24,17403.703387094905,-951.68,-706.37,-840.0676275389019,-48846.54,-48574.72,-48723.37579941372
pg3,2024-01-27,True,17209.8,17437.98,17355.02466134259,-942.64,-696.97,-846.1293877314814,-48882.05,-48668.73,-48749.98730289352
pg3,2024-01-28,True,17151.64,17503.62,17369.600979013663,-951.57,-725.45,-855.7323643906293,-48949.37,-48534.09,-48712.615451101614
pg3,2024-01-29,True,17244.52,17547.61,17408.041980787035,-973.78,-733.45,-851.2723719907407,-48883.03,-48507.63,-48735.01309513889
pg3,2024-01-30,True,17194.6,17523.37,17406.150118865382,-978.82,-707.24,-844.5844150663327,-48951.67,-48540.26,-48736.40919774562
pg3,2024-01-31,True,17207.67,17496.25,17397.808307472864,-944.43,-766.97,-850.2847971750625,-48939.86,-48552.42,-48734.98301129511
pg3,2024-02-01,True,17211.35,17478.63,17395.57071423611,-947.62,-747.66,-854.9604931712961,-48945.74,-48616.22,-48740.719825
pg3,2024-02-02,True,17211.47,17479.89,17360.657570949075,-934.69,-762.28,-844.1740658564814,-48985.51,-48644.81,-48757.81926863426
pg3,2024-02-03,True,17230.81,17464.64,17386.19528634004,-914.57,-794.06,-856.8272250162231,-48900.38,-48638.59,-48747.55716927784
pg3,2024-02-04,True,17271.87,17501.89,17376.137989351853,-927.09,-730.61,-846.2098719907407,-48885.04,-48575.82,-48716.6657337963
pg3,2024-02-05,True,17220.33,17519.91,17362.72165890341,-949.13,-742.44,-852.8164102474972,-48898.01,-48531.55,-48733.318069150904
pg3,2024-02-06,True,17079.5,17552.39,17354.88559941248,-1011.65,-732.12,-855.7321534318755,-49008.79,-48560.2,-48746.7343228341
pg3,2024-02-07,True,17128.5,17577.03,17355.031120775086,-996.86,-741.63,-850.1637491692998,-48878.3,-48660.14,-48745.46684986768
pg3,2024-02-08,True,17131.55,17674.62,17331.86865480965,-971.98,-686.65,-857.2920445219412,-48888.1,-48591.04,-48752.60947550131
pg3,2024-02-09,True,17068.9,17440.11,17363.148930822008,-2105.53,-815.86,-859.381102491526,-50023.62,-48695.53,-48754.55056236969
pg3,2024-02-10,True,17258.57,17430.78,17365.02283687861,-932.84,-791.68,-859.0284020666542,-48821.76,-48680.54,-48742.34193399739
pg3,2024-02-11,True,16800.13,17587.05,17385.49144422728,-1030.21,-691.81,-863.3815756898879,-49141.53,-48582.51,-48782.37555191028
pg3,2024-02-12,True,17320.06,17698.35,17384.43853544352,-944.26,-697.15,-849.3534977698588,-48934.73,-48577.89,-48769.94888597748
pg3,2024-02-13,True,17085.95,17517.2,17358.46296520758,-958.59,-609.98,-845.2665273884165,-48956.69,-48548.73,-48743.95530156921
pg3,2024-02-14,True,17181.87,17670.3,17356.064429268292,-936.61,-670.12,-846.7293033681765,-48904.29,-48570.11,-48749.49617084785
pg3,2024-02-15,True,17173.52,17707.04,17365.066184579904,-929.88,-707.65,-866.6943348204405,-48858.42,-48483.19,-48745.4799254505
pg3,2024-02-16,True,17257.99,17642.95,17354.27627314222,-927.5,-671.92,-844.5618471856734,-48850.75,-48583.14,-48747.88068722201
pg3,2024-02-17,True,17241.12,17462.74,17364.635306365737,-919.21,-758.91,-847.1650054398148,-48863.66,-48597.38,-48725.331943287034
pg3,2024-02-18,True,17183.25,17504.08,17361.004062739186,-948.9,-726.78,-847.8851833468631,-48928.74,-48556.86,-48749.083142293865
pg3,2024-02-19,True,17277.22,17449.61,17373.244220361197,-901.87,-787.21,-858.7654990546669,-48775.65,-48611.32,-48723.51502812801
pg3,2024-02-20,True,17112.95,17477.65,17361.906477662036,-933.65,-789.24,-856.1544116898149,-48949.72,-48626.6,-48739.77870416667
pg3,2024-02-21,True,17301.17,18597.65,17421.072373726853,-913.0,-622.08,-849.404592824074,-48765.79,-45932.91,-48604.74562430555
pg3,2024-02-22,True,17205.59,17420.65,17353.417450578705,-955.45,-778.51,-861.3191418981481,-48916.23,-48610.11,-48739.17258125
pg3,2024-02-23,True,17246.13,17422.61,17358.001309057174,-916.54,-780.43,-856.9174631798677,-48840.67,-48700.14,-48743.672808419346
pg3,2024-02-24,True,17114.62,17461.59,17357.07518923611,-919.56,-697.55,-850.0975864583334,-48909.94,-48647.4,-48747.48640844908
pg3,2024-02-25,True,17102.47,17540.87,17389.061138048233,-979.58,-750.62,-857.4890344395596,-49079.05,-48619.85,-48780.942178774836
pg3,2024-02-26,True,17179.63,17514.85,17371.04562766204,-942.93,-657.83,-844.7274898148148,-49041.24,-48688.73,-48789.68472546297
pg3,2024-02-27,True,17013.11,17562.81,17376.170251851854,-961.89,-511.45,-840.7492244212963,-49091.27,-48562.04,-48766.5056318287
pg3,2024-02-28,True,17187.46,17423.3,17350.589999304793,-904.94,-760.36,-848.2443545565146,-48888.74,-48651.15,-48757.59791530039
pg3,2024-02-29,True,17196.27,17459.86,17369.352835177568,-947.91,-818.94,-859.5739007010022,-48895.36,-48683.49,-48747.41780731128
pg3,2024-03-01,True,17177.96,17496.25,17370.64353171296,-963.11,-695.64,-843.3438563657407,-49022.86,-48567.69,-48754.16955925926
pg3,2024-03-02,True,17198.28,17478.74,17373.723288660633,-925.76,-760.71,-851.0095824107028,-48936.4,-48695.47,-48762.3982770094
pg3,2024-03-03,True,17156.48,17479.49,17334.844014351853,-1014.84,-648.72,-843.4113599537037,-48942.17,-48586.54,-48722.242469212964
pg3,2024-03-04,True,17164.48,17424.85,17350.235308770832,-922.8,-675.75,-840.4508159667861,-48936.11,-48648.04,-48753.41497292094
pg3,2024-03-05,True,17181.99,17469.88,17364.904485763887,-948.32,-695.64,-857.0269958333333,-49048.39,-48591.67,-48750.83704479167
pg3,2024-03-06,True,17188.49,17432.62,17343.62275658703,-943.27,-740.76,-855.7625046926053,-48924.35,-48685.91,-48764.11057887053
pg3,2024-03-07,True,17179.17,17445.41,17362.350325115738,-935.1,-752.13,-858.3002179398148,-48927.24,-48641.01,-48745.484948958336
pg3,2024-03-08,True,16342.1,17479.49,17366.854472890867,-933.59,-265.5,-835.7505598070591,-49171.33,-48508.27,-48762.660817796015
pg3,2024-03-09,True,17190.28,17510.93,17376.983822800925,-982.36,-625.06,-851.0174114583334,-49023.26,-48656.34,-48762.99283125
pg3,2024-03-10,True,17163.04,17456.23,17365.584307629917,-942.35,-735.77,-861.8984494525231,-48978.24,-48630.4,-48751.40897433521
pg3,2024-03-11,True,17208.19,17449.95,17372.18691393319,-922.98,-783.39,-858.267390448853,-48885.68,-48680.66,-48761.669787495084
pg3,2024-03-12,True,17252.69,17545.59,17363.190934135346,-915.32,-682.42,-860.6033930206414,-48866.2,-48546.77,-48738.0941108909
pg3,2024-03-13,True,16964.0,17440.8,17349.117680389656,-1044.24,-755.78,-866.4025498086512,-49172.2,-48560.14,-48737.955221152726
pg3,2024-03-14,True,17204.85,17468.61,17372.81455130738,-936.95,-694.48,-859.161803718768,-48869.6,-48620.14,-48730.59736653109
pg3,2024-03-15,True,17144.04,17431.53,17366.89728611111,-968.68,-655.51,-864.2107305555556,-48946.43,-48665.45,-48760.509973148146
pg3,2024-03-16,True,17318.5,17402.17,17371.440971875,-904.48,-850.14,-875.2494635416666,-48775.42,-48716.74,-48738.248046875
pg3,2024-03-17,True,17347.7,17413.22,17375.927652083334,-908.88,-853.73,-873.9334159722222,-48789.48,-48713.0,-48739.75144930556
pg3,2024-03-18,True,17074.55,17480.99,17376.34927022954,-1038.85,-668.15,-857.4563388592628,-50023.62,-48602.04,-48721.60437271041
pg3,2024-03-19,True,17273.77,17609.1,17385.239870922887,-937.82,-732.18,-864.7799511036442,-48855.53,-48614.44,-48748.01586176931
pg3,2024-03-20,True,17154.12,17440.51,17379.852095170783,-923.27,-756.07,-865.4621181118785,-48850.86,-48682.97,-48747.5015691477
pg3,2024-03-21,True,16988.76,17458.42,17335.143556568328,-1062.34,-712.75,-852.4133656879117,-50023.62,-48647.58,-48743.64636190741
pg3,2024-03-22,True,17227.3,17620.27,17380.56969976343,-972.39,-728.99,-874.6079313943778,-48893.81,-48549.13,-48757.81334295853
pg3,2024-03-23,True,17147.27,17557.45,17389.635469439778,-1017.1,-598.09,-852.2034066392445,-49057.21,-48481.41,-48761.95563258212
pg3,2024-03-24,True,16553.06,17688.61,17363.909757039477,-1330.96,-532.04,-879.568779746718,-49132.89,-48171.43,-48756.54249176601
pg3,2024-03-25,True,17110.65,17512.02,17367.73335011017,-988.22,-728.12,-870.0327577409255,-48934.15,-48633.22,-48755.11907294445
pg3,2024-03-26,True,17192.93,17492.73,17359.870876041667,-1037.69,-714.66,-858.4189337962962,-49037.1,-48642.97,-48762.83359490741
pg3,2024-03-27,True,17166.44,17436.37,17367.973087556533,-931.73,-735.66,-867.8301856662414,-49010.75,-48683.89,-48763.12992635973
pg3,2024-03-28,True,17218.55,17433.43,17372.072437037037,-953.77,-813.25,-875.6397734953705,-48889.25,-48663.37,-48753.337010648145
pg3,2024-03-29,True,17265.82,17446.9,17377.88433798374,-928.66,-802.64,-878.134221201684,-48884.76,-48666.83,-48756.10827529022
pg3,2024-03-30,True,17328.29,17433.66,17377.770897685183,-921.24,-822.01,-876.2568837962964,-48795.82,-48663.14,-48731.90464085648
pg3,2024-03-31,True,17290.35,17468.95,17373.481503125,-917.18,-722.84,-864.6098179398149,-48996.75,-48675.94,-48748.395934722226
pg3,2024-04-01,True,17263.75,17450.59,17371.237686226854,-946.75,-818.41,-874.3082815972223,-48955.19,-48671.84,-48758.54457569444
pg3,2024-04-02,True,17132.82,17423.47,17359.250069328704,-960.32,-807.22,-869.8856145833332,-48846.26,-48655.94,-48744.520303125
pg3,2024-04-03,True,17233.4,17646.7,17362.496765054228,-936.49,-733.97,-872.38022665521,-48891.1,-48681.52,-48757.36054655024
pg3,2024-04-04,True,16616.69,17420.36,17342.950031018518,-946.46,-317.64,-852.2132579861112,-49290.93,-48563.02,-48729.919668055554
pg3,2024-04-05,True,17048.23,17433.6,17360.207430604736,-1085.07,-755.72,-867.7588774858656,-50023.62,-48661.93,-48764.18302100143
pg3,2024-04-06,True,17205.08,17455.65,17366.414807175926,-948.9,-714.26,-867.3066918981482,-49066.08,-48677.9,-48771.37797858796
pg3,2024-04-07,True,17229.14,17419.67,17358.070119690405,-940.43,-770.1,-866.6414547076681,-48903.89,-48671.96,-48744.65475459412
pg3,2024-04-08,True,17155.1,17707.04,17355.79917635445,-1001.09,-759.32,-881.241983856919,-49069.26,-48624.47,-48777.296189884444
pg3,2024-04-09,True,16873.31,17414.02,17326.643192593794,-988.16,-802.29,-877.643268486548,-49152.26,-48619.85,-48765.621145459176
pg3,2024-04-10,True,17256.03,17423.53,17364.038921875,-936.2,-822.53,-878.9723743055556,-48829.77,-48603.37,-48731.44278715278
pg3,2024-04-11,True,17300.14,17424.16,17364.502795601853,-907.03,-835.7,-876.6295343749998,-48881.24,-48709.48,-48742.48962731482
pg3,2024-04-12,True,17269.27,17391.86,17354.36175636574,-918.51,-841.67,-878.3725582175927,-48906.02,-48690.75,-48748.012113310186
pg3,2024-04-13,True,17280.73,17394.45,17363.751380324073,-911.38,-824.33,-879.5294751157409,-48914.38,-48708.9,-48744.72305023148
pg3,2024-04-14,True,17302.61,17396.98,17363.7395875,-918.63,-830.13,-876.0779122685186,-48831.9,-48699.11,-48734.61536458333
pg3,2024-04-15,True,17193.85,17425.6,17362.299084722225,-914.39,-648.38,-867.7415405092592,-48887.01,-48552.94,-48728.79686087963
pg3,2024-04-16,True,17140.7,17481.33,17335.260060185185,-1014.26,-698.48,-859.8283958333334,-49004.41,-48650.23,-48788.83317719908
pg3,2024-04-17,True,17269.16,17414.14,17361.624097916665,-914.05,-795.04,-878.9022578703704,-48793.52,-48667.46,-48727.30341944445
pg3,2024-04-18,True,17337.16,17386.56,17362.919730439815,-906.16,-855.12,-878.8211885416666,-48752.6,-48718.13,-48737.00176724537
pg3,2024-04-19,True,17137.48,17430.78,17310.96990300926,-1003.01,-571.36,-866.1995437500002,-49122.4,-48599.39,-48777.97916516203
pg3,2024-04-20,True,17083.64,17406.25,17324.01001761196,-968.27,-670.01,-867.1635950408435,-48892.83,-48638.7,-48756.37668987892
pg3,2024-04-21,True,17171.34,17452.09,17340.01262349537,-970.42,-641.65,-871.29205625,-49022.22,-48663.95,-48790.40264421296
pg3,2024-04-22,True,17176.98,17427.04,17350.51135439815,-986.13,-783.33,-877.4706093750001,-49062.92,-48706.43,-48779.20222199074
pg3,2024-04-23,True,17006.84,17404.52,17329.116848958332,-968.21,-727.88,-867.4802591435185,-48983.84,-48613.57,-48772.736130439815
pg3,2024-04-24,True,17319.31,17397.9,17358.716938888887,-902.21,-853.09,-878.5021076388888,-48787.12,-48714.67,-48744.69382847222
pg3,2024-04-25,True,17225.69,17374.18,17350.024386805555,-904.88,-787.85,-875.3006662037037,-48770.29,-48601.64,-48734.741238194445
pg3,2024-04-26,True,17230.99,17427.9,17333.87493402778,-989.79,-769.47,-879.0739072916667,-48915.02,-48641.93,-48763.60537662037
pg3,2024-04-27,True,17212.27,17408.9,17346.603459490743,-919.03,-746.44,-857.1473563657407,-48923.43,-48642.22,-48743.19514606481
pg3,2024-04-28,True,17244.46,17424.16,17359.371885300923,-928.08,-729.45,-872.2284630787038,-48937.03,-48683.77,-48754.029893287036
pg3,2024-04-29,True,17271.0,17403.2,17358.419915625,-918.16,-844.16,-881.1078383101852,-48802.79,-48695.47,-48735.20419398148
pg3,2024-04-30,True,16399.56,17380.05,17327.939623444057,-902.62,-351.68,-856.5022687234881,-49240.56,-48449.48,-48742.13424028186
pg3,2024-05-01,True,16983.4,17430.67,17348.33564074074,-932.08,-651.45,-877.2829636574074,-48973.92,-48655.24,-48749.47870960648
pg3,2024-05-02,True,16697.76,17399.57,17263.390020833336,-1027.37,-461.0,-862.1299711805556,-49163.72,-48618.3,-48767.433907175924
pg3,2024-05-03,True,16888.86,17477.42,17346.76247175926,-934.05,-692.28,-878.8038966435183,-49215.19,-48718.7,-48774.138819907406
pg3,2024-05-04,True,16479.48,17380.4,17338.986510185186,-952.44,-611.61,-878.1078791666665,-49068.39,-48490.57,-48739.80364513889
pg3,2024-05-05,True,17211.24,17403.83,17340.972805439815,-959.74,-728.87,-874.259023263889,-48865.62,-48693.57,-48760.46533506944
pg3,2024-05-06,True,17221.54,17468.67,17340.759425925928,-949.07,-693.2,-881.8823959490742,-49006.54,-48644.7,-48741.71617673611
pg3,2024-05-07,True,17228.28,17438.78,17349.638783333336,-937.65,-844.45,-886.5822671296296,-48833.58,-48653.45,-48735.53075393519
pg3,2024-05-08,True,17230.47,17457.5,17350.823194560184,-969.95,-857.33,-889.6430370370371,-48818.99,-48665.96,-48741.633747569445
pg3,2024-05-09,True,17281.19,17449.78,17352.888691666667,-942.75,-834.36,-885.5382087962962,-48859.45,-48668.56,-48735.28709421297
pg3,2024-05-10,True,16723.15,17597.18,17275.127168865743,-1205.76,-275.76,-810.960275925926,-49203.84,-48184.34,-48763.94649178241
pg3,2024-05-11,True,14685.59,17778.32,17186.02822627315,-1471.19,-437.86,-913.7179766203705,-50159.17,-48262.31,-49044.199105671294
pg3,2024-05-12,True,15726.49,17554.36,17252.055014120368,-1140.45,147.12,-833.3283778935185,-49506.79,-48000.02,-48841.00201157407
pg3,2024-05-13,True,16892.68,17497.59,17355.820880324074,-1140.98,-666.41,-871.9138703703704,-49246.21,-48714.85,-48808.35202210648
pg3,2024-05-14,True,17240.68,17440.36,17350.633640625,-932.84,-813.54,-880.6692733796297,-48832.49,-48682.17,-48770.182907407405
pg3,2024-05-15,True,17095.0,17405.35,17328.294964583332,-942.4,-798.06,-871.6005097222223,-49017.74,-48688.91,-48774.286942129635
pg3,2024-05-16,True,16303.36,17426.42,17294.25192685185,-1236.78,-543.93,-898.0309983796296,-49637.34,-48728.85,-48855.71432997685
pg3,2024-05-17,True,17063.97,17406.67,17326.01924270833,-929.24,-651.97,-862.2812574074075,-48936.06,-48699.0,-48764.03615659723
pg3,2024-05-18,True,16941.1,17459.93,17331.95410763889,-970.65,-765.47,-888.576379050926,-49163.67,-48717.44,-48827.127541898146
pg3,2024-05-19,True,17198.41,17397.58,17337.625018634262,-939.45,-825.55,-885.5860909722221,-49023.61,-48650.18,-48769.12573379629
pg3,2024-05-20,True,17253.05,17423.43,17354.628168075218,-952.09,-854.83,-886.4787302194553,-48896.58,-48694.73,-48765.712669402616
pg3,2024-05-21,True,17175.67,17396.37,17341.42504930555,-945.3,-840.74,-882.8672502314813,-48811.68,-48663.32,-48749.09963518519
pg3,2024-05-22,True,17310.06,17383.35,17356.67122974537,-897.4,-839.06,-879.8733631944444,-48824.13,-48725.51,-48747.64701516204
pg3,2024-05-23,True,16753.39,17391.18,17314.955768908054,-2105.53,-739.66,-875.6831630346113,-50021.5,-48643.78,-48742.37842302762
pg3,2024-05-24,True,17161.62,17620.46,17335.7260817653,-956.56,-707.36,-883.434934766738,-49050.47,-48581.53,-48793.15974354144
pg3,2024-05-25,True,17084.35,17643.95,17354.624637515873,-1037.75,-683.17,-879.8018840238913,-48888.05,-48582.74,-48753.13037424164
pg3,2024-05-26,True,17020.38,17637.44,17341.525085877074,-1049.58,-719.82,-878.2738289757144,-50021.5,-48565.16,-48757.08336810011
pg3,2024-05-27,True,17085.39,17427.34,17335.365848652466,-2105.53,-738.73,-881.4939255031187,-50021.5,-48615.88,-48751.031786042135
pg3,2024-05-28,True,17307.41,17639.86,17354.141941720336,-917.12,-731.07,-883.8702109803279,-48783.61,-48577.33,-48745.51580225124
pg3,2024-05-29,True,17273.38,17371.26,17349.326780902775,-914.39,-850.31,-883.9274542824076,-48762.0,-48633.92,-48730.48419224537
pg3,2024-05-30,True,16996.89,17371.84,17323.232433680554,-925.47,-705.5,-872.4579328703704,-48923.73,-48642.86,-48721.45043842593
pg3,2024-05-31,True,16855.83,17427.86,17313.876930439816,-959.46,-793.36,-881.2649225694445,-49216.93,-48667.12,-48797.548629166675
pg3,2024-06-01,True,17173.14,17395.21,17344.057172685185,-928.37,-738.67,-884.5346540509257,-48981.42,-48706.61,-48766.26014085648
pg3,2024-06-02,True,16847.59,17383.64,17348.253143055554,-906.62,-700.4,-885.8487133101853,-49039.41,-48611.68,-48738.90097743055
pg3,2024-06-03,True,17151.6,17384.79,17343.222504398145,-942.93,-738.38,-889.4864472222222,-48870.07,-48681.76,-48745.42413796296
pg3,2024-06-04,True,17042.78,17383.81,17334.5902875,-936.95,-842.42,-887.8147569444444,-48979.17,-48689.26,-48763.3068125
pg3,2024-06-05,True,17243.73,17393.72,17347.50386967593,-924.19,-847.0,-887.3367563657407,-48830.3,-48622.34,-48729.39485659723
pg3,2024-06-06,True,17077.96,17384.16,17334.60090763889,-956.38,-843.99,-885.2403621527778,-48977.33,-48714.33,-48775.044027777774
pg3,2024-06-07,True,17015.09,17419.17,17309.975146990742,-990.95,-764.71,-883.5000717592593,-48985.52,-48637.61,-48780.15980081019
pg3,2024-06-08,True,16808.32,17455.5,17330.891068634257,-949.25,-672.62,-874.6548353009259,-49054.05,-48607.12,-48753.01583125
pg3,2024-06-09,True,17184.6,17419.69,17341.524050694443,-928.72,-767.96,-884.7190596064814,-48911.57,-48648.45,-48734.05906608797
pg3,2024-06-10,True,17234.23,17456.53,17345.756273263887,-935.97,-819.46,-885.2142877314814,-48790.58,-48588.97,-48719.24110694444
pg3,2024-06-11,True,17166.05,17439.32,17348.449270833335,-939.33,-735.71,-882.6672663194445,-48955.77,-48646.89,-48748.23785474537
pg3,2024-06-12,True,17204.57,17384.68,17344.03769791667,-911.78,-846.77,-883.8909695601851,-48808.91,-48656.81,-48726.39741412037
pg3,2024-06-13,True,17335.51,17376.67,17356.703469444445,-898.45,-867.01,-884.5518495370371,-48755.42,-48694.16,-48731.65674317129
pg3,2024-06-14,True,17221.04,17384.16,17338.214272916666,-932.66,-806.76,-882.5312525462963,-48857.39,-48650.52,-48742.46006875
pg3,2024-06-15,True,17060.11,17447.03,17322.522184027777,-978.25,-622.34,-885.4358347222222,-49050.99,-48652.37,-48773.20211666667
pg3,2024-06-16,True,17035.93,17408.11,17325.098380092593,-948.2,-621.35,-879.8798701388889,-49117.56,-48648.56,-48753.72893506945
pg3,2024-06-17,True,17266.47,17406.15,17340.97729675926,-919.85,-836.8,-883.0129773148147,-48788.97,-48636.46,-48725.7931568287
pg3,2024-06-18,True,17040.88,17537.26,17326.003715509258,-1025.34,-823.34,-891.5733391203704,-48922.11,-48593.98,-48743.67380428241
pg3,2024-06-19,True,16859.22,17406.1,17340.222005092593,-956.09,-576.52,-889.4969591435184,-49015.83,-48619.8,-48746.36873368056
pg3,2024-06-20,True,17082.05,17420.66,17331.31967384259,-1093.25,-734.09,-879.9815828703703,-48965.28,-48619.57,-48745.16916979167
pg3,2024-06-21,True,17292.38,17379.67,17354.85056365741,-909.0,-853.5,-886.617752199074,-48788.97,-48693.98,-48732.41799120371
pg3,2024-06-22,True,17210.45,17373.62,17347.94134224537,-899.49,-835.58,-886.9861053240741,-48777.73,-48699.06,-48730.41760555555
pg3,2024-06-23,True,16914.78,17372.3,17320.714055208333,-976.56,-676.62,-883.9146383101852,-48970.88,-48604.19,-48743.30257800926
pg3,2024-06-24,True,17310.69,17367.12,17349.24633460648,-910.39,-838.25,-889.7793243055556,-48849.2,-48703.09,-48734.66532037037
pg3,2024-06-25,True,17106.17,17380.36,17332.977104282407,-961.95,-829.43,-894.9430467592593,-48934.97,-48681.13,-48764.479580671294
pg3,2024-06-26,True,17143.2,17386.46,17334.969411921298,-963.17,-796.09,-890.3450530092592,-48972.2,-48670.35,-48753.74272835649
pg3,2024-06-27,True,17194.44,17391.82,17354.953781944445,-914.1,-764.54,-880.2405616898149,-48994.62,-48628.04,-48727.67640138889
pg3,2024-06-28,True,17096.56,17447.21,17303.671218749998,-1041.86,-768.89,-889.2391887731482,-49019.69,-48686.2,-48811.49434537037
pg3,2024-06-29,True,16666.8,17401.2,17329.690873958334,-954.58,-671.46,-881.9581425925927,-49102.29,-48389.08,-48741.027046990734
pg3,2024-06-30,True,17165.65,17389.17,17332.729929166664,-930.57,-845.55,-887.1624451388888,-48899.17,-48658.36,-48735.43702951389
pg3,2024-07-01,True,17216.72,17399.76,17336.74897337963,-939.39,-787.39,-888.5274188657409,-48835.83,-48657.44,-48742.08746296296
pg3,2024-07-02,True,17169.39,17389.34,17334.232692476853,-911.61,-820.5,-885.9398025462963,-48912.83,-48685.4,-48742.01179837963
pg3,2024-07-03,True,17134.9,17376.27,17340.588194388598,-935.91,-842.71,-887.8437863359837,-48892.26,-48712.95,-48745.56344233588
pg3,2024-07-04,True,17108.65,17397.92,17343.930394431554,-914.39,-806.7,-884.2473781902552,-48822.86,-48672.95,-48744.75088167053
pg3,2024-07-05,True,17328.08,17394.18,17352.559090909093,-920.66,-848.8,-879.8931818181819,-48799.69,-48709.6,-48742.17318181819
pg3,2024-07-06,False,,,,,,,,,
pg3,2024-07-07,False,,,,,,,,,
pg3,2024-07-08,False,,,,,,,,,
pg3,2024-07-09,False,,,,,,,,,
pg3,2024-07-10,False,,,,,,,,,
pg3,2024-07-11,False,,,,,,,,,
pg3,2024-07-12,False,,,,,,,,,
pg3,2024-07-13,False,,,,,,,,,
pg3,2024-07-14,False,,,,,,,,,
pg3,2024-07-15,False,,,,,,,,,
pg3,2024-07-16,False,,,,,,,,,
pg3,2024-07-17,False,,,,,,,,,
pg3,2024-07-18,False,,,,,,,,,
pg3,2024-07-19,False,,,,,,,,,
pg3,2024-07-20,False,,,,,,,,,
pg3,2024-07-21,False,,,,,,,,,
pg3,2024-07-22,False,,,,,,,,,
pg3,2024-07-23,False,,,,,,,,,
pg3,2024-07-24,False,,,,,,,,,
pg3,2024-07-25,False,,,,,,,,,
pg3,2024-07-26,False,,,,,,,,,
pg3,2024-07-27,False,,,,,,,,,
pg3,2024-07-28,False,,,,,,,,,
pg3,2024-07-29,False,,,,,,,,,
pg3,2024-07-30,False,,,,,,,,,
pg3,2024-07-31,False,,,,,,,,,
pg3,2024-08-01,False,,,,,,,,,
pg3,2024-08-02,False,,,,,,,,,
pg3,2024-08-03,False,,,,,,,,,
pg3,2024-08-04,False,,,,,,,,,
pg3,2024-08-05,False,,,,,,,,,
pg3,2024-08-06,False,,,,,,,,,
pg3,2024-08-07,False,,,,,,,,,
pg3,2024-08-08,False,,,,,,,,,
pg3,2024-08-09,False,,,,,,,,,
pg3,2024-08-10,False,,,,,,,,,
pg3,2024-08-11,False,,,,,,,,,
pg3,2024-08-12,False,,,,,,,,,
pg3,2024-08-13,False,,,,,,,,,
pg3,2024-08-14,False,,,,,,,,,
pg3,2024-08-15,False,,,,,,,,,
pg3,2024-08-16,False,,,,,,,,,
pg3,2024-08-17,False,,,,,,,,,
pg3,2024-08-18,False,,,,,,,,,
pg3,2024-08-19,False,,,,,,,,,
pg3,2024-08-20,False,,,,,,,,,
pg3,2024-08-21,False,,,,,,,,,
pg3,2024-08-22,False,,,,,,,,,
pg3,2024-08-23,False,,,,,,,,,
pg3,2024-08-24,False,,,,,,,,,
pg3,2024-08-25,False,,,,,,,,,
pg3,2024-08-26,False,,,,,,,,,
pg3,2024-08-27,False,,,,,,,,,
pg3,2024-08-28,False,,,,,,,,,
pg3,2024-08-29,False,,,,,,,,,
pg3,2024-08-30,False,,,,,,,,,
pg3,2024-08-31,False,,,,,,,,,
pg3,2024-09-01,False,,,,,,,,,
pg3,2024-09-02,False,,,,,,,,,
pg3,2024-09-03,False,,,,,,,,,
pg3,2024-09-04,False,,,,,,,,,
pg3,2024-09-05,False,,,,,,,,,
pg3,2024-09-06,False,,,,,,,,,
pg3,2024-09-07,False,,,,,,,,,
pg3,2024-09-08,False,,,,,,,,,
pg3,2024-09-09,False,,,,,,,,,
pg3,2024-09-10,False,,,,,,,,,
pg3,2024-09-11,False,,,,,,,,,
pg3,2024-09-12,False,,,,,,,,,
pg3,2024-09-13,False,,,,,,,,,
pg3,2024-09-14,False,,,,,,,,,
pg3,2024-09-15,False,,,,,,,,,
pg3,2024-09-16,False,,,,,,,,,
pg3,2024-09-17,False,,,,,,,,,
pg3,2024-09-18,False,,,,,,,,,
pg3,2024-09-19,False,,,,,,,,,
pg3,2024-09-20,False,,,,,,,,,
pg3,2024-09-21,False,,,,,,,,,
pg3,2024-09-22,False,,,,,,,,,
pg3,2024-09-23,False,,,,,,,,,
pg3,2024-09-24,False,,,,,,,,,
pg3,2024-09-25,False,,,,,,,,,
pg3,2024-09-26,False,,,,,,,,,
pg3,2024-09-27,False,,,,,,,,,
pg3,2024-09-28,False,,,,,,,,,
pg3,2024-09-29,False,,,,,,,,,
pg3,2024-09-30,False,,,,,,,,,
pg3,2024-10-01,False,,,,,,,,,
pg3,2024-10-02,False,,,,,,,,,
pg3,2024-10-03,False,,,,,,,,,
pg3,2024-10-04,False,,,,,,,,,
pg3,2024-10-05,False,,,,,,,,,
pg3,2024-10-06,False,,,,,,,,,
pg3,2024-10-07,False,,,,,,,,,
pg3,2024-10-08,False,,,,,,,,,
pg3,2024-10-09,False,,,,,,,,,
pg3,2024-10-10,False,,,,,,,,,
pg3,2024-10-11,False,,,,,,,,,
pg3,2024-10-12,False,,,,,,,,,
pg3,2024-10-13,False,,,,,,,,,
pg3,2024-10-14,False,,,,,,,,,
pg3,2024-10-15,False,,,,,,,,,
pg3,2024-10-16,False,,,,,,,,,
pg3,2024-10-17,False,,,,,,,,,
pg3,2024-10-18,False,,,,,,,,,
pg3,2024-10-19,True,16668.64,17209.35,17179.58856287425,-2105.53,-721.1,-733.3036377245509,-50021.5,-48698.36,-48722.52226047905
pg3,2024-10-20,True,17079.52,17446.46,17364.02332844409,-1046.97,-740.53,-883.5972870359923,-48877.27,-48558.82,-48725.27359218098
pg3,2024-10-21,True,17167.95,17420.32,17345.187891203706,-959.22,-829.78,-896.4817307870369,-48887.99,-48641.65,-48733.90978125
pg3,2024-10-22,True,17168.47,17463.04,17331.83308900463,-1031.89,-804.73,-910.7831424768517,-49086.15,-48580.09,-48722.69023587963
pg3,2024-10-23,True,17166.92,17437.82,17341.06281226852,-999.3,-843.52,-908.9670145833334,-48891.56,-48644.3,-48724.09895104166
pg3,2024-10-24,True,17133.24,17526.67,17359.415004745373,-1021.8,-687.06,-884.1758717592592,-49170.99,-48556.35,-48767.051171875
pg3,2024-10-25,True,17305.39,17441.85,17363.484686226853,-958.47,-785.65,-904.3201937499999,-48783.26,-48622.11,-48719.515113194444
pg3,2024-10-26,True,17154.08,17576.01,17387.015042361112,-1016.99,-705.15,-899.634144212963,-48906.09,-48510.93,-48710.93999085648
pg3,2024-10-27,True,17179.87,17598.35,17401.205465972223,-1069.24,-798.06,-923.3078797453704,-48894.85,-48405.39,-48690.20768738426
pg3,2024-10-28,True,17185.63,17699.86,17423.10449108796,-1144.63,-751.78,-921.5853625,-49256.41,-48544.3,-48751.27389768519
pg3,2024-10-29,True,16662.59,17572.21,17386.722416782406,-1118.13,-604.53,-896.0108907407408,-49284.71,-48106.77,-48706.324621875
pg3,2024-10-30,True,17191.79,17531.44,17401.817228587966,-1057.75,-667.75,-910.1675276620371,-48995.77,-48628.85,-48759.79998391203
pg3,2024-10-31,True,17208.26,17495.57,17366.516085532407,-991.87,-686.13,-892.4564810185186,-48851.85,-48545.97,-48710.92971689815
pg3,2024-11-01,True,17214.36,17518.78,17362.40576111111,-997.04,-730.9,-903.1219166666667,-48924.82,-48650.52,-48730.11946782407
pg3,2024-11-02,True,17152.47,17567.31,17392.303111574074,-1077.65,-700.34,-910.0719675925926,-49208.46,-48541.47,-48740.56161956019
pg3,2024-11-03,True,17259.33,17524.36,17369.206242939817,-1009.5,-656.61,-888.2578378472222,-48817.33,-48573.06,-48704.31869803241
pg3,2024-11-04,True,17069.21,17581.88,17365.99047650463,-1075.15,-727.07,-895.6412642361112,-48949.32,-48638.02,-48740.81414722222
pg3,2024-11-05,True,17157.71,17434.6,17334.041094444445,-1022.15,-742.85,-902.18024375,-48912.6,-48478.94,-48672.607274305556
pg3,2024-11-06,True,17078.42,17582.4,17373.704124884258,-1070.57,-777.59,-907.9417609953705,-48927.88,-48587.06,-48715.771801041665
pg3,2024-11-07,True,17062.7,17445.13,17337.991227199072,-1038.85,-727.25,-888.764276736111,-48995.54,-48522.63,-48714.53167002315
pg3,2024-11-08,True,16826.29,17531.44,17371.682479398147,-985.67,-603.78,-869.5084249999999,-48754.73,-48365.22,-48675.739698032405
pg3,2024-11-09,True,16866.3,17649.42,17397.840947800927,-1147.94,-677.55,-920.3592395833333,-49076.41,-48556.35,-48709.86502604167
pg3,2024-11-10,True,16661.15,17622.01,17382.042471759258,-1095.04,-530.01,-892.3436403935185,-48995.66,-48366.6,-48704.60957847222
pg3,2024-11-11,True,17067.83,17597.89,17333.094813237556,-1027.48,-753.46,-891.7214353514622,-48932.2,-48612.02,-48785.55709492047
pg3,2024-11-12,False,,,,,,,,,
pg3,2024-11-13,False,,,,,,,,,
pg3,2024-11-14,False,,,,,,,,,
pg3,2024-11-15,False,,,,,,,,,
pg3,2024-11-16,False,,,,,,,,,
pg3,2024-11-17,False,,,,,,,,,
pg3,2024-11-18,False,,,,,,,,,
pg3,2024-11-19,False,,,,,,,,,
pg3,2024-11-20,False,,,,,,,,,
pg3,2024-11-21,False,,,,,,,,,
pg3,2024-11-22,False,,,,,,,,,
pg3,2024-11-23,False,,,,,,,,,
pg3,2024-11-24,False,,,,,,,,,
pg3,2024-11-25,False,,,,,,,,,
pg3,2024-11-26,False,,,,,,,,,
pg3,2024-11-27,False,,,,,,,,,
pg3,2024-11-28,False,,,,,,,,,
pg3,2024-11-29,False,,,,,,,,,
pg3,2024-11-30,False,,,,,,,,,
pg3,2024-12-01,False,,,,,,,,,
pg3,2024-12-02,False,,,,,,,,,
pg3,2024-12-03,False,,,,,,,,,
pg3,2024-12-04,False,,,,,,,,,
pg3,2024-12-05,False,,,,,,,,,
pg3,2024-12-06,False,,,,,,,,,
pg3,2024-12-07,False,,,,,,,,,
pg3,2024-12-08,False,,,,,,,,,
pg3,2024-12-09,False,,,,,,,,,
pg3,2024-12-10,False,,,,,,,,,
pg3,2024-12-11,False,,,,,,,,,
pg3,2024-12-12,True,17228.47,17590.69,17367.573473134154,-972.62,-761.58,-908.9074208399705,-48752.54,-48519.69,-48668.58778856987
pg3,2024-12-13,True,17050.09,17457.8,17360.41019310409,-1043.37,-826.59,-914.8002138104323,-49054.1,-48467.87,-48682.11377216044
pg3,2024-12-14,True,15095.04,17431.55,17280.40610065681,-2105.53,-790.63,-895.9428020112696,-50021.5,-48437.72,-48680.8485062473
pg3,2024-12-15,True,17022.28,17676.43,17305.31876527249,-1050.27,-678.18,-893.3018373574664,-48911.28,-48344.7,-48659.296626949465
pg3,2024-12-16,True,16998.85,17474.96,17311.568179500315,-1066.4,-759.61,-901.121721656926,-49127.36,-48550.58,-48704.203866393465
pg3,2024-12-17,True,16773.66,17655.58,17379.174982473305,-2105.53,-581.04,-867.623820237804,-50021.5,-48462.05,-48716.87828389757
pg3,2024-12-18,True,17060.86,17526.09,17365.908851436583,-2105.53,-580.64,-910.4556945807053,-50021.5,-48429.14,-48707.16270147162
pg3,2024-12-19,True,17217.07,17523.04,17368.36813331013,-1018.49,-697.55,-880.9148394245271,-48866.67,-48555.83,-48713.303371968905
pg3,2024-12-20,True,17176.82,17546.64,17365.47550074218,-1105.43,-700.98,-894.6326219964745,-48874.74,-48415.19,-48688.27685464792
pg3,2024-12-21,True,17029.36,17602.15,17382.987233333333,-1050.68,-547.81,-899.2998847222221,-49021.83,-48400.15,-48708.2072375
pg3,2024-12-22,True,17163.64,17631.0,17410.125225925927,-1119.23,-721.85,-932.2896804398148,-48965.57,-48382.28,-48658.71437164352
pg3,2024-12-23,True,16978.29,17543.3,17371.578837206605,-1126.3,-578.61,-885.4448927312368,-48835.54,-48399.97,-48678.01978569441
pg3,2024-12-24,True,17236.7,17489.76,17378.82373292393,-1079.21,-745.98,-912.2902688140896,-48829.89,-48549.2,-48685.40527930016
pg3,2024-12-25,True,17117.75,17523.33,17365.353640766578,-1032.93,-734.15,-898.863066183116,-48911.39,-48602.86,-48718.86451822584
pg3,2024-12-26,True,17146.82,17462.87,17355.65420943963,-1084.9,-866.61,-903.2698872533667,-48864.7,-48635.77,-48709.06093816334
pg3,2024-12-27,True,17204.63,17454.17,17356.861148078995,-988.39,-846.08,-909.2337392585034,-48789.26,-48555.54,-48694.88083508251
pg3,2024-12-28,True,17205.55,17448.42,17354.798013310185,-1009.79,-850.02,-907.9919363425927,-48912.26,-48586.83,-48700.825694328705
pg3,2024-12-29,True,17026.89,17559.6,17370.64778411528,-1055.09,-795.74,-902.9088090518092,-49086.84,-48599.11,-48727.21654714291
pg3,2024-12-30,True,17097.48,17517.11,17325.031229060685,-2105.53,-748.94,-914.5985104129077,-50021.5,-48508.1,-48693.72485722268
pg3,2024-12-31,True,16961.19,17477.03,17281.350598032408,-1044.01,-696.51,-879.3145210648149,-48993.01,-48214.55,-48668.42617939814
pg4,2024-01-01,True,18368.24,18884.51,18634.382925054175,-793.09,-264.39,-585.5202817276826,-46134.29,-45599.7,-45929.20662031082
pg4,2024-01-02,True,18481.7,18754.11,18641.38091290893,-704.54,-292.3,-582.8817505467914,-46088.68,-45800.11,-45951.587697193914
pg4,2024-01-03,True,16803.7,18914.46,18616.269827152366,-2424.26,-208.17,-568.5046812313336,-47826.98,-45324.7,-45911.475761235095
pg4,2024-01-04,True,18400.51,18977.71,18623.63007253459,-659.65,-306.23,-562.7645891080366,-46117.26,-45526.49,-45945.58326181926
pg4,2024-01-05,True,18149.69,18764.61,18603.30104093416,-2424.26,-425.74,-580.4486867202107,-48084.72,-45668.7,-45948.62695527934
pg4,2024-01-06,True,18533.41,18774.77,18608.25279807078,-646.19,-367.16,-575.948868847696,-46052.13,-45673.26,-45950.15596281015
pg4,2024-01-07,True,18530.16,18723.12,18603.391666666666,-627.95,-508.49,-578.906729050926,-46031.52,-45882.27,-45955.963928703706
pg4,2024-01-08,True,18509.15,18767.05,18598.61857222222,-622.48,-442.89,-577.5745034722222,-46054.67,-45798.9,-45932.10324143519
pg4,2024-01-09,True,18338.82,18729.27,18589.799597685185,-667.42,-404.68,-583.3411402777778,-46117.61,-45773.44,-45949.32239918981
pg4,2024-01-10,True,18431.15,18776.16,18593.926367691703,-691.47,-512.98,-588.0732580585359,-46064.38,-45758.13,-45923.22033311705
pg4,2024-01-11,True,18237.37,18711.98,18577.780225940256,-666.16,-491.97,-584.7493165017496,-46118.7,-45829.9,-45946.044784487756
pg4,2024-01-12,True,18447.28,18719.58,18590.886457638888,-655.57,-498.19,-591.9225045138888,-46037.81,-45875.57,-45942.22758912037
pg4,2024-01-13,True,18453.49,18746.22,18610.305085532407,-655.8,-502.39,-586.5308804398148,-46084.18,-45806.92,-45927.059969560185
pg4,2024-01-14,True,18360.87,18781.68,18598.82960931247,-677.95,-378.44,-586.5381895901725,-46157.45,-45714.72,-45898.84555372534
pg4,2024-01-15,True,18173.19,18770.07,18628.82129138497,-705.0,-483.0,-575.7652109981098,-46199.13,-45781.23,-45937.85259552607
pg4,2024-01-16,True,18379.04,18761.31,18624.69612132246,-2424.26,-435.18,-583.8569552259576,-48084.72,-45785.39,-45947.38948499994
pg4,2024-01-17,True,18432.54,18695.73,18590.22210652068,-656.49,-487.77,-585.090520077014,-46119.69,-45869.28,-45952.37553619893
pg4,2024-01-18,True,18212.01,18769.37,18583.85807199074,-647.34,-487.43,-582.5290591435185,-46142.67,-45707.27,-45928.74295601852
pg4,2024-01-19,True,18214.63,18740.94,18579.806468402778,-709.89,-417.97,-579.4809785879629,-46256.18,-45716.91,-45965.04574282407
pg4,2024-01-20,True,18295.0,18787.65,18592.91181759259,-715.7,-444.67,-597.1602118055556,-46112.87,-45731.69,-45921.602707986116
pg4,2024-01-21,True,18195.94,18701.24,18553.759654377347,-688.71,-525.81,-583.2102091347268,-46172.52,-45862.29,-45955.696170111696
pg4,2024-01-22,True,18332.09,18799.43,18595.747970752298,-656.2,-391.1,-592.1602507277134,-46007.97,-45600.45,-45900.10099340128
pg4,2024-01-23,True,18356.0,18977.95,18597.696354077103,-702.0,-402.03,-595.7556907489601,-46254.79,-45619.28,-45939.44627553273
pg4,2024-01-24,True,18351.06,18771.58,18604.70570266204,-753.97,-319.0,-585.4076418981481,-46256.99,-45844.74,-45970.449009490745
pg4,2024-01-25,True,18510.43,18714.07,18607.463071659688,-664.89,-521.21,-590.3154486413767,-46057.62,-45820.2,-45945.5808417317
pg4,2024-01-26,True,18518.03,18743.55,18631.35992453704,-659.71,-401.23,-590.529680787037,-46023.15,-45797.92,-45941.60846134259
pg4,2024-01-27,True,18437.82,18707.16,18580.168908796295,-666.27,-450.89,-589.1667798611111,-46059.24,-45813.85,-45952.72682546297
pg4,2024-01-28,True,18319.67,18817.48,18608.56592962963,-688.08,-483.57,-606.4501208333334,-46015.13,-45718.59,-45923.326495486115
pg4,2024-01-29,True,18510.25,18774.02,18625.79830023148,-691.42,-462.34,-594.0916633101851,-46080.02,-45769.92,-45949.11478969907
pg4,2024-01-30,True,18327.62,18751.27,18616.77857916667,-695.56,-466.02,-592.1713894675926,-46284.99,-45794.51,-45963.14772951389
pg4,2024-01-31,True,18437.82,18719.81,18608.536974652776,-667.88,-529.26,-596.9881811342593,-46089.38,-45778.98,-45951.33062476852
pg4,2024-02-01,True,18452.86,18738.32,18614.737746643517,-686.81,-464.87,-597.2065363425926,-46077.83,-45858.66,-45947.39003125
pg4,2024-02-02,True,18407.76,18696.19,18580.097231828702,-663.11,-516.66,-585.0913476851853,-46101.56,-45851.33,-45951.476244212965
pg4,2024-02-03,True,18449.78,18703.97,18601.940229146614,-637.56,-562.64,-596.1376416221168,-46070.26,-45881.75,-45957.74962578132
pg4,2024-02-04,True,18460.75,18744.71,18613.936673842592,-669.61,-513.61,-597.5160288194445,-46029.73,-45774.65,-45925.976325578704
pg4,2024-02-05,True,18140.23,18745.17,18593.83859816769,-2424.26,-525.0,-598.9053098689552,-48084.72,-45896.01,-45950.74498353241
pg4,2024-02-06,True,18343.75,18710.29,18577.776653907276,-692.74,-376.49,-593.4593085569127,-46157.51,-45859.29,-45954.71920868567
pg4,2024-02-07,True,18483.15,18736.12,18578.82795174831,-655.51,-368.77,-589.0974556082111,-46019.69,-45712.58,-45945.95048170185
pg4,2024-02-08,True,18164.66,18681.45,18570.047857816047,-2424.26,-528.86,-592.2643560416545,-48084.72,-45865.7,-45939.665298621214
pg4,2024-02-09,True,18467.71,18666.83,18585.082235596994,-648.6,-552.28,-596.5524886353095,-46058.37,-45901.79,-45954.288981932455
pg4,2024-02-10,True,18533.64,18653.19,18599.72448920362,-678.24,-542.32,-598.5983579057349,-45977.31,-45905.65,-45942.76815172974
pg4,2024-02-11,True,18152.82,18833.96,18582.006917589006,-707.41,-361.7,-592.7656260838193,-46371.08,-45679.1,-45987.27977444921
pg4,2024-02-12,True,18483.27,18654.99,18585.0554604529,-657.35,-475.92,-581.6539449455965,-46156.47,-45910.04,-45968.71498000558
pg4,2024-02-13,True,18365.28,18937.09,18597.245665275575,-680.83,-275.09,-591.1835864496876,-46107.22,-45652.13,-45933.51790322205
pg4,2024-02-14,True,18388.61,18779.36,18578.0474615725,-661.78,-352.84,-587.5150742931669,-46129.68,-45675.69,-45956.40980157436
pg4,2024-02-15,True,18390.99,18812.03,18591.14287460957,-814.16,-343.63,-603.1801525724835,-48084.72,-45693.06,-45949.495440590785
pg4,2024-02-16,True,18507.35,18671.41,18585.855388041524,-652.29,-496.29,-585.495765586035,-46038.74,-45806.69,-45946.492334396564
pg4,2024-02-17,True,18519.83,18718.88,18603.435795034155,-647.22,-474.08,-587.2974241844391,-46057.56,-45795.44,-45929.75931681917
pg4,2024-02-18,True,18421.98,18745.06,18582.039170715867,-686.41,-390.24,-585.6541417819577,-46132.04,-45639.14,-45956.30085897183
pg4,2024-02-19,True,18541.36,18775.47,18607.332354462378,-644.52,-394.78,-599.1435077465442,-45967.84,-45657.27,-45937.541629557476
pg4,2024-02-20,True,18372.77,18729.85,18589.19834617479,-644.86,-539.79,-590.8721779883906,-46150.98,-45840.58,-45945.2300476196
pg4,2024-02-21,True,18546.41,18687.31,18604.03378961891,-639.46,-553.08,-595.7385448560468,-45963.74,-45846.47,-45932.85205298253
pg4,2024-02-22,True,18413.45,18645.35,18559.442425,-667.31,-519.88,-606.6158939393939,-46111.83,-45886.31,-45954.060790656564
pg4,2024-02-23,True,18503.23,18611.69,18562.40110493827,-644.17,-548.83,-606.7432833333334,-46002.02,-45918.19,-45945.638662654324
pg4,2024-02-24,True,18445.43,18625.39,18571.326049999996,-640.15,-567.07,-608.1949726190477,-45978.75,-45883.77,-45942.46544404762
pg4,2024-02-25,True,18219.44,18668.92,18514.245554166664,-677.32,-486.74,-575.796423148148,-46339.15,-45850.4,-46143.44171805556
pg4,2024-02-26,True,18353.85,18690.21,18513.539296913037,-649.87,-522.82,-581.4895832116077,-46208.02,-45901.67,-46034.45166569286
pg4,2024-02-27,True,18396.68,18632.53,18560.182577314816,-657.52,-462.86,-600.7673990740741,-46166.92,-45893.24,-46004.27924212963
pg4,2024-02-28,True,18497.66,18615.23,18557.068775925924,-622.42,-537.55,-592.078174074074,-46084.29,-45889.02,-45976.149284259256
pg4,2024-02-29,True,18435.91,18641.99,18568.349054217993,-632.09,-575.64,-599.5272536394177,-46048.21,-45904.33,-45983.02624206794
pg4,2024-03-01,True,18271.27,18651.56,18517.662197685182,-662.13,-483.51,-585.1492962962964,-46210.45,-45912.06,-46088.26725277778
pg4,2024-03-02,True,18378.34,18655.22,18515.672180092595,-655.74,-504.29,-584.8967787037037,-46088.1,-45870.9,-46001.56233425926
pg4,2024-03-03,True,18542.34,18664.56,18580.183573611113,-667.02,-577.71,-610.3069546296296,-45989.78,-45898.32,-45951.1404837963
pg4,2024-03-04,True,18408.75,18595.21,18521.397420559002,-643.83,-533.0,-593.9596253091316,-46103.98,-45926.79,-45983.418674350236
pg4,2024-03-05,True,18163.56,18606.88,18531.881190277778,-766.97,-495.54,-596.6157416666666,-46198.56,-45916.57,-45985.87151990741
pg4,2024-03-06,True,18472.88,18626.72,18539.857292777775,-658.56,-484.15,-590.7154838888889,-46077.71,-45890.82,-45986.757450000005
pg4,2024-03-07,True,18337.6,18636.24,18505.10905833333,-658.73,-537.26,-598.8263805555556,-46141.86,-45922.97,-46005.20171111111
pg4,2024-03-08,True,18333.71,18676.75,18550.28602611111,-631.92,-419.41,-564.2240183333333,-46247.86,-45894.86,-46003.57693333333
pg4,2024-03-09,True,18385.25,18681.16,18545.211405555558,-676.23,-529.15,-588.2788755555555,-46166.63,-45853.4,-46009.13902722222
pg4,2024-03-10,True,18316.82,18660.62,18519.12962676122,-631.34,-295.18,-568.1355575254269,-46181.58,-45785.33,-45998.88481991229
pg4,2024-03-11,True,18458.14,18598.69,18545.15412159642,-604.24,-491.97,-555.3438936031332,-46125.17,-45868.42,-46001.37895234987
pg4,2024-03-12,True,18526.5,18805.12,18583.590824487896,-593.82,-326.83,-576.2816922718808,-45971.3,-45696.65,-45941.88054981377
pg4,2024-03-13,True,18092.58,18624.17,18525.376111111113,-614.48,-424.99,-562.7874023148148,-46246.42,-45878.23,-45975.6328462963
pg4,2024-03-14,True,18464.58,18657.54,18553.03708777778,-625.7,-467.98,-556.6333955555556,-46076.38,-45885.56,-45969.035788333334
pg4,2024-03-15,True,18342.47,18649.59,18501.257277314813,-643.48,-460.09,-549.506275,-46205.08,-45811.83,-46016.13543888889
pg4,2024-03-16,True,18565.21,18618.31,18596.479182142855,-572.53,-535.36,-558.0593142857142,-45979.5,-45921.65,-45942.74245992063
pg4,2024-03-17,True,18577.74,18619.88,18602.67961428571,-570.29,-504.75,-550.9363821428572,-45977.19,-45933.37,-45945.20984880953
pg4,2024-03-18,True,18592.54,18624.93,18608.690059375,-567.35,-533.29,-553.8751590277777,-45945.72,-45921.3,-45938.49894618056
pg4,2024-03-19,True,18470.73,18656.15,18565.786881123448,-595.03,-480.58,-550.690155360642,-46120.15,-45907.27,-46012.074428478125
pg4,2024-03-20,True,18519.94,18631.6,18580.93523680556,-583.7,-516.89,-549.6497784722222,-46049.08,-45898.73,-45945.74683819445
pg4,2024-03-21,True,18150.96,18640.77,18517.71039365918,-650.85,-503.31,-559.3860945838837,-46260.68,-45909.29,-46011.75588692206
pg4,2024-03-22,True,18397.37,18670.37,18578.9221337963,-597.79,-501.93,-547.5267648148149,-46161.84,-45881.11,-45983.95046435185
pg4,2024-03-23,True,18385.94,18723.29,18590.421679166666,-602.0,-418.2,-538.3462340277778,-46295.96,-45970.67,-46071.741843055555
pg4,2024-03-24,True,18118.99,18768.04,18536.60011388889,-653.96,-422.12,-555.9035661111111,-46322.17,-45961.95,-46102.701413333336
pg4,2024-03-25,True,18452.97,18727.59,18599.394545,-642.91,-474.19,-562.0747238888889,-46071.3,-45885.79,-45981.92427611111
pg4,2024-03-26,True,18414.09,18664.56,18560.963788888886,-604.64,-443.47,-540.6588069444444,-46208.31,-45883.25,-45995.064603240746
pg4,2024-03-27,True,18466.96,18608.44,18555.74931888889,-603.95,-495.08,-540.7432938888888,-46030.08,-45873.15,-45970.02367166667
pg4,2024-03-28,True,18520.87,18637.63,18587.178914814816,-567.24,-518.73,-542.5893694444444,-46007.74,-45882.62,-45955.48261388889
pg4,2024-03-29,True,18520.41,18658.18,18596.075869444445,-567.7,-506.47,-543.7939194444444,-46076.1,-45881.06,-45975.9601699074
pg4,2024-03-30,True,18594.63,18630.9,18615.656168650796,-564.42,-523.45,-539.1169313492063,-45962.24,-45930.36,-45944.72971904761
pg4,2024-03-31,True,18449.72,18651.51,18578.67932083333,-570.4,-505.96,-537.6560652777778,-46083.72,-45891.05,-45970.944606481484
pg4,2024-04-01,True,18344.22,18710.58,18532.73991888889,-593.48,-391.16,-516.0944955555556,-46195.84,-45861.02,-46027.80278666667
pg4,2024-04-02,True,18447.34,18624.64,18560.95273888889,-582.6,-462.11,-533.2694291666668,-46028.06,-45822.11,-45945.481929166664
pg4,2024-04-03,True,18411.83,18619.64,18552.554283796297,-590.43,-467.12,-531.2509199074074,-46062.99,-45882.96,-45971.216709259264
pg4,2024-04-04,True,18544.43,18656.61,18606.79774,-579.15,-495.37,-528.5141050000001,-45976.96,-45853.29,-45929.07749055555
pg4,2024-04-05,True,18286.82,18622.49,18519.273662777778,-582.78,-363.48,-514.6983705555556,-46295.67,-45860.16,-46061.29345055555
pg4,2024-04-06,True,18379.21,18663.58,18581.50203333333,-597.51,-476.03,-526.0792217592593,-46191.63,-45908.72,-45997.77408055556
pg4,2024-04-07,True,18435.74,18631.48,18573.25150462963,-561.43,-440.53,-513.5434189814814,-46102.36,-45894.11,-45970.699449074076
pg4,2024-04-08,True,18380.6,18711.45,18563.10200904573,-613.45,-271.81,-523.3393768496286,-46098.9,-45700.63,-45981.87244625608
pg4,2024-04-09,True,18371.55,18641.23,18528.75006666667,-628.12,-446.98,-528.3225966666666,-46097.98,-45890.99,-45970.71359222223
pg4,2024-04-10,True,18608.33,18648.66,18630.086016666664,-531.16,-495.6,-517.6720722222223,-45977.13,-45935.68,-45951.93663888888
pg4,2024-04-11,False,,,,,,,,,
pg4,2024-04-12,False,,,,,,,,,
pg4,2024-04-13,False,,,,,,,,,
pg4,2024-04-14,False,,,,,,,,,
pg4,2024-04-15,False,,,,,,,,,
pg4,2024-04-16,False,,,,,,,,,
pg4,2024-04-17,False,,,,,,,,,
pg4,2024-04-18,False,,,,,,,,,
pg4,2024-04-19,False,,,,,,,,,
pg4,2024-04-20,False,,,,,,,,,
pg4,2024-04-21,False,,,,,,,,,
pg4,2024-04-22,False,,,,,,,,,
pg4,2024-04-23,False,,,,,,,,,
pg4,2024-04-24,False,,,,,,,,,
pg4,2024-04-25,False,,,,,,,,,
pg4,2024-04-26,False,,,,,,,,,
pg4,2024-04-27,False,,,,,,,,,
pg4,2024-04-28,False,,,,,,,,,
pg4,2024-04-29,False,,,,,,,,,
pg4,2024-04-30,True,17956.66,18694.45,18578.376597839506,-548.77,5.53,-471.06938888888885,-46189.15,-45574.47,-45883.10403796296
pg4,2024-05-01,True,18355.36,18680.29,18630.45763900463,-564.94,-316.99,-518.8618609953703,-46153.75,-45837.47,-45937.71149803241
pg4,2024-05-02,True,17498.31,18712.91,18539.07000081019,-647.17,-102.24,-499.900390625,-46321.36,-45632.44,-45905.62077939815
pg4,2024-05-03,True,18064.32,18743.14,18621.46363483796,-578.52,-322.97,-516.206982175926,-46307.91,-45883.02,-45967.17281435185
pg4,2024-05-04,True,18082.13,18702.23,18633.779384722224,-643.71,-263.01,-516.5892420138888,-46176.56,-45656.11,-45930.34144398148
pg4,2024-05-05,True,18474.15,18677.45,18613.642894212964,-613.39,-347.83,-509.62661574074076,-46055.89,-45747.63,-45942.80869710648
pg4,2024-05-06,True,18224.26,18736.99,18626.604022337964,-574.6,-264.1,-516.448193287037,-46175.98,-45860.39,-45932.65155023148
pg4,2024-05-07,True,18489.36,18719.11,18633.620294560187,-566.95,-405.83,-518.285150462963,-46044.05,-45847.11,-45930.86922905093
pg4,2024-05-08,True,18523.77,18710.41,18631.33845428241,-594.28,-473.73,-521.2161868055556,-46036.66,-45850.81,-45935.39269050926
pg4,2024-05-09,True,18491.1,18704.37,18635.246237384257,-557.69,-465.45,-518.8273057870371,-46069.86,-45862.47,-45932.045013773146
pg4,2024-05-10,True,17925.15,19223.37,18544.420294791664,-1048.3,110.49,-439.13875810185186,-46305.2,-45363.21,-45955.77990138889
pg4,2024-05-11,True,16578.05,18970.34,18387.069165625002,-1490.34,220.05,-510.4232489583333,-47074.14,-45298.44,-46234.87987210648
pg4,2024-05-12,True,16959.97,18830.85,18516.063849537037,-883.03,810.73,-468.75687546296297,-46529.98,-45156.63,-46003.000298611114
pg4,2024-05-13,True,18126.84,18747.16,18619.926757060184,-601.71,-280.22,-504.69768865740735,-46357.57,-45813.17,-46002.904249652776
pg4,2024-05-14,True,18552.52,18718.55,18628.554261689816,-578.92,-457.05,-516.527290625,-46030.78,-45892.73,-45961.53423877315
pg4,2024-05-15,True,18203.85,18708.68,18605.73637326389,-567.76,-415.84,-504.8542078703704,-46206.42,-45836.03,-45963.31080405093
pg4,2024-05-16,True,17001.73,18679.38,18523.056827314816,-1152.91,303.37,-515.8641101851852,-46856.83,-45636.38,-46045.114372916665
pg4,2024-05-17,True,18178.95,18667.89,18600.995948726853,-568.68,-232.51,-501.4789130787037,-46224.72,-45860.74,-45950.57430497685
pg4,2024-05-18,True,18205.76,18712.75,18582.435123726853,-576.1,-330.16,-511.1026743055556,-46317.73,-45826.33,-46018.263513541664
pg4,2024-05-19,True,18372.96,18686.17,18617.9361375,-573.91,-426.95,-524.6944351851852,-46175.7,-45857.51,-45962.07608518519
pg4,2024-05-20,True,18442.71,18694.47,18626.77843136574,-570.35,-479.14,-523.0553283564815,-46163.75,-45909.3,-45962.78593611111
pg4,2024-05-21,True,18495.29,18699.69,18624.42274212963,-578.98,-460.67,-520.4108847222222,-46019.98,-45852.77,-45941.09199537036
pg4,2024-05-22,True,18458.61,18663.19,18633.931386458335,-548.54,-449.33,-521.970933912037,-46003.06,-45867.9,-45939.41579467592
pg4,2024-05-23,True,18371.91,18884.82,18612.48420374448,-775.83,-201.79,-521.5837252571855,-46144.06,-45541.57,-45913.19254633998
pg4,2024-05-24,True,18290.2,18883.54,18581.749360783757,-593.31,-268.13,-518.9499984710559,-46247.18,-45679.22,-45970.19534742314
pg4,2024-05-25,True,16799.42,18674.27,18627.638696091803,-2424.26,-456.47,-527.3534714057283,-48082.59,-45843.83,-45953.685158726425
pg4,2024-05-26,True,18182.72,18828.52,18619.363329685075,-2424.26,-294.72,-525.74595325519,-48082.59,-45672.11,-45946.06259155957
pg4,2024-05-27,True,18358.1,18881.22,18614.04134319394,-772.78,-295.87,-532.6019743985303,-46202.55,-45664.72,-45934.07490584924
pg4,2024-05-28,True,18409.46,18860.96,18635.106777779074,-2424.26,-304.56,-536.0173077327231,-48082.59,-45664.2,-45937.851480694466
pg4,2024-05-29,True,18483.16,18701.43,18642.86195856482,-596.13,-491.11,-543.3151931712963,-45938.17,-45837.65,-45920.42562905092
pg4,2024-05-30,True,18347.48,18720.81,18627.542691319442,-608.15,-337.47,-537.0887101851852,-45971.71,-45726.85,-45896.685334375004
pg4,2024-05-31,True,18032.36,18696.73,18579.51834722222,-612.53,-381.78,-533.5541572916667,-46364.79,-45786.67,-45960.83699988426
pg4,2024-06-01,True,18394.78,18665.04,18619.462155555557,-564.88,-379.65,-538.0162775462964,-46168.25,-45901.33,-45949.813182523154
pg4,2024-06-02,True,18069.44,18673.81,18640.4414,-746.6,-346.85,-543.9066049768519,-46144.23,-45529.91,-45926.41974733796
pg4,2024-06-03,True,18404.35,18689.19,18627.150638310188,-606.14,-479.66,-548.0793226851852,-46086.96,-45814.96,-45931.79309849537
pg4,2024-06-04,True,18345.16,18665.39,18604.224100347223,-588.59,-444.67,-544.6880714120371,-46128.12,-45854.33,-45945.6910494213
pg4,2024-06-05,True,18522.11,18738.17,18638.333181712966,-586.75,-514.42,-551.3062081018518,-46036.72,-45859.88,-45926.017864699075
pg4,2024-06-06,True,18289.21,18673.57,18599.495554166668,-590.89,-474.31,-542.6951006944445,-46142.67,-45868.25,-45960.05574699074
pg4,2024-06-07,True,18196.24,18796.9,18573.29791284722,-719.44,-366.01,-533.9138527777778,-46154.74,-45723.56,-45953.11685821759
pg4,2024-06-08,True,17965.96,18733.81,18610.933026736107,-652.52,-251.91,-541.0020012731482,-46240.94,-45709.01,-45943.31030416666
pg4,2024-06-09,True,18420.6,18720.18,18632.774995138887,-597.79,-446.0,-551.329742361111,-46046.95,-45726.5,-45926.846437037035
pg4,2024-06-10,True,18532.26,18759.23,18646.03499699074,-636.52,-498.99,-559.3442611111111,-45977.49,-45795.5,-45908.50186504629
pg4,2024-06-11,True,18469.06,18706.54,18627.973379050927,-605.79,-423.73,-552.895167361111,-46121.77,-45835.22,-45943.0463306713
pg4,2024-06-12,True,18561.39,18689.13,18637.56982164352,-623.0,-487.66,-556.7061185185186,-45968.94,-45817.56,-45915.11222314815
pg4,2024-06-13,True,18611.94,18664.46,18640.90071655093,-578.17,-543.53,-557.4566546296296,-45950.99,-45893.71,-45923.6446681713
pg4,2024-06-14,True,18454.61,18682.92,18621.239230671297,-597.05,-486.51,-555.1520575231481,-46056.82,-45809.01,-45929.54119664352
pg4,2024-06-15,True,18209.19,18774.67,18582.459697800925,-652.17,-174.11,-551.3032226851852,-46300.07,-45753.01,-45954.008090625
pg4,2024-06-16,True,18271.63,18723.37,18609.54289189815,-618.16,-332.87,-553.3005233796296,-46207.57,-45796.65,-45933.18319872685
pg4,2024-06-17,True,18543.46,18722.09,18637.908170833332,-613.85,-503.77,-559.9369258101852,-45978.06,-45811.84,-45911.42944756945
pg4,2024-06-18,True,18405.8,18857.66,18622.924068171298,-745.28,-471.26,-562.1519064814814,-46196.77,-45740.07,-45936.533478240744
pg4,2024-06-19,True,18219.46,18745.94,18623.223050925928,-633.41,-217.67,-555.8801324074074,-46226.57,-45724.77,-45940.357980671295
pg4,2024-06-20,True,18292.93,18721.92,18619.53564108796,-694.81,-360.49,-557.2246783564815,-46134.99,-45703.93,-45919.92833368056
pg4,2024-06-21,True,18435.29,18665.16,18639.727062037036,-583.41,-427.01,-559.2831696759259,-46063.17,-45888.4,-45927.792985416665
pg4,2024-06-22,True,18510.27,18665.33,18639.414029050928,-594.17,-505.38,-561.9057324074073,-45937.3,-45774.08,-45914.006101851846
pg4,2024-06-23,True,18237.56,18719.6,18611.225357175925,-640.95,-276.76,-556.8776292824074,-46067.27,-45623.21,-45914.64763541667
pg4,2024-06-24,True,18277.43,18654.02,18636.282457986108,-609.76,-505.5,-563.8672738425926,-46111.38,-45893.6,-45925.996627546294
pg4,2024-06-25,True,18247.66,18682.57,18589.741683101853,-690.38,-465.5,-562.0935244212964,-46169.7,-45806.81,-45948.57514745371
pg4,2024-06-26,True,18200.36,18698.76,18600.79088460648,-607.81,-343.17,-555.8108396990741,-46126.45,-45859.13,-45935.588599421295
pg4,2024-06-27,True,18267.63,18733.7,18642.50920787037,-624.21,-315.49,-559.3355292824074,-46105.61,-45674.71,-45926.4725712963
pg4,2024-06-28,True,18139.78,18725.92,18569.959984953704,-707.18,-409.4,-563.991990162037,-46261.33,-45772.92,-46004.93934085649
pg4,2024-06-29,True,18079.94,18730.91,18622.16322696759,-665.18,-405.2,-562.7598572916667,-46158.61,-45717.67,-45928.243315162035
pg4,2024-06-30,True,18416.08,18694.41,18631.353201041667,-615.4,-451.0,-569.1847135416666,-46132.17,-45819.0,-45911.470958564816
pg4,2024-07-01,True,18477.3,18703.75,18624.588063425927,-635.08,-445.48,-566.1776420138889,-46020.67,-45842.61,-45925.47975474538
pg4,2024-07-02,True,18487.4,18676.71,18628.007512962966,-612.3,-483.11,-568.8508041666668,-46060.05,-45843.83,-45917.76238796297
pg4,2024-07-03,True,18450.14,18672.76,18624.640063424948,-621.5,-481.27,-567.6606782505285,-46071.89,-45835.8,-45925.83406012157
pg4,2024-07-04,True,18516.53,18684.72,18623.797946127946,-596.93,-481.04,-561.2388888888889,-45956.01,-45799.89,-45903.127474747474
pg4,2024-07-05,True,18608.17,18609.16,18608.634000000002,-545.09,-544.74,-544.938,-45919.4,-45916.63,-45917.914000000004
pg4,2024-07-06,False,,,,,,,,,
pg4,2024-07-07,False,,,,,,,,,
pg4,2024-07-08,False,,,,,,,,,
pg4,2024-07-09,False,,,,,,,,,
pg4,2024-07-10,False,,,,,,,,,
pg4,2024-07-11,False,,,,,,,,,
pg4,2024-07-12,False,,,,,,,,,
pg4,2024-07-13,False,,,,,,,,,
pg4,2024-07-14,False,,,,,,,,,
pg4,2024-07-15,False,,,,,,,,,
pg4,2024-07-16,False,,,,,,,,,
pg4,2024-07-17,False,,,,,,,,,
pg4,2024-07-18,False,,,,,,,,,
pg4,2024-07-19,False,,,,,,,,,
pg4,2024-07-20,False,,,,,,,,,
pg4,2024-07-21,False,,,,,,,,,
pg4,2024-07-22,False,,,,,,,,,
pg4,2024-07-23,False,,,,,,,,,
pg4,2024-07-24,False,,,,,,,,,
pg4,2024-07-25,False,,,,,,,,,
pg4,2024-07-26,False,,,,,,,,,
pg4,2024-07-27,False,,,,,,,,,
pg4,2024-07-28,False,,,,,,,,,
pg4,2024-07-29,False,,,,,,,,,
pg4,2024-07-30,False,,,,,,,,,
pg4,2024-07-31,False,,,,,,,,,
pg4,2024-08-01,False,,,,,,,,,
pg4,2024-08-02,False,,,,,,,,,
pg4,2024-08-03,False,,,,,,,,,
pg4,2024-08-04,False,,,,,,,,,
pg4,2024-08-05,False,,,,,,,,,
pg4,2024-08-06,False,,,,,,,,,
pg4,2024-08-07,False,,,,,,,,,
pg4,2024-08-08,False,,,,,,,,,
pg4,2024-08-09,False,,,,,,,,,
pg4,2024-08-10,False,,,,,,,,,
pg4,2024-08-11,False,,,,,,,,,
pg4,2024-08-12,False,,,,,,,,,
pg4,2024-08-13,False,,,,,,,,,
pg4,2024-08-14,False,,,,,,,,,
pg4,2024-08-15,False,,,,,,,,,
pg4,2024-08-16,False,,,,,,,,,
pg4,2024-08-17,False,,,,,,,,,
pg4,2024-08-18,False,,,,,,,,,
pg4,2024-08-19,False,,,,,,,,,
pg4,2024-08-20,False,,,,,,,,,
pg4,2024-08-21,False,,,,,,,,,
pg4,2024-08-22,False,,,,,,,,,
pg4,2024-08-23,False,,,,,,,,,
pg4,2024-08-24,False,,,,,,,,,
pg4,2024-08-25,False,,,,,,,,,
pg4,2024-08-26,False,,,,,,,,,
pg4,2024-08-27,False,,,,,,,,,
pg4,2024-08-28,False,,,,,,,,,
pg4,2024-08-29,False,,,,,,,,,
pg4,2024-08-30,False,,,,,,,,,
pg4,2024-08-31,False,,,,,,,,,
pg4,2024-09-01,False,,,,,,,,,
pg4,2024-09-02,False,,,,,,,,,
pg4,2024-09-03,False,,,,,,,,,
pg4,2024-09-04,False,,,,,,,,,
pg4,2024-09-05,False,,,,,,,,,
pg4,2024-09-06,False,,,,,,,,,
pg4,2024-09-07,False,,,,,,,,,
pg4,2024-09-08,False,,,,,,,,,
pg4,2024-09-09,False,,,,,,,,,
pg4,2024-09-10,False,,,,,,,,,
pg4,2024-09-11,False,,,,,,,,,
pg4,2024-09-12,False,,,,,,,,,
pg4,2024-09-13,False,,,,,,,,,
pg4,2024-09-14,False,,,,,,,,,
pg4,2024-09-15,False,,,,,,,,,
pg4,2024-09-16,False,,,,,,,,,
pg4,2024-09-17,False,,,,,,,,,
pg4,2024-09-18,False,,,,,,,,,
pg4,2024-09-19,False,,,,,,,,,
pg4,2024-09-20,False,,,,,,,,,
pg4,2024-09-21,False,,,,,,,,,
pg4,2024-09-22,False,,,,,,,,,
pg4,2024-09-23,False,,,,,,,,,
pg4,2024-09-24,False,,,,,,,,,
pg4,2024-09-25,False,,,,,,,,,
pg4,2024-09-26,False,,,,,,,,,
pg4,2024-09-27,False,,,,,,,,,
pg4,2024-09-28,False,,,,,,,,,
pg4,2024-09-29,False,,,,,,,,,
pg4,2024-09-30,False,,,,,,,,,
pg4,2024-10-01,False,,,,,,,,,
pg4,2024-10-02,False,,,,,,,,,
pg4,2024-10-03,False,,,,,,,,,
pg4,2024-10-04,False,,,,,,,,,
pg4,2024-10-05,False,,,,,,,,,
pg4,2024-10-06,False,,,,,,,,,
pg4,2024-10-07,False,,,,,,,,,
pg4,2024-10-08,False,,,,,,,,,
pg4,2024-10-09,False,,,,,,,,,
pg4,2024-10-10,False,,,,,,,,,
pg4,2024-10-11,False,,,,,,,,,
pg4,2024-10-12,False,,,,,,,,,
pg4,2024-10-13,False,,,,,,,,,
pg4,2024-10-14,False,,,,,,,,,
pg4,2024-10-15,False,,,,,,,,,
pg4,2024-10-16,False,,,,,,,,,
pg4,2024-10-17,False,,,,,,,,,
pg4,2024-10-18,False,,,,,,,,,
pg4,2024-10-19,False,,,,,,,,,
pg4,2024-10-20,True,18538.7,18713.1,18652.8222097314,-621.73,-492.15,-564.2671784089933,-45945.96,-45752.02,-45871.250673646275
pg4,2024-10-21,True,18464.07,18711.53,18637.647125389965,-636.75,-533.06,-586.5820966410655,-45960.4,-45817.56,-45898.20840503071
pg4,2024-10-22,True,18236.52,18741.65,18625.63460625,-743.72,-473.73,-600.0498021990741,-46222.93,-45739.15,-45897.96242650463
pg4,2024-10-23,True,18476.66,18749.02,18634.212343055555,-687.96,-536.51,-597.173508449074,-46070.5,-45847.35,-45915.08041400463
pg4,2024-10-24,True,18235.07,18781.92,18617.11793900463,-750.11,-350.19,-571.5223622685186,-46355.03,-45652.72,-45961.052052893516
pg4,2024-10-25,True,18606.72,18740.49,18653.737665046297,-640.61,-491.28,-593.4193929398149,-45967.73,-45815.42,-45911.35169780093
pg4,2024-10-26,True,18528.14,18859.22,18676.848514814814,-692.86,-431.32,-589.5281707175926,-46014.04,-45646.6,-45897.56210740741
pg4,2024-10-27,True,18525.94,18891.67,18701.062067939816,-807.42,-468.27,-609.6115255787038,-46072.01,-45677.02,-45879.398471064815
pg4,2024-10-28,True,18305.06,19001.99,18680.819164699074,-788.43,-374.07,-593.9842847222222,-46373.1,-45786.72,-45962.512148263886
pg4,2024-10-29,True,18247.66,18864.85,18670.06215127315,-709.72,-225.95,-573.8948445601852,-46470.04,-45189.72,-45910.7715917824
pg4,2024-10-30,True,18365.24,18783.9,18654.231016087964,-705.0,-286.26,-577.4229616898148,-46316.64,-45876.74,-45970.251393750004
pg4,2024-10-31,True,18530.46,18830.56,18658.24459803241,-661.26,-288.44,-570.8755736111111,-45984.76,-45758.95,-45902.910026736114
pg4,2024-11-01,True,18556.0,18791.38,18649.62233576389,-664.77,-432.93,-577.4475637731481,-45988.52,-45810.05,-45916.16127800926
pg4,2024-11-02,True,18130.37,18834.97,18636.71691678241,-749.77,-421.6,-571.6897704861111,-46295.1,-45744.4,-45949.01919675926
pg4,2024-11-03,True,18519.73,18869.15,18660.875393402774,-648.03,-217.03,-558.8754679398149,-46130.26,-45771.42,-45899.74207719908
pg4,2024-11-04,True,18301.11,18819.41,18639.44593402778,-756.9,-352.09,-564.022109837963,-46263.4,-45796.19,-45937.71255439815
pg4,2024-11-05,True,18388.45,18835.78,18644.31420949074,-685.37,-477.07,-579.8040024305556,-46071.89,-45671.36,-45873.22453078704
pg4,2024-11-06,True,18411.96,18837.4,18659.43911203704,-714.72,-454.57,-569.7991903935185,-46119.29,-45783.95,-45912.08637743056
pg4,2024-11-07,True,18289.74,18779.54,18631.154913310183,-667.25,-390.99,-554.8478511574075,-46233.09,-45643.77,-45894.90732546296
pg4,2024-11-08,True,18400.29,18855.1,18677.20737696759,-642.62,-363.08,-543.613064699074,-45953.18,-45240.01,-45853.499761342595
pg4,2024-11-09,True,18143.43,18917.32,18671.859786921297,-739.0,-329.42,-572.704908912037,-46530.44,-45618.71,-45925.72750868055
pg4,2024-11-10,True,17765.86,18823.42,18620.753739699077,-696.48,-340.64,-544.0298403935185,-46221.31,-45285.74,-45894.09541064815
pg4,2024-11-11,True,18054.47,18749.42,18629.420204212463,-2424.26,-377.81,-549.9903401209889,-48082.59,-45721.36,-45914.499852202396
pg4,2024-11-12,True,18356.88,18736.13,18637.47063796296,-647.28,-358.53,-553.6483552083333,-46103.59,-45822.23,-45919.53930416667
pg4,2024-11-13,True,18515.66,18758.48,18643.379388139972,-623.69,-445.13,-557.0048034970082,-46094.52,-45780.2,-45902.51044131685
pg4,2024-11-14,True,18347.54,18824.17,18635.047817272465,-624.03,-256.62,-538.6312525734226,-46264.21,-45585.85,-45869.24233184065
pg4,2024-11-15,True,18249.93,18744.37,18601.278104973848,-665.81,-372.57,-533.1149903167075,-46189.67,-45626.73,-45859.475721144365
pg4,2024-11-16,True,18388.16,18867.99,18623.251363483465,-648.37,-296.33,-529.6520464431118,-46216.58,-45649.36,-45952.03746140373
pg4,2024-11-17,True,18459.89,18797.13,18612.188909633795,-646.76,-456.18,-552.484473231713,-46084.53,-45798.9,-45905.35673622084
pg4,2024-11-18,True,18361.41,18787.55,18645.494559950686,-806.39,-449.51,-552.0094046220589,-46140.19,-45736.78,-45896.21621256353
pg4,2024-11-19,True,18345.97,18892.19,18613.370101142493,-637.61,-382.93,-557.8332630052774,-46054.91,-45442.67,-45861.09990129327
pg4,2024-11-20,True,18304.71,18742.87,18600.250304166668,-660.63,-473.33,-546.8209163194444,-46100.41,-45716.4,-45902.16460972222
pg4,2024-11-21,True,18342.43,18797.88,18651.84347152778,-613.85,-382.53,-539.4739652777778,-46108.09,-45620.96,-45904.66710462963
pg4,2024-11-22,True,18487.46,18796.32,18674.499207291665,-661.95,-333.33,-548.4592347222223,-46004.68,-45646.19,-45866.851499652774
pg4,2024-11-23,True,18456.35,18850.17,18656.344238310186,-624.84,-453.19,-540.6404943287037,-46117.67,-45710.92,-45900.95767094907
pg4,2024-11-24,True,18495.41,18805.83,18643.99711365741,-621.56,-300.24,-538.5427530092593,-46093.36,-45726.22,-45908.508828935184
pg4,2024-11-25,True,18496.8,18812.62,18670.09810451389,-658.67,-368.95,-529.881393287037,-46119.23,-45787.36,-45904.05888935185
pg4,2024-11-26,True,18526.46,18777.8,18647.33687939798,-608.84,-376.72,-535.2341145887854,-46020.21,-45741.23,-45892.373004524474
pg4,2024-11-27,True,18518.97,18819.41,18659.308514800814,-799.42,-375.16,-538.2801758650771,-48082.59,-45656.76,-45897.060210409996
pg4,2024-11-28,True,18556.11,18771.48,18658.05753556597,-627.83,-468.38,-539.3248105668455,-45995.5,-45812.19,-45907.01259553085
pg4,2024-11-29,True,18516.88,18823.65,18653.476178274992,-640.03,-293.34,-539.8411741423266,-46008.2,-45588.34,-45877.579765544055
pg4,2024-11-30,True,18517.0,19035.88,18655.860579906614,-669.61,-325.73,-530.546588920945,-46112.83,-45718.25,-45903.60369089413
pg4,2024-12-01,True,18414.8,18795.04,18632.241753935185,-631.0,-443.52,-538.9459589120371,-46178.07,-45703.24,-45882.846912037036
pg4,2024-12-02,True,18470.4,18759.11,18625.027533912038,-658.1,-411.87,-545.0094116898148,-46040.6,-45750.64,-45898.831222569446
pg4,2024-12-03,True,18386.25,18779.95,18632.94657789352,-651.71,-313.76,-540.9511810185186,-46144.17,-45588.05,-45886.68296863426
pg4,2024-12-04,True,18450.61,18850.4,18678.67095983796,-665.06,-425.17,-541.2138896990741,-46044.52,-45746.77,-45891.44336053241
pg4,2024-12-05,True,18506.9,18800.49,18644.54197418982,-658.39,-454.8,-540.4732836805556,-46097.81,-45841.4,-45903.800294560184
pg4,2024-12-06,True,18448.46,18777.45,18652.123406712966,-626.34,-432.76,-541.367821412037,-46125.58,-45753.76,-45910.044062615736
pg4,2024-12-07,True,18466.04,18765.27,18644.47115011574,-656.43,-473.44,-544.9497278935186,-46075.01,-45798.96,-45908.89701226852
pg4,2024-12-08,True,18228.39,18770.14,18588.35984212963,-624.32,-467.92,-547.9222375,-46145.5,-45665.3,-45875.189102777775
pg4,2024-12-09,True,18147.73,18809.02,18571.064084259262,-660.8,-345.47,-533.0653268518519,-46184.42,-45643.3,-45865.80063402777
pg4,2024-12-10,True,18121.9,18782.21,18602.222497337963,-709.31,-407.85,-547.154611574074,-46273.85,-45705.2,-45895.40709259259
pg4,2024-12-11,True,18251.55,18724.29,18597.103252893517,-691.59,-398.47,-536.9028658564815,-46192.67,-45753.99,-45919.017465509256
pg4,2024-12-12,True,18395.3,18812.39,18647.017079771253,-792.69,-372.28,-549.425104339454,-46137.54,-45781.47,-45911.1111308564
pg4,2024-12-13,True,18274.36,18796.43,18643.83992127536,-800.23,-499.11,-563.0540716521738,-46215.19,-45757.04,-45901.157385275365
pg4,2024-12-14,True,18309.06,18798.58,18583.135853472224,-661.78,-456.93,-553.0496050925925,-46071.14,-45552.48,-45840.04027118055
pg4,2024-12-15,True,18329.32,18816.92,18609.920147503915,-691.93,-322.22,-547.6653412187627,-46039.15,-45583.89,-45853.972239345974
pg4,2024-12-16,True,18132.87,18738.63,18595.376332175925,-699.42,-430.06,-552.0249020833334,-46295.74,-45643.65,-45880.414509953705
pg4,2024-12-17,True,18301.87,18973.2,18645.794113425927,-753.33,-312.44,-527.9823645833334,-46381.24,-45574.31,-45912.776380902775
pg4,2024-12-18,True,18261.59,18830.96,18630.040234616677,-746.31,-40.61,-563.1403110843346,-46205.9,-45594.17,-45893.5541095573
pg4,2024-12-19,True,18387.64,18751.69,18630.45589950063,-662.99,-176.98,-537.9006206768703,-46160.86,-45712.76,-45902.68011644209
pg4,2024-12-20,True,18476.43,18854.64,18636.77425891204,-685.09,-369.47,-552.8734910879629,-46043.54,-45641.86,-45877.589471643514
pg4,2024-12-21,True,18254.69,18832.94,18636.988271527774,-728.76,-276.59,-560.7014133101852,-46135.17,-45639.67,-45894.5234375
pg4,2024-12-22,True,18258.98,18892.77,18657.973612832964,-757.76,-377.35,-580.0969552422112,-46198.74,-45560.62,-45888.62448968242
pg4,2024-12-23,True,18258.46,18789.0,18639.88794359468,-689.23,-307.38,-545.5441885357113,-46032.05,-45484.81,-45867.27770285158
pg4,2024-12-24,True,18520.13,18834.27,18639.578133564813,-699.24,-366.99,-573.2264212962963,-46086.78,-45691.11,-45899.57218530092
pg4,2024-12-25,True,18295.48,18717.45,18604.287884953705,-686.3,-416.07,-561.3997828703704,-46097.41,-45823.15,-45917.73133981482
pg4,2024-12-26,True,18518.56,18713.91,18613.501640625,-630.42,-518.39,-571.4817689814815,-46008.44,-45817.61,-45907.551753472224
pg4,2024-12-27,True,18525.18,18838.27,18616.91877436325,-639.23,-345.7,-582.1357089387934,-45964.84,-45661.55,-45899.29646782081
pg4,2024-12-28,True,18368.37,18741.36,18612.92551604148,-662.93,-511.31,-582.8964030203911,-46046.77,-45829.56,-45905.61035643863
pg4,2024-12-29,True,18146.45,18767.65,18603.79952199074,-677.84,-453.19,-576.2035709490741,-46101.22,-45821.42,-45921.88426435185
pg4,2024-12-30,True,18306.16,18763.41,18589.03359224537,-722.55,-421.89,-592.9157134259259,-46134.07,-45703.41,-45897.807841898146
pg4,2024-12-31,True,18209.48,18878.2,18564.79341076389,-700.34,-368.03,-576.679427662037,-46122.18,-45489.26,-45852.49770856481
pg5,2024-01-01,True,17658.16,18204.58,17933.113228269678,-2274.41,85.07,-277.9819313229092,-47978.02,-45375.99,-45727.38967165161
pg5,2024-01-02,True,17820.66,18179.35,17936.61823303939,-376.31,71.91,-269.89011746031747,-45908.52,-45454.64,-45757.80691604938
pg5,2024-01-03,True,17684.42,18198.36,17924.8175288613,-2274.41,-0.04,-263.0491467400249,-47978.02,-45313.9,-45705.40256824434
pg5,2024-01-04,True,17491.43,18148.56,17920.48256290916,-2274.41,-64.37,-255.2759983780544,-47978.02,-45443.55,-45739.739511065665
pg5,2024-01-05,True,16275.98,18185.69,17902.670544079243,-2274.41,-5.87,-276.94424134766956,-46306.48,-45438.21,-45743.60557184199
pg5,2024-01-06,True,17658.7,18095.02,17905.517445865564,-526.47,-60.02,-271.86230526885004,-47978.02,-45458.85,-45745.34178132274
pg5,2024-01-07,True,17720.33,18083.31,17899.37069673384,-511.82,-59.78,-273.1675849460343,-46034.79,-45469.47,-45750.211663884125
pg5,2024-01-08,True,17492.46,18080.65,17904.41569971119,-2274.41,9.84,-274.28863157153256,-47978.02,-45462.23,-45729.41547265726
pg5,2024-01-09,True,17665.94,18041.54,17890.688904254443,-470.06,-141.92,-282.11078368248525,-45910.3,-45567.02,-45740.05939185299
pg5,2024-01-10,True,17590.67,18208.99,17908.927636340093,-2274.41,6.92,-282.2062526338093,-47978.02,-45420.77,-45720.76518086471
pg5,2024-01-11,True,17581.92,18094.78,17878.6506762534,-432.72,20.21,-284.7166656067084,-45857.46,-45421.96,-45741.130334711284
pg5,2024-01-12,True,17505.07,18005.5,17899.33177904229,-2274.41,-200.12,-283.9088704045522,-47978.02,-45695.07,-45738.99551559542
pg5,2024-01-13,True,17764.76,18227.76,17917.374748135426,-347.0,5.43,-275.50948203656213,-45850.4,-45483.05,-45730.140096699055
pg5,2024-01-14,True,17647.23,18224.32,17921.215193354576,-582.05,-17.85,-278.92759802941765,-47978.02,-45405.59,-45697.73717816369
pg5,2024-01-15,True,17542.26,18288.73,17926.87937165445,-2274.41,31.17,-262.4401851742921,-47978.02,-45367.63,-45739.283926659686
pg5,2024-01-16,True,16275.98,18033.81,17923.750411797897,-2274.41,-119.35,-266.333601321327,-47978.02,-45585.47,-45747.43509851175
pg5,2024-01-17,True,17588.13,18203.01,17893.294429403802,-2274.41,-10.52,-277.62395491730916,-47978.02,-45451.38,-45742.383307515745
pg5,2024-01-18,True,17569.42,18078.48,17897.820945541873,-516.52,-121.61,-273.3863596873308,-45965.93,-45353.04,-45714.36639665199
pg5,2024-01-19,True,17527.53,18047.57,17877.280824914244,-2274.41,64.7,-276.4671878671115,-47978.02,-45523.14,-45758.64176342747
pg5,2024-01-20,True,17509.0,18186.29,17910.34525295258,-2274.41,8.11,-282.8699480580528,-47978.02,-45421.43,-45721.32222104706
pg5,2024-01-21,True,17520.1,18132.75,17862.551700145836,-429.14,-6.23,-279.88611810227223,-45870.09,-45476.35,-45735.82309556852
pg5,2024-01-22,True,16275.98,18198.55,17918.319918160425,-2274.41,-170.45,-278.9735991851167,-47978.02,-45388.1,-45692.617362751866
pg5,2024-01-23,True,17651.03,18052.58,17905.65055150463,-409.49,-120.54,-281.3004111111111,-45978.39,-45624.14,-45733.90128726852
pg5,2024-01-24,True,17502.05,18083.49,17904.058014930557,-489.72,-47.45,-272.4292888888889,-46069.72,-45639.38,-45764.18088611111
pg5,2024-01-25,True,17785.41,18046.0,17912.881179166667,-350.99,-213.22,-274.64067465277776,-45824.96,-45635.76,-45736.00934131944
pg5,2024-01-26,True,17847.1,18057.11,17932.36912534722,-346.05,-79.79,-268.3915689814815,-45862.38,-45637.13,-45742.85255671296
pg5,2024-01-27,True,17763.74,18015.46,17885.629994212963,-362.31,-119.29,-276.77690462962966,-45849.04,-45666.67,-45745.87448553241
pg5,2024-01-28,True,17731.86,18123.51,17920.923955555558,-374.7,-170.21,-287.17229583333335,-45788.6,-45537.55,-45719.001721643515
pg5,2024-01-29,True,17835.69,18079.2,17923.710477546298,-350.93,-141.09,-273.1968408564815,-45850.22,-45631.14,-45745.166489120376
pg5,2024-01-30,True,17594.53,18073.29,17906.903403935183,-449.63,-155.14,-274.65359768518516,-46065.57,-45597.27,-45756.76694178241
pg5,2024-01-31,True,17771.77,18072.14,17910.01956863426,-347.6,-204.52,-280.37317685185184,-45856.81,-45655.75,-45745.50403888889
pg5,2024-02-01,True,17825.73,18026.57,17913.881139583333,-368.15,-171.76,-276.27601967592597,-45867.95,-45666.07,-45745.7411212963
pg5,2024-02-02,True,17726.07,17979.84,17880.52653946759,-363.38,-208.04,-275.741815162037,-45835.69,-45682.97,-45739.48069108796
pg5,2024-02-03,True,17814.32,18090.01,17898.11141150545,-335.86,-34.41,-280.5503579215959,-45845.0,-45558.54,-45748.62952203665
pg5,2024-02-04,True,17776.23,18054.27,17919.086740740742,-376.01,-199.64,-281.0230648148148,-45818.79,-45587.13,-45726.955378935185
pg5,2024-02-05,True,17751.24,18021.25,17890.815624074075,-378.69,-213.93,-287.1660504629629,-45859.47,-45699.4,-45747.835392361114
pg5,2024-02-06,True,17492.94,17995.48,17874.744180948725,-2274.41,-110.65,-286.23347074359776,-47978.02,-45639.56,-45745.9220887291
pg5,2024-02-07,True,16275.98,17949.42,17878.641342274062,-2274.41,-218.04,-280.7639959720136,-47978.02,-45652.55,-45734.36916040932
pg5,2024-02-08,True,17715.08,18097.86,17876.370529182248,-359.27,-16.24,-283.898639129526,-45813.81,-45471.19,-45730.21354111991
pg5,2024-02-09,True,17804.72,17946.52,17882.525707220804,-345.69,-223.88,-285.4018495472487,-45853.19,-45704.62,-45742.925628743906
pg5,2024-02-10,True,17839.44,17955.21,17898.913347631005,-372.73,-242.64,-284.7098894545962,-45779.05,-45707.65,-45739.098854094016
pg5,2024-02-11,True,17462.82,18047.45,17863.598953022938,-432.36,-17.97,-282.90434268079036,-46147.24,-45456.42,-45770.006498938405
pg5,2024-02-12,True,17762.71,17955.03,17873.051600380546,-359.81,-180.4,-273.478579450529,-45873.88,-45665.42,-45747.56550364303
pg5,2024-02-13,True,17456.0,18258.73,17900.552181769148,-2274.41,-8.44,-279.0472975001172,-47978.02,-45394.56,-45730.885905093564
pg5,2024-02-14,True,17637.33,17990.71,17870.191091495224,-592.95,-175.46,-282.1085080593166,-47978.02,-45682.38,-45746.53873840924
pg5,2024-02-15,True,17687.86,18064.9,17891.205480106848,-515.99,-91.05,-290.7266761563335,-46028.98,-45439.45,-45741.913354538636
pg5,2024-02-16,True,17782.63,17964.93,17882.231230894136,-348.55,-187.79,-278.8912541918176,-45812.09,-45632.68,-45740.61251073694
pg5,2024-02-17,True,17783.36,18063.69,17902.390763232568,-348.07,-35.72,-277.21825015829836,-45833.91,-45426.52,-45726.41528317817
pg5,2024-02-18,True,17706.09,18136.85,17872.950942618634,-531.12,-18.08,-279.88230883609845,-47978.02,-45448.11,-45746.71885178724
pg5,2024-02-19,True,17855.73,18019.8,17904.95064560185,-326.45,-251.4,-286.2910480324074,-45764.11,-45693.06,-45737.56329409722
pg5,2024-02-20,True,17572.44,18017.69,17883.028319832338,-575.67,-236.87,-283.3159916168228,-47978.02,-45636.89,-45739.80700230772
pg5,2024-02-21,True,17855.49,18073.05,17901.900765196217,-338.01,-63.12,-286.60670553526273,-45770.33,-45446.45,-45732.12296993538
pg5,2024-02-22,True,17697.21,18074.37,17873.02119925469,-366.6,-40.78,-286.4259774077093,-45885.15,-45437.56,-45741.05346675206
pg5,2024-02-23,True,17820.36,17952.26,17887.204806678485,-345.69,-220.78,-286.5290357676666,-45793.94,-45618.98,-45739.53898351234
pg5,2024-02-24,True,17807.2,18036.22,17900.512937268515,-326.81,-182.13,-277.3229988425926,-45766.18,-45622.77,-45722.782460995375
pg5,2024-02-25,True,17545.58,17973.75,17854.58580358796,-375.53,-148.47,-271.26824548611114,-46079.03,-45573.97,-45781.25348078703
pg5,2024-02-26,True,17641.74,17984.73,17861.351060185185,-378.16,-48.7,-272.74769930555556,-46010.65,-45671.35,-45764.0313005787
pg5,2024-02-27,True,17478.87,18003.99,17873.254808564812,-384.53,56.18,-268.4671966435185,-46084.37,-45567.09,-45776.533021180556
pg5,2024-02-28,True,17742.31,18064.9,17879.52819396983,-322.52,-27.38,-279.3052652439733,-45869.38,-45418.04,-45735.7248420392
pg5,2024-02-29,True,17751.66,17950.75,17880.737330722794,-350.16,-247.65,-284.2078699624735,-45784.33,-45686.59,-45742.45957077593
pg5,2024-03-01,True,17555.3,18248.53,17879.996095097686,-419.14,-1.11,-277.16418455359116,-45995.59,-45367.22,-45749.75130573581
pg5,2024-03-02,True,17708.38,17980.69,17871.51983622685,-370.95,-110.77,-279.58497372685184,-45883.91,-45606.29,-45745.19633090278
pg5,2024-03-03,True,17626.83,18019.26,17867.167471120534,-393.11,19.49,-282.38779994670193,-45937.05,-45454.16,-45703.774622684134
pg5,2024-03-04,True,17685.62,17970.79,17867.273142056813,-360.82,-99.15,-276.95221418940906,-45874.95,-45586.48,-45742.77560939606
pg5,2024-03-05,True,17492.09,17957.45,17865.63237168039,-514.98,-117.08,-285.6775128145657,-45948.26,-45600.6,-45749.578468166525
pg5,2024-03-06,True,17660.87,17918.69,17857.345239023936,-523.02,-134.59,-283.7047507603724,-47978.02,-45685.58,-45746.58942269741
pg5,2024-03-07,True,17591.58,18003.63,17875.97269082086,-378.81,-226.98,-291.28852114556366,-45894.11,-45497.1,-45731.62528540417
pg5,2024-03-08,True,16720.39,17987.81,17856.373955092593,-420.15,198.78,-271.3932047453704,-46024.53,-45491.41,-45754.77711597222
pg5,2024-03-09,True,17557.17,17968.19,17871.652674375408,-464.82,-52.45,-283.64180458809324,-46006.56,-45578.0,-45762.29678264605
pg5,2024-03-10,True,17624.35,17962.16,17864.518960345467,-417.05,-155.08,-286.10708232726597,-45971.21,-45553.98,-45749.376462551074
pg5,2024-03-11,True,17670.47,17933.91,17856.70274726041,-526.95,-179.8,-282.74250090060775,-46030.76,-45638.67,-45755.04021440275
pg5,2024-03-12,True,17482.86,17937.95,17878.360762690238,-2274.41,30.57,-282.83173510579064,-47978.02,-45644.84,-45739.31991520509
pg5,2024-03-13,True,17293.92,17991.61,17863.43448142945,-530.22,-178.02,-293.5418683168661,-46056.49,-45639.32,-45746.03865507192
pg5,2024-03-14,True,17568.82,17964.27,17879.351585992143,-380.84,-119.58,-283.4697075500198,-45944.88,-45687.54,-45741.803991123095
pg5,2024-03-15,True,17557.41,17930.1,17854.737421993934,-2274.41,-67.64,-287.4913032968821,-47978.02,-45591.52,-45749.56574194373
pg5,2024-03-16,True,17850.66,18071.9,17877.17846649634,-325.98,-26.13,-291.444580304262,-45766.06,-45468.1,-45742.98600127743
pg5,2024-03-17,True,17834.18,17895.82,17877.786868987314,-319.31,-267.84,-289.6939878932937,-45765.29,-45732.79,-45743.79165857229
pg5,2024-03-18,True,17774.0,18060.31,17895.53287628962,-362.85,-86.7,-280.4251847970376,-45761.44,-45443.19,-45721.92594832204
pg5,2024-03-19,True,17641.02,17967.35,17867.450789397233,-380.12,-72.65,-283.23327309913657,-45903.3,-45612.16,-45757.43897842027
pg5,2024-03-20,True,17737.06,18074.74,17875.69705491255,-431.29,-27.79,-288.1693992920519,-45870.45,-45464.72,-45742.81073030437
pg5,2024-03-21,True,17376.74,17957.45,17845.798286335066,-2274.41,-114.52,-282.83305145990914,-47978.02,-45498.41,-45723.430284661954
pg5,2024-03-22,True,17648.44,17942.48,17855.99050180711,-393.34,-181.77,-286.20527199618823,-45963.44,-45698.22,-45765.946540575715
pg5,2024-03-23,True,17523.97,18102.87,17860.92248548819,-541.72,26.82,-262.89652979411187,-47978.02,-45590.51,-45774.56028537001
pg5,2024-03-24,True,17159.18,18699.09,17840.200949421294,-778.37,150.71,-300.430762962963,-46128.49,-45063.74,-45747.15717997685
pg5,2024-03-25,True,17631.9,18049.75,17865.147972030405,-482.39,0.19,-281.7126135468323,-45891.86,-45547.87,-45750.1737969829
pg5,2024-03-26,True,17565.08,17986.06,17856.855685416667,-413.3,-34.29,-287.4385991898148,-46098.31,-45632.44,-45761.38028912037
pg5,2024-03-27,True,17487.51,18028.38,17853.236381978382,-359.21,-74.73,-282.44230529016374,-46005.02,-45533.1,-45764.96810578006
pg5,2024-03-28,True,17608.11,17918.75,17861.638213337967,-360.7,-131.14,-284.73044568051455,-45910.06,-45674.02,-45764.21875380961
pg5,2024-03-29,True,17592.3,17926.84,17856.143553125,-363.5,-138.82,-284.7116104166667,-45925.19,-45547.22,-45771.31672858796
pg5,2024-03-30,True,17819.94,17949.78,17883.690235763886,-340.57,-243.48,-289.0340884259259,-45777.21,-45668.38,-45744.93687060185
pg5,2024-03-31,True,17534.29,17947.25,17862.337969212964,-368.27,-96.95,-282.30174664351847,-45926.91,-45656.4,-45752.11083402778
pg5,2024-04-01,True,17522.16,17944.89,17850.74334002041,-456.36,-187.01,-284.48746706711813,-46046.18,-45670.04,-45772.64407509625
pg5,2024-04-02,True,17742.07,17946.22,17866.40211851852,-358.92,-228.29,-284.4360528935185,-45832.49,-45646.97,-45746.94955428241
pg5,2024-04-03,True,17700.66,17907.59,17853.638465046297,-374.94,-197.67,-288.82243912037035,-45842.22,-45631.2,-45746.31917256945
pg5,2024-04-04,True,17314.44,17971.81,17867.838851967594,-345.33,68.57,-271.85333148148146,-45885.86,-45266.63,-45722.08491759259
pg5,2024-04-05,True,17509.42,17957.75,17840.438095023146,-419.14,-157.82,-283.19458726851855,-46148.19,-45586.12,-45775.343687615736
pg5,2024-04-06,True,17517.27,17925.64,17841.433229166665,-392.99,-24.52,-282.91239583333333,-46008.87,-45579.6,-45780.322763310185
pg5,2024-04-07,True,17650.91,17965.96,17861.47391666667,-338.6,-203.93,-283.6718940972222,-45912.5,-45526.64,-45738.659397222225
pg5,2024-04-08,True,17141.25,18059.95,17830.308929816812,-2274.41,-15.64,-286.89129823786493,-47978.02,-45454.04,-45772.332604844705
pg5,2024-04-09,True,17319.81,17940.3,17832.853095486113,-446.83,-125.0,-285.5545886574074,-46009.46,-45629.12,-45746.981576736114
pg5,2024-04-10,True,17716.95,17971.69,17869.91524722222,-338.54,-111.48,-278.05607638888887,-45925.96,-45700.06,-45752.10482835648
pg5,2024-04-11,True,17633.59,17918.09,17867.07050590278,-339.08,-210.18,-280.2742806712963,-45933.73,-45677.04,-45751.639751388895
pg5,2024-04-12,True,17653.39,17895.57,17860.66826516204,-330.8,-219.18,-279.66330011574075,-45895.12,-45687.13,-45746.13021111111
pg5,2024-04-13,True,17683.03,17901.49,17859.304038541668,-350.99,-231.33,-279.6221269675926,-45890.97,-45626.75,-45753.58777430556
pg5,2024-04-14,True,17753.9,17899.74,17871.018839120366,-323.24,-186.65,-278.62838715277775,-45792.04,-45654.92,-45734.39647905093
pg5,2024-04-15,True,17672.71,17984.67,17877.12491134259,-315.2,-125.84,-273.9035855324074,-45905.2,-45559.97,-45730.58330046296
pg5,2024-04-16,True,17336.11,17964.03,17782.582217824074,-693.43,38.19,-253.09673564814815,-46120.37,-45505.52,-45783.20956076389
pg5,2024-04-17,True,17811.49,17926.6,17878.897102430557,-326.99,-208.63,-275.3751304398148,-45786.94,-45652.25,-45746.08530925926
pg5,2024-04-18,True,17846.62,17893.28,17871.61484537037,-306.44,-252.0,-278.4434077546296,-45767.61,-45731.07,-45747.59783506944
pg5,2024-04-19,True,17298.69,17907.95,17773.373942476854,-730.66,101.27,-262.8717021990741,-46314.96,-45369.06,-45771.332812037035
pg5,2024-04-20,True,17598.88,17986.12,17834.433843634262,-396.92,-137.63,-271.88268599537037,-45912.91,-45572.13,-45750.26240358796
pg5,2024-04-21,True,17406.74,17947.25,17794.961727546295,-586.93,16.63,-269.5994962962963,-46129.68,-45619.69,-45791.709808217594
pg5,2024-04-22,True,17454.12,17917.49,17829.232115509258,-375.42,-146.98,-271.6350038194444,-46004.19,-45617.44,-45777.99640729167
pg5,2024-04-23,True,17505.25,17911.33,17815.440186574073,-395.67,-172.6,-268.1367447916667,-45888.77,-45532.63,-45744.122974074075
pg5,2024-04-24,True,17756.73,17886.4,17860.499407291667,-295.78,-222.75,-268.8891178240741,-45847.44,-45736.88,-45758.50861284723
pg5,2024-04-25,True,17824.64,17960.22,17871.00789398148,-317.52,-208.45,-268.23430439814814,-45757.76,-45619.63,-45742.3886
pg5,2024-04-26,True,17493.0,17972.84,17807.849211921293,-459.94,-90.58,-272.00275671296293,-46010.11,-45519.52,-45768.73463668981
pg5,2024-04-27,True,17576.61,17930.59,17841.573057060185,-308.82,-152.34,-254.2642429398148,-45975.3,-45608.25,-45749.520340625
pg5,2024-04-28,True,17377.34,17900.4,17849.02633796296,-314.54,34.98,-262.67164247685184,-46011.84,-45548.76,-45766.170432175924
pg5,2024-04-29,True,17763.8,17939.7,17867.47575092593,-314.36,-234.31,-269.2449094907407,-45839.61,-45711.86,-45754.96273506944
pg5,2024-04-30,True,17157.91,17980.27,17845.80247523148,-508.42,146.78,-255.62544120370373,-45936.81,-45436.79,-45731.38568414352
pg5,2024-05-01,True,17516.48,17917.85,17858.076148958335,-477.57,-93.14,-265.3667854166667,-45895.71,-45658.06,-45753.36352719907
pg5,2024-05-02,True,16694.37,18022.46,17786.17468935185,-547.74,29.86,-266.9732032407407,-46252.39,-45203.53,-45693.26106087963
pg5,2024-05-03,True,17295.24,17940.24,17842.05661261574,-410.74,-101.3,-265.77569513888886,-46159.22,-45675.2,-45785.974759259254
pg5,2024-05-04,True,17349.27,17927.63,17863.20664560185,-493.89,-64.84,-263.27548344907404,-45911.78,-45351.09,-45746.93788657407
pg5,2024-05-05,True,17688.94,17943.5,17842.89190266204,-384.23,-98.26,-260.9397739583333,-45874.36,-45568.69,-45752.47190578704
pg5,2024-05-06,True,17533.08,17934.99,17861.03568935185,-346.17,-52.51,-266.58970335648144,-46075.06,-45611.74,-45746.47645289351
pg5,2024-05-07,True,17687.5,17933.97,17868.39459722222,-321.99,-189.81,-266.8322851851852,-45840.79,-45670.64,-45745.38457268519
pg5,2024-05-08,True,17724.56,17926.66,17863.23907650463,-330.21,-222.21,-270.96676724537036,-45862.68,-45696.91,-45747.985553935185
pg5,2024-05-09,True,17694.68,17934.57,17867.76051863426,-312.16,-205.89,-268.6140403935185,-45845.6,-45684.93,-45746.09615046297
pg5,2024-05-10,True,16955.69,18584.1,17754.250077430555,-726.61,279.08,-214.53842627314816,-46183.0,-45155.85,-45766.6289212963
pg5,2024-05-11,True,16318.78,18092.06,17585.041805671295,-1295.69,210.58,-324.7878459490741,-47314.24,-44838.25,-46031.85824710648
pg5,2024-05-12,True,16103.33,18088.01,17743.199877662035,-696.83,593.76,-251.89007025462962,-46171.02,-44628.18,-45804.15703796296
pg5,2024-05-13,True,17311.42,18016.6,17845.34815173611,-430.45,-79.02,-258.14432210648147,-46266.98,-45640.33,-45816.52365092592
pg5,2024-05-14,True,17793.25,17957.44,17861.762129628558,-326.51,-219.47,-267.86227238464124,-45839.43,-45696.67,-45776.61904605073
pg5,2024-05-15,True,17464.26,17959.25,17830.963310069445,-355.76,-164.79,-261.63439282407404,-45996.42,-45666.67,-45773.747367592594
pg5,2024-05-16,True,16464.01,17931.18,17730.682649768518,-1176.74,358.0,-287.07476041666666,-46944.16,-45196.47,-45838.79718460648
pg5,2024-05-17,True,17025.41,17915.01,17826.44585752315,-458.93,-4.27,-260.69703344907407,-46112.31,-45455.65,-45757.30882013889
pg5,2024-05-18,True,17384.1,17918.15,17802.26244039352,-381.79,-142.81,-268.3349024305556,-46201.56,-45621.95,-45830.046120370374
pg5,2024-05-19,True,17613.54,17939.21,17850.04782303241,-335.03,-192.31,-275.5411810185185,-45960.77,-45694.42,-45774.82665625
pg5,2024-05-20,True,17655.19,17913.44,17855.629270254627,-336.64,-251.76,-271.8277179398148,-46024.05,-45729.29,-45779.8992650463
pg5,2024-05-21,True,17756.13,17929.43,17858.131787731483,-325.74,-217.03,-268.4782177083333,-45837.47,-45675.86,-45754.887915046296
pg5,2024-05-22,True,17771.16,17908.25,17867.363667245372,-317.94,-227.52,-268.10134791666667,-45793.4,-45615.48,-45753.750995138886
pg5,2024-05-23,True,17629.54,17978.09,17857.704848167174,-348.02,-135.84,-272.02578607121643,-45864.52,-45588.26,-45727.70066720248
pg5,2024-05-24,True,14368.86,18016.78,17809.085921504517,-409.84,-12.01,-272.82399251975914,-46059.7,-45489.04,-45770.862497882954
pg5,2024-05-25,True,14272.22,17909.27,17851.78696398547,-2274.41,-202.68,-272.73123858011263,-47978.02,-45678.11,-45769.622782983926
pg5,2024-05-26,True,17399.73,17969.45,17848.513010388753,-2274.41,-161.58,-268.2369567056832,-47978.02,-45598.64,-45758.861472876415
pg5,2024-05-27,True,14361.5,18218.4,17845.423980308096,-2274.41,-13.26,-273.9353238799642,-47978.02,-45330.27,-45744.089755617846
pg5,2024-05-28,True,17421.1,17911.87,17862.85295717572,-527.13,-225.97,-270.173315348772,-46032.47,-45674.08,-45753.90444183629
pg5,2024-05-29,True,17834.36,17929.74,17875.181608564813,-340.99,-215.42,-272.30964178240737,-45758.12,-45597.69,-45743.01746944444
pg5,2024-05-30,True,17658.76,17968.55,17866.96029652778,-363.2,-64.96,-270.0965944444444,-45771.99,-45321.55,-45713.129743171296
pg5,2024-05-31,True,17205.05,17927.08,17807.856542824076,-459.1,-113.92,-273.3070255787037,-46162.42,-45617.26,-45767.55030613426
pg5,2024-06-01,True,17561.75,17900.16,17841.326019791668,-300.66,-107.43,-268.47049166666665,-45973.46,-45728.82,-45763.096030092594
pg5,2024-06-02,True,17381.14,17901.85,17867.04819201389,-479.36,-171.46,-268.0341730324074,-45879.04,-45411.52,-45747.69462905093
pg5,2024-06-03,True,17627.25,17925.87,17852.467204745375,-380.12,-222.93,-274.1621612268519,-45865.58,-45665.6,-45748.01306817129
pg5,2024-06-04,True,17550.22,17904.8,17829.696101273148,-360.58,-194.93,-276.62015127314817,-45900.52,-45653.32,-45754.04990706018
pg5,2024-06-05,True,17719.24,17964.32,17864.63412662037,-329.67,-234.31,-274.57149097222225,-45828.58,-45702.6,-45747.53127118055
pg5,2024-06-06,True,17478.93,17898.89,17817.261159722224,-405.5,-213.46,-277.67605312499995,-45955.26,-45695.96,-45769.869478935194
pg5,2024-06-07,True,17469.45,18067.79,17797.549536805556,-480.73,-168.43,-266.26240636574073,-45932.01,-45494.91,-45753.702484490736
pg5,2024-06-08,True,17262.1,17953.64,17831.52099664352,-548.27,-22.19,-267.76826064814816,-46035.38,-45405.06,-45755.40571064815
pg5,2024-06-09,True,17664.61,17948.27,17856.300986921295,-322.04,-190.29,-269.7300978009259,-45831.66,-45633.21,-45747.70425497685
pg5,2024-06-10,True,17767.35,17995.35,17879.39119050926,-357.13,-225.55,-274.31945486111107,-45792.4,-45612.28,-45732.79136527778
pg5,2024-06-11,True,17593.74,17917.66,17850.276795949074,-344.14,-173.01,-271.75979525462964,-45932.96,-45681.55,-45762.79818680556
pg5,2024-06-12,True,17814.5,17912.29,17867.476525231483,-347.9,-204.34,-271.97962708333336,-45790.56,-45667.14,-45737.035576388895
pg5,2024-06-13,True,17829.53,17901.12,17866.237754513888,-290.3,-259.68,-270.46599699074073,-45758.47,-45725.02,-45744.78674722222
pg5,2024-06-14,True,17662.8,17906.5,17843.114933101853,-356.83,-228.53,-272.8418150462963,-45883.97,-45624.61,-45745.52570104167
pg5,2024-06-15,True,17338.1,17970.96,17805.532362037036,-430.22,158.04,-270.7298571759259,-46069.36,-45625.21,-45755.27331793981
pg5,2024-06-16,True,17516.11,17979.42,17833.024092245374,-334.85,-66.99,-270.5488171296297,-45987.82,-45611.86,-45745.67657523148
pg5,2024-06-17,True,17800.25,17966.14,17868.020035069443,-321.51,-229.36,-270.0544795138889,-45821.7,-45555.46,-45733.75055474538
pg5,2024-06-18,True,17537.85,18085.48,17840.813355555554,-429.92,-197.49,-274.7942586805555,-45997.42,-45555.17,-45761.01707256945
pg5,2024-06-19,True,17443.07,17977.48,17843.99862384259,-406.45,-2.36,-266.43829999999997,-46018.42,-45504.75,-45759.399195833335
pg5,2024-06-20,True,17623.08,17968.55,17851.8291,-426.22,-104.93,-273.32029224537035,-45916.83,-45545.74,-45736.19753726852
pg5,2024-06-21,True,17586.56,17890.5,17858.128429513887,-360.05,-136.8,-267.49694756944444,-45830.47,-45558.13,-45745.32445659723
pg5,2024-06-22,True,17731.86,17923.46,17867.572713194444,-307.87,-226.32,-271.3752334490741,-45753.61,-45627.94,-45735.326290625
pg5,2024-06-23,True,17503.92,17945.61,17837.89651875,-365.88,-0.57,-271.06773298611114,-45795.84,-45432.52,-45723.69983888889
pg5,2024-06-24,True,17515.03,17877.16,17856.645316435184,-467.62,-242.53,-273.308990625,-45921.21,-45563.17,-45745.11387187499
pg5,2024-06-25,True,17489.31,17910.3,17805.988374999997,-441.53,-218.7,-281.57309155092594,-45933.55,-45520.47,-45746.03165
pg5,2024-06-26,True,17426.95,17948.45,17821.56915648148,-392.69,-116.84,-269.10943807870376,-45908.82,-45624.56,-45739.290551157406
pg5,2024-06-27,True,17518.41,17968.85,17856.566032175928,-308.05,-4.98,-265.3337475694444,-45937.11,-45424.45,-45749.849254976856
pg5,2024-06-28,True,17327.71,18041.89,17778.082593865744,-503.9,-129.95,-288.9550704861111,-46161.83,-45556.71,-45828.80456770833
pg5,2024-06-29,True,17381.68,17939.94,17844.037666898148,-459.22,-125.3,-271.6360064814815,-45846.01,-45411.58,-45746.07883125001
pg5,2024-06-30,True,17459.25,17942.41,17863.937608101853,-373.27,-163.24,-273.714162037037,-45906.33,-45655.69,-45735.74463946759
pg5,2024-07-01,True,17731.13,17931.12,17848.689743518516,-337.06,-177.84,-270.89961886574076,-45851.7,-45646.38,-45744.55599328703
pg5,2024-07-02,True,17689.0,17934.26,17856.735382754632,-317.16,-218.46,-273.7380731481481,-45852.47,-45676.27,-45739.35707407407
pg5,2024-07-03,True,17619.82,17907.88,17851.908248032407,-343.85,-177.66,-273.0678667824074,-45900.1,-45636.42,-45743.44469074074
pg5,2024-07-04,True,17678.98,17936.13,17854.66782210648,-382.86,-188.62,-269.57008530092594,-45898.5,-45594.78,-45733.96939699074
pg5,2024-07-05,True,17643.18,17905.41,17856.87519699074,-339.02,-236.87,-274.3293947916667,-45921.1,-45663.11,-45747.838831365734
pg5,2024-07-06,True,17800.98,17881.69,17860.79920497685,-290.89,-254.86,-273.07726041666666,-45760.31,-45712.45,-45740.65034895833
pg5,2024-07-07,True,17704.69,17910.84,17851.745868055557,-345.69,-189.39,-271.5340994212963,-45816.6,-45584.82,-45731.62751377315
pg5,2024-07-08,True,17450.5,17968.31,17852.165603356483,-414.55,-202.38,-276.26293680555557,-45922.4,-45600.42,-45726.006996296295
pg5,2024-07-09,True,17737.35,17896.78,17841.394117376505,-295.9,-240.92,-273.0140603440346,-45830.83,-45682.32,-45728.53527090424
pg5,2024-07-10,False,,,,,,,,,
pg5,2024-07-11,False,,,,,,,,,
pg5,2024-07-12,False,,,,,,,,,
pg5,2024-07-13,False,,,,,,,,,
pg5,2024-07-14,False,,,,,,,,,
pg5,2024-07-15,False,,,,,,,,,
pg5,2024-07-16,False,,,,,,,,,
pg5,2024-07-17,False,,,,,,,,,
pg5,2024-07-18,False,,,,,,,,,
pg5,2024-07-19,False,,,,,,,,,
pg5,2024-07-20,False,,,,,,,,,
pg5,2024-07-21,False,,,,,,,,,
pg5,2024-07-22,False,,,,,,,,,
pg5,2024-07-23,False,,,,,,,,,
pg5,2024-07-24,False,,,,,,,,,
pg5,2024-07-25,False,,,,,,,,,
pg5,2024-07-26,False,,,,,,,,,
pg5,2024-07-27,False,,,,,,,,,
pg5,2024-07-28,False,,,,,,,,,
pg5,2024-07-29,False,,,,,,,,,
pg5,2024-07-30,False,,,,,,,,,
pg5,2024-07-31,False,,,,,,,,,
pg5,2024-08-01,False,,,,,,,,,
pg5,2024-08-02,False,,,,,,,,,
pg5,2024-08-03,False,,,,,,,,,
pg5,2024-08-04,False,,,,,,,,,
pg5,2024-08-05,False,,,,,,,,,
pg5,2024-08-06,False,,,,,,,,,
pg5,2024-08-07,False,,,,,,,,,
pg5,2024-08-08,False,,,,,,,,,
pg5,2024-08-09,False,,,,,,,,,
pg5,2024-08-10,False,,,,,,,,,
pg5,2024-08-11,False,,,,,,,,,
pg5,2024-08-12,False,,,,,,,,,
pg5,2024-08-13,False,,,,,,,,,
pg5,2024-08-14,False,,,,,,,,,
pg5,2024-08-15,False,,,,,,,,,
pg5,2024-08-16,False,,,,,,,,,
pg5,2024-08-17,False,,,,,,,,,
pg5,2024-08-18,False,,,,,,,,,
pg5,2024-08-19,False,,,,,,,,,
pg5,2024-08-20,False,,,,,,,,,
pg5,2024-08-21,False,,,,,,,,,
pg5,2024-08-22,False,,,,,,,,,
pg5,2024-08-23,False,,,,,,,,,
pg5,2024-08-24,False,,,,,,,,,
pg5,2024-08-25,False,,,,,,,,,
pg5,2024-08-26,False,,,,,,,,,
pg5,2024-08-27,False,,,,,,,,,
pg5,2024-08-28,False,,,,,,,,,
pg5,2024-08-29,False,,,,,,,,,
pg5,2024-08-30,False,,,,,,,,,
pg5,2024-08-31,False,,,,,,,,,
pg5,2024-09-01,False,,,,,,,,,
pg5,2024-09-02,False,,,,,,,,,
pg5,2024-09-03,False,,,,,,,,,
pg5,2024-09-04,False,,,,,,,,,
pg5,2024-09-05,False,,,,,,,,,
pg5,2024-09-06,False,,,,,,,,,
pg5,2024-09-07,False,,,,,,,,,
pg5,2024-09-08,False,,,,,,,,,
pg5,2024-09-09,False,,,,,,,,,
pg5,2024-09-10,False,,,,,,,,,
pg5,2024-09-11,False,,,,,,,,,
pg5,2024-09-12,False,,,,,,,,,
pg5,2024-09-13,False,,,,,,,,,
pg5,2024-09-14,False,,,,,,,,,
pg5,2024-09-15,False,,,,,,,,,
pg5,2024-09-16,False,,,,,,,,,
pg5,2024-09-17,False,,,,,,,,,
pg5,2024-09-18,False,,,,,,,,,
pg5,2024-09-19,False,,,,,,,,,
pg5,2024-09-20,False,,,,,,,,,
pg5,2024-09-21,False,,,,,,,,,
pg5,2024-09-22,False,,,,,,,,,
pg5,2024-09-23,False,,,,,,,,,
pg5,2024-09-24,False,,,,,,,,,
pg5,2024-09-25,False,,,,,,,,,
pg5,2024-09-26,False,,,,,,,,,
pg5,2024-09-27,False,,,,,,,,,
pg5,2024-09-28,False,,,,,,,,,
pg5,2024-09-29,False,,,,,,,,,
pg5,2024-09-30,False,,,,,,,,,
pg5,2024-10-01,False,,,,,,,,,
pg5,2024-10-02,False,,,,,,,,,
pg5,2024-10-03,False,,,,,,,,,
pg5,2024-10-04,False,,,,,,,,,
pg5,2024-10-05,False,,,,,,,,,
pg5,2024-10-06,False,,,,,,,,,
pg5,2024-10-07,False,,,,,,,,,
pg5,2024-10-08,False,,,,,,,,,
pg5,2024-10-09,False,,,,,,,,,
pg5,2024-10-10,False,,,,,,,,,
pg5,2024-10-11,False,,,,,,,,,
pg5,2024-10-12,False,,,,,,,,,
pg5,2024-10-13,False,,,,,,,,,
pg5,2024-10-14,False,,,,,,,,,
pg5,2024-10-15,False,,,,,,,,,
pg5,2024-10-16,False,,,,,,,,,
pg5,2024-10-17,False,,,,,,,,,
pg5,2024-10-18,False,,,,,,,,,
pg5,2024-10-19,False,,,,,,,,,
pg5,2024-10-20,False,,,,,,,,,
pg5,2024-10-21,False,,,,,,,,,
pg5,2024-10-22,False,,,,,,,,,
pg5,2024-10-23,True,17839.31,17925.63,17884.34350037397,-279.87,-227.87,-260.3296335078534,-45780.95,-45685.47,-45739.198504113694
pg5,2024-10-24,True,17089.45,17988.53,17853.13287478503,-591.99,-121.97,-284.06630873802305,-46143.74,-45490.52,-45728.59342740152
pg5,2024-10-25,True,17839.31,17962.82,17882.761403009255,-324.67,-175.34,-278.71133854166663,-45779.17,-45618.74,-45734.75461689814
pg5,2024-10-26,True,17806.05,18116.2,17908.86172071006,-374.46,-91.35,-266.22957738330047,-45856.1,-45495.62,-45712.31953675213
pg5,2024-10-27,True,17799.29,18158.46,17939.513070210844,-423.9,-136.26,-280.2406433790272,-45814.22,-45498.17,-45694.96365847888
pg5,2024-10-28,True,17465.89,18159.54,17890.620533217592,-466.31,-110.47,-274.9739373842593,-46273.56,-45634.88,-45790.02659155092
pg5,2024-10-29,True,17406.61,18143.25,17890.168674074073,-384.35,157.68,-259.1382552083333,-46194.86,-45143.33,-45735.273115624994
pg5,2024-10-30,True,17564.59,18004.71,17861.15049733796,-423.07,-6.35,-268.729187962963,-46055.19,-45667.97,-45789.29103888889
pg5,2024-10-31,True,17771.7,18040.38,17888.08037986111,-361.0,9.54,-266.4401814814815,-45793.29,-45538.32,-45726.087267939816
pg5,2024-11-01,True,17808.7,17997.16,17881.088097106483,-373.93,-131.14,-276.1969590277778,-45844.17,-45637.72,-45738.27291284722
pg5,2024-11-02,True,17348.24,18073.89,17849.829281134258,-426.46,-115.53,-272.8534482638889,-46010.83,-45602.73,-45746.31342048611
pg5,2024-11-03,True,17415.18,18055.48,17889.148441782407,-353.85,135.88,-259.75433391203705,-45913.38,-45610.97,-45718.45065474537
pg5,2024-11-04,True,17581.73,18016.36,17863.901754629627,-529.33,-30.59,-274.58530046296295,-46105.19,-45607.83,-45755.97756261574
pg5,2024-11-05,True,17622.3,18106.24,17884.927063078703,-444.87,-169.98,-289.39199791666664,-45868.61,-45487.26,-45691.10239965278
pg5,2024-11-06,True,17740.79,18029.22,17892.17625787037,-439.33,-155.32,-276.42429652777776,-45942.45,-45607.53,-45735.26817662037
pg5,2024-11-07,True,17522.27,18073.52,17867.728452083335,-439.57,-133.16,-273.5205886574074,-46000.1,-45483.46,-45709.187622453705
pg5,2024-11-08,True,17779.85,18119.58,17918.268260185185,-357.25,-58.41,-253.0236872685185,-45809.95,-45020.74,-45674.05251145833
pg5,2024-11-09,True,17409.99,18143.97,17894.975055092593,-481.26,-48.17,-280.12913148148147,-46248.06,-45440.82,-45750.88865462963
pg5,2024-11-10,True,17056.92,18075.03,17862.46290636574,-505.03,-119.35,-271.0171148148148,-45945.41,-45046.06,-45683.485678125
pg5,2024-11-11,True,17376.19,18143.37,17862.16576308578,-2274.41,-56.86,-275.9559309832335,-47978.02,-45525.81,-45732.39332392829
pg5,2024-11-12,True,17630.02,17965.17,17867.509426620367,-419.14,-103.44,-280.6966599537037,-45912.44,-45626.99,-45739.06515775463
pg5,2024-11-13,True,14392.17,17998.19,17882.965463870656,-361.77,-1.53,-281.2507752742193,-45930.64,-45464.36,-45721.429240578625
pg5,2024-11-14,True,17536.94,18057.23,17881.553723632485,-384.17,48.08,-272.47743555251475,-46083.24,-45364.08,-45684.171233866386
pg5,2024-11-15,True,14414.14,18009.78,17859.18693851359,-2274.41,-60.91,-274.0212473457006,-47978.02,-45184.49,-45665.260375218764
pg5,2024-11-16,True,17609.5,17940.36,17844.793568784055,-462.32,-119.52,-272.13347739021094,-45997.96,-45593.54,-45757.98482012295
pg5,2024-11-17,True,14372.85,18040.44,17857.12502588197,-2274.41,-11.23,-291.7322120922424,-47978.02,-45448.59,-45713.38744934362
pg5,2024-11-18,True,17358.56,18023.72,17886.21809211601,-540.95,-182.66,-287.66474929419724,-46138.04,-45579.54,-45711.99610408549
pg5,2024-11-19,True,17672.88,18052.52,17880.881603710066,-426.4,-185.76,-298.7619177191679,-45809.0,-45472.49,-45675.870345119794
pg5,2024-11-20,True,17617.41,17979.54,17849.92519054488,-424.02,-214.71,-291.70435007677634,-45878.87,-45554.16,-45711.4313189242
pg5,2024-11-21,True,14305.84,18077.51,17893.732860213553,-395.07,-73.96,-279.4632228380216,-45898.32,-45376.41,-45711.88849164023
pg5,2024-11-22,True,17023.29,18144.51,17929.312687377875,-2274.41,-78.25,-283.30852935702984,-47978.02,-45492.89,-45685.74356518099
pg5,2024-11-23,True,17693.35,18115.54,17899.973438576082,-409.19,-199.82,-278.9658953001396,-45870.86,-45593.01,-45710.50436900884
pg5,2024-11-24,True,17708.44,18098.76,17887.99099953704,-381.19,-43.94,-280.2721628472222,-45887.88,-45632.68,-45721.68398773148
pg5,2024-11-25,True,17753.05,18071.47,17909.496918682285,-431.7,-114.82,-267.3063322843972,-45940.67,-45622.42,-45717.676117813724
pg5,2024-11-26,True,14272.22,18011.83,17894.265617303554,-2274.41,-8.55,-277.46035837361654,-47978.02,-45429.37,-45706.86977700152
pg5,2024-11-27,True,14348.82,18065.68,17904.925834353377,-536.78,-82.18,-279.4553461466033,-46015.81,-45455.05,-45709.54006237936
pg5,2024-11-28,True,14354.68,17992.7,17897.878058824223,-555.42,-24.7,-279.2917416398695,-47978.02,-45429.67,-45720.70262953933
pg5,2024-11-29,True,14348.7,18097.43,17908.969207446058,-2274.41,-18.2,-280.20582322662534,-47978.02,-45422.79,-45685.665834273495
pg5,2024-11-30,True,14356.91,18092.84,17898.64426137099,-2274.41,-16.77,-273.2732513092086,-47978.02,-45383.47,-45720.80130567814
pg5,2024-12-01,True,14558.53,18061.15,17889.006429891797,-2274.41,-34.88,-291.19805081652595,-47978.02,-45338.27,-45691.21271178458
pg5,2024-12-02,True,14272.22,18050.04,17878.203668949613,-2274.41,-172.48,-294.1786328226129,-47978.02,-45572.72,-45711.14198027724
pg5,2024-12-03,True,14272.22,18088.8,17894.346067444785,-2274.41,-36.79,-287.85804212654415,-47674.54,-45392.9,-45697.11726212725
pg5,2024-12-04,True,14432.91,18116.51,17934.154488760145,-568.82,34.92,-276.8776008290058,-47978.02,-45399.84,-45704.527624144794
pg5,2024-12-05,True,14340.86,18000.97,17895.849819826177,-424.32,-6.71,-282.94815592327325,-45877.8,-45410.4,-45714.18215985134
pg5,2024-12-06,True,14274.94,18205.66,17902.96832465288,-514.68,66.31,-284.3802945083885,-47978.02,-45416.68,-45720.65152086248
pg5,2024-12-07,True,14423.25,18013.88,17899.38732348788,-519.92,-0.16,-287.37789821134385,-47978.02,-45401.2,-45716.80352706519
pg5,2024-12-08,True,14477.58,18090.55,17866.574962909846,-554.65,-37.86,-303.1388127623056,-47978.02,-45242.38,-45682.04456955433
pg5,2024-12-09,True,14272.22,18112.58,17853.718088342463,-2274.41,-54.06,-293.2646397423541,-46177.96,-45401.97,-45657.8007808129
pg5,2024-12-10,True,14375.08,18099.72,17871.75554908192,-2274.41,-43.82,-300.0907908427495,-47978.02,-45393.79,-45699.3187503531
pg5,2024-12-11,True,14338.86,17999.27,17865.571168612787,-667.64,-26.96,-289.0802883315107,-47978.02,-45449.12,-45718.60090297621
pg5,2024-12-12,True,14508.25,18085.42,17909.423830402484,-533.14,-44.06,-290.7088552050028,-47978.02,-45410.69,-45721.750417763775
pg5,2024-12-13,True,14400.98,18068.21,17908.33186298855,-2274.41,-27.79,-301.69988384272284,-47978.02,-45439.4,-45715.16815548835
pg5,2024-12-14,True,14280.25,18167.76,17882.643235945266,-647.03,24.26,-308.8508912126993,-45938.12,-45309.57,-45638.14784297793
pg5,2024-12-15,True,14400.5,18213.09,17895.11350973193,-2274.41,0.37,-297.69184082939114,-47978.02,-45266.99,-45664.09544952811
pg5,2024-12-16,True,17389.35,18075.4,17881.27113613631,-585.92,-181.11,-303.5212150951389,-46087.87,-45388.99,-45679.60186935903
pg5,2024-12-17,True,17320.11,18316.3,17909.71102458102,-536.0,-20.65,-274.9669382362268,-46262.59,-45362.18,-45725.20504304321
pg5,2024-12-18,True,17425.86,18181.51,17912.431805073273,-547.5,186.75,-306.79557506915427,-47978.02,-45399.01,-45697.277010888116
pg5,2024-12-19,True,17540.25,18090.41,17906.094073769236,-568.58,150.06,-283.33412033063297,-47978.02,-45425.04,-45702.352878223144
pg5,2024-12-20,True,17716.33,18222.01,17924.686500688957,-536.48,14.55,-293.2222743814111,-47978.02,-45367.58,-45682.261597672856
pg5,2024-12-21,True,17606.77,18362.78,17923.49892269485,-421.58,37.12,-297.6797553023705,-45944.17,-45320.66,-45689.619147383535
pg5,2024-12-22,True,17550.57,18190.38,17937.958318431225,-569.3,-44.29,-306.4316725217657,-47978.02,-45394.02,-45688.53864553348
pg5,2024-12-23,True,17672.57,18152.47,17928.881593838192,-594.2,-52.51,-280.3780250470367,-45970.97,-45318.35,-45669.670473189086
pg5,2024-12-24,True,17567.83,18109.91,17923.776465135456,-2274.41,-131.68,-303.75245912838636,-47978.02,-45484.53,-45709.048933568905
pg5,2024-12-25,True,17452.9,18091.02,17887.24733032525,-2274.41,-36.91,-298.9129816459861,-47978.02,-45330.33,-45709.55152989284
pg5,2024-12-26,True,17687.24,18225.45,17900.84527111906,-536.96,-21.0,-305.73458455856405,-47978.02,-45381.57,-45707.77925015879
pg5,2024-12-27,True,17704.2,18179.81,17910.072333085835,-546.49,-52.99,-311.2385638015769,-47978.02,-45413.72,-45700.04278223668
pg5,2024-12-28,True,17516.95,18075.26,17903.2412099502,-2274.41,-61.63,-310.4883210795828,-47978.02,-45394.44,-45705.81846401391
pg5,2024-12-29,True,17459.0,18137.74,17893.082772040554,-2274.41,-46.2,-304.4273817458168,-47978.02,-45409.21,-45713.6163709478
pg5,2024-12-30,True,17538.32,18138.04,17889.490233947763,-2274.41,-21.42,-319.6745312794645,-47978.02,-45376.47,-45694.86002368942
pg5,2024-12-31,True,17406.42,18168.77,17878.77911011712,-2274.41,-52.39,-310.04044729562713,-47978.02,-45370.12,-45642.43824177505
pg0,2020-01-01,False,,,,,,,,,
pg0,2020-01-02,False,,,,,,,,,
pg0,2020-01-03,False,,,,,,,,,
pg0,2020-01-04,False,,,,,,,,,
pg0,2020-01-05,False,,,,,,,,,
pg0,2020-01-06,False,,,,,,,,,
pg0,2020-01-07,False,,,,,,,,,
pg0,2020-01-08,True,14731.38,14822.74,14784.76908772874,-94.03,-34.98,-70.71173439181918,-53600.63,-53567.8,-53580.581241926804
pg0,2020-01-09,True,14727.68,14963.12,14841.519522339542,-362.54,-44.83,-183.82809380152244,-53909.32,-53509.1,-53626.063329942364
pg0,2020-01-10,True,14638.61,14946.47,14820.944176855308,-380.08,-108.22,-197.18506616279205,-53953.01,-53540.88,-53636.99701781892
pg0,2020-01-11,True,14744.45,14888.06,14817.976330167938,-270.42,-96.26,-183.02560672685598,-53748.35,-53529.15,-53639.96100996398
pg0,2020-01-12,True,14692.91,14910.82,14820.204834717513,-242.62,-120.36,-185.05773833196866,-53743.01,-53571.9,-53625.03867189145
pg0,2020-01-13,True,14729.97,14899.44,14806.780560741105,-252.01,-92.86,-174.21737888038928,-53791.98,-53550.26,-53622.46697300396
pg0,2020-01-14,True,14603.72,14855.87,14769.372066295497,-262.15,-86.88,-176.74252491344623,-53750.7,-53518.36,-53604.79302259755
pg0,2020-01-15,True,14690.56,14857.04,14769.219842251741,-259.04,-114.73,-181.044862014126,-53831.85,-53511.09,-53619.508416319746
pg0,2020-01-16,True,14664.65,14879.85,14793.68158879052,-295.4,-129.98,-187.4672481028668,-53755.04,-53547.16,-53635.71837022203
pg0,2020-01-17,True,14662.77,14839.74,14774.835610443692,-233.83,-120.36,-179.6594058745774,-53675.23,-53552.2,-53620.12686127715
pg0,2020-01-18,True,14695.72,14844.44,14790.582143366746,-235.24,-123.82,-182.3895714670004,-53725.48,-53555.6,-53635.040692857394
pg0,2020-01-19,True,14731.49,14888.94,14806.969695541311,-224.21,-151.5,-188.04789966782073,-53708.12,-53561.76,-53628.92224899411
pg0,2020-01-20,True,14736.77,14866.48,14807.882117451665,-232.3,-156.07,-183.79890630299772,-53690.18,-53552.85,-53620.26742827401
pg0,2020-01-21,True,14726.63,14866.37,14801.525058453186,-267.43,-65.12,-180.3428135934373,-53697.45,-53511.5,-53616.95983359274
pg0,2020-01-22,True,14657.2,14934.68,14828.78014380919,-273.7,-24.6,-175.32447246580148,-53739.2,-53560.11,-53622.50297158892
pg0,2020-01-23,True,14735.25,14935.03,14816.279072962376,-226.79,-90.16,-179.03507928149318,-53699.97,-53555.54,-53619.98376783102
pg0,2020-01-24,True,14736.89,14896.57,14811.177991458992,-252.89,-129.86,-185.4084947934948,-53725.89,-53580.29,-53625.430987832
pg0,2020-01-25,True,14728.97,14894.4,14802.652588923327,-261.97,-121.0,-180.13638002222353,-53705.19,-53559.76,-53628.52550956197
pg0,2020-01-26,True,14706.51,14888.0,14785.517861286547,-227.49,-133.14,-182.84462210526314,-53686.02,-53516.61,-53619.813759064324
pg0,2020-01-27,True,14748.44,14844.79,14797.440147512987,-237.64,-144.87,-181.2189237752094,-53717.27,-53596.77,-53635.15655935613
pg0,2020-01-28,True,14714.08,14920.84,14809.931708532136,-278.98,-68.7,-180.2828005426139,-53743.36,-53549.38,-53621.793697258865
pg0,2020-01-29,True,14685.58,14961.66,14818.469630704425,-273.23,-25.95,-171.31334788205007,-53732.69,-53547.04,-53629.26729253452
pg0,2020-01-30,True,14597.39,14917.38,14798.489430794432,-305.31,-19.15,-169.29984450684452,-53721.26,-53522.65,-53615.037647595644
pg0,2020-01-31,True,14712.85,15039.94,14823.067123661904,-262.91,-60.72,-179.88294797687863,-53805.7,-53556.36,-53630.262042232884
pg0,2020-02-01,True,14639.55,14907.24,14794.512978701005,-255.29,-31.52,-169.12529854848708,-53726.07,-53542.23,-53627.90481233259
pg0,2020-02-02,True,14704.87,14880.91,14797.358230798982,-254.7,-49.58,-174.12970898137618,-53740.85,-53559.76,-53623.02628872141
pg0,2020-02-03,True,14729.03,14893.63,14803.105536480683,-285.37,-130.56,-187.7800551975769,-53731.93,-53564.22,-53641.630201143715
pg0,2020-02-04,True,14661.13,14927.47,14800.81205113204,-258.22,-87.58,-185.1601275375885,-53715.86,-53495.08,-53622.40984180659
pg0,2020-02-05,True,14687.75,14905.36,14803.414551356282,-278.75,-121.59,-185.22263641786856,-53744.36,-53575.36,-53632.806475067555
pg0,2020-02-06,True,14549.3,15010.5,14805.730822507785,-329.47,-36.86,-187.9584448657632,-53839.19,-53516.49,-53621.89906876858
pg0,2020-02-07,True,14660.95,14970.98,14803.853788747894,-287.66,-7.77,-174.55873208934256,-53741.43,-53519.71,-53631.70008908505
pg0,2020-02-08,True,14706.4,14901.14,14799.593363480013,-241.92,-77.32,-183.12319687379346,-53739.08,-53542.76,-53622.41504989996
pg0,2020-02-09,True,14674.09,14923.25,14804.71244114481,-304.55,-97.26,-182.60470689413089,-53731.76,-53542.58,-53627.31302220818
pg0,2020-02-10,True,14705.63,14894.87,14803.516449453455,-281.09,-86.29,-189.4614336540037,-53756.38,-53566.57,-53640.37050183742
pg0,2020-02-11,True,14682.0,14878.97,14778.76891028641,-247.08,-119.01,-180.29996408180457,-53751.46,-53565.27,-53633.97416417072
pg0,2020-02-12,True,14661.83,14905.13,14796.978198624047,-255.93,-139.18,-188.4891104272944,-53709.7,-53601.34,-53640.57150910282
pg0,2020-02-13,True,14700.24,14834.47,14780.794115528532,-233.59,-104.06,-183.69197497661364,-53692.58,-53567.8,-53629.20972252104
pg0,2020-02-14,True,14732.37,14893.22,14788.900238212236,-243.15,-103.18,-181.9257908037908,-53687.01,-53587.62,-53629.63195436995
pg0,2020-02-15,True,14686.11,14840.27,14782.438822181164,-240.4,-130.09,-188.77704165399817,-53707.19,-53564.22,-53629.35461339664
pg0,2020-02-16,True,14706.75,14888.18,14798.47756334667,-239.52,-147.51,-192.4773751199083,-53708.71,-53580.11,-53627.39712032942
pg0,2020-02-17,True,14702.17,14863.02,14788.540094680102,-242.33,-67.94,-180.9769134052027,-53717.04,-53552.73,-53621.00470904618
pg0,2020-02-18,True,14582.9,14940.78,14777.063274202612,-364.01,-69.4,-192.0426439042668,-53889.85,-53557.89,-53650.62228314833
pg0,2020-02-19,True,14683.0,14976.02,14807.26992582366,-324.13,-82.07,-197.88151324410336,-53751.28,-53569.32,-53634.60640268159
pg0,2020-02-20,True,14692.09,14967.52,14805.056487577674,-271.65,11.92,-184.70779171689037,-53743.42,-53568.33,-53640.21155949025
pg0,2020-02-21,True,14651.92,14970.45,14815.251779633269,-344.54,3.65,-176.74015869117784,-53777.79,-53540.47,-53657.06003718776
pg0,2020-02-22,True,14680.6,14886.19,14786.687623371912,-271.47,-76.56,-177.25892736358,-53748.17,-53567.92,-53633.84270312336
pg0,2020-02-23,True,14789.14,14860.62,14824.774261645192,-239.05,-144.64,-196.04659802518077,-53652.83,-53614.94,-53631.21093014719
pg0,2020-02-24,False,,,,,,,,,
pg0,2020-02-25,False,,,,,,,,,
pg0,2020-02-26,False,,,,,,,,,
pg0,2020-02-27,True,14767.79,14835.29,14794.23990867217,-194.95,-136.72,-173.55731972681068,-53634.35,-53604.33,-53617.87750595617
pg0,2020-02-28,True,14653.44,14858.22,14783.108117140617,-253.94,-112.79,-191.795375437201,-53756.68,-53546.16,-53630.72449249594
pg0,2020-02-29,True,14702.29,14874.46,14787.977224333712,-296.4,44.12,-187.8475798435289,-53887.15,-53540.76,-53633.52069733719
pg0,2020-03-01,True,14714.96,14905.07,14797.115272340077,-271.59,-111.62,-196.94659361361053,-53753.45,-53571.02,-53640.296973895136
pg0,2020-03-02,True,14690.51,14867.83,14785.623491877446,-272.12,-114.61,-193.28119962962094,-53720.85,-53558.77,-53637.14256299961
pg0,2020-03-03,True,14698.6,14857.4,14783.494089150921,-251.6,-108.28,-195.44740728585495,-53694.69,-53555.13,-53630.53963008111
pg0,2020-03-04,True,14635.62,14857.45,14766.555036841246,-261.39,-119.66,-190.8467728240275,-53704.84,-53563.58,-53626.55023075484
pg0,2020-03-05,True,14687.51,14817.05,14764.65339176223,-252.89,-151.73,-197.26109536625322,-53721.02,-53577.65,-53632.13707641002
pg0,2020-03-06,True,14673.97,14852.23,14781.557782132577,-287.25,-171.96,-205.19293024779464,-53721.02,-53589.08,-53636.80872171655
pg0,2020-03-07,True,14675.79,14851.77,14776.46841974066,-274.0,-165.51,-202.92218179477578,-53759.02,-53586.51,-53638.0659825859
pg0,2020-03-08,True,14694.02,14846.19,14786.631913445231,-252.65,-142.35,-202.1023374466343,-53717.62,-53572.84,-53630.63879033862
pg0,2020-03-09,True,14698.71,14844.32,14779.549415598092,-259.92,-148.27,-198.58870869992512,-53737.09,-53579.58,-53633.9082100571
pg0,2020-03-10,True,14719.24,14854.64,14796.420062196192,-247.49,-120.54,-200.43714284040996,-53694.22,-53584.86,-53631.28248363104
pg0,2020-03-11,True,14745.22,14825.44,14788.972844845732,-229.9,-126.75,-203.59454644335804,-53666.55,-53597.65,-53628.49267631167
pg0,2020-03-12,True,14694.73,14859.39,14784.992231373051,-268.95,-119.01,-204.42217802786584,-53678.22,-53591.55,-53626.06617915092
pg0,2020-03-13,True,14720.94,14904.6,14794.388217821783,-270.95,-164.93,-204.88339621536116,-53731.4,-53569.91,-53629.22287257601
pg0,2020-03-14,True,14719.3,14831.48,14785.194930107968,-237.29,-153.55,-200.56319140474216,-53679.27,-53598.35,-53630.66567207477
pg0,2020-03-15,True,14704.64,14846.14,14786.755184318861,-247.67,-107.63,-198.2352075926272,-53709.06,-53564.28,-53630.810881479236
pg0,2020-03-16,True,14694.08,14859.62,14782.990010414473,-256.93,-106.99,-201.17463151489622,-53713.75,-53579.0,-53624.42233202275
pg0,2020-03-17,True,14692.44,14885.89,14785.357037474838,-272.3,-148.86,-206.38421316885913,-53707.48,-53579.0,-53625.73769931182
pg0,2020-03-18,True,14693.97,14862.67,14780.698918665996,-250.25,-133.38,-201.44994396808872,-53670.36,-53593.6,-53625.670783744885
pg0,2020-03-19,True,14693.14,14947.94,14796.251995368044,-286.31,-40.73,-200.68829342753207,-53754.92,-53574.72,-53636.92344133438
pg0,2020-03-20,True,14717.01,14854.17,14781.408823026271,-252.89,-83.94,-188.1502155929979,-53767.99,-53594.77,-53638.458728001315
pg0,2020-03-21,True,14698.6,14861.15,14783.071872046783,-338.73,-152.08,-210.43096023391814,-53823.17,-53573.72,-53641.17051730993
pg0,2020-03-22,True,14737.06,14906.59,14799.547158652156,-268.48,-136.49,-205.40379992979993,-53715.63,-53591.26,-53637.14632748334
pg0,2020-03-23,True,14669.16,14914.8,14780.882948210901,-299.8,-82.83,-205.1083026374295,-53718.33,-53582.58,-53637.44680945917
pg0,2020-03-24,True,14729.68,14890.0,14795.895433567252,-259.34,-127.04,-210.28725649122808,-53825.76,-53600.75,-53641.275312865495
pg0,2020-03-25,True,14719.94,14888.83,14793.417159455223,-259.69,-172.2,-212.19591287763555,-53775.09,-53584.98,-53638.30590246414
pg0,2020-03-26,True,14732.73,14830.83,14788.609084372007,-265.32,-95.5,-211.3974925753572,-53712.58,-53580.29,-53632.45818733485
pg0,2020-03-27,True,14714.2,14848.07,14788.36664097406,-268.95,-151.79,-213.70277140985755,-53701.73,-53584.22,-53636.78516023767
pg0,2020-03-28,True,14718.3,14831.53,14784.501093179904,-274.99,-119.07,-209.56494456918327,-53695.46,-53579.35,-53631.25477009075
pg0,2020-03-29,True,14658.31,14858.1,14774.407099653705,-299.86,-149.91,-212.8588697412139,-53720.61,-53578.59,-53630.68092365108
pg0,2020-03-30,True,14645.82,14889.41,14779.659919421802,-292.58,-27.24,-197.2446534201878,-53776.15,-53565.16,-53652.577867309104
pg0,2020-03-31,True,14668.4,14930.81,14785.63892389372,-370.69,-92.8,-208.2103502432407,-53799.95,-53580.87,-53661.522815394324
pg0,2020-04-01,True,14727.57,14889.47,14790.062971404503,-263.62,-154.25,-208.6768176393504,-53799.9,-53601.99,-53648.760709622315
pg0,2020-04-02,True,14713.84,14889.29,14791.128463113793,-276.58,-90.04,-206.250905420587,-53804.24,-53595.36,-53652.47146830969
pg0,2020-04-03,True,14706.34,14862.32,14782.933564091163,-258.75,-59.78,-199.56271258423814,-53745.65,-53596.42,-53641.8286334706
pg0,2020-04-04,True,14740.82,14848.66,14786.459132052074,-262.27,-120.07,-213.713283931266,-53838.42,-53610.72,-53637.5337252746
pg0,2020-04-05,True,14728.74,14825.73,14779.681534096891,-248.02,-185.51,-216.84113422324134,-53681.79,-53584.63,-53631.350007370405
pg0,2020-04-06,True,14749.67,14822.44,14787.865616348596,-240.81,-198.94,-221.06019154487905,-53667.25,-53598.52,-53633.53551174193
pg0,2020-04-07,True,14742.34,14831.42,14782.260617903292,-232.71,-114.5,-207.5878070513945,-53644.61,-53604.8,-53625.427948079276
pg0,2020-04-08,True,14656.44,14871.88,14770.700730383096,-318.68,-60.43,-215.57667957688795,-53793.03,-53555.13,-53645.53708373312
pg0,2020-04-09,True,14758.12,14841.97,14796.609915451896,-246.96,-182.34,-224.55084945666576,-53667.08,-53627.08,-53642.98725947522
pg0,2020-04-10,False,,,,,,,,,
pg0,2020-04-11,True,14791.89,14802.86,14798.086346153848,-208.2,-181.34,-197.5103624260355,-53656.11,-53633.71,-53640.07050295859
pg0,2020-04-12,True,14684.58,14835.46,14775.452233009708,-299.45,-155.48,-219.31099099309859,-53700.03,-53582.11,-53629.90830717043
pg0,2020-04-13,True,14726.04,14818.63,14782.151436626307,-277.81,-147.51,-217.90496075334855,-53677.4,-53586.39,-53631.43767666842
pg0,2020-04-14,True,14721.88,14872.52,14790.836457270818,-314.63,-158.18,-223.520712602441,-53844.99,-53600.99,-53650.59981463895
pg0,2020-04-15,True,14704.87,14901.2,14792.192805991492,-298.04,-118.78,-220.17357965799746,-53941.74,-53591.26,-53648.610026253795
pg0,2020-04-16,True,14746.21,14867.72,14824.153414634146,-239.16,-134.96,-184.1478890415665,-53846.04,-53668.83,-53731.88425798695
pg0,2020-04-17,False,,,,,,,,,
pg0,2020-04-18,False,,,,,,,,,
pg0,2020-04-19,False,,,,,,,,,
pg0,2020-04-20,False,,,,,,,,,
pg0,2020-04-21,True,14682.71,14815.11,14769.950935190887,-208.85,-94.62,-175.60331819581282,-53760.67,-53605.97,-53636.07457358375
pg0,2020-04-22,True,14719.18,14856.63,14783.228529227865,-258.69,-101.01,-212.0298827346192,-53766.7,-53585.98,-53657.46304347313
pg0,2020-04-23,True,14747.68,14831.77,14783.176511200581,-247.31,-149.21,-216.39393928044757,-53713.4,-53597.12,-53639.19557582921
pg0,2020-04-24,True,14716.07,14818.81,14778.576147879498,-244.85,-112.33,-210.18553424978063,-53688.36,-53586.04,-53631.20282878035
pg0,2020-04-25,True,14742.11,14844.67,14786.228529329184,-262.91,-185.86,-223.6921354032617,-53702.02,-53611.31,-53639.08387783991
pg0,2020-04-26,True,14714.66,14824.85,14768.197562030824,-296.98,-114.32,-216.66098442506024,-53718.44,-53585.56,-53635.962952456684
pg0,2020-04-27,True,14718.24,14865.84,14782.650516993273,-266.08,-145.52,-217.2178899093302,-53797.14,-53590.96,-53650.530511962555
pg0,2020-04-28,True,14727.62,14869.59,14783.645349705166,-270.24,-141.35,-216.61250830681396,-53755.45,-53605.56,-53641.70387343223
pg0,2020-04-29,True,14743.87,14840.56,14784.748199803451,-239.63,-190.9,-219.84323139200225,-53721.44,-53601.28,-53639.380621124554
pg0,2020-04-30,True,14740.23,14824.32,14784.226078986467,-249.19,-193.6,-223.11816723793038,-53676.52,-53622.27,-53638.34268603114
pg0,2020-05-01,True,14682.77,14803.21,14770.711575593901,-326.6,-205.5,-230.17542192760942,-53851.38,-53612.83,-53646.407865577065
pg0,2020-05-02,True,14712.38,14814.18,14778.787067086148,-284.55,-176.48,-224.45998023438048,-53722.08,-53603.86,-53643.10141470375
pg0,2020-05-03,True,14754.48,14814.88,14783.043470454757,-257.11,-179.7,-219.4456711425096,-53664.32,-53609.84,-53631.16195810331
pg0,2020-05-04,True,14738.53,14826.26,14781.46226163328,-263.21,-170.44,-220.1369241834193,-53678.57,-53594.65,-53631.34029447193
pg0,2020-05-05,True,14720.53,14835.76,14779.678406807418,-276.17,-160.23,-213.07184630680158,-53673.47,-53595.12,-53630.90566758289
pg0,2020-05-06,True,14753.25,14876.63,14788.00961246654,-258.34,-171.08,-220.55294677406152,-53743.48,-53610.96,-53646.4041152196
pg0,2020-05-07,True,14728.27,14814.41,14779.515081930784,-283.61,-201.46,-227.6019696136797,-53742.72,-53601.22,-53637.81667481491
pg0,2020-05-08,True,14736.13,14812.3,14780.299208267055,-247.14,-180.88,-223.59287978384955,-53668.95,-53601.52,-53631.45392626556
pg0,2020-05-09,True,14758.53,14800.92,14781.369009497967,-235.0,-196.53,-224.13356512890095,-53644.91,-53606.5,-53625.38410061761
pg0,2020-05-10,True,14746.51,14814.7,14779.56000596589,-233.48,-172.55,-220.94624722176727,-53642.45,-53598.23,-53621.55834019605
pg0,2020-05-11,True,14668.57,14842.56,14784.819749020524,-280.62,-174.07,-226.8435765159932,-53726.89,-53610.49,-53638.97759756739
pg0,2020-05-12,True,14759.64,14814.65,14783.541630237756,-243.15,-150.62,-218.80152206200518,-53699.79,-53607.5,-53629.52468418529
pg0,2020-05-13,True,14735.54,14817.93,14781.082743522255,-248.72,-179.82,-224.3297028718489,-53682.61,-53601.17,-53627.761002866
pg0,2020-05-14,True,14765.74,14818.46,14783.793410667697,-237.23,-190.73,-224.31100897359397,-53683.49,-53606.56,-53623.284420460266
pg0,2020-05-15,True,14747.8,14801.45,14781.024276422764,-254.29,-212.72,-227.0984046323916,-53654.17,-53597.12,-53627.89740480787
pg0,2020-05-16,True,14711.32,14789.84,14776.798585999182,-252.59,-206.33,-224.75813766886952,-53662.5,-53588.79,-53621.15639206971
pg0,2020-05-17,True,14748.15,14789.72,14777.624699064327,-240.4,-190.96,-222.60473204678362,-53643.79,-53597.82,-53620.29990795322
pg0,2020-05-18,True,14759.41,14796.7,14779.09117767507,-234.12,-184.22,-222.0954432808752,-53649.42,-53580.64,-53617.09661136138
pg0,2020-05-19,True,14670.92,14812.42,14768.893205140195,-328.0,-187.38,-234.57169687331918,-53833.38,-53596.18,-53645.46487687378
pg0,2020-05-20,True,14766.33,14817.7,14783.496510082814,-258.52,-205.04,-225.3729629672952,-53679.51,-53603.27,-53624.51950182473
pg0,2020-05-21,True,14735.48,14833.59,14783.799575901474,-321.61,-161.41,-233.5339657773775,-53742.02,-53586.51,-53638.787756698905
pg0,2020-05-22,True,14720.7,14811.13,14776.883903454407,-269.77,-179.18,-224.80395011343174,-53665.44,-53582.58,-53622.56196248567
pg0,2020-05-23,True,14750.2,14851.41,14783.627823899664,-284.61,-174.6,-226.8110915600066,-53735.33,-53605.92,-53635.04922397454
pg0,2020-05-24,True,14721.41,14818.57,14778.562780656706,-245.15,-173.37,-217.388399873665,-53739.32,-53586.1,-53624.94478727759
pg0,2020-05-25,True,14753.07,14844.67,14787.9692719446,-257.28,-165.98,-226.67446846341008,-53678.57,-53598.99,-53632.14340375256
pg0,2020-05-26,True,14758.94,14813.47,14781.935826705343,-268.84,-153.49,-227.5507103256293,-53706.66,-53608.02,-53628.00351501825
pg0,2020-05-27,True,14735.54,14822.21,14780.186923796384,-247.02,-207.91,-231.56312635910868,-53674.87,-53596.36,-53624.3820736783
pg0,2020-05-28,True,14737.71,14789.49,14776.751539028239,-246.26,-213.77,-231.76181395076887,-53648.66,-53595.89,-53619.059928199735
pg0,2020-05-29,True,14758.7,14794.06,14779.790035798267,-237.11,-196.53,-229.89598345792538,-53631.89,-53591.31,-53614.91483627557
pg0,2020-05-30,True,14685.17,14832.3,14770.718262960232,-370.11,-86.05,-226.6250316474208,-53762.36,-53580.81,-53640.60039240462
pg0,2020-05-31,True,14736.19,14819.98,14781.158759915761,-254.88,-175.07,-228.18365145665143,-53670.77,-53609.02,-53630.62937042237
pg0,2020-06-01,True,14695.02,14826.67,14778.722672485404,-252.94,-58.9,-215.44679797826163,-53839.36,-53582.87,-53628.1978123574
pg0,2020-06-02,True,14703.76,14856.75,14784.815712798194,-304.31,-144.64,-234.35768967978194,-53732.05,-53601.17,-53648.590901454256
pg0,2020-06-03,True,14754.36,14821.68,14780.838687564881,-267.43,-205.15,-227.00750078458827,-53686.31,-53591.02,-53630.007294498224
pg0,2020-06-04,True,14761.46,14801.86,14793.251478110495,-242.68,-207.09,-220.10646673341216,-53658.45,-53631.19,-53640.12381177756
pg0,2020-06-05,False,,,,,,,,,
pg0,2020-06-06,False,,,,,,,,,
pg0,2020-06-07,False,,,,,,,,,
pg0,2020-06-08,False,,,,,,,,,
pg0,2020-06-09,False,,,,,,,,,
pg0,2020-06-10,False,,,,,,,,,
pg0,2020-06-11,False,,,,,,,,,
pg0,2020-06-12,False,,,,,,,,,
pg0,2020-06-13,False,,,,,,,,,
pg0,2020-06-14,False,,,,,,,,,
pg0,2020-06-15,False,,,,,,,,,
pg0,2020-06-16,False,,,,,,,,,
pg0,2020-06-17,False,,,,,,,,,
pg0,2020-06-18,False,,,,,,,,,
pg0,2020-06-19,False,,,,,,,,,
pg0,2020-06-20,False,,,,,,,,,
pg0,2020-06-21,False,,,,,,,,,
pg0,2020-06-22,False,,,,,,,,,
pg0,2020-06-23,False,,,,,,,,,
pg0,2020-06-24,False,,,,,,,,,
pg0,2020-06-25,False,,,,,,,,,
pg0,2020-06-26,False,,,,,,,,,
pg0,2020-06-27,False,,,,,,,,,
pg0,2020-06-28,False,,,,,,,,,
pg0,2020-06-29,False,,,,,,,,,
pg0,2020-06-30,False,,,,,,,,,
pg0,2020-07-01,False,,,,,,,,,
pg0,2020-07-02,False,,,,,,,,,
pg0,2020-07-03,False,,,,,,,,,
pg0,2020-07-04,False,,,,,,,,,
pg0,2020-07-05,False,,,,,,,,,
pg0,2020-07-06,False,,,,,,,,,
pg0,2020-07-07,False,,,,,,,,,
pg0,2020-07-08,False,,,,,,,,,
pg0,2020-07-09,False,,,,,,,,,
pg0,2020-07-10,False,,,,,,,,,
pg0,2020-07-11,False,,,,,,,,,
pg0,2020-07-12,False,,,,,,,,,
pg0,2020-07-13,False,,,,,,,,,
pg0,2020-07-14,False,,,,,,,,,
pg0,2020-07-15,False,,,,,,,,,
pg0,2020-07-16,False,,,,,,,,,
pg0,2020-07-17,False,,,,,,,,,
pg0,2020-07-18,False,,,,,,,,,
pg0,2020-07-19,False
pg0,2020-07-20,False
pg0,2020-07-21,False
pg0,2020-07-22,False
pg0,2020-07-23,False
pg0,2020-07-24,False
pg0,2020-07-25,False
pg0,2020-07-26,False
pg0,2020-07-27,False
pg0,2020-07-28,False
pg0,2020-07-29,False
pg0,2020-07-30,False
pg0,2020-07-31,False
pg0,2020-08-01,False
pg0,2020-08-02,False
pg0,2020-08-03,False
pg0,2020-08-04,False
pg0,2020-08-05,False
pg0,2020-08-06,False
pg0,2020-08-07,False
pg0,2020-08-08,False
pg0,2020-08-09,False
pg0,2020-08-10,False
pg0,2020-08-11,False
pg0,2020-08-12,False
pg0,2020-08-13,False
pg0,2020-08-14,False
pg0,2020-08-15,False
pg0,2020-08-16,False
pg0,2020-08-17,False
pg0,2020-08-18,False
pg0,2020-08-19,False
pg0,2020-08-20,False
pg0,2020-08-21,False
pg0,2020-08-22,False
pg0,2020-08-23,False
pg0,2020-08-24,False
pg0,2020-08-25,False
pg0,2020-08-26,False
pg0,2020-08-27,False
pg0,2020-08-28,False
pg0,2020-08-29,False
pg0,2020-08-30,False
pg0,2020-08-31,False
pg0,2020-09-01,False
pg0,2020-09-02,False
pg0,2020-09-03,False
pg0,2020-09-04,False
pg0,2020-09-05,False
pg0,2020-09-06,False
pg0,2020-09-07,False
pg0,2020-09-08,False
pg0,2020-09-09,False
pg0,2020-09-10,False
pg0,2020-09-11,False
pg0,2020-09-12,False
pg0,2020-09-13,False
pg0,2020-09-14,False
pg0,2020-09-15,False
pg0,2020-09-16,False
pg0,2020-09-17,False
pg0,2020-09-18,False
pg0,2020-09-19,False
pg0,2020-09-20,False
pg0,2020-09-21,False
pg0,2020-09-22,False
pg0,2020-09-23,False
pg0,2020-09-24,False
pg0,2020-09-25,False
pg0,2020-09-26,False
pg0,2020-09-27,False
pg0,2020-09-28,False
pg0,2020-09-29,False
pg0,2020-09-30,False
pg0,2020-10-01,False
pg0,2020-10-02,False
pg0,2020-10-03,False
pg0,2020-10-04,False
pg0,2020-10-05,False
pg0,2020-10-06,False
pg0,2020-10-07,False
pg0,2020-10-08,False
pg0,2020-10-09,False
pg0,2020-10-10,False
pg0,2020-10-11,False
pg0,2020-10-12,False
pg0,2020-10-13,False
pg0,2020-10-14,False
pg0,2020-10-15,False
pg0,2020-10-16,False
pg0,2020-10-17,False
pg0,2020-10-18,False
pg0,2020-10-19,False
pg0,2020-10-20,False
pg0,2020-10-21,False
pg0,2020-10-22,False
pg0,2020-10-23,False
pg0,2020-10-24,False
pg0,2020-10-25,False
pg0,2020-10-26,False
pg0,2020-10-27,False,,,,,,,,,
pg0,2020-10-28,False,,,,,,,,,
pg0,2020-10-29,False,,,,,,,,,
pg0,2020-10-30,False,,,,,,,,,
pg0,2020-10-31,False,,,,,,,,,
pg0,2020-11-01,False,,,,,,,,,
pg0,2020-11-02,False,,,,,,,,,
pg0,2020-11-03,False,,,,,,,,,
pg0,2020-11-04,False,,,,,,,,,
pg0,2020-11-05,False,,,,,,,,,
pg0,2020-11-06,True,14592.81,14905.71,14770.65882148217,-325.25,-177.24,-241.66898559979566,-53632.36,-53508.45,-53577.97224129123
pg0,2020-11-07,True,14710.03,14903.25,14802.13863735261,-344.89,-143.7,-247.64848212614638,-53657.11,-53516.43,-53582.04222335299
pg0,2020-11-08,True,14716.89,14903.6,14804.921701457955,-356.39,-184.92,-254.33250766422503,-53683.49,-53526.87,-53603.70634539328
pg0,2020-11-09,True,14723.81,14859.15,14791.643998573483,-277.4,-219.93,-250.47815827321307,-53643.56,-53551.26,-53599.57621248085
pg0,2020-11-10,True,14755.48,14880.56,14804.733312048276,-296.81,-220.22,-250.30374476644914,-53655.17,-53556.77,-53595.36879868079
pg0,2020-11-11,True,14726.22,14882.43,14808.669004843012,-281.97,-162.58,-239.043504281503,-53677.04,-53530.5,-53589.75314000281
pg0,2020-11-12,True,14713.84,14942.48,14804.340355179113,-347.12,-201.11,-247.58473993308218,-53639.34,-53516.61,-53590.695736212816
pg0,2020-11-13,True,14718.65,14888.71,14803.85930356349,-312.64,-188.85,-244.13623657549311,-53686.6,-53554.84,-53600.42905039894
pg0,2020-11-14,True,14723.93,14884.02,14792.26504510196,-309.71,-155.07,-237.86052741801504,-53665.26,-53528.57,-53587.9620617037
pg0,2020-11-15,True,14734.66,14863.67,14792.5094516397,-314.69,-162.76,-241.87240801188676,-53659.27,-53541.47,-53598.49258701579
pg0,2020-11-16,True,14734.48,14849.77,14796.995700382504,-297.04,-202.16,-243.10973575547732,-53675.05,-53554.13,-53596.593546304204
pg0,2020-11-17,True,14700.94,14839.86,14782.636160106646,-287.72,-115.55,-235.1532048223766,-53680.92,-53545.57,-53595.744372529756
pg0,2020-11-18,True,14689.51,14860.91,14778.105489521537,-308.07,-149.5,-226.41529727009979,-53671.65,-53535.95,-53603.97421666023
pg0,2020-11-19,True,14644.0,14879.33,14782.923305221542,-311.29,-127.4,-231.5909843026248,-53693.52,-53557.83,-53599.96296706125
pg0,2020-11-20,True,14671.33,14909.06,14796.28481818501,-335.69,-110.33,-229.21419209581398,-53755.04,-53527.34,-53612.254650580704
pg0,2020-11-21,True,14587.83,14899.26,14755.901483162894,-319.15,-71.63,-218.8377981887534,-53715.63,-53484.06,-53599.768802213744
pg0,2020-11-22,True,14403.23,14959.49,14712.753435648241,-472.96,-40.37,-259.1784920864625,-53815.96,-53523.88,-53654.62173107682
pg0,2020-11-23,False,,,,,,,,,
pg0,2020-11-24,False,,,,,,,,,
pg0,2020-11-25,False,,,,,,,,,
pg0,2020-11-26,False,,,,,,,,,
pg0,2020-11-27,False,,,,,,,,,
pg0,2020-11-28,False,,,,,,,,,
pg0,2020-11-29,False,,,,,,,,,
pg0,2020-11-30,False,,,,,,,,,
pg0,2020-12-01,False,,,,,,,,,
pg0,2020-12-02,False,,,,,,,,,
pg0,2020-12-03,False,,,,,,,,,
pg0,2020-12-04,False,,,,,,,,,
pg0,2020-12-05,False,,,,,,,,,
pg0,2020-12-06,False,,,,,,,,,
pg0,2020-12-07,False,,,,,,,,,
pg0,2020-12-08,False,,,,,,,,,
pg0,2020-12-09,False,,,,,,,,,
pg0,2020-12-10,False,,,,,,,,,
pg0,2020-12-11,False,,,,,,,,,
pg0,2020-12-12,False,,,,,,,,,
pg0,2020-12-13,False,,,,,,,,,
pg0,2020-12-14,False,,,,,,,,,
pg0,2020-12-15,False,,,,,,,,,
pg0,2020-12-16,False,,,,,,,,,
pg0,2020-12-17,False,,,,,,,,,
pg0,2020-12-18,True,14657.14,14844.61,14761.33250278413,-297.04,-154.02,-229.11893464626925,-53677.81,-53467.17,-53571.080728093315
pg0,2020-12-19,True,14560.44,14829.42,14749.830635927445,-331.58,-127.04,-224.06106179052074,-53679.04,-53513.56,-53589.75897132826
pg0,2020-12-20,True,14625.71,14841.15,14750.785247424008,-321.14,-147.74,-221.04891018818495,-53725.19,-53459.84,-53594.8536676764
pg0,2020-12-21,True,14676.73,14959.14,14817.273662248635,-415.61,-11.41,-209.5788615280231,-53788.11,-53488.4,-53601.19776715837
pg0,2020-12-22,True,14473.6,14915.27,14753.671278744545,-344.07,-62.01,-225.55918081707648,-53743.31,-53456.44,-53588.67531977391
pg0,2020-12-23,True,14425.69,15002.82,14734.899681266514,-378.08,-71.16,-222.01919626780156,-53844.76,-53431.05,-53618.849468933426
pg0,2020-12-24,True,14549.36,14841.56,14741.705832319643,-368.93,-145.75,-227.71283206231868,-53838.48,-53490.45,-53623.08602671471
pg0,2020-12-25,True,14539.16,14891.82,14768.177746462388,-323.08,-167.86,-230.02211390582755,-53683.73,-53524.81,-53595.451513243366
pg0,2020-12-26,True,14683.0,14847.84,14750.443327911631,-279.74,-153.61,-217.47227840250878,-53666.02,-53486.64,-53584.93689710856
pg0,2020-12-27,True,14665.76,14948.29,14816.297924625409,-321.26,-14.63,-220.50582597405634,-53725.77,-53478.14,-53580.37634157182
pg0,2020-12-28,True,14696.08,14945.36,14800.730515811272,-356.39,-67.41,-234.49724604279515,-53715.69,-53520.65,-53587.205224446334
pg0,2020-12-29,True,14695.2,14961.31,14832.886821164939,-321.03,-75.56,-227.72297376025082,-53671.06,-53468.35,-53571.49630654765
pg0,2020-12-30,True,14697.66,14979.6,14808.19931422088,-365.83,-53.22,-223.7546267574333,-53761.37,-53491.98,-53592.58442791307
pg0,2020-12-31,True,14636.03,14882.96,14785.063051121204,-309.47,-152.2,-226.0077066850803,-53719.85,-53506.11,-53590.21871131969
pg0,2021-01-01,True,14666.76,14842.68,14776.513610292399,-295.17,-171.55,-226.98203976608184,-53723.66,-53499.83,-53590.1423148538
pg0,2021-01-02,True,14691.03,14849.13,14774.494339755061,-279.04,-155.19,-228.74547753564704,-53655.94,-53534.43,-53585.600772362006
pg0,2021-01-03,True,14697.01,14829.42,14764.762928614866,-281.68,-145.81,-221.64327431351455,-53642.68,-53526.16,-53584.92911329934
pg0,2021-01-04,True,14589.7,14805.15,14746.866218008703,-315.34,-132.44,-223.04248970663923,-53744.83,-53495.02,-53594.316938310025
pg0,2021-01-05,True,14436.18,14914.86,14736.522039514497,-428.1,-107.05,-222.22345985931156,-53730.29,-53396.8,-53589.77805271721
pg0,2021-01-06,True,14550.65,15020.65,14814.254899892409,-485.75,-94.32,-240.53390454694298,-53784.88,-53447.7,-53574.017580811145
pg0,2021-01-07,True,14674.15,14902.37,14776.364707526756,-327.71,6.41,-213.73487689338558,-53729.59,-53515.55,-53603.723224633024
pg0,2021-01-08,True,14692.79,14864.2,14780.691952204288,-270.42,-172.67,-226.87654791859282,-53667.66,-53547.16,-53592.627842405236
pg0,2021-01-09,True,14683.76,14904.13,14797.344777898665,-304.49,-168.39,-222.70228266591798,-53728.12,-53540.29,-53594.76952362569
pg0,2021-01-10,True,14728.5,14868.83,14807.635770377909,-316.8,-137.48,-223.14928605682067,-53676.46,-53482.24,-53571.47219539868
pg0,2021-01-11,True,14517.46,14904.78,14755.110165861532,-356.27,-44.01,-208.88163393494204,-53726.24,-53515.84,-53597.65428608189
pg0,2021-01-12,True,14577.62,14909.88,14744.209736237459,-363.83,-72.98,-229.31117813936038,-53727.01,-53494.85,-53587.33132643252
pg0,2021-01-13,True,14409.97,14819.86,14729.121793797542,-306.6,-142.94,-222.5348071386776,-53866.98,-53531.68,-53614.75702715037
pg0,2021-01-14,True,14687.81,14810.31,14759.426878313066,-281.56,-176.71,-226.06987092923927,-53668.6,-53502.71,-53585.83782159449
pg0,2021-01-15,True,14699.77,14802.62,14757.638816903715,-285.31,-152.32,-229.31236666042858,-53642.56,-53513.73,-53589.74255754656
pg0,2021-01-16,True,14696.55,14857.22,14777.10481216207,-301.91,-113.97,-223.4541484680383,-53676.17,-53523.94,-53588.350417690715
pg0,2021-01-17,True,14683.0,14890.17,14763.899940477584,-274.64,-167.92,-218.28440454151337,-53714.16,-53546.63,-53595.78171162092
pg0,2021-01-18,True,14668.63,14875.87,14758.701834136755,-284.79,-100.3,-213.99366417840596,-53655.7,-53491.33,-53583.40993330838
pg0,2021-01-19,True,14668.63,14914.8,14804.703545106666,-317.74,-160.88,-236.73397622084653,-53697.57,-53510.86,-53585.64108527495
pg0,2021-01-20,True,14468.49,14913.4,14739.264821758556,-341.84,-143.93,-237.28397534560597,-53730.99,-53435.1,-53574.43193480854
pg0,2021-01-21,True,14698.42,14831.65,14760.46434149601,-277.34,-174.01,-222.27736762516557,-53676.81,-53526.58,-53591.40192188214
pg0,2021-01-22,True,14645.76,14847.48,14753.98247449099,-287.13,-157.13,-219.85941329276855,-53635.59,-53455.03,-53577.969357594186
pg0,2021-01-23,True,14569.18,14797.41,14728.830963076778,-325.07,-144.34,-223.09588437448684,-53822.41,-53498.13,-53608.13741877595
pg0,2021-01-24,True,14633.21,14840.04,14747.373113983273,-314.34,-129.39,-229.02452248669513,-53728.88,-53504.82,-53588.2125512603
pg0,2021-01-25,True,14607.41,14935.39,14790.862039354104,-417.84,74.9,-218.38821651793563,-53812.74,-53404.84,-53576.8739854826
pg0,2021-01-26,True,14605.07,14959.19,14790.085886550543,-332.87,-89.28,-223.48127218277318,-53712.23,-53489.69,-53593.99898096698
pg0,2021-01-27,True,14606.06,14932.22,14792.158102804724,-333.16,-112.97,-222.86858582076454,-53745.01,-53466.7,-53584.50649029405
pg0,2021-01-28,True,14705.28,14896.57,14781.32660053111,-283.32,-76.14,-215.81405575508003,-53710.12,-53562.64,-53612.63386389957
pg0,2021-01-29,True,14698.77,14841.68,14769.380766089398,-298.39,-170.26,-230.49702527498246,-53696.69,-53529.1,-53601.94843868476
pg0,2021-01-30,True,14708.98,14842.15,14779.856949999414,-278.1,-179.35,-231.87540200564013,-53722.61,-53535.95,-53592.56947448483
pg0,2021-01-31,True,14696.13,14835.81,14756.051146697237,-260.04,-159.88,-220.82461030074043,-53658.4,-53561.47,-53600.86964720608
pg0,2021-02-01,True,14610.99,14827.61,14722.189461662612,-292.06,-111.62,-213.29102884075598,-53678.57,-53506.76,-53595.69912530408
pg0,2021-02-02,True,14603.78,15028.04,14792.793293579596,-468.04,-20.67,-241.75700838463794,-53799.37,-53464.01,-53588.903649956024
pg0,2021-02-03,True,14601.49,14945.77,14779.243462851664,-350.23,-9.65,-212.85593636725054,-53749.29,-53341.86,-53596.39018732023
pg0,2021-02-04,True,14689.51,14910.87,14781.824432666435,-349.52,-132.56,-229.01862208962208,-53719.85,-53548.04,-53609.30663285363
pg0,2021-02-05,True,14566.72,14880.79,14758.296060460767,-311.53,-47.41,-218.06307238919425,-53799.02,-53508.28,-53607.19735235645
pg0,2021-02-06,True,14554.69,14844.96,14751.754780121431,-292.64,-121.83,-224.56018928625747,-53681.03,-53505.46,-53590.54259244961
pg0,2021-02-07,True,14495.0,14948.64,14740.416591007477,-382.66,-55.56,-228.36920195153914,-53862.23,-53535.02,-53640.65808870845
pg0,2021-02-08,True,14590.93,14815.17,14720.26958978618,-298.51,-92.56,-217.71780201656298,-53706.6,-53499.89,-53610.37894294203
pg0,2021-02-09,True,14577.39,14832.12,14739.040483421859,-314.93,-139.83,-228.51612736036688,-53785.24,-53516.37,-53611.10564674637
pg0,2021-02-10,True,14688.8,14795.0,14743.469839545907,-283.61,-165.86,-231.31232395107963,-53693.58,-53514.9,-53604.34793680145
pg0,2021-02-11,True,14640.95,14807.2,14747.752301473083,-324.6,-181.05,-230.5059439315759,-53700.85,-53571.02,-53617.53219886038
pg0,2021-02-12,True,14641.25,14826.37,14730.280174673002,-280.92,-139.24,-221.9189746589606,-53683.02,-53517.95,-53591.68758558159
pg0,2021-02-13,True,14452.6,14955.68,14747.276753659793,-398.84,-110.57,-232.43516720452737,-53890.55,-53494.61,-53613.90231969973
pg0,2021-02-14,True,14642.89,14851.94,14759.349365430278,-302.79,-176.18,-238.87976781181646,-53713.63,-53552.96,-53612.69607139933
pg0,2021-02-15,True,14667.23,14826.61,14752.581097097262,-291.47,-102.94,-228.01850300101788,-53718.97,-53517.08,-53608.844296896015
pg0,2021-02-16,True,14377.25,14916.86,14713.447886649814,-455.37,-149.8,-253.14732411178207,-54056.45,-53458.79,-53622.51137117915
pg0,2021-02-17,True,14692.15,14881.5,14758.960832865234,-309.94,-128.51,-229.96813357206383,-53672.35,-53539.36,-53595.642443828125
pg0,2021-02-18,True,14679.54,14866.6,14768.730336959066,-339.09,-165.86,-235.86713146198832,-53687.48,-53566.33,-53608.05138736842
pg0,2021-02-19,True,14563.67,14880.85,14754.942809602515,-372.1,-17.8,-223.9935124427096,-53681.03,-53522.0,-53593.93434340237
pg0,2021-02-20,True,14540.91,14906.48,14751.771811349909,-362.37,68.22,-219.4201856534157,-53884.45,-53428.82,-53609.77188638385
pg0,2021-02-21,True,14539.04,14971.57,14757.387209740458,-458.65,63.88,-238.3667793536006,-53943.51,-53534.49,-53650.741475110575
pg0,2021-02-22,True,14487.67,14940.96,14761.11026268349,-407.11,-10.29,-232.30707454404984,-53795.73,-53516.61,-53619.786678879966
pg0,2021-02-23,True,14653.5,14913.04,14773.196061024242,-412.97,-102.94,-249.97744839603774,-53721.02,-53529.27,-53602.72054252869
pg0,2021-02-24,True,14552.29,14892.52,14756.77222392962,-398.43,-58.44,-220.2344628739003,-54168.33,-53483.77,-53644.362437888565
pg0,2021-02-25,True,14626.12,14930.75,14766.31225231021,-437.95,-110.39,-245.12509416306003,-53776.09,-53547.86,-53635.769640659724
pg0,2021-02-26,True,14562.67,14864.08,14752.97997167835,-324.84,-119.48,-240.45627652228868,-53714.63,-53518.72,-53614.16001380973
pg0,2021-02-27,True,14662.36,14801.86,14744.994235166097,-294.99,-205.33,-246.0664890069387,-53662.03,-53535.43,-53600.0094065268
pg0,2021-02-28,True,14674.97,14803.33,14736.309556551134,-302.26,-84.82,-225.27977810010643,-53648.66,-53528.1,-53596.80021932646
pg0,2021-03-01,True,14573.46,15078.06,14762.179418359705,-381.48,-81.95,-226.2472061370658,-53869.15,-53547.45,-53628.857973855454
pg0,2021-03-02,True,14591.52,14867.01,14741.674057745424,-380.78,48.63,-218.437443705819,-53783.36,-53505.87,-53601.67175085436
pg0,2021-03-03,True,14628.52,14980.83,14768.60446233037,-539.17,-70.98,-259.4908069723912,-53989.83,-53552.85,-53669.935196537204
pg0,2021-03-04,True,14666.35,14882.49,14753.682680855043,-361.02,-44.01,-233.01614749207315,-53878.36,-53547.92,-53631.32965882368
pg0,2021-03-05,True,14646.0,14822.44,14753.94118630778,-350.11,-159.71,-240.18053504973668,-53750.58,-53560.82,-53629.573405032184
pg0,2021-03-06,True,14547.6,14934.33,14745.549774314695,-394.97,-144.93,-245.47158377499326,-53798.6,-53469.75,-53618.98782282125
pg0,2021-03-07,True,14590.29,14793.18,14729.861726819794,-289.13,-110.8,-241.0318240082335,-53692.17,-53492.51,-53605.31556418413
pg0,2021-03-08,True,14611.58,14804.85,14728.660019076377,-316.57,-134.67,-230.86248624862486,-53715.4,-53525.99,-53609.983494019616
pg0,2021-03-09,True,14681.24,14775.71,14734.781253026988,-285.9,-212.89,-246.62320948514875,-53696.86,-53529.74,-53610.40318737498
pg0,2021-03-10,True,14689.74,14771.49,14737.578627237626,-280.04,-219.87,-248.4458498888499,-53641.04,-53585.21,-53609.489477711475
pg0,2021-03-11,True,14698.48,14773.31,14734.37388344743,-277.87,-159.18,-243.30448399742554,-53650.3,-53543.99,-53601.18870107075
pg0,2021-03-12,True,14543.32,14881.38,14741.22557936749,-368.11,-78.72,-220.00644268358346,-54025.54,-53566.57,-53644.59651642127
pg0,2021-03-13,True,14600.96,14954.03,14763.41227119001,-369.46,-58.85,-241.9562811135946,-53828.04,-53560.06,-53618.19207037787
pg0,2021-03-14,True,14621.84,14952.8,14763.800820802078,-403.12,-50.34,-236.2771061285151,-54069.35,-53545.63,-53662.964055094606
pg0,2021-03-15,True,14639.72,14905.36,14766.846763800992,-331.99,-173.25,-257.76765696103314,-53680.33,-53555.89,-53608.86170443246
pg0,2021-03-16,True,14696.37,14799.05,14749.677410277418,-286.72,-213.01,-248.7104218658551,-53655.94,-53566.22,-53607.68922041438
pg0,2021-03-17,True,14644.0,14820.69,14736.956254870986,-287.31,-193.66,-249.9676810016968,-53670.06,-53568.68,-53608.539549002395
pg0,2021-03-18,True,14698.01,14824.44,14750.270384912372,-292.29,-115.96,-250.35118035893956,-53689.36,-53587.62,-53611.67943292697
pg0,2021-03-19,True,14679.6,14837.4,14753.786196312554,-325.42,-146.81,-252.43416856892011,-53669.54,-53576.71,-53615.59567304653
pg0,2021-03-20,True,14375.73,14942.89,14728.150309787312,-571.65,212.0,-254.34865462458177,-54075.68,-53533.9,-53629.10085402092
pg0,2021-03-21,True,14477.99,14877.04,14729.719956369676,-344.95,-39.2,-232.258242505059,-53839.36,-53562.46,-53633.53428220514
pg0,2021-03-22,True,14598.56,14842.21,14753.940906739994,-345.13,-170.85,-254.72041610109991,-53747.18,-53558.94,-53623.30066861689
pg0,2021-03-23,True,14644.88,14855.69,14752.921593405948,-356.15,-133.03,-246.64244152987564,-53714.87,-53561.88,-53624.79869850592
pg0,2021-03-24,True,14552.11,14877.51,14740.43996362488,-360.84,-80.95,-242.1653899506421,-53857.6,-53575.42,-53654.7883288498
pg0,2021-03-25,True,14596.1,14906.65,14751.562219062665,-347.94,-94.26,-252.714389093675,-53746.71,-53560.76,-53634.551973904396
pg0,2021-03-26,True,14556.04,14873.29,14740.869357714446,-382.07,-153.67,-256.66977947026066,-53930.49,-53580.87,-53650.46672644953
pg0,2021-03-27,True,14699.95,14829.72,14757.65277082919,-293.64,-134.43,-245.95409739203689,-53660.15,-53562.93,-53613.599777814175
pg0,2021-03-28,True,14704.11,14896.27,14756.338364785763,-290.65,-169.79,-255.91620604073987,-53793.33,-53571.49,-53616.419613322396
pg0,2021-03-29,True,14667.64,14827.78,14747.397093172936,-296.22,-205.09,-255.04657769092142,-53688.13,-53583.57,-53616.668567884466
pg0,2021-03-30,True,14694.55,14816.76,14750.740254566292,-293.64,-181.4,-249.78976075212233,-53646.02,-53576.89,-53607.15948677471
pg0,2021-03-31,True,14631.86,14858.57,14751.856706324139,-389.4,-105.93,-260.65958693058184,-53828.81,-53555.77,-53628.04731686204
pg0,2021-04-01,True,14691.44,14824.79,14751.700873380842,-350.99,-201.58,-262.0384484150665,-53738.5,-53588.56,-53617.4649745498
pg0,2021-04-02,True,14640.48,14787.67,14736.213619400804,-301.21,-185.92,-256.82407295188403,-53637.7,-53555.66,-53602.907693756504
pg0,2021-04-03,True,14693.44,14809.78,14748.123309510722,-294.99,-193.72,-255.70657246792135,-53657.4,-53566.22,-53611.1562137251
pg0,2021-04-04,True,14690.62,14780.75,14743.830954469433,-293.41,-223.21,-259.71232518157257,-53656.99,-53566.51,-53604.41067950832
pg0,2021-04-05,True,14625.12,14773.42,14731.19296512036,-300.38,-223.39,-260.4132287645916,-53643.15,-53537.48,-53594.42183825765
pg0,2021-04-06,True,14711.67,14775.24,14740.92578399944,-294.58,-226.79,-258.50823357356796,-53642.45,-53555.48,-53598.64721557937
pg0,2021-04-07,True,14463.1,14791.07,14719.358716172736,-404.18,-191.02,-265.85370418036524,-53928.2,-53563.99,-53631.27020463081
pg0,2021-04-08,True,14701.59,14768.15,14739.109045000994,-289.18,-217.99,-260.2974609004878,-53642.92,-53573.72,-53605.41059588007
pg0,2021-04-09,True,14711.21,14798.7,14745.056841631289,-304.9,-239.81,-264.87982491842394,-53679.92,-53568.62,-53607.0130957978
pg0,2021-04-10,True,14692.26,14775.18,14737.82247639992,-294.52,-181.58,-254.69483055903234,-53655.82,-53579.76,-53609.080079310304
pg0,2021-04-11,True,14692.56,14807.67,14747.9931401797,-320.44,-209.37,-264.0045851467079,-53653.35,-53575.13,-53608.97717663437
pg0,2021-04-12,True,14685.87,14793.54,14738.058806823497,-312.93,-222.57,-265.30546101861376,-53651.89,-53558.94,-53599.158786713124
pg0,2021-04-13,True,14619.49,14778.76,14736.373483721582,-311.76,-237.17,-272.8249538076527,-53704.66,-53561.64,-53606.20234715596
pg0,2021-04-14,True,14657.43,14781.81,14736.908652266504,-311.99,-117.6,-258.8699090823992,-53776.85,-53564.28,-53603.694281435026
pg0,2021-04-15,True,14439.41,14802.92,14747.299514066795,-406.17,-233.83,-271.2878578698017,-54065.83,-53563.81,-53620.172490378434
pg0,2021-04-16,True,14531.59,14844.02,14728.756818048845,-357.97,-47.24,-243.49044607229368,-53852.61,-53534.37,-53632.72840387563
pg0,2021-04-17,True,14241.73,14907.71,14735.550356178157,-424.17,66.93,-265.9006839415802,-54176.25,-53556.95,-53670.43252411745
pg0,2021-04-18,True,14564.25,14880.32,14725.251825060815,-417.49,-35.98,-258.0674380145958,-54038.85,-53576.77,-53658.1156055857
pg0,2021-04-19,True,14343.24,14888.83,14727.22959446174,-453.79,-82.6,-258.1175877203249,-53943.68,-53549.38,-53674.283291238506
pg0,2021-04-20,True,14595.57,14890.7,14740.497498479532,-359.67,-120.83,-257.9259622222222,-53741.43,-53557.42,-53633.05310409356
pg0,2021-04-21,True,14681.01,14808.31,14747.049213025779,-340.85,-208.67,-277.8167579422636,-53736.39,-53571.32,-53620.61481542133
pg0,2021-04-22,True,14655.15,14810.13,14749.134059429107,-336.92,-167.51,-271.57014412728125,-53824.7,-53570.61,-53625.753621782875
pg0,2021-04-23,True,14639.66,14834.23,14749.52220186063,-359.79,9.23,-256.17162073605994,-54036.04,-53561.23,-53637.79796582997
pg0,2021-04-24,True,14374.32,14918.56,14737.611810833889,-357.44,132.84,-265.0411676082863,-54208.91,-53576.36,-53639.71434267935
pg0,2021-04-25,True,14336.44,14895.45,14739.255671659257,-379.31,6.53,-267.16528153522114,-54132.74,-53581.17,-53655.89962754505
pg0,2021-04-26,True,14539.1,14891.87,14754.643620532373,-383.13,-31.46,-268.39000245602546,-54123.7,-53595.95,-53679.378966130236
pg0,2021-04-27,True,14685.52,14840.51,14747.150382357067,-349.58,-176.18,-273.10455179189665,-53737.21,-53578.47,-53645.8234656592
pg0,2021-04-28,True,14723.93,14785.27,14748.571497554582,-296.87,-232.54,-269.43204759787517,-53647.37,-53588.5,-53614.370449301474
pg0,2021-04-29,True,14663.77,14792.71,14737.018371037548,-327.77,-244.97,-274.9904123289274,-53711.17,-53558.36,-53612.89816200725
pg0,2021-04-30,True,14683.23,14764.51,14740.163026769738,-302.2,-217.23,-266.27284421158504,-53632.6,-53554.25,-53602.40442946191
pg0,2021-05-01,True,14688.16,14778.11,14742.33785840439,-334.51,-206.79,-265.3536669122893,-53679.04,-53566.39,-53606.10396703978
pg0,2021-05-02,True,14659.72,14840.56,14747.455833382073,-358.03,-237.7,-279.6429800325188,-53804.59,-53574.54,-53627.64566774673
pg0,2021-05-03,True,14648.93,14784.04,14734.841116608188,-307.83,-239.93,-269.5170683040936,-53653.76,-53561.47,-53603.67210760234
pg0,2021-05-04,True,14699.83,14767.03,14740.250549778333,-292.94,-236.64,-270.46000818818794,-53628.08,-53577.59,-53598.86464001218
pg0,2021-05-05,True,14719.36,14754.25,14740.58299483951,-288.42,-257.34,-273.0840856805177,-53622.16,-53579.7,-53600.432177820425
pg0,2021-05-06,True,14654.68,14770.31,14732.638371168265,-306.01,-256.7,-277.73939990409696,-53647.67,-53561.88,-53603.19656807365
pg0,2021-05-07,True,14699.77,14752.19,14740.575754690499,-292.23,-261.39,-274.1579830861367,-53609.02,-53573.78,-53593.70326919477
pg0,2021-05-08,True,14699.48,14759.35,14739.379677857058,-306.25,-260.98,-275.7956801965142,-53642.04,-53579.29,-53599.13700678442
pg0,2021-05-09,True,14684.52,14752.55,14737.107065227572,-288.71,-257.23,-274.26240283761,-53608.14,-53564.16,-53592.48338850909
pg0,2021-05-10,True,14705.87,14767.91,14736.748501047361,-309.94,-207.5,-267.4897351760617,-53627.79,-53563.81,-53586.23166992382
pg0,2021-05-11,True,14727.45,14775.77,14744.031373005202,-301.09,-251.13,-273.962720991407,-53626.03,-53583.57,-53595.6572926872
pg0,2021-05-12,True,14530.71,14805.2,14716.118728329786,-419.07,-110.04,-272.8471540369183,-53888.85,-53562.23,-53621.668680836636
pg0,2021-05-13,True,14692.32,14822.68,14745.646815714354,-317.62,-167.1,-272.1018776030699,-53768.7,-53579.06,-53627.60874257101
pg0,2021-05-14,True,14423.34,14808.55,14740.835051651322,-312.05,-137.31,-272.11377914526713,-53941.92,-53576.24,-53613.64854803047
pg0,2021-05-15,True,14363.06,14794.42,14738.30150736197,-362.95,-105.52,-280.2239724233104,-53916.12,-53572.78,-53612.12429157846
pg0,2021-05-16,True,14524.55,14769.26,14732.058081187284,-337.27,-234.3,-276.5202135522653,-53734.39,-53566.33,-53609.951447851614
pg0,2021-05-17,True,14680.42,14784.09,14736.26897556182,-323.66,-175.3,-268.8997454405073,-53670.65,-53558.3,-53603.83643640107
pg0,2021-05-18,True,14660.36,14840.68,14744.867496899353,-395.44,-229.55,-286.7248770271219,-53781.77,-53562.99,-53621.635940022934
pg0,2021-05-19,True,14467.73,14826.49,14743.24026564932,-294.93,-62.77,-267.42943137002493,-54053.28,-53577.18,-53607.78467601316
pg0,2021-05-20,True,14286.77,14831.83,14725.627527891476,-397.67,80.88,-266.93741807975675,-54224.98,-53543.05,-53658.81744146883
pg0,2021-05-21,True,14676.43,14818.28,14744.56229579722,-331.52,-192.25,-273.3254919231264,-53839.42,-53559.94,-53624.187681276395
pg0,2021-05-22,True,14686.52,14784.27,14737.093750877355,-309.71,-201.87,-268.3573318983669,-53751.99,-53568.03,-53621.256449277054
pg0,2021-05-23,True,14692.5,14800.4,14741.999954256164,-307.77,-223.62,-271.5406015723712,-53683.85,-53577.24,-53610.187372946784
pg0,2021-05-24,True,14701.65,14793.77,14742.013659144353,-309.12,-256.29,-276.2379193720095,-53681.15,-53588.97,-53608.6035368921
pg0,2021-05-25,True,14703.64,14771.49,14741.345929005845,-308.48,-215.65,-273.66549204678364,-53638.93,-53573.02,-53603.350881286555
pg0,2021-05-26,True,14649.69,14779.4,14735.987974002268,-322.67,-119.77,-267.4774160221835,-53711.7,-53542.29,-53600.18326995753
pg0,2021-05-27,True,14585.66,14850.83,14727.612551028762,-409.69,-177.83,-282.7497299130903,-53848.86,-53565.74,-53629.25716379502
pg0,2021-05-28,True,14698.89,14763.4,14739.871978191688,-297.51,-250.01,-273.92245869992513,-53648.49,-53570.79,-53599.87997543055
pg0,2021-05-29,True,14645.94,14764.74,14731.093987298096,-328.71,-242.45,-278.1017573304951,-53654.52,-53540.94,-53600.139041860144
pg0,2021-05-30,True,14702.82,14761.64,14741.776229778574,-296.69,-219.23,-273.6493313916084,-53651.13,-53576.71,-53596.24715279971
pg0,2021-05-31,True,14721.82,14765.51,14744.546681832006,-309.71,-257.28,-280.80966620663844,-53632.71,-53575.01,-53599.687814787954
pg0,2021-06-01,True,14723.05,14765.68,14743.180066113575,-302.79,-260.8,-279.39032460010066,-53623.8,-53581.05,-53596.77913443873
pg0,2021-06-02,True,14696.31,14760.99,14737.859469195311,-303.84,-257.75,-278.6731038678428,-53628.31,-53546.45,-53590.17879238131
pg0,2021-06-03,True,14681.53,14764.63,14739.379220358413,-343.37,-257.52,-289.8572971645143,-53688.65,-53547.86,-53597.9069842551
pg0,2021-06-04,True,14657.08,14765.68,14736.59625788482,-305.02,-247.67,-280.6914477641634,-53640.45,-53565.27,-53597.14049678755
pg0,2021-06-05,True,14708.98,14772.72,14740.510445265978,-304.02,-218.93,-278.7538406822888,-53650.19,-53567.33,-53597.01046117669
pg0,2021-06-06,True,14723.87,14779.93,14742.679928544696,-322.02,-260.33,-283.0206875380082,-53644.5,-53579.06,-53596.98460530009
pg0,2021-06-07,True,14680.71,14798.93,14738.318900747814,-330.53,-176.71,-270.42789453358137,-53713.75,-53540.88,-53597.46890496086
pg0,2021-06-08,True,14705.58,14807.26,14741.383082697972,-330.35,-234.71,-288.31235605032975,-53718.44,-53560.0,-53602.70050481781
pg0,2021-06-09,True,14711.26,14773.66,14741.65536642141,-320.38,-235.18,-288.8973331071834,-53745.24,-53575.83,-53601.98225023103
pg0,2021-06-10,True,14718.71,14769.44,14743.171824487934,-309.41,-221.69,-283.5609768736767,-53658.63,-53569.26,-53595.84473089476
pg0,2021-06-11,True,14625.71,14818.99,14724.577567374727,-390.51,-180.58,-293.6074396434754,-53755.62,-53571.73,-53638.55084616104
pg0,2021-06-12,True,14701.24,14836.46,14747.407392601779,-340.73,-191.14,-287.69382888839476,-53757.09,-53583.57,-53617.07389559173
pg0,2021-06-13,True,14714.02,14825.14,14744.8293064118,-340.44,-167.92,-280.7965193079326,-53862.52,-53577.83,-53612.87629598867
pg0,2021-06-14,True,14672.56,14759.29,14735.318667197234,-325.6,-257.93,-286.1117223970056,-53667.78,-53565.39,-53596.697873335244
pg0,2021-06-15,True,14746.8,14775.24,14758.70394958699,-311.29,-277.34,-296.21935110278463,-53607.91,-53583.16,-53594.72013539981
pg0,2021-06-16,False,,,,,,,,,
pg0,2021-06-17,False,,,,,,,,,
pg0,2021-06-18,False,,,,,,,,,
pg0,2021-06-19,False,,,,,,,,,
pg0,2021-06-20,False,,,,,,,,,
pg0,2021-06-21,False,,,,,,,,,
pg0,2021-06-22,False,,,,,,,,,
pg0,2021-06-23,False,,,,,,,,,
pg0,2021-06-24,False,,,,,,,,,
pg0,2021-06-25,False,,,,,,,,,
pg0,2021-06-26,False,,,,,,,,,
pg0,2021-06-27,False,,,,,,,,,
pg0,2021-06-28,False,,,,,,,,,
pg0,2021-06-29,False,,,,,,,,,
pg0,2021-06-30,False,,,,,,,,,
pg0,2021-07-01,False,,,,,,,,,
pg0,2021-07-02,False,,,,,,,,,
pg0,2021-07-03,False,,,,,,,,,
pg0,2021-07-04,False,,,,,,,,,
pg0,2021-07-05,False,,,,,,,,,
pg0,2021-07-06,False,,,,,,,,,
pg0,2021-07-07,False,,,,,,,,,
pg0,2021-07-08,False,,,,,,,,,
pg0,2021-07-09,False,,,,,,,,,
pg0,2021-07-10,False,,,,,,,,,
pg0,2021-07-11,False,,,,,,,,,
pg0,2021-07-12,False,,,,,,,,,
pg0,2021-07-13,False,,,,,,,,,
pg0,2021-07-14,False,,,,,,,,,
pg0,2021-07-15,False,,,,,,,,,
pg0,2021-07-16,False,,,,,,,,,
pg0,2021-07-17,False,,,,,,,,,
pg0,2021-07-18,False,,,,,,,,,
pg0,2021-07-19,False,,,,,,,,,
pg0,2021-07-20,False,,,,,,,,,
pg0,2021-07-21,False,,,,,,,,,
pg0,2021-07-22,False,,,,,,,,,
pg0,2021-07-23,False,,,,,,,,,
pg0,2021-07-24,False,,,,,,,,,
pg0,2021-07-25,False,,,,,,,,,
pg0,2021-07-26,False,,,,,,,,,
pg0,2021-07-27,False,,,,,,,,,
pg0,2021-07-28,False,,,,,,,,,
pg0,2021-07-29,False,,,,,,,,,
pg0,2021-07-30,False,,,,,,,,,
pg0,2021-07-31,False,,,,,,,,,
pg0,2021-08-01,False,,,,,,,,,
pg0,2021-08-02,False,,,,,,,,,
pg0,2021-08-03,False,,,,,,,,,
pg0,2021-08-04,False,,,,,,,,,
pg0,2021-08-05,False,,,,,,,,,
pg0,2021-08-06,False,,,,,,,,,
pg0,2021-08-07,False,,,,,,,,,
pg0,2021-08-08,False,,,,,,,,,
pg0,2021-08-09,False,,,,,,,,,
pg0,2021-08-10,False,,,,,,,,,
pg0,2021-08-11,False,,,,,,,,,
pg0,2021-08-12,False,,,,,,,,,
pg0,2021-08-13,False,,,,,,,,,
pg0,2021-08-14,False,,,,,,,,,
pg0,2021-08-15,False,,,,,,,,,
pg0,2021-08-16,False,,,,,,,,,
pg0,2021-08-17,False,,,,,,,,,
pg0,2021-08-18,False,,,,,,,,,
pg0,2021-08-19,False,,,,,,,,,
pg0,2021-08-20,False,,,,,,,,,
pg0,2021-08-21,False,,,,,,,,,
pg0,2021-08-22,False,,,,,,,,,
pg0,2021-08-23,False,,,,,,,,,
pg0,2021-08-24,False,,,,,,,,,
pg0,2021-08-25,False,,,,,,,,,
pg0,2021-08-26,False,,,,,,,,,
pg0,2021-08-27,False,,,,,,,,,
pg0,2021-08-28,False,,,,,,,,,
pg0,2021-08-29,False,,,,,,,,,
pg0,2021-08-30,False,,,,,,,,,
pg0,2021-08-31,False,,,,,,,,,
pg0,2021-09-01,False,,,,,,,,,
pg0,2021-09-02,False,,,,,,,,,
pg0,2021-09-03,False,,,,,,,,,
pg0,2021-09-04,False,,,,,,,,,
pg0,2021-09-05,False,,,,,,,,,
pg0,2021-09-06,False,,,,,,,,,
pg0,2021-09-07,False,,,,,,,,,
pg0,2021-09-08,False,,,,,,,,,
pg0,2021-09-09,False,,,,,,,,,
pg0,2021-09-10,False,,,,,,,,,
pg0,2021-09-11,False,,,,,,,,,
pg0,2021-09-12,False,,,,,,,,,
pg0,2021-09-13,False,,,,,,,,,
pg0,2021-09-14,False,,,,,,,,,
pg0,2021-09-15,False,,,,,,,,,
pg0,2021-09-16,False,,,,,,,,,
pg0,2021-09-17,False,,,,,,,,,
pg0,2021-09-18,False,,,,,,,,,
pg0,2021-09-19,False,,,,,,,,,
pg0,2021-09-20,False,,,,,,,,,
pg0,2021-09-21,False,,,,,,,,,
pg0,2021-09-22,False,,,,,,,,,
pg0,2021-09-23,False,,,,,,,,,
pg0,2021-09-24,False,,,,,,,,,
pg0,2021-09-25,False,,,,,,,,,
pg0,2021-09-26,False,,,,,,,,,
pg0,2021-09-27,False,,,,,,,,,
pg0,2021-09-28,False,,,,,,,,,
pg0,2021-09-29,False,,,,,,,,,
pg0,2021-09-30,False,,,,,,,,,
pg0,2021-10-01,False,,,,,,,,,
pg0,2021-10-02,False,,,,,,,,,
pg0,2021-10-03,False,,,,,,,,,
pg0,2021-10-04,False,,,,,,,,,
pg0,2021-10-05,False,,,,,,,,,
pg0,2021-10-06,False,,,,,,,,,
pg0,2021-10-07,False,,,,,,,,,
pg0,2021-10-08,False,,,,,,,,,
pg0,2021-10-09,False,,,,,,,,,
pg0,2021-10-10,True,14572.4,14813.41,14700.089663207646,-368.58,-136.49,-263.90840110962705,-53658.57,-53493.09,-53563.086060824004
pg0,2021-10-11,True,14626.53,14897.68,14748.675849800484,-411.45,-31.58,-273.0957361831259,-53760.78,-53521.77,-53602.66944254618
pg0,2021-10-12,True,14429.21,15047.27,14726.415624181476,-553.59,-168.68,-301.6659923994387,-53882.87,-53527.63,-53633.432986318985
pg0,2021-10-13,True,14661.6,14817.34,14730.767087773893,-344.01,-222.33,-292.46238555936407,-53665.44,-53516.43,-53584.79615072355
pg0,2021-10-14,True,14589.41,14856.93,14732.905001755247,-365.47,-145.75,-279.71355987736666,-53657.93,-53513.56,-53587.53434669663
pg0,2021-10-15,True,14703.64,14853.7,14762.329350611362,-377.32,-186.56,-293.44516749546597,-53627.2,-53543.81,-53580.46452430819
pg0,2021-10-16,True,14679.95,14935.44,14768.093013580055,-365.77,-233.94,-303.1839827822161,-53740.96,-53529.68,-53576.183483910965
pg0,2021-10-17,True,14529.07,14860.62,14688.465713099218,-423.53,-87.81,-269.9080650632852,-53764.65,-53535.02,-53602.140655195006
pg0,2021-10-18,True,14620.55,14839.51,14730.285809376719,-378.55,-179.18,-278.1412888015258,-53723.9,-53512.97,-53584.1349168685
pg0,2021-10-19,True,14620.25,14881.32,14747.342635605411,-372.22,-214.71,-296.4958923579024,-53721.73,-53516.96,-53585.774988360805
pg0,2021-10-20,True,14667.81,14816.52,14752.890717596387,-361.19,-229.14,-296.48946042744444,-53621.69,-53534.49,-53569.14067791849
pg0,2021-10-21,True,14655.73,14838.86,14750.198927301231,-384.42,-98.02,-292.7111196125228,-53763.48,-53511.74,-53572.35121425897
pg0,2021-10-22,True,14694.02,14795.06,14756.205001871082,-354.16,-201.28,-295.59382250444384,-53625.85,-53538.54,-53573.5327656937
pg0,2021-10-23,True,14703.7,14822.39,14755.161122039646,-341.55,-244.85,-297.9802933161803,-53629.13,-53530.68,-53566.68383147185
pg0,2021-10-24,True,14680.36,14860.8,14759.345984438074,-365.47,-228.78,-294.84007792663664,-53658.4,-53507.58,-53562.39067021588
pg0,2021-10-25,True,14657.43,14848.31,14771.256952554746,-388.52,-241.98,-300.2899705221786,-53681.85,-53504.29,-53571.126286964245
pg0,2021-10-26,True,14665.7,14855.34,14753.883976723786,-340.85,-204.74,-294.1322836423183,-53658.92,-53527.04,-53571.81266272881
pg0,2021-10-27,True,14690.86,14846.72,14759.747590672969,-349.17,-253.71,-299.4496566126919,-53643.5,-53518.19,-53569.873164779114
pg0,2021-10-28,True,14708.51,14818.16,14760.03509396452,-344.31,-263.38,-296.92041211072257,-53630.95,-53506.58,-53564.90003099015
pg0,2021-10-29,True,14701.41,14809.95,14760.897054275354,-338.56,-234.77,-296.1008988185753,-53611.43,-53504.52,-53554.83462896245
pg0,2021-10-30,True,14689.39,14912.11,14777.09337225082,-389.99,-53.22,-280.6345842302293,-53807.81,-53512.85,-53580.68141424894
pg0,2021-10-31,True,14474.65,14916.39,14718.876511434852,-459.3,-93.85,-278.83997825273593,-53726.01,-53500.71,-53576.18769385464
pg0,2021-11-01,True,14660.36,14866.31,14759.985195520921,-385.06,-155.13,-297.36674868950666,-53669.13,-53493.74,-53569.61417942057
pg0,2021-11-02,True,14571.99,14927.47,14739.056265470368,-459.59,-127.81,-273.85422326462816,-53899.23,-53448.47,-53614.1919087336
pg0,2021-11-03,True,13953.99,14883.67,14708.215622193638,-354.92,337.67,-247.20352525724977,-54056.45,-53443.25,-53568.21909260992
pg0,2021-11-04,True,14139.64,14978.9,14667.837099842078,-794.13,34.15,-315.9507278469907,-54369.47,-53398.74,-53717.66369573609
pg0,2021-11-05,True,14526.02,14869.3,14748.566182913984,-370.4,-103.24,-276.9203139847864,-53681.74,-53507.75,-53587.60312486835
pg0,2021-11-06,True,14560.73,14893.34,14764.718811250996,-432.09,-117.13,-284.74140192820704,-53666.08,-53484.18,-53568.85524324894
pg0,2021-11-07,True,14688.16,14879.38,14773.411262074611,-369.7,-166.98,-299.6188151093439,-53654.64,-53493.62,-53577.07316454216
pg0,2021-11-08,True,14659.43,14840.74,14754.912520231077,-350.58,-121.18,-280.17732060997287,-53633.24,-53502.94,-53570.98708403498
pg0,2021-11-09,True,14603.66,14881.14,14747.009885987582,-364.13,-171.85,-279.6795794988131,-53737.56,-53475.26,-53589.0434949776
pg0,2021-11-10,True,14574.28,14860.97,14752.779766970973,-434.67,-206.21,-296.1965972612359,-53706.25,-53496.85,-53578.19554904026
pg0,2021-11-11,True,14598.97,14820.57,14749.33332998035,-353.39,-259.86,-302.55979683260034,-53661.21,-53503.53,-53573.40969168148
pg0,2021-11-12,True,14666.64,14896.8,14770.535270115346,-373.39,-252.42,-295.0973126506165,-53644.09,-53517.13,-53575.88893369364
pg0,2021-11-13,True,14689.45,14829.19,14764.880362636719,-350.58,-221.34,-291.4337810142131,-53651.07,-53498.84,-53569.003089898804
pg0,2021-11-14,True,14708.27,14865.84,14773.305590747414,-364.77,-221.16,-291.5244604998362,-53644.26,-53496.9,-53564.0590247812
pg0,2021-11-15,True,14595.51,14862.32,14736.273372415488,-365.88,-101.36,-278.75306584289905,-53625.26,-53513.44,-53558.330958214865
pg0,2021-11-16,True,14606.53,14953.27,14781.627977261294,-420.19,-176.18,-301.96166189044715,-53609.37,-53428.59,-53542.45933947808
pg0,2021-11-17,True,14643.36,14938.9,14767.390280678776,-502.75,-158.48,-295.47329002303906,-53718.09,-53488.17,-53566.40931222004
pg0,2021-11-18,True,14679.13,14852.65,14764.014472040242,-405.76,-201.93,-296.4558627749181,-53629.72,-53512.91,-53558.60685797847
pg0,2021-11-19,True,14642.42,14834.76,14759.363509506325,-373.33,-211.95,-290.4217677322794,-53650.66,-53491.27,-53559.37996702602
pg0,2021-11-20,True,14565.25,14920.9,14762.323057946942,-415.2,-158.36,-289.7149933327095,-53605.15,-53475.67,-53546.18746806719
pg0,2021-11-21,True,14494.71,14934.98,14764.865139161755,-424.58,-65.0,-285.40018979792313,-53771.34,-53458.55,-53557.09379046217
pg0,2021-11-22,True,14670.8,14981.95,14756.37678022235,-402.89,-162.64,-272.9933059098889,-53741.61,-53483.88,-53578.60027559977
pg0,2021-11-23,True,14507.9,14844.32,14749.35038879721,-415.32,-99.6,-280.438944676568,-53748.82,-53450.81,-53568.13589644558
pg0,2021-11-24,True,14680.42,14861.79,14771.60295502135,-372.39,-197.88,-284.84190548049366,-53661.56,-53506.76,-53562.97083441538
pg0,2021-11-25,True,14682.71,14879.03,14776.14182741473,-386.64,-210.9,-286.08102474697245,-53677.81,-53495.49,-53569.31470110572
pg0,2021-11-26,True,14672.74,14873.76,14769.798595892013,-371.98,-233.83,-291.2709437140318,-53672.94,-53494.44,-53574.51913793103
pg0,2021-11-27,True,14613.51,14960.54,14750.25955114175,-356.09,-119.54,-280.4723091328316,-53634.47,-53445.24,-53553.21911515818
pg0,2021-11-28,True,14687.16,14988.57,14794.050144932624,-410.16,-114.44,-271.66066570746773,-53684.43,-53489.28,-53558.795913812464
pg0,2021-11-29,True,14671.1,14934.45,14783.805675125475,-403.59,-154.9,-279.28341172066035,-53699.74,-53512.38,-53569.11497022452
pg0,2021-11-30,True,14593.87,14900.26,14746.890863992516,-337.33,19.25,-255.97441901531985,-53639.92,-53453.04,-53560.78635633259
pg0,2021-12-01,True,14450.55,14908.94,14710.171254811572,-438.07,-99.31,-274.8329284786653,-53853.37,-53451.69,-53595.66934118005
pg0,2021-12-02,True,14407.1,14854.05,14710.872414148153,-421.77,-203.1,-280.6640630886775,-53841.35,-53486.7,-53579.7376204851
pg0,2021-12-03,True,14346.82,14873.4,14682.005513678594,-416.67,-158.65,-267.1337992324074,-53866.92,-53481.83,-53580.443352133116
pg0,2021-12-04,True,14535.4,14949.52,14718.741374461912,-376.97,-165.63,-259.0163389013663,-53784.94,-53460.66,-53581.54739940108
pg0,2021-12-05,True,14546.72,14833.47,14717.290044339412,-358.03,-121.59,-262.9490272236976,-53684.67,-53407.24,-53564.7476156159
pg0,2021-12-06,True,14563.73,14820.86,14718.889002163618,-386.58,-100.36,-266.4706364540085,-53755.74,-53453.1,-53572.031266358696
pg0,2021-12-07,True,14645.06,14817.4,14723.752537540347,-354.1,-116.25,-268.839448004865,-53650.72,-53449.4,-53558.76581243861
pg0,2021-12-08,True,14650.1,14796.88,14732.802791043205,-395.73,-199.29,-272.531713794354,-53689.71,-53475.56,-53571.32626098249
pg0,2021-12-09,True,14658.72,14807.73,14741.397431379432,-342.84,-201.81,-277.50721925821927,-53656.99,-53474.38,-53564.12853235053
pg0,2021-12-10,True,14629.46,14859.98,14742.82722099402,-349.41,-149.5,-271.73592085716626,-53672.29,-53469.69,-53558.65880607315
pg0,2021-12-11,True,14702.47,14952.27,14788.171628905293,-390.75,-225.21,-276.0395638239388,-53693.99,-53491.62,-53564.877360368686
pg0,2021-12-12,True,14707.69,14891.82,14782.848582041535,-357.85,-170.56,-279.67597402749345,-53682.44,-53458.32,-53548.471486048555
pg0,2021-12-13,True,14496.82,14823.09,14734.397722568496,-423.7,-194.66,-272.2268540455837,-53748.29,-53491.33,-53579.83009460551
pg0,2021-12-14,True,14613.75,14854.29,14734.686937805627,-345.19,-213.54,-279.2553238534749,-53705.13,-53469.58,-53559.974455283336
pg0,2021-12-15,True,14539.1,14956.09,14795.352782870372,-456.6,-146.75,-286.761578125,-53660.15,-53382.73,-53520.77126793982
pg0,2021-12-16,True,14644.53,14960.48,14785.028585300926,-431.8,-201.52,-283.70086979166666,-53803.0,-53460.19,-53561.89278958334
pg0,2021-12-17,True,14614.68,15028.56,14769.435908271395,-1563.67,-105.11,-275.7938757255354,-55698.13,-53277.7,-53556.73673052541
pg0,2021-12-18,True,14577.39,14917.32,14756.618214140477,-468.5,-133.26,-287.3144267704642,-55698.13,-53390.47,-53559.016455469704
pg0,2021-12-19,True,14563.67,14971.1,14763.682612010334,-391.45,-6.48,-256.9569553580739,-53673.17,-53313.71,-53550.01228516145
pg0,2021-12-20,True,14350.51,15002.0,14781.464964750228,-1563.67,-65.47,-281.51002291816934,-55698.13,-53353.53,-53526.52667279369
pg0,2021-12-21,True,14563.61,15035.78,14782.51414934025,-445.11,-79.84,-282.39492116919695,-53686.49,-53271.72,-53549.42392973598
pg0,2021-12-22,True,14331.86,14943.3,14764.819453591253,-1563.67,-146.57,-277.9798823816269,-55698.13,-53434.8,-53553.921541810836
pg0,2021-12-23,True,14658.49,14921.66,14797.301084977944,-378.08,-193.01,-273.46394613420017,-53735.33,-53450.17,-53549.11015289064
pg0,2021-12-24,True,14633.33,14909.58,14775.523145833333,-397.32,-93.8,-270.80927280092595,-53693.29,-53451.34,-53538.0502136574
pg0,2021-12-25,True,14320.02,14894.16,14712.90467946564,-415.85,-77.79,-279.30602324207206,-53768.76,-53195.38,-53564.84393690114
pg0,2021-12-26,True,14654.03,14923.13,14778.497345220234,-380.31,-93.8,-273.71344952719915,-53697.57,-53231.5,-53552.16648417599
pg0,2021-12-27,True,14282.78,14964.59,14741.880308549711,-432.56,-146.63,-272.3284506471086,-53857.65,-53433.98,-53590.28121774595
pg0,2021-12-28,True,14361.18,14917.38,14673.784177418414,-458.83,-123.0,-254.6531777092665,-53937.76,-53422.67,-53581.164087603975
pg0,2021-12-29,False,,,,,,,,,
pg0,2021-12-30,True,14566.77,14849.89,14713.357066898147,-420.65,-164.93,-280.1751209490741,-53812.44,-53488.17,-53593.56526296297
pg0,2021-12-31,True,14588.3,14803.62,14714.096809337165,-339.09,-194.71,-271.67760088594093,-53684.26,-53445.83,-53554.635814856905
pg0,2022-01-01,True,14471.31,14887.42,14686.72874730622,-426.05,-85.82,-243.291927470745,-53849.45,-53354.29,-53563.46132939405
pg0,2022-01-02,True,14448.5,14831.24,14684.493901786545,-421.36,-110.1,-250.03874558016187,-53785.82,-53399.27,-53578.51336024007
pg0,2022-01-03,True,14373.44,14953.86,14714.017551851852,-446.28,-104.94,-258.64102083333336,-53891.67,-53478.67,-53607.59805069445
pg0,2022-01-04,True,14491.19,14907.94,14714.933360879631,-389.05,-120.07,-266.8613775462963,-53758.61,-53455.44,-53567.973542361106
pg0,2022-01-05,True,14600.08,14762.63,14701.73178935185,-359.02,-185.68,-259.8669585648148,-53749.7,-53467.29,-53568.86406365741
pg0,2022-01-06,False,,,,,,,,,
pg0,2022-01-07,True,14671.86,14763.81,14726.540600347224,-333.34,-218.99,-276.5213232638889,-53628.84,-53504.7,-53568.47885300926
pg0,2022-01-08,True,14512.47,14816.23,14681.508336458333,-364.36,-70.87,-255.05190173611115,-53750.52,-53468.11,-53564.794238078706
pg0,2022-01-09,True,14598.15,14995.78,14771.931187499998,-426.28,-179.7,-295.1286460648148,-53656.17,-53433.4,-53539.938573263884
pg0,2022-01-10,True,14526.08,15000.42,14763.67245371398,-425.76,-141.06,-268.0990453106566,-53742.84,-53404.9,-53565.08050099872
pg0,2022-01-11,True,14621.37,14875.16,14768.148462629151,-1563.67,-187.85,-285.5265897283916,-55698.13,-53426.71,-53551.123212579754
pg0,2022-01-12,True,14609.05,14825.32,14731.201750756634,-357.79,-205.5,-284.57523696325245,-53629.19,-53449.52,-53546.97464301865
pg0,2022-01-13,True,14669.63,14831.89,14757.66931400463,-347.06,-192.78,-277.15149733796295,-53692.06,-53450.22,-53561.453577083324
pg0,2022-01-14,True,14548.95,14889.29,14746.074969444444,-395.62,38.49,-249.10326180555555,-53696.75,-53371.7,-53535.12323078703
pg0,2022-01-15,True,14517.46,14971.68,14774.229086689815,-409.63,20.95,-245.98926481481482,-53716.57,-53320.22,-53533.63945879629
pg0,2022-01-16,True,14539.04,14960.43,14771.096893402779,-431.68,-92.45,-274.8092888888889,-53689.47,-53410.35,-53552.88064826389
pg0,2022-01-17,True,14608.06,14965.64,14731.92000289352,-385.94,-51.52,-260.84122141203704,-53733.22,-53429.41,-53548.56666759259
pg0,2022-01-18,True,14561.61,14887.3,14745.767102083331,-499.64,-1.5,-253.4773777777778,-53844.05,-53413.93,-53581.68201550925
pg0,2022-01-19,True,14588.77,15018.77,14772.843146412039,-414.44,-16.68,-255.29360995370368,-53816.9,-53488.52,-53584.345803819444
pg0,2022-01-20,True,14648.64,14861.09,14729.002714351855,-344.66,101.64,-278.98952488425925,-53833.85,-53512.27,-53580.50915509259
pg0,2022-01-21,True,14598.26,14822.39,14732.11781036598,-359.32,-70.46,-265.67226058473574,-53656.29,-53460.43,-53562.701366351066
pg0,2022-01-22,True,14520.16,14926.59,14752.721299305558,-403.3,-5.25,-263.4999908564815,-53726.19,-53458.32,-53563.5889144676
pg0,2022-01-23,True,14663.12,14893.93,14772.431640162038,-390.04,-135.96,-275.7075834490741,-53723.78,-53484.88,-53583.57955752315
pg0,2022-01-24,True,14600.08,14848.6,14754.515509027779,-344.13,-147.63,-272.6894414351852,-53669.77,-53487.64,-53567.62548993056
pg0,2022-01-25,True,14350.33,14922.95,14706.68658576389,-415.96,-156.13,-273.6271755787037,-53801.89,-53448.41,-53568.700967708326
pg0,2022-01-26,True,14567.07,14777.41,14686.657519328704,-438.6,-153.02,-267.7739815972222,-53810.63,-53479.9,-53585.292334143516
pg0,2022-01-27,True,14423.28,14863.67,14701.039834375,-385.94,-175.42,-272.41541956018517,-53688.19,-53458.44,-53547.35064444445
pg0,2022-01-28,True,14508.31,14827.61,14677.735571296298,-361.9,-95.5,-262.5880398148148,-53840.12,-53440.67,-53587.06954351851
pg0,2022-01-29,True,14393.49,14989.1,14702.065795949075,-449.39,-128.69,-270.92299791666665,-53868.45,-53496.26,-53606.608062962965
pg0,2022-01-30,True,14528.01,14846.02,14721.886139814815,-379.25,-114.73,-262.21007152777776,-53931.19,-53468.05,-53608.641736921294
pg0,2022-01-31,True,14361.83,14908.76,14692.641188541667,-509.2,-154.61,-287.39346423611113,-53909.9,-53494.2,-53611.526724537034
pg0,2022-02-01,True,14567.48,14805.67,14703.581260416668,-383.01,-115.37,-268.33853125,-53703.37,-53462.25,-53580.97276226852
pg0,2022-02-02,True,14509.25,14780.4,14669.228585416666,-368.47,-47.35,-267.1074479166667,-53677.75,-53470.57,-53559.901668865736
pg0,2022-02-03,True,14488.2,14978.9,14717.801231134257,-669.58,-10.53,-261.4163537037037,-54220.64,-53347.31,-53630.99134652778
pg0,2022-02-04,True,14379.77,15034.31,14739.575413425924,-473.31,-49.4,-281.0900748842593,-53744.6,-53413.22,-53570.737897106475
pg0,2022-02-05,True,14608.41,14969.98,14785.486656597224,-450.85,-167.45,-282.26204027777777,-53696.04,-53460.54,-53574.660464583336
pg0,2022-02-06,True,14476.82,14958.31,14744.115109259259,-433.2,-76.73,-274.9829197916667,-53731.11,-53474.44,-53593.91555405094
pg0,2022-02-07,True,14634.33,14863.38,14748.06602650463,-364.13,-153.14,-277.9351155092592,-53679.1,-53451.69,-53571.201724074075
pg0,2022-02-08,True,14641.89,14856.05,14746.642619791666,-390.22,-152.55,-285.33740416666666,-53668.01,-53498.31,-53561.593905787035
pg0,2022-02-09,True,14665.35,14834.76,14744.17485405093,-332.99,-210.96,-279.91395185185183,-53657.99,-53519.77,-53571.62923761573
pg0,2022-02-10,True,14472.01,14934.92,14758.387655324075,-388.4,1.13,-248.21783564814814,-53664.96,-53472.27,-53561.47568437499
pg0,2022-02-11,True,14464.15,14969.63,14768.329077546296,-474.43,43.35,-262.97486597222223,-53678.51,-53357.63,-53557.10349166667
pg0,2022-02-12,True,14601.37,14886.36,14741.163280787037,-436.84,-67.0,-283.85675844907405,-53652.24,-53431.87,-53536.69420543982
pg0,2022-02-13,True,14572.29,14965.94,14743.48826597222,-453.02,-87.05,-276.101587962963,-53721.96,-53472.63,-53580.14699768519
pg0,2022-02-14,True,14564.19,14876.04,14735.815608796294,-424.06,-109.45,-287.5369008101852,-53734.51,-53507.4,-53576.65373148148
pg0,2022-02-15,True,14649.93,14823.15,14730.201838541665,-369.87,-186.33,-281.79103773148154,-53642.33,-53490.27,-53570.15170069444
pg0,2022-02-16,True,14630.99,14863.02,14746.759111458334,-379.78,-89.51,-273.8252133101852,-53664.44,-53483.36,-53554.89295462963
pg0,2022-02-17,True,14635.56,14828.31,14728.455875,-353.57,-173.37,-282.29156805555556,-53665.44,-53532.73,-53569.70845127315
pg0,2022-02-18,True,14624.36,14838.4,14743.839923263888,-378.43,-172.96,-284.8848271990741,-53711.88,-53495.85,-53562.63087638888
pg0,2022-02-19,True,14554.4,14871.47,14750.893064814814,-405.12,-71.63,-284.45784363425923,-53679.45,-53486.4,-53573.36984166667
pg0,2022-02-20,True,14553.11,14959.43,14704.995223958333,-355.8,-52.98,-274.9503659722222,-53663.85,-53495.55,-53574.31400023147
pg0,2022-02-21,True,14277.27,14920.96,14664.610995254081,-1563.67,-8.36,-278.27965921981706,-55698.13,-53312.77,-53575.95072763051
pg0,2022-02-22,True,14445.98,14875.51,14712.430334853467,-476.66,-121.47,-279.01490115283116,-53865.75,-53498.49,-53629.67518426779
pg0,2022-02-23,True,14564.37,14811.66,14702.070047569447,-404.94,-146.98,-275.43221608796296,-53711.17,-53504.0,-53578.420649884254
pg0,2022-02-24,True,14627.76,14862.44,14729.22665439815,-391.8,-133.2,-277.04489884259254,-53701.79,-53499.83,-53582.72687928242
pg0,2022-02-25,True,14537.92,14811.54,14695.616504976855,-421.59,-150.91,-284.1659957175926,-53811.8,-53513.09,-53588.24719502314
pg0,2022-02-26,True,14661.24,14749.38,14705.470439814815,-345.48,-253.88,-291.1098329861111,-53638.52,-53510.39,-53574.09973449074
pg0,2022-02-27,True,14560.03,14879.74,14690.904591435183,-430.39,-227.2,-296.9473277777778,-53832.2,-53476.2,-53582.04297905092
pg0,2022-02-28,True,14515.76,14869.36,14690.490765509257,-433.5,-110.51,-286.7629965277778,-55698.13,-53508.34,-53580.652598611116
pg0,2022-03-01,True,14538.39,14782.92,14692.367646875,-373.27,-206.74,-284.94385416666665,-53741.43,-53495.67,-53589.429285995364
pg0,2022-03-02,True,14655.32,14777.59,14719.71734189815,-355.86,-231.89,-295.9477035879629,-53644.2,-53518.77,-53577.41213009259
pg0,2022-03-03,True,14599.2,14760.23,14702.56340115741,-347.18,-211.95,-285.7562417824074,-53630.07,-53499.72,-53572.98376087964
pg0,2022-03-04,True,14615.86,14901.37,14732.066001273148,-390.63,-73.68,-281.0831016203703,-53723.13,-53511.92,-53573.7968193287
pg0,2022-03-05,True,14390.5,14977.2,14694.825194169136,-1563.67,87.98,-267.7811556363468,-55698.13,-53276.65,-53588.38887064653
pg0,2022-03-06,True,13278.1,15104.21,14730.562929864778,-1563.67,144.33,-290.40904105307027,-55698.13,-53339.51,-53605.76779313699
pg0,2022-03-07,True,14531.3,14856.75,14714.099536111113,-384.3,-7.59,-285.9679185185185,-53750.35,-53524.05,-53585.14711701389
pg0,2022-03-08,True,14670.04,14874.11,14731.00399652778,-344.31,-134.02,-281.9039447916666,-53759.38,-53526.69,-53591.046870486105
pg0,2022-03-09,True,14670.22,14831.36,14725.407881481482,-346.71,-97.02,-289.41015034722227,-53750.46,-53523.99,-53584.997121643515
pg0,2022-03-10,True,14551.7,14846.08,14703.971502314816,-400.07,-141.29,-282.6181142361111,-53701.56,-53490.8,-53583.40946805556
pg0,2022-03-11,True,14580.26,14952.33,14727.713702546298,-443.58,-49.7,-281.72099039351855,-53834.96,-53302.63,-53593.1293130787
pg0,2022-03-12,True,14672.8,14934.33,14747.374885416666,-373.16,-46.82,-286.41311666666667,-53707.42,-53533.61,-53596.52953807871
pg0,2022-03-13,True,14384.29,14829.36,14693.448512268518,-562.15,11.16,-292.1033581018519,-53766.82,-53423.66,-53581.21052106481
pg0,2022-03-14,True,14547.42,14919.08,14697.872745613224,-448.45,13.33,-293.23396708180934,-55698.13,-53389.71,-53589.1270164128
pg0,2022-03-15,True,14378.77,14962.36,14717.652297735378,-1563.67,-142.53,-299.73182952808776,-55698.13,-53363.61,-53581.4951901079
pg0,2022-03-16,True,14650.28,14807.43,14711.87853263889,-352.93,-225.68,-298.71091620370373,-53646.67,-53539.71,-53578.28583321759
pg0,2022-03-17,True,13278.1,14885.13,14724.015706725646,-1563.67,-140.3,-306.03745541711055,-55698.13,-53295.12,-53583.06897829914
pg0,2022-03-18,True,14669.22,14822.27,14725.532211393782,-340.55,-202.22,-303.0491525266789,-53641.45,-53562.46,-53586.1721554897
pg0,2022-03-19,True,13278.1,14945.12,14717.470605592765,-1563.67,-105.23,-299.6503020418587,-55698.13,-53313.12,-53584.76384668067
pg0,2022-03-20,True,14667.11,14860.68,14733.388649537039,-400.01,-205.27,-307.0527320601852,-53660.51,-53547.57,-53583.61766053241
pg0,2022-03-21,True,14332.92,14898.62,14697.594528236355,-1563.67,-100.6,-295.002149389891,-55698.13,-53274.42,-53576.13917895761
pg0,2022-03-22,True,13278.1,15004.58,14707.801030018069,-1563.67,-86.05,-294.492442558021,-55698.13,-53292.36,-53585.13480833372
pg0,2022-03-23,True,14644.24,14791.42,14701.471243055554,-367.7,-250.01,-307.3024174768519,-53643.27,-53532.97,-53581.882925115744
pg0,2022-03-24,True,14594.81,14749.73,14697.981031018518,-370.46,-204.51,-300.7149498842592,-53633.06,-53492.86,-53577.926033449075
pg0,2022-03-25,True,14444.22,14834.29,14698.650035078377,-1563.67,-167.86,-308.590126189539,-55698.13,-53293.89,-53597.34891060223
pg0,2022-03-26,True,14575.57,14760.58,14690.113118634257,-341.9,-211.31,-295.8143185185185,-53634.12,-53525.05,-53580.71752511574
pg0,2022-03-27,True,14504.15,14788.14,14679.234860297693,-404.35,-132.79,-288.11047211741015,-53705.95,-53525.22,-53589.71625222806
pg0,2022-03-28,True,13278.1,14892.4,14714.323087438024,-1563.67,-96.96,-298.96875990454566,-55698.13,-53283.92,-53599.84130288217
pg0,2022-03-29,True,14366.46,14929.52,14698.767509551044,-1563.67,-103.18,-297.68739262312164,-55698.13,-53295.71,-53589.62058325038
pg0,2022-03-30,True,14642.3,14783.68,14705.36135335648,-361.02,-125.81,-297.571147337963,-53768.35,-53539.53,-53588.34895046296
pg0,2022-03-31,True,14535.17,14881.85,14714.435444097224,-471.5,-186.62,-318.33710740740736,-53693.7,-53409.06,-53573.61191435186
pg0,2022-04-01,True,13278.1,14917.62,14671.014759850648,-1563.67,-39.85,-293.9380924882302,-55698.13,-53215.72,-53657.291936849186
pg0,2022-04-02,True,14294.51,15061.05,14727.414676186503,-1563.67,5.59,-295.8634960507725,-55698.13,-53299.17,-53641.15594364534
pg0,2022-04-03,True,14502.39,14996.9,14732.791133532462,-1563.67,-16.57,-293.6283274289154,-55698.13,-53337.99,-53597.518317819755
pg0,2022-04-04,True,14301.49,14888.77,14719.001986458336,-443.29,208.48,-310.5968756944444,-54041.43,-53551.61,-53623.59527777778
pg0,2022-04-05,True,14644.12,14817.17,14719.73966400463,-408.69,-263.03,-310.45104143518523,-53749.88,-53541.59,-53591.29457476852
pg0,2022-04-06,True,14651.74,14803.33,14717.807565277779,-391.86,-220.34,-308.72914872685186,-53669.71,-53541.59,-53589.215590162035
pg0,2022-04-07,True,14570.29,14844.61,14701.508877546295,-435.08,-135.2,-306.724543287037,-53847.8,-53532.56,-53597.812105902776
pg0,2022-04-08,True,14690.27,14850.53,14730.882254629629,-353.51,-128.39,-308.75544942129625,-53677.1,-53560.06,-53592.66770300926
pg0,2022-04-09,True,14538.57,14825.49,14697.180240393518,-510.26,-183.93,-334.6964359953704,-53888.38,-53542.17,-53640.25177256944
pg0,2022-04-10,True,14612.22,14904.95,14706.374025,-648.0,-157.3,-318.8853262731481,-54047.42,-53526.58,-53612.54881851852
pg0,2022-04-11,True,13278.1,15034.25,14714.026153183962,-1563.67,-132.09,-325.04806053837746,-55698.13,-53303.69,-53611.45136060119
pg0,2022-04-12,True,13278.1,14905.36,14691.476934658236,-1563.67,-34.69,-304.1081605401524,-55698.13,-53296.59,-53589.379297940846
pg0,2022-04-13,True,14565.9,14818.81,14719.874036440246,-439.65,-174.84,-321.47881580775106,-53853.79,-53454.51,-53617.09367562625
pg0,2022-04-14,True,14365.23,14912.63,14677.544406004768,-1563.67,-57.38,-291.56373978564324,-55698.13,-53301.34,-53629.58733697539
pg0,2022-04-15,True,14359.54,14918.97,14693.082208211754,-1563.67,-101.24,-309.8192408874068,-55698.13,-53341.45,-53618.73734021119
pg0,2022-04-16,True,14608.88,14750.61,14693.660866631168,-372.75,-185.8,-313.4408849199,-53692.7,-53533.44,-53589.065612788225
pg0,2022-04-17,True,14545.61,14774.71,14698.793502777777,-385.24,-190.49,-310.91472245370363,-53695.69,-53515.72,-53600.80670798611
pg0,2022-04-18,True,14587.36,14753.54,14689.106509027779,-413.03,-247.9,-316.9178283564815,-53672.35,-53545.98,-53588.493874652784
pg0,2022-04-19,True,14532.41,14890.76,14708.513330555556,-529.43,-218.46,-317.9617082175926,-55698.13,-53535.43,-53592.409142592594
pg0,2022-04-20,True,14620.9,14781.51,14713.978673842594,-370.22,-203.92,-307.76212604166665,-53748.0,-53536.43,-53595.80446168981
pg0,2022-04-21,True,13278.1,14907.53,14702.649765793814,-1563.67,-125.75,-334.15763261228193,-55698.13,-53290.08,-53606.19835869792
pg0,2022-04-22,True,13278.1,14925.24,14700.043919919757,-1563.67,-127.69,-320.39570020644044,-55698.13,-53275.95,-53583.912519856785
pg0,2022-04-23,True,14356.96,14937.56,14688.18175643757,-1563.67,-157.42,-320.7045920942942,-55698.13,-53318.28,-53594.53214164969
pg0,2022-04-24,True,14656.85,14759.29,14705.646922800925,-368.17,-283.38,-320.22792395833335,-53620.81,-53544.52,-53581.500331481475
pg0,2022-04-25,True,14591.23,14725.86,14692.783600578705,-389.34,-284.79,-321.73473680555554,-53661.21,-53538.36,-53582.44633194444
pg0,2022-04-26,True,14658.84,14730.61,14703.103382175927,-349.88,-301.56,-320.39946226851856,-53610.19,-53544.46,-53576.73943344907
pg0,2022-04-27,True,14481.4,14765.15,14685.75452025463,-381.37,-246.96,-314.84243310185184,-53627.67,-53559.35,-53584.099256249996
pg0,2022-04-28,True,14511.71,14822.27,14699.476624074076,-519.93,-211.31,-316.4797854166667,-53898.53,-53535.66,-53610.20542708333
pg0,2022-04-29,True,14590.99,14829.13,14700.47847824074,-442.47,-242.45,-326.9266429398148,-53848.74,-53537.19,-53607.02410092592
pg0,2022-04-30,True,14560.5,14872.29,14716.975693055558,-430.68,-132.97,-323.6141362268518,-53869.62,-53544.81,-53627.79554814815
pg0,2022-05-01,True,14646.64,14803.09,14712.783966435185,-397.67,-254.35,-326.51354224537033,-53706.42,-53550.26,-53599.52837268518
pg0,2022-05-02,True,14674.67,14755.3,14704.770658564816,-350.7,-263.97,-317.465503587963,-53710.88,-53546.69,-53591.56493310186
pg0,2022-05-03,True,14638.73,14798.46,14708.341320486114,-374.04,-225.09,-323.5032126157407,-53722.96,-53535.49,-53591.78959143518
pg0,2022-05-04,True,14611.34,14767.91,14709.644721875,-417.78,-189.79,-325.73610937499996,-53709.53,-53556.95,-53598.31405069444
pg0,2022-05-05,True,14682.82,14750.85,14709.220949189814,-373.68,-282.15,-324.86264675925923,-53644.61,-53554.25,-53584.37072164352
pg0,2022-05-06,True,14657.37,14740.23,14700.33540787037,-418.37,-259.81,-323.24018310185187,-53720.44,-53540.76,-53587.35539097223
pg0,2022-05-07,True,14669.69,14743.34,14708.649987037039,-355.04,-271.53,-323.7811001157407,-53626.03,-53555.01,-53583.813330902776
pg0,2022-05-08,True,14632.74,14782.92,14704.984770486111,-386.82,-264.91,-320.8450399305556,-53659.33,-53538.19,-53582.72428738426
pg0,2022-05-09,True,14669.57,14792.71,14711.376340509261,-405.35,-279.74,-329.28739120370375,-53662.85,-53556.77,-53590.6332392361
pg0,2022-05-10,True,14686.99,14726.28,14706.16576550926,-339.09,-268.13,-321.2987673611111,-53589.2,-53549.15,-53573.052857523144
pg0,2022-05-11,True,14628.82,14769.02,14709.42907777778,-369.64,-217.0,-311.45386238425925,-53633.88,-53534.61,-53583.5992755787
pg0,2022-05-12,True,14662.48,14798.7,14719.321795833332,-391.8,-243.33,-329.4439709490741,-53631.66,-53534.31,-53580.74606435185
pg0,2022-05-13,True,14631.1,14776.53,14692.880083680555,-373.57,-190.49,-310.21394236111115,-53630.31,-53543.7,-53583.18667604166
pg0,2022-05-14,True,14623.19,14778.47,14703.638584259263,-360.37,-259.63,-323.5670094907407,-53622.63,-53546.22,-53578.582146412045
pg0,2022-05-15,True,14641.54,14803.68,14705.834223495369,-404.41,-233.18,-327.35690185185183,-53620.93,-53539.71,-53577.71277939815
pg0,2022-05-16,True,14584.37,14753.31,14689.730319560183,-412.45,-284.14,-334.83348680555554,-53689.12,-53532.38,-53585.60449328703
pg0,2022-05-17,True,14555.4,14757.06,14684.008446296297,-425.99,-255.93,-328.56870752314813,-53733.81,-53536.36,-53594.72417743056
pg0,2022-05-18,True,14632.63,14754.54,14703.682158564814,-364.89,-234.94,-326.4036136574074,-53839.54,-53530.44,-53587.632748958335
pg0,2022-05-19,True,14620.08,14767.09,14697.698821296295,-415.73,-228.61,-325.36019849537035,-53713.69,-53532.5,-53594.62589699074
pg0,2022-05-20,True,13278.1,14906.24,14687.227874719323,-1563.67,-169.26,-325.19242274126714,-55698.13,-53314.18,-53589.5214738767
pg0,2022-05-21,True,14590.47,14804.03,14701.71598219866,-447.57,-203.33,-321.34450855343874,-53771.4,-53545.51,-53597.664602074125
pg0,2022-05-22,True,14488.84,14890.94,14692.92013264503,-448.22,-121.88,-331.2742201027825,-55698.13,-53367.31,-53634.34830640308
pg0,2022-05-23,True,14658.55,14745.16,14702.32811689815,-411.04,-291.76,-333.9842738425926,-53767.17,-53553.14,-53591.35944745371
pg0,2022-05-24,True,14650.51,14729.68,14699.900316782407,-357.26,-273.12,-328.5343212962963,-53621.57,-53551.02,-53576.214147453706
pg0,2022-05-25,True,14628.93,14746.39,14702.83968564815,-413.85,-279.45,-330.14075347222223,-53731.23,-53541.88,-53585.33121701388
pg0,2022-05-26,True,14675.44,14726.57,14704.883277430556,-362.31,-306.54,-333.30144224537037,-53606.68,-53539.42,-53566.72424768518
pg0,2022-05-27,True,13278.1,14900.96,14688.51083122871,-1563.67,-149.03,-322.26668782872633,-55698.13,-53293.54,-53568.326399128804
pg0,2022-05-28,True,14581.73,14832.3,14705.342625121533,-541.92,-213.83,-338.2378082318626,-53965.61,-53537.89,-53627.36252731608
pg0,2022-05-29,True,13731.04,14767.15,14671.634447646828,-548.14,8.29,-329.5531119059194,-54205.16,-53558.59,-53634.255184735055
pg0,2022-05-30,True,14613.75,14789.08,14703.915491435186,-391.86,-229.14,-318.30196273148147,-53881.81,-53539.77,-53614.316022106475
pg0,2022-05-31,True,13973.75,14798.23,14688.551221412037,-420.3,128.15,-326.7840081018519,-54027.77,-53555.89,-53624.25518344908
pg0,2022-06-01,True,14665.17,14786.32,14712.785959490742,-388.93,-256.11,-332.79131400462967,-53866.92,-53544.58,-53600.789192476856
pg0,2022-06-02,True,14628.17,14747.74,14705.01917800926,-372.8,-234.41,-326.7888766203704,-53693.4,-53541.94,-53588.27594965277
pg0,2022-06-03,True,14647.7,14751.14,14706.285958449074,-390.46,-264.79,-332.68430208333336,-53674.46,-53547.57,-53587.85709988426
pg0,2022-06-04,True,14684.64,14739.94,14708.315127083333,-358.14,-297.57,-328.50119525462964,-53602.1,-53553.72,-53575.1239505787
pg0,2022-06-05,True,14662.59,14732.02,14705.865171180556,-376.56,-296.1,-332.09355358796296,-53625.26,-53544.99,-53574.45380532408
pg0,2022-06-06,True,14552.99,14757.88,14700.88554039352,-425.82,-246.2,-334.5491315972222,-53675.52,-53528.39,-53590.806797337966
pg0,2022-06-07,True,14609.58,14792.13,14705.514261689816,-436.08,-282.44,-345.4085900462963,-53705.08,-53545.69,-53604.398028703705
pg0,2022-06-08,True,14650.69,14743.87,14704.357280439814,-364.13,-255.11,-327.2674983796296,-53601.63,-53554.72,-53574.46590590278
pg0,2022-06-09,True,14642.19,14754.6,14703.64351134259,-394.44,-299.56,-333.04153136574075,-53617.0,-53533.67,-53571.68856307871
pg0,2022-06-10,True,14668.4,14773.13,14707.224540624999,-373.98,-309.53,-333.76416064814816,-53618.4,-53548.86,-53572.869746990735
pg0,2022-06-11,True,14657.49,14751.43,14703.651890046298,-416.43,-300.97,-333.3000671296296,-53651.07,-53546.92,-53574.951235879635
pg0,2022-06-12,True,14517.69,14728.86,14685.2229625,-400.42,-276.11,-333.82347534722226,-53691.88,-53513.85,-53577.736690624995
pg0,2022-06-13,True,14602.13,14812.18,14685.730779745369,-382.3,-250.36,-327.4642459490741,-53920.58,-53475.5,-53587.41357986112
pg0,2022-06-14,True,14618.26,14721.41,14695.283285416668,-367.88,-257.05,-327.1698523148148,-53627.67,-53537.54,-53567.31008275462
pg0,2022-06-15,True,14477.11,14785.8,14674.389005439816,-429.22,-249.66,-343.13502847222225,-53784.59,-53530.91,-53613.467776041674
pg0,2022-06-16,True,14511.36,14749.44,14684.443281018519,-451.09,-223.16,-330.8394196759259,-53758.49,-53524.23,-53593.52466203704
pg0,2022-06-17,True,14541.09,14769.14,14689.168632754629,-436.9,-211.72,-326.6902380787037,-53850.91,-53530.56,-53590.19336898148
pg0,2022-06-18,True,14480.81,14753.13,14689.361057638891,-428.45,-164.93,-314.37818530092596,-53850.79,-53538.3,-53597.03140810185
pg0,2022-06-19,True,14387.86,14777.0,14690.47279652778,-397.84,-162.99,-327.76037604166663,-54007.19,-53528.33,-53600.303342245374
pg0,2022-06-20,True,14577.04,14736.77,14685.655988194445,-416.43,-245.38,-329.3476063657407,-53760.31,-53539.06,-53586.15408564815
pg0,2022-06-21,True,14628.23,14740.58,14697.63889837963,-437.84,-271.42,-324.9667259259259,-53714.22,-53535.31,-53579.35784525463
pg0,2022-06-22,True,14358.02,14776.65,14689.081630092594,-451.85,-40.49,-327.56867812499996,-54059.49,-53538.3,-53621.98736006944
pg0,2022-06-23,True,14535.28,14900.61,14708.807423123235,-1563.67,-148.74,-329.5216462510999,-55698.13,-53283.81,-53587.72734589913
pg0,2022-06-24,True,13278.1,14906.77,14696.093057824895,-1563.67,-77.73,-317.06722752172266,-55698.13,-53266.1,-53583.49652849924
pg0,2022-06-25,True,14484.27,14939.73,14673.502948927253,-1563.67,-22.78,-335.88182349740066,-55698.13,-53411.23,-53609.74178621463
pg0,2022-06-26,True,13743.47,14794.3,14670.510708217593,-438.48,-6.42,-312.41616516203703,-54145.17,-53325.26,-53614.966543055554
pg0,2022-06-27,True,14092.49,14829.48,14698.145748726853,-436.6,-52.34,-316.2798972222222,-54060.43,-53561.7,-53642.510135879624
pg0,2022-06-28,True,14695.72,14763.16,14731.068877537029,-350.7,-269.36,-320.3405828304992,-53680.21,-53585.39,-53605.852992320346
pg0,2022-06-29,False,,,,,,,,,
pg0,2022-06-30,False,,,,,,,,,
pg0,2022-07-01,False,,,,,,,,,
pg0,2022-07-02,False,,,,,,,,,
pg0,2022-07-03,True,14686.81,14703.88,14695.195187032421,-327.01,-308.83,-323.8285286783043,-53580.35,-53562.64,-53568.6740149626
pg0,2022-07-04,True,14718.18,14748.38,14731.551864111498,-323.25,-273.29,-308.3516376306621,-53613.19,-53559.53,-53574.105261324046
pg0,2022-07-05,False,,,,,,,,,
pg0,2022-07-06,False,,,,,,,,,
pg0,2022-07-07,False,,,,,,,,,
pg0,2022-07-08,False,,,,,,,,,
pg0,2022-07-09,False,,,,,,,,,
pg0,2022-07-10,False,,,,,,,,,
pg0,2022-07-11,False,,,,,,,,,
pg0,2022-07-12,False,,,,,,,,,
pg0,2022-07-13,False,,,,,,,,,
pg0,2022-07-14,False,,,,,,,,,
pg0,2022-07-15,False,,,,,,,,,
pg0,2022-07-16,False,,,,,,,,,
pg0,2022-07-17,False,,,,,,,,,
pg0,2022-07-18,False,,,,,,,,,
pg0,2022-07-19,False,,,,,,,,,
pg0,2022-07-20,False,,,,,,,,,
pg0,2022-07-21,False,,,,,,,,,
pg0,2022-07-22,False,,,,,,,,,
pg0,2022-07-23,False,,,,,,,,,
pg0,2022-07-24,False,,,,,,,,,
pg0,2022-07-25,False,,,,,,,,,
pg0,2022-07-26,False,,,,,,,,,
pg0,2022-07-27,False,,,,,,,,,
pg0,2022-07-28,False,,,,,,,,,
pg0,2022-07-29,False,,,,,,,,,
pg0,2022-07-30,False,,,,,,,,,
pg0,2022-07-31,False,,,,,,,,,
pg0,2022-08-01,False,,,,,,,,,
pg0,2022-08-02,False,,,,,,,,,
pg0,2022-08-03,False,,,,,,,,,
pg0,2022-08-04,False,,,,,,,,,
pg0,2022-08-05,False,,,,,,,,,
pg0,2022-08-06,False,,,,,,,,,
pg0,2022-08-07,False,,,,,,,,,
pg0,2022-08-08,False,,,,,,,,,
pg0,2022-08-09,False,,,,,,,,,
pg0,2022-08-10,False,,,,,,,,,
pg0,2022-08-11,False,,,,,,,,,
pg0,2022-08-12,False,,,,,,,,,
pg0,2022-08-13,False,,,,,,,,,
pg0,2022-08-14,False,,,,,,,,,
pg0,2022-08-15,False,,,,,,,,,
pg0,2022-08-16,False,,,,,,,,,
pg0,2022-08-17,False,,,,,,,,,
pg0,2022-08-18,False,,,,,,,,,
pg0,2022-08-19,False,,,,,,,,,
pg0,2022-08-20,False,,,,,,,,,
pg0,2022-08-21,False,,,,,,,,,
pg0,2022-08-22,False,,,,,,,,,
pg0,2022-08-23,False,,,,,,,,,
pg0,2022-08-24,False,,,,,,,,,
pg0,2022-08-25,False,,,,,,,,,
pg0,2022-08-26,False,,,,,,,,,
pg0,2022-08-27,False,,,,,,,,,
pg0,2022-08-28,False,,,,,,,,,
pg0,2022-08-29,False,,,,,,,,,
pg0,2022-08-30,False,,,,,,,,,
pg0,2022-08-31,False,,,,,,,,,
pg0,2022-09-01,False,,,,,,,,,
pg0,2022-09-02,False,,,,,,,,,
pg0,2022-09-03,False,,,,,,,,,
pg0,2022-09-04,False,,,,,,,,,
pg0,2022-09-05,False,,,,,,,,,
pg0,2022-09-06,False,,,,,,,,,
pg0,2022-09-07,False,,,,,,,,,
pg0,2022-09-08,False,,,,,,,,,
pg0,2022-09-09,False,,,,,,,,,
pg0,2022-09-10,False,,,,,,,,,
pg0,2022-09-11,False,,,,,,,,,
pg0,2022-09-12,False,,,,,,,,,
pg0,2022-09-13,False,,,,,,,,,
pg0,2022-09-14,False,,,,,,,,,
pg0,2022-09-15,False,,,,,,,,,
pg0,2022-09-16,False,,,,,,,,,
pg0,2022-09-17,False,,,,,,,,,
pg0,2022-09-18,False,,,,,,,,,
pg0,2022-09-19,False,,,,,,,,,
pg0,2022-09-20,False,,,,,,,,,
pg0,2022-09-21,False,,,,,,,,,
pg0,2022-09-22,False,,,,,,,,,
pg0,2022-09-23,False,,,,,,,,,
pg0,2022-09-24,False,,,,,,,,,
pg0,2022-09-25,False,,,,,,,,,
pg0,2022-09-26,False,,,,,,,,,
pg0,2022-09-27,False,,,,,,,,,
pg0,2022-09-28,False,,,,,,,,,
pg0,2022-09-29,False,,,,,,,,,
pg0,2022-09-30,False,,,,,,,,,
pg0,2022-10-01,False,,,,,,,,,
pg0,2022-10-02,False,,,,,,,,,
pg0,2022-10-03,False,,,,,,,,,
pg0,2022-10-04,False,,,,,,,,,
pg0,2022-10-05,False,,,,,,,,,
pg0,2022-10-06,False,,,,,,,,,
pg0,2022-10-07,False,,,,,,,,,
pg0,2022-10-08,False,,,,,,,,,
pg0,2022-10-09,False,,,,,,,,,
pg0,2022-10-10,False,,,,,,,,,
pg0,2022-10-11,False,,,,,,,,,
pg0,2022-10-12,False,,,,,,,,,
pg0,2022-10-13,False,,,,,,,,,
pg0,2022-10-14,False,,,,,,,,,
pg0,2022-10-15,False,,,,,,,,,
pg0,2022-10-16,False,,,,,,,,,
pg0,2022-10-17,False,,,,,,,,,
pg0,2022-10-18,False,,,,,,,,,
pg0,2022-10-19,False,,,,,,,,,
pg0,2022-10-20,False,,,,,,,,,
pg0,2022-10-21,False,,,,,,,,,
pg0,2022-10-22,False,,,,,,,,,
pg0,2022-10-23,True,14612.4,14852.76,14689.311324737104,-417.08,-197.24,-306.82198272408607,-53607.2,-53231.15,-53512.56121632449
pg0,2022-10-24,True,14601.31,14870.35,14730.703030162736,-443.64,-228.96,-353.2568084909373,-53653.94,-53480.95,-53546.79225630224
pg0,2022-10-25,True,14623.36,14817.75,14724.091107291668,-430.51,-316.8,-355.94355601851856,-53671.47,-53473.39,-53547.77814780092
pg0,2022-10-26,True,14605.54,14760.87,14708.593692245371,-421.71,-242.39,-339.1236792824074,-53653.53,-53490.86,-53540.56804537038
pg0,2022-10-27,True,14508.49,14817.05,14699.122133564817,-486.62,-233.94,-351.2689328703704,-53691.0,-53462.6,-53542.44064675927
pg0,2022-10-28,True,14462.22,14800.4,14671.815481944443,-438.31,-188.5,-330.1490028935185,-53684.14,-53411.35,-53548.11047847223
pg0,2022-10-29,True,14490.31,14945.82,14708.198701273148,-665.12,-164.75,-334.9907965277778,-53934.12,-53445.77,-53582.31990891204
pg0,2022-10-30,True,14549.12,14900.49,14705.429278009258,-493.49,-185.27,-344.8391570601852,-53689.36,-53460.84,-53555.260383912035
pg0,2022-10-31,True,14534.7,14839.33,14671.667496875,-477.54,-220.16,-330.73743379629633,-53797.96,-53477.44,-53586.7972287037
pg0,2022-11-01,True,14540.21,14822.09,14693.692272569444,-489.32,-259.81,-346.43452337962964,-53962.8,-53457.61,-53564.84615810185
pg0,2022-11-02,True,14491.19,14871.12,14677.972132870367,-457.72,-181.87,-317.9055070601852,-53794.91,-53451.4,-53565.01401944444
pg0,2022-11-03,True,14379.07,14840.8,14660.95638587963,-556.05,-134.61,-327.86687974537034,-54062.13,-53479.43,-53600.78430509258
pg0,2022-11-04,True,14406.98,14935.68,14688.735082986112,-506.56,-174.48,-335.5848679398148,-53808.16,-53477.2,-53606.62512326388
pg0,2022-11-05,True,14487.14,14869.47,14699.595005324074,-563.27,-198.76,-332.88703148148153,-53829.45,-53487.05,-53594.87015300925
pg0,2022-11-06,True,14592.87,14769.26,14687.965313194443,-415.03,-251.07,-342.84820335648146,-53647.2,-53478.96,-53550.31644236112
pg0,2022-11-07,True,14392.5,14803.97,14619.278696296298,-557.34,-196.12,-345.62267835648146,-53769.99,-53465.53,-53569.0714931713
pg0,2022-11-08,True,14504.21,14831.18,14663.803343865738,-586.08,-188.5,-335.9839518518518,-53829.39,-53482.95,-53602.7747744213
pg0,2022-11-09,True,14582.02,14843.38,14713.956183217593,-422.59,-194.89,-326.16913310185186,-53742.95,-53464.83,-53555.69340856482
pg0,2022-11-10,True,14605.3,14773.54,14689.291249189813,-413.09,-295.75,-348.39812592592597,-53626.85,-53496.55,-53555.157154629625
pg0,2022-11-11,True,14304.07,14859.62,14714.280885069446,-486.92,-247.55,-355.67234791666664,-53763.95,-53372.52,-53540.05306111112
pg0,2022-11-12,True,14573.64,14856.52,14733.291636342594,-467.27,-238.46,-346.76507013888886,-53616.65,-53465.18,-53530.79709421297
pg0,2022-11-13,True,14615.45,14892.23,14740.25058888889,-437.78,-277.92,-352.9684780092593,-53641.51,-53419.03,-53526.82084131944
pg0,2022-11-14,True,14554.52,14843.5,14724.493034424484,-501.23,-296.57,-357.05319670802845,-53779.55,-53463.24,-53549.9723688536
pg0,2022-11-15,True,13278.1,14993.03,14735.377276505584,-1563.67,-157.54,-350.66842567260784,-55698.13,-53126.53,-53533.92297845094
pg0,2022-11-16,True,14624.65,14831.42,14729.405999074075,-433.26,-254.59,-347.2637201388889,-53636.35,-53440.55,-53519.35063530092
pg0,2022-11-17,True,14676.84,14845.61,14741.281800694444,-398.9,-286.08,-345.1717568287037,-53601.63,-53465.94,-53528.80596516203
pg0,2022-11-18,True,14588.41,14832.71,14711.228235300925,-447.57,-198.7,-338.7934960648148,-53627.32,-53447.23,-53523.49778101853
pg0,2022-11-19,True,14604.3,14895.04,14775.858959374998,-461.47,-215.06,-354.7708185185185,-53618.87,-53430.81,-53509.14252256944
pg0,2022-11-20,True,14609.99,14848.48,14753.95134710648,-419.54,-242.04,-341.1255561342593,-53637.52,-53383.38,-53521.20590231482
pg0,2022-11-21,True,14651.92,14932.34,14762.470109837963,-478.12,-240.98,-344.12844074074076,-53679.04,-53415.98,-53528.19029918982
pg0,2022-11-22,True,14620.61,14807.9,14717.235468865743,-409.51,-245.32,-342.4812880787037,-53588.91,-53439.79,-53525.86467743057
pg0,2022-11-23,True,14589.35,14820.39,14717.388298032405,-410.51,-293.64,-345.17307060185186,-53607.97,-53437.62,-53526.13953391203
pg0,2022-11-24,True,14608.7,14802.04,14711.748078240742,-417.61,-184.28,-334.9289342592593,-53623.8,-53436.09,-53516.66879768518
pg0,2022-11-25,True,14047.99,14869.12,14622.851249652778,-618.21,-117.66,-325.4366278935185,-54100.95,-53357.63,-53592.14422581018
pg0,2022-11-26,True,14278.85,14839.04,14663.093989120369,-491.9,-161.23,-335.41685659722225,-53803.82,-53357.86,-53546.75481944444
pg0,2022-11-27,True,14477.94,14851.71,14670.459099652779,-452.38,-192.55,-324.600002199074,-53655.11,-53404.13,-53541.23002743057
pg0,2022-11-28,True,14550.3,14929.64,14695.063205671297,-435.26,-100.89,-297.03647997685187,-53989.13,-53403.14,-53552.8186474537
pg0,2022-11-29,True,14346.99,14889.76,14690.385597453702,-589.71,-54.15,-332.3318564814815,-53895.95,-53424.48,-53568.17406041666
pg0,2022-11-30,True,14294.45,14863.9,14655.55384849537,-596.46,-97.14,-300.86573530092596,-53874.9,-53313.89,-53579.23944791666
pg0,2022-12-01,True,14333.74,14910.29,14653.704359837964,-685.82,9.05,-323.7292880787037,-53865.22,-53425.6,-53589.60694525463
pg0,2022-12-02,True,14439.35,14902.78,14676.755724537035,-500.93,-161.99,-323.60698263888895,-53827.81,-53433.51,-53561.98802141204
pg0,2022-12-03,True,14453.66,14865.55,14682.135934375001,-486.16,-191.43,-330.6349583333333,-53734.86,-53443.25,-53556.98607291666
pg0,2022-12-04,True,14359.01,14760.99,14624.712433217594,-476.66,-122.53,-321.6651993055556,-53780.31,-53425.83,-53549.62579467592
pg0,2022-12-05,True,14476.18,14825.85,14694.456935185182,-481.93,-265.79,-353.4798148148148,-53863.29,-53440.08,-53566.68337743055
pg0,2022-12-06,True,14583.61,14763.51,14678.472894996234,-431.97,-272.76,-332.0247449411492,-53666.14,-53428.0,-53527.702936858586
pg0,2022-12-07,True,14389.39,14834.88,14653.430426620373,-625.31,-157.3,-344.29118564814814,-53890.02,-53356.75,-53569.974911689824
pg0,2022-12-08,True,14583.78,14908.35,14756.36921875,-502.4,-128.51,-331.1071313657407,-53655.47,-53298.64,-53524.52466793982
pg0,2022-12-09,True,14533.29,14902.08,14756.484075810185,-530.6,-129.51,-338.95264479166667,-53710.41,-53381.61,-53520.04334988426
pg0,2022-12-10,True,14559.33,14923.72,14758.578779050926,-472.08,-173.37,-340.40185289351854,-53639.28,-53354.0,-53508.2128638889
pg0,2022-12-11,True,14536.52,14900.73,14715.501531597221,-465.51,-117.08,-322.4965863425926,-53742.19,-53409.18,-53522.49074837963
pg0,2022-12-12,True,14629.52,14878.45,14760.848622222222,-474.08,-142.82,-328.2833664351852,-53651.54,-53411.64,-53526.97077280093
pg0,2022-12-13,True,14657.2,14891.58,14771.00298587963,-460.76,-231.72,-347.1696101851852,-53605.74,-53418.15,-53496.13538217593
pg0,2022-12-14,True,14583.66,14864.78,14720.74627928241,-451.44,-148.39,-311.3549030092592,-53628.78,-53323.33,-53502.70612233796
pg0,2022-12-15,True,14638.9,14955.68,14784.340723842592,-562.92,-186.62,-332.5757775462963,-53664.9,-53417.09,-53503.24093125001
pg0,2022-12-16,True,14605.07,14886.77,14755.119445717593,-437.19,-166.22,-335.07970856481484,-53637.64,-53415.04,-53503.226673958336
pg0,2022-12-17,True,14661.48,14803.09,14718.423284143519,-416.2,-214.36,-323.0686898148148,-53656.17,-53474.44,-53545.42937986111
pg0,2022-12-18,True,14646.29,14864.84,14768.274272916664,-451.03,-152.79,-340.1592638888889,-53676.81,-53338.81,-53495.7703792824
pg0,2022-12-19,True,14641.42,15040.23,14800.728075347222,-549.78,-200.4,-351.96259282407414,-53619.22,-53343.79,-53480.26828310185
pg0,2022-12-20,True,14616.38,15091.37,14823.249421527778,-598.98,-77.32,-363.4380817129629,-53609.02,-52939.18,-53415.754263194445
pg0,2022-12-21,True,14522.03,15035.37,14754.266994328704,-512.72,-209.84,-332.5120072916667,-53649.95,-53339.81,-53494.23257962963
pg0,2022-12-22,True,14443.98,14830.19,14675.083321180557,-487.21,-154.19,-338.54825069444445,-53640.33,-53337.17,-53517.37439444445
pg0,2022-12-23,True,14368.1,14931.11,14656.91301585648,-561.68,-141.12,-328.8506306712963,-53872.43,-53420.55,-53571.70209722222
pg0,2022-12-24,True,14427.15,14960.78,14674.215658912039,-544.39,-155.66,-322.9017006944444,-53831.97,-53365.72,-53564.67622962963
pg0,2022-12-25,True,14499.57,14855.64,14671.702667592594,-463.76,-158.94,-308.538553125,-53794.85,-53394.58,-53530.44384363426
pg0,2022-12-26,True,14225.55,14852.94,14643.668636226852,-612.64,-184.51,-350.66897037037035,-54154.2,-53435.04,-53579.71032094907
pg0,2022-12-27,True,14469.26,15098.17,14711.302334490741,-605.37,-81.6,-336.93145289351855,-53879.29,-53451.98,-53562.686762268524
pg0,2022-12-28,True,14562.26,14808.25,14687.086770023148,-434.49,-171.49,-317.8001298611111,-53690.06,-53409.94,-53536.340565046296
pg0,2022-12-29,True,14439.41,14833.23,14667.621096064813,-491.79,-61.66,-315.75704988425923,-53753.98,-53413.11,-53538.991100000014
pg0,2022-12-30,True,14295.62,14913.63,14648.937875462963,-604.2,67.16,-316.5830142361111,-54006.48,-53424.95,-53589.73644918982
pg0,2022-12-31,True,14495.47,14851.88,14680.008916319443,-530.9,-121.12,-308.12284270833334,-53708.06,-53378.63,-53540.534497106484
pg0,2023-01-01,True,14440.29,14891.11,14685.523340856482,-455.02,-98.84,-310.9465224537037,-53721.44,-53392.58,-53528.274405324075
pg0,2023-01-02,True,14498.75,14813.82,14694.296064583334,-463.58,-130.56,-313.75012106481483,-53695.69,-53432.63,-53531.060748726835
pg0,2023-01-03,True,14547.31,14781.28,14678.16182384259,-424.58,-121.94,-315.04667372685185,-53661.39,-53416.97,-53535.03067476851
pg0,2023-01-04,True,14034.5,14979.19,14667.022303587963,-687.82,-101.01,-319.54195960648144,-54276.46,-53256.54,-53602.11249733797
pg0,2023-01-05,True,14589.7,14925.94,14800.914679050926,-602.03,-84.65,-351.48093344907403,-53715.16,-53260.06,-53481.97840324074
pg0,2023-01-06,True,14629.11,14902.78,14787.873102199073,-544.09,-183.63,-344.3601462962963,-53687.89,-53404.43,-53527.59911365741
pg0,2023-01-07,True,14508.02,14953.86,14744.224203240741,-442.53,-177.65,-334.2982814814815,-53637.58,-53393.58,-53521.72025034722
pg0,2023-01-08,True,14563.96,14883.31,14759.342055671297,-474.66,-203.04,-341.38188425925927,-53638.58,-53391.41,-53517.65245127315
pg0,2023-01-09,True,14596.51,14866.89,14743.248156944444,-435.43,-173.43,-336.2821608796296,-53662.03,-53363.44,-53502.31470821759
pg0,2023-01-10,True,14489.43,14885.13,14756.292762962963,-458.59,-181.64,-338.3409315972222,-53646.67,-53307.49,-53476.08096238426
pg0,2023-01-11,True,14608.35,14913.45,14768.400020601852,-519.46,-188.38,-341.2638540509259,-53680.68,-53344.67,-53486.06457303242
pg0,2023-01-12,True,14613.28,14914.45,14766.704496875003,-535.35,-65.71,-317.3309775462963,-53624.15,-53381.26,-53491.24363993055
pg0,2023-01-13,True,14497.4,14997.07,14759.113800462965,-512.9,-76.61,-306.76984837962965,-53643.97,-53359.63,-53482.2933150463
pg0,2023-01-14,True,14546.78,14929.93,14741.437574537038,-560.1,-57.03,-300.9212714120371,-53680.27,-53367.66,-53505.26494664351
pg0,2023-01-15,True,14471.07,15025.22,14756.497929861109,-570.07,45.0,-319.79710960648146,-53608.14,-53345.9,-53467.98016157409
pg0,2023-01-16,True,14379.77,14903.84,14700.755656018518,-460.82,-113.73,-330.15886134259256,-53707.54,-53347.37,-53506.97697638889
pg0,2023-01-17,True,14582.37,14765.39,14682.825422800926,-422.24,-129.74,-319.16578159722224,-53688.19,-53423.54,-53533.12655914351
pg0,2023-01-18,True,14373.97,14850.94,14659.794705555554,-493.95,-87.17,-296.65729953703703,-53838.3,-53373.58,-53558.35374085648
pg0,2023-01-19,True,14518.98,14949.34,14698.225472222222,-494.72,-254.41,-333.8554643518518,-53697.22,-53389.77,-53519.44046053241
pg0,2023-01-20,True,14446.5,14771.66,14624.255149305556,-465.51,-206.79,-325.40778912037035,-53618.11,-53381.73,-53493.71443831018
pg0,2023-01-21,True,14345.94,14983.0,14659.529380787037,-488.56,-187.27,-325.42579085648146,-53847.8,-53361.85,-53542.37495057871
pg0,2023-01-22,True,14246.31,14815.82,14633.611811111112,-527.09,-186.86,-319.2216233796296,-53786.23,-53399.97,-53541.53732094907
pg0,2023-01-23,True,14445.04,14811.42,14654.48720335648,-512.95,-187.09,-339.47652453703705,-53780.02,-53395.22,-53515.14257754631
pg0,2023-01-24,True,14466.56,14792.3,14703.59328773148,-447.57,-251.01,-339.0188284722222,-53714.81,-53410.41,-53525.32708472222
pg0,2023-01-25,True,14427.39,14796.06,14640.464836458332,-537.0,-194.89,-333.4298175925926,-53752.69,-53397.92,-53549.532095486116
pg0,2023-01-26,True,14328.17,14791.37,14648.06246261574,-491.49,-209.2,-323.29786180555556,-53855.72,-53319.93,-53566.39420057871
pg0,2023-01-27,True,14404.69,14805.38,14667.478668518519,-518.35,-105.93,-322.67547546296294,-53755.8,-53398.27,-53536.87400856482
pg0,2023-01-28,True,14422.05,14847.72,14650.406192708333,-458.54,-116.61,-314.4408790509259,-53711.76,-53367.36,-53522.54784525463
pg0,2023-01-29,True,14433.13,14760.87,14684.402082407409,-427.28,-251.36,-328.1281278935185,-53671.83,-53429.11,-53524.50818136573
pg0,2023-01-30,True,14607.94,14776.47,14689.628238888889,-409.81,-229.02,-322.0539268518519,-53628.96,-53412.11,-53521.61192511574
pg0,2023-01-31,True,14478.29,14899.97,14726.487922800925,-528.26,-204.21,-346.67737569444444,-53617.76,-53370.53,-53493.9512
pg0,2023-02-01,True,14634.09,14848.89,14740.923829050926,-403.65,-174.25,-317.22256840277777,-53604.15,-53415.63,-53517.74127430556
pg0,2023-02-02,True,14632.1,14846.02,14744.85129363426,-439.48,-182.22,-328.6325410879629,-53621.45,-53442.9,-53519.15975196759
pg0,2023-02-03,True,14556.45,14853.29,14715.681802777777,-468.62,-203.92,-325.6821952546296,-53641.74,-53350.19,-53492.886275
pg0,2023-02-04,True,14531.94,14925.36,14708.789130208332,-423.82,-185.45,-328.71815833333335,-53681.56,-53481.3,-53541.08529988426
pg0,2023-02-05,True,14575.04,14896.39,14736.775268171297,-408.99,-264.5,-339.25793402777776,-53693.93,-53424.66,-53536.232599421295
pg0,2023-02-06,True,14488.55,14999.6,14742.310420023148,-566.67,-3.72,-319.53852569444444,-53728.24,-53392.99,-53519.47625520834
pg0,2023-02-07,True,14548.95,14946.53,14759.348928981655,-569.01,5.3,-324.2459346320296,-53672.47,-53213.96,-53481.82890183202
pg0,2023-02-08,True,14270.58,14951.16,14746.807895250298,-1563.67,-32.05,-322.3673964197981,-55698.13,-53141.84,-53498.02939244701
pg0,2023-02-09,True,14505.61,14942.19,14730.76203737021,-1563.67,-17.04,-310.27963582272076,-55698.13,-53155.15,-53515.64108547642
pg0,2023-02-10,True,14430.61,14900.2,14742.85995951417,-1563.67,-66.65,-296.8805705677432,-55698.13,-53186.11,-53515.695686258354
pg0,2023-02-11,True,14605.77,15033.61,14758.701902511844,-587.25,-35.74,-338.6149270660695,-55698.13,-53261.46,-53541.116808303064
pg0,2023-02-12,True,14483.8,14862.38,14727.740124941067,-1563.67,-112.74,-331.74717774634604,-55698.13,-53182.12,-53522.965348302685
pg0,2023-02-13,True,14469.96,14773.42,14693.39190444857,-1563.67,-248.37,-337.65202100909454,-55698.13,-53440.14,-53522.10821916199
pg0,2023-02-14,True,14579.73,14778.88,14686.040513310187,-446.69,-183.98,-331.0822851851852,-53700.5,-53475.79,-53544.223129513884
pg0,2023-02-15,True,14497.4,14929.58,14705.006661689815,-564.38,-164.16,-327.68850590277776,-53783.01,-53443.77,-53531.12979849537
pg0,2023-02-16,True,14221.97,14829.6,14642.04675428241,-714.5,-221.57,-354.38720092592587,-54075.21,-53416.74,-53591.26123761574
pg0,2023-02-17,True,14575.45,14811.77,14679.845810416666,-414.79,-155.43,-322.39210520833336,-53697.92,-53434.51,-53543.92783645833
pg0,2023-02-18,True,14486.79,14755.07,14662.446454238472,-435.67,-261.56,-332.04288984629716,-53641.16,-53444.71,-53537.30806020029
pg0,2023-02-19,True,14469.2,14758.23,14653.689930092592,-422.88,-154.96,-326.0918541666667,-53718.09,-53456.03,-53553.097170023146
pg0,2023-02-20,True,14443.34,14743.22,14640.057186342594,-428.45,-227.08,-333.6022203703704,-53647.26,-53374.58,-53529.73419953704
pg0,2023-02-21,True,14390.5,14887.13,14691.997664699074,-596.81,-215.12,-346.56543761574073,-53830.1,-53424.42,-53555.835210300924
pg0,2023-02-22,True,14455.12,14747.56,14628.24714796639,-477.42,-233.83,-327.8175526053844,-53712.11,-53427.47,-53542.40064087131
pg0,2023-02-23,True,14391.73,14979.07,14684.684568971503,-466.57,-187.97,-328.3525353596148,-53697.8,-53447.59,-53538.74910553485
pg0,2023-02-24,True,14568.06,14810.31,14687.81646516204,-423.35,-277.34,-344.2453493055556,-53618.7,-53420.49,-53532.88624004629
pg0,2023-02-25,True,14474.71,14801.63,14641.336650462961,-443.0,-166.27,-326.53561967592594,-53706.48,-53425.71,-53541.530949537024
pg0,2023-02-26,True,14446.5,14875.93,14721.819235300927,-498.0,-11.11,-326.8312755787037,-53616.35,-53409.94,-53519.551209375
pg0,2023-02-27,True,14241.44,15056.95,14673.922330555557,-855.06,66.93,-320.3466795138889,-53869.91,-53333.0,-53584.81890520833
pg0,2023-02-28,True,14483.56,14867.66,14689.300741666666,-461.53,8.17,-295.081265625,-53789.34,-53488.46,-53591.80389594907
pg0,2023-03-01,True,14599.44,14870.41,14728.465897337963,-449.33,-257.34,-353.69020381944443,-53618.29,-53490.33,-53541.14306493056
pg0,2023-03-02,True,14643.71,14791.01,14710.928776157405,-475.72,-157.71,-334.54586261574076,-53634.76,-53482.07,-53540.87550787037
pg0,2023-03-03,True,14434.37,14988.98,14721.211209606481,-500.82,-55.44,-334.1841824074074,-53736.04,-53447.17,-53540.15359525463
pg0,2023-03-04,True,14341.77,14895.22,14719.758409722224,-515.89,74.32,-333.8362587962963,-53779.14,-53275.42,-53537.70334247684
pg0,2023-03-05,True,14484.39,14980.19,14714.22886099537,-518.23,-76.44,-342.87113310185185,-53700.38,-53384.2,-53544.621654166665
pg0,2023-03-06,True,14374.32,14891.52,14714.013830787037,-472.49,-56.68,-328.5659989583333,-53753.63,-53432.69,-53545.71642291666
pg0,2023-03-07,True,14491.77,14909.23,14716.101484027775,-471.67,-243.8,-360.42023460648153,-55698.13,-53488.63,-53537.36484872686
pg0,2023-03-08,True,13278.1,14925.77,14710.916496492324,-1563.67,-118.48,-347.03880380171796,-55698.13,-53248.5,-53539.663152971676
pg0,2023-03-09,True,13278.1,15052.55,14713.15073382796,-1563.67,-78.26,-353.7175435891491,-55698.13,-53237.65,-53546.68742476235
pg0,2023-03-10,True,14566.66,14855.17,14705.080238773147,-458.89,-125.93,-342.5108324074074,-53651.71,-53497.02,-53535.08230347223
pg0,2023-03-11,True,14613.16,14779.93,14694.160908449074,-423.65,-149.86,-330.53817534722225,-53616.12,-53506.63,-53548.86160752314
pg0,2023-03-12,True,14643.48,14832.12,14717.742466435184,-508.91,-137.01,-360.6852680555556,-53616.18,-53489.63,-53541.050376388885
pg0,2023-03-13,True,14629.64,14747.09,14694.832222389407,-394.44,-296.4,-354.65514236440663,-53579.47,-53485.29,-53536.14398180513
pg0,2023-03-14,True,13278.1,14959.31,14670.897867713576,-1563.67,-92.39,-340.0355184291712,-55698.13,-53165.7,-53542.77964429032
pg0,2023-03-15,True,14411.56,15057.71,14675.763646552121,-1563.67,-112.68,-307.1618310332052,-55698.13,-53260.88,-53584.61874137452
pg0,2023-03-16,True,14635.68,14841.5,14705.159542013887,-409.81,-281.5,-360.87026574074076,-53613.24,-53492.1,-53546.264675810184
pg0,2023-03-17,True,14513.53,14761.58,14677.044712499997,-430.33,-216.82,-352.80299733796295,-53638.63,-53503.76,-53556.04583287037
pg0,2023-03-18,True,14494.06,14774.3,14673.591934953705,-449.86,-211.31,-348.6575431712963,-53671.3,-53491.1,-53555.42950729166
pg0,2023-03-19,True,14560.68,14826.9,14674.158695833336,-421.3,-272.53,-343.70609131944445,-53669.65,-53473.8,-53558.678513888895
pg0,2023-03-20,True,14492.6,14747.03,14659.279673263889,-450.5,-233.36,-351.75235590277777,-53675.81,-53464.94,-53550.00647013889
pg0,2023-03-21,True,14513.76,14732.49,14659.945572453704,-457.48,-253.65,-349.1338851851852,-53700.33,-53474.74,-53549.262347222226
pg0,2023-03-22,True,14542.56,14854.05,14679.79419826389,-508.38,-233.77,-357.323490625,-53706.48,-53501.12,-53572.345474884256
pg0,2023-03-23,True,14387.57,14868.3,14626.482769097222,-580.39,13.8,-332.69194039351856,-53865.57,-53449.58,-53594.90841203704
pg0,2023-03-24,True,14470.14,14994.44,14708.385129882156,-582.62,-7.48,-341.8018229805756,-55698.13,-53530.74,-53577.32384495173
pg0,2023-03-25,True,13278.1,14992.5,14714.844729288823,-1563.67,-146.45,-373.2598417416546,-55698.13,-53227.1,-53561.254486037746
pg0,2023-03-26,True,13278.1,15031.56,14713.956190647275,-1563.67,-209.84,-354.0693278090051,-55698.13,-53242.35,-53573.915185026366
pg0,2023-03-27,True,14651.33,14803.8,14713.561983680556,-412.68,-286.19,-361.5886608796296,-53605.62,-53512.85,-53551.380984606476
pg0,2023-03-28,True,14617.85,14809.84,14702.35178310185,-443.11,-250.13,-352.16309039351853,-53631.77,-53498.25,-53544.23608680556
pg0,2023-03-29,True,14607.71,14795.76,14701.264628124998,-431.39,-262.74,-352.1521251157407,-53618.81,-53506.63,-53544.15247685185
pg0,2023-03-30,True,14507.72,14950.22,14682.423487139122,-545.09,-107.46,-345.43781747042345,-55698.13,-53306.15,-53566.70570416504
pg0,2023-03-31,True,14336.03,14888.0,14693.45564212963,-498.53,-31.52,-344.2302096064815,-54042.2,-53511.33,-53601.38862164352
pg0,2023-04-01,True,14554.05,14793.07,14678.768172337963,-472.96,-208.67,-352.72111064814817,-53673.88,-53492.15,-53560.30820902778
pg0,2023-04-02,True,14580.91,14880.38,14711.059831481482,-476.01,-208.5,-358.35370358796297,-53746.36,-53510.92,-53575.92256550926
pg0,2023-04-03,True,14570.0,14806.14,14692.93840115741,-469.74,-192.43,-355.9065909722222,-53725.36,-53508.75,-53568.10379108797
pg0,2023-04-04,True,14362.0,14887.18,14704.230128587964,-448.33,138.58,-341.6489371527778,-53914.42,-53486.7,-53584.62366134259
pg0,2023-04-05,True,14553.64,14817.75,14693.466539351852,-430.92,-200.4,-358.8431039351852,-53763.01,-53513.2,-53565.0305824074
pg0,2023-04-06,True,14617.44,14785.27,14695.448273032407,-441.82,-263.21,-364.4830434027778,-53603.1,-53512.68,-53552.018299768526
pg0,2023-04-07,True,14604.3,14814.65,14703.623454282408,-433.15,-199.58,-359.8292725694444,-53656.05,-53501.18,-53558.6542587963
pg0,2023-04-08,True,14635.5,14783.16,14695.792894675926,-434.02,-256.64,-369.12702002314813,-53668.13,-53530.33,-53558.495429861105
pg0,2023-04-09,True,14632.16,14763.92,14691.653871180553,-439.36,-261.15,-355.42955462962965,-53600.46,-53519.48,-53553.71200219907
pg0,2023-04-10,True,14504.15,14831.42,14694.262272453705,-463.29,-295.69,-365.7475597222222,-53655.82,-53521.65,-53565.48605138889
pg0,2023-04-11,True,14623.42,14754.72,14673.480657523147,-423.41,-314.11,-365.09750671296297,-53621.57,-53506.28,-53548.237820486116
pg0,2023-04-12,True,14614.68,14722.05,14679.981652777777,-410.45,-340.38,-368.41452002314816,-53598.52,-53512.27,-53543.35014305555
pg0,2023-04-13,True,14630.75,14749.85,14680.494353819446,-391.04,-311.99,-357.83431666666667,-53581.81,-53525.75,-53543.423683912035
pg0,2023-04-14,True,14583.19,14717.36,14671.785148842595,-449.86,-265.43,-370.9740537037037,-53645.56,-53505.23,-53553.78668148149
pg0,2023-04-15,True,13278.1,14852.59,14682.356604760687,-1563.67,-179.06,-366.85332552258546,-55698.13,-53240.53,-53557.49484943043
pg0,2023-04-16,True,13278.1,14910.99,14691.44819235132,-1563.67,-214.54,-372.9555489964581,-55698.13,-53273.48,-53545.6687250272
pg0,2023-04-17,True,14603.48,14753.13,14680.594415250707,-404.88,-324.49,-369.59082712162603,-53579.11,-53513.2,-53545.04859275892
pg0,2023-04-18,True,14456.41,14711.56,14656.961059953703,-396.44,-272.65,-355.18305891203704,-53636.82,-53465.82,-53545.49311608796
pg0,2023-04-19,True,14534.05,14713.37,14655.074221759256,-478.24,-317.33,-373.82939050925927,-53615.88,-53503.12,-53555.631399768514
pg0,2023-04-20,True,14665.29,14701.12,14682.01337662037,-394.15,-340.44,-369.15191701388886,-53562.05,-53519.77,-53541.48108680555
pg0,2023-04-21,True,14544.84,14730.91,14670.904718749998,-437.37,-215.53,-354.23489189814813,-53640.45,-53512.85,-53545.03125428242
pg0,2023-04-22,True,14636.97,14761.52,14692.171095138887,-436.72,-239.4,-361.1647496527778,-53630.72,-53515.31,-53551.31464791667
pg0,2023-04-23,True,14167.44,14930.46,14650.063505902779,-532.89,200.8,-340.7044840277778,-53757.15,-53425.65,-53583.778872222225
pg0,2023-04-24,True,14391.91,15059.88,14696.853438773149,-593.17,-198.0,-392.46072083333337,-53814.26,-53435.97,-53610.332925810195
pg0,2023-04-25,True,14566.36,14744.57,14654.449935069442,-418.02,-221.1,-352.38601597222225,-53713.63,-53535.6,-53578.66462106482
pg0,2023-04-26,True,14536.87,14788.67,14683.60718252315,-463.52,-249.07,-374.5653375,-53654.7,-53509.04,-53570.04032974537
pg0,2023-04-27,True,14506.73,14824.85,14667.71154849537,-532.95,-233.36,-377.6649767361111,-53735.8,-53518.95,-53590.60147627315
pg0,2023-04-28,True,14501.16,14819.45,14679.534533217593,-464.99,-213.77,-369.1423650462963,-53787.11,-53521.24,-53601.695645023145
pg0,2023-04-29,True,14313.22,14809.43,14658.11416296296,-548.26,-189.61,-370.43893124999994,-53831.74,-53518.19,-53608.59405
pg0,2023-04-30,True,14205.14,14869.71,14691.01537538198,-1563.67,-24.01,-367.6317280535235,-55698.13,-53530.5,-53597.97936278823
pg0,2023-05-01,True,14520.57,14754.07,14661.837395949075,-473.02,-187.74,-363.7054381944444,-53691.29,-53527.4,-53582.343932870375
pg0,2023-05-02,True,14559.68,14780.11,14687.27707048611,-473.31,-193.31,-371.6405306712963,-53706.83,-53514.08,-53582.6073880787
pg0,2023-05-03,True,14591.23,14741.35,14682.636492824075,-390.16,-236.82,-363.2956079861111,-53828.98,-53531.5,-53559.76885231482
pg0,2023-05-04,True,14629.58,14757.12,14688.910104398148,-429.98,-289.3,-370.82649097222225,-53649.48,-53524.29,-53564.92829189815
pg0,2023-05-05,True,14654.68,14752.9,14688.216629050927,-404.76,-278.98,-364.19310104166664,-53678.74,-53523.99,-53557.518323842596
pg0,2023-05-06,True,14450.96,14913.22,14674.912070486109,-501.46,-257.64,-374.4279568287037,-54009.77,-53525.81,-53590.76697291667
pg0,2023-05-07,True,14562.44,14726.28,14671.456528935185,-445.11,-297.22,-372.46282546296294,-53670.24,-53495.61,-53566.950929513885
pg0,2023-05-08,True,14518.63,14800.1,14679.810228125001,-435.2,-156.13,-350.56502048611117,-53721.9,-53504.7,-53570.09591851851
pg0,2023-05-09,True,13928.24,14808.49,14671.02285173611,-483.87,173.77,-368.0568395833333,-53970.65,-53436.38,-53564.6282787037
pg0,2023-05-10,True,14505.79,14812.18,14668.527253472223,-534.53,-194.3,-372.1465509259259,-53635.06,-53417.62,-53526.29238993055
pg0,2023-05-11,True,14412.9,14799.69,14698.55565914352,-474.84,-35.1,-375.5506840277778,-53906.91,-53486.35,-53560.55156539352
pg0,2023-05-12,True,14551.23,14784.33,14676.72834861111,-525.09,-298.21,-365.3223837962963,-53764.89,-53494.38,-53565.646557175925
pg0,2023-05-13,True,14486.79,14739.23,14673.383720486108,-421.24,-222.74,-363.70678726851855,-53706.25,-53515.61,-53549.57702766203
pg0,2023-05-14,True,14604.3,14720.24,14670.22865810185,-408.87,-265.9,-368.4899236111111,-53604.92,-53517.49,-53547.57805277778
pg0,2023-05-15,True,13278.1,14880.15,14676.260621257834,-1563.67,-131.44,-374.652844163379,-55698.13,-53253.54,-53541.77901346019
pg0,2023-05-16,True,13278.1,14917.15,14683.001177669206,-1563.67,-184.22,-382.01151260796075,-55698.13,-53264.1,-53558.767138143434
pg0,2023-05-17,True,14660.72,14721.99,14683.68392835648,-404.12,-336.68,-379.49433229166664,-53596.36,-53524.46,-53543.175103587964
pg0,2023-05-18,True,14643.07,14698.6,14679.924152777778,-409.04,-359.67,-379.2738502314815,-53564.04,-53519.65,-53539.51807777778
pg0,2023-05-19,True,14633.39,14711.67,14677.171924537037,-397.02,-303.26,-372.70280347222223,-53569.61,-53499.07,-53533.038271990736
pg0,2023-05-20,True,14464.1,14858.27,14682.898049074072,-628.42,-196.59,-381.14330810185186,-53772.39,-53523.47,-53588.50224189815
pg0,2023-05-21,True,14431.32,14781.05,14661.090791550925,-452.61,-34.39,-357.36496296296303,-53842.7,-53506.11,-53575.133379861116
pg0,2023-05-22,True,14451.72,14798.64,14672.19712627315,-462.58,-134.67,-365.02594155092595,-53944.27,-53500.24,-53589.08930706019
pg0,2023-05-23,True,13722.07,14790.43,14677.087078125,-487.5,-53.63,-374.7311413194444,-54484.11,-53327.67,-53578.60585879629
pg0,2023-05-24,True,14574.11,14787.44,14679.867283796299,-456.31,-271.94,-372.6931690972222,-53682.5,-53493.97,-53559.204512152784
pg0,2023-05-25,True,14571.0,14793.36,14675.742425231481,-497.24,-277.28,-383.27609803240745,-53704.96,-53518.54,-53574.982840625
pg0,2023-05-26,True,14641.07,14760.35,14687.147869212964,-425.93,-288.6,-375.1817791666667,-53709.59,-53527.86,-53569.61760706019
pg0,2023-05-27,True,14640.72,14741.58,14681.954896643521,-410.28,-296.57,-372.06813449074076,-53592.13,-53523.7,-53549.252012499994
pg0,2023-05-28,True,14598.15,14764.57,14680.686509027779,-474.19,-269.07,-382.9373744212963,-53725.89,-53519.71,-53585.842762500004
pg0,2023-05-29,True,14657.55,14718.3,14686.494297916666,-423.41,-354.8,-383.16652604166666,-53582.4,-53516.72,-53547.02121157408
pg0,2023-05-30,True,14655.5,14726.69,14685.084494444447,-415.67,-300.15,-377.5989384259259,-53599.52,-53514.49,-53545.220603124995
pg0,2023-05-31,True,14607.76,14742.34,14676.397856018519,-462.11,-274.88,-377.3774231481481,-53632.19,-53510.86,-53549.76198263889
pg0,2023-06-01,True,14569.06,14797.29,14680.480858101853,-510.55,-289.36,-379.15620613425926,-53836.72,-53520.53,-53580.884274884265
pg0,2023-06-02,True,14630.87,14751.73,14691.604512731483,-435.73,-266.2,-377.3380486111111,-53736.04,-53523.7,-53561.85525555556
pg0,2023-06-03,True,14659.37,14715.72,14683.631717592594,-413.21,-355.74,-384.22523865740743,-53572.26,-53519.13,-53540.34812824075
pg0,2023-06-04,True,14329.34,14854.93,14679.865334753218,-1563.67,-334.57,-385.9125180572275,-55698.13,-53505.76,-53534.84111850634
pg0,2023-06-05,True,14652.62,14864.84,14679.402992638208,-1563.67,-244.56,-385.8473002129827,-55698.13,-53262.34,-53535.28090320862
pg0,2023-06-06,True,14506.67,14855.93,14680.924080352268,-530.84,-223.45,-384.57976693659884,-55698.13,-53253.13,-53541.34071777951
pg0,2023-06-07,True,14502.15,14695.78,14677.745171413128,-1563.67,-358.79,-382.91816438742416,-55698.13,-53510.39,-53535.269678321354
pg0,2023-06-08,True,14593.1,14859.86,14676.905619327878,-424.17,-230.84,-388.35782378906475,-53606.38,-53242.93,-53540.11105385204
pg0,2023-06-09,True,14502.15,14888.59,14678.078142473876,-536.18,-223.98,-379.4245613291914,-53807.87,-53268.2,-53531.083285912646
pg0,2023-06-10,True,13278.1,14846.78,14679.61171380875,-1563.67,-234.77,-384.8851705814582,-55698.13,-53237.95,-53526.985905927446
pg0,2023-06-11,True,14473.24,14821.1,14672.686726109256,-1563.67,-229.14,-385.2498858984614,-55698.13,-53250.61,-53528.74542205806
pg0,2023-06-12,True,14317.61,14853.99,14672.907275715026,-1563.67,-238.4,-381.07436260189417,-55698.13,-53250.73,-53524.284152099135
pg0,2023-06-13,True,13278.1,14861.03,14671.258525950743,-1563.67,-228.37,-385.3778772703227,-55698.13,-53246.04,-53536.52301722211
pg0,2023-06-14,True,14341.01,14716.48,14683.296456073049,-1563.67,-336.1,-380.6496663999435,-55698.13,-53512.33,-53528.61340742746
pg0,2023-06-15,True,14288.23,14839.22,14664.432418999872,-1563.67,-153.84,-367.58141510433217,-55698.13,-53328.67,-53540.94465958173
pg0,2023-06-16,True,13278.1,14865.84,14642.354525411192,-1563.67,-102.06,-386.66938071590414,-55698.13,-53321.69,-53629.25042393079
pg0,2023-06-17,True,14469.31,14856.81,14673.610082460624,-441.06,-154.14,-381.3970971503964,-53763.48,-53276.53,-53559.634036918804
pg0,2023-06-18,True,14450.67,14827.02,14671.707307026938,-1563.67,-184.92,-374.3967572052299,-55698.13,-53253.54,-53566.002810775186
pg0,2023-06-19,True,14320.19,14881.61,14682.530113812727,-1563.67,-226.97,-373.1376616658045,-55698.13,-53253.49,-53558.822662371254
pg0,2023-06-20,True,14198.98,14941.84,14679.459424269891,-548.55,-100.36,-377.46645427471657,-55698.13,-53280.76,-53558.365651477885
pg0,2023-06-21,True,14370.86,14735.89,14680.259631571509,-1563.67,-259.1,-376.8210027805924,-55698.13,-53479.43,-53545.817564743025
pg0,2023-06-22,True,14598.79,14876.98,14663.740818286413,-474.43,-225.97,-378.53317981168846,-53707.95,-53253.43,-53559.7264673977
pg0,2023-06-23,True,13278.1,14737.36,14674.362660540744,-1563.67,-293.58,-381.84080358613545,-54111.33,-53512.5,-53554.073208108806
pg0,2023-06-24,True,14507.2,14840.68,14675.232469905493,-513.83,-210.61,-376.00386047485864,-55698.13,-53280.4,-53565.28183240718
pg0,2023-06-25,True,13278.1,14873.17,14676.188223615034,-1563.67,-164.98,-382.61136372946623,-55698.13,-53227.57,-53566.69118484836
pg0,2023-06-26,True,14316.38,14893.81,14672.858039263092,-1563.67,-217.82,-375.64393743049175,-55698.13,-53309.31,-53572.260990280934
pg0,2023-06-27,True,14597.27,14734.02,14662.744086695508,-451.44,-348.41,-412.82394367440634,-53652.36,-53531.85,-53576.33985344752
pg0,2023-06-28,False,,,,,,,,,
pg0,2023-06-29,False,,,,,,,,,
pg0,2023-06-30,False,,,,,,,,,
pg0,2023-07-01,False,,,,,,,,,
pg0,2023-07-02,False,,,,,,,,,
pg0,2023-07-03,False,,,,,,,,,
pg0,2023-07-04,False,,,,,,,,,
pg0,2023-07-05,False,,,,,,,,,
pg0,2023-07-06,False,,,,,,,,,
pg0,2023-07-07,False,,,,,,,,,
pg0,2023-07-08,False,,,,,,,,,
pg0,2023-07-09,False,,,,,,,,,
pg0,2023-07-10,False,,,,,,,,,
pg0,2023-07-11,False,,,,,,,,,
pg0,2023-07-12,False,,,,,,,,,
pg0,2023-07-13,False,,,,,,,,,
pg0,2023-07-14,False,,,,,,,,,
pg0,2023-07-15,False,,,,,,,,,
pg0,2023-07-16,False,,,,,,,,,
pg0,2023-07-17,False,,,,,,,,,
pg0,2023-07-18,False,,,,,,,,,
pg0,2023-07-19,False,,,,,,,,,
pg0,2023-07-20,False,,,,,,,,,
pg0,2023-07-21,False,,,,,,,,,
pg0,2023-07-22,False,,,,,,,,,
pg0,2023-07-23,False,,,,,,,,,
pg0,2023-07-24,False,,,,,,,,,
pg0,2023-07-25,False,,,,,,,,,
pg0,2023-07-26,False,,,,,,,,,
pg0,2023-07-27,False,,,,,,,,,
pg0,2023-07-28,False,,,,,,,,,
pg0,2023-07-29,False,,,,,,,,,
pg0,2023-07-30,False,,,,,,,,,
pg0,2023-07-31,False,,,,,,,,,
pg0,2023-08-01,False,,,,,,,,,
pg0,2023-08-02,False,,,,,,,,,
pg0,2023-08-03,False,,,,,,,,,
pg0,2023-08-04,False,,,,,,,,,
pg0,2023-08-05,False,,,,,,,,,
pg0,2023-08-06,False,,,,,,,,,
pg0,2023-08-07,False,,,,,,,,,
pg0,2023-08-08,False,,,,,,,,,
pg0,2023-08-09,False,,,,,,,,,
pg0,2023-08-10,False,,,,,,,,,
pg0,2023-08-11,False,,,,,,,,,
pg0,2023-08-12,False,,,,,,,,,
pg0,2023-08-13,False,,,,,,,,,
pg0,2023-08-14,False,,,,,,,,,
pg0,2023-08-15,False,,,,,,,,,
pg0,2023-08-16,False,,,,,,,,,
pg0,2023-08-17,False,,,,,,,,,
pg0,2023-08-18,False,,,,,,,,,
pg0,2023-08-19,False,,,,,,,,,
pg0,2023-08-20,False,,,,,,,,,
pg0,2023-08-21,False,,,,,,,,,
pg0,2023-08-22,False,,,,,,,,,
pg0,2023-08-23,False,,,,,,,,,
pg0,2023-08-24,False,,,,,,,,,
pg0,2023-08-25,False,,,,,,,,,
pg0,2023-08-26,False,,,,,,,,,
pg0,2023-08-27,False,,,,,,,,,
pg0,2023-08-28,False,,,,,,,,,
pg0,2023-08-29,False,,,,,,,,,
pg0,2023-08-30,False,,,,,,,,,
pg0,2023-08-31,False,,,,,,,,,
pg0,2023-09-01,False,,,,,,,,,
pg0,2023-09-02,False,,,,,,,,,
pg0,2023-09-03,False,,,,,,,,,
pg0,2023-09-04,False,,,,,,,,,
pg0,2023-09-05,False,,,,,,,,,
pg0,2023-09-06,False,,,,,,,,,
pg0,2023-09-07,False,,,,,,,,,
pg0,2023-09-08,False,,,,,,,,,
pg0,2023-09-09,False,,,,,,,,,
pg0,2023-09-10,False,,,,,,,,,
pg0,2023-09-11,False,,,,,,,,,
pg0,2023-09-12,False,,,,,,,,,
pg0,2023-09-13,False,,,,,,,,,
pg0,2023-09-14,False,,,,,,,,,
pg0,2023-09-15,False,,,,,,,,,
pg0,2023-09-16,False,,,,,,,,,
pg0,2023-09-17,False,,,,,,,,,
pg0,2023-09-18,False,,,,,,,,,
pg0,2023-09-19,False,,,,,,,,,
pg0,2023-09-20,False,,,,,,,,,
pg0,2023-09-21,False,,,,,,,,,
pg0,2023-09-22,False,,,,,,,,,
pg0,2023-09-23,False,,,,,,,,,
pg0,2023-09-24,False,,,,,,,,,
pg0,2023-09-25,False,,,,,,,,,
pg0,2023-09-26,False,,,,,,,,,
pg0,2023-09-27,False,,,,,,,,,
pg0,2023-09-28,False,,,,,,,,,
pg0,2023-09-29,False,,,,,,,,,
pg0,2023-09-30,False,,,,,,,,,
pg0,2023-10-01,False,,,,,,,,,
pg0,2023-10-02,False,,,,,,,,,
pg0,2023-10-03,False,,,,,,,,,
pg0,2023-10-04,False,,,,,,,,,
pg0,2023-10-05,False,,,,,,,,,
pg0,2023-10-06,False,,,,,,,,,
pg0,2023-10-07,False,,,,,,,,,
pg0,2023-10-08,False,,,,,,,,,
pg0,2023-10-09,False,,,,,,,,,
pg0,2023-10-10,False,,,,,,,,,
pg0,2023-10-11,False,,,,,,,,,
pg0,2023-10-12,False,,,,,,,,,
pg0,2023-10-13,False,,,,,,,,,
pg0,2023-10-14,False,,,,,,,,,
pg0,2023-10-15,True,14658.96,14703.17,14680.216511627905,-438.19,-326.07,-394.8520930232558,-53546.81,-53483.01,-53507.254186046506
pg0,2023-10-16,True,13278.1,14865.96,14675.36520763743,-1563.67,-237.58,-396.2283640562498,-55698.13,-53217.66,-53503.17599282445
pg0,2023-10-17,True,13278.1,14927.7,14696.777690517029,-1563.67,-249.95,-400.5723863023769,-55427.39,-53217.01,-53505.85055513355
pg0,2023-10-18,True,14306.41,14860.44,14671.349436145147,-1563.67,-103.47,-387.7102622525919,-55698.13,-53169.57,-53492.13527697927
pg0,2023-10-19,True,14283.07,14846.49,14682.230955417004,-1563.67,-299.97,-397.56786243498067,-55698.13,-53410.47,-53522.979646224485
pg0,2023-10-20,True,14403.52,14766.62,14653.055171764263,-512.19,-211.08,-371.788695345059,-55698.13,-53373.7,-53498.8137565633
pg0,2023-10-21,True,13278.1,14912.46,14721.691868780252,-1563.67,-162.64,-389.0106250073607,-54047.83,-53159.72,-53498.23859747264
pg0,2023-10-22,True,14311.63,14872.11,14708.198776013818,-1563.67,-283.14,-397.94322941515173,-55698.13,-53319.52,-53513.37730795896
pg0,2023-10-23,True,14523.62,14751.08,14684.601998256443,-564.21,-358.38,-401.289683332548,-55698.13,-53449.93,-53502.72122284529
pg0,2023-10-24,True,14379.3,14939.67,14709.546099552306,-1563.67,-224.86,-405.7191994580584,-55698.13,-53220.59,-53495.83622914703
pg0,2023-10-25,True,14325.88,14926.47,14697.051032449763,-1563.67,-159.82,-395.0731040435952,-55698.13,-53191.21,-53491.88521568581
pg0,2023-10-26,True,14341.13,14928.0,14649.04706928993,-602.61,-132.79,-386.83922383987584,-55698.13,-53184.88,-53527.460437589674
pg0,2023-10-27,True,13278.1,14865.66,14673.521733611482,-728.05,-237.05,-385.1718995592014,-55698.13,-53411.64,-53535.315171369315
pg0,2023-10-28,True,14339.49,14881.91,14647.50171941599,-574.88,-106.58,-385.52149746850347,-53768.64,-53194.02,-53541.57258142
pg0,2023-10-29,True,14239.86,15026.75,14652.764221195883,-1563.67,-153.49,-391.46268274338365,-55698.13,-53129.4,-53557.37960842383
pg0,2023-10-30,True,14524.91,14856.98,14692.31070897676,-535.35,-172.31,-385.6836784574249,-53636.47,-53158.84,-53515.30403005995
pg0,2023-10-31,True,14354.2,14843.26,14688.16274697492,-1563.67,-231.83,-393.8440581380308,-55698.13,-53229.27,-53531.49700525641
pg0,2023-11-01,True,14310.17,14987.58,14685.274223905704,-1563.67,-118.48,-392.4891589125857,-55698.13,-53152.33,-53515.82817772235
pg0,2023-11-02,True,14559.5,14843.5,14680.68195318568,-557.52,-210.9,-389.20325181820317,-55698.13,-53146.41,-53505.83810989243
pg0,2023-11-03,True,13278.1,14920.84,14689.815008240139,-1563.67,-269.42,-400.60175256032954,-55698.13,-53242.4,-53511.494863213666
pg0,2023-11-04,True,14558.45,15002.18,14683.27059820421,-470.21,-38.79,-352.004852740692,-53664.9,-53147.82,-53509.76687958349
pg0,2023-11-05,True,14155.0,15018.19,14669.632597491234,-1563.67,-109.98,-398.464390812172,-55698.13,-52919.83,-53462.27845461392
pg0,2023-11-06,True,14292.87,15022.82,14737.978603115675,-637.62,-9.76,-365.37383056462795,-53816.72,-53354.47,-53504.80740266453
pg0,2023-11-07,True,14330.28,14897.91,14690.785068027611,-1563.67,-80.13,-368.6385579557614,-55698.13,-53159.25,-53511.32412693
pg0,2023-11-08,True,14524.26,14931.93,14709.61105092729,-551.13,-226.73,-388.1856767736238,-53821.71,-53232.32,-53499.7719563144
pg0,2023-11-09,True,14352.5,14872.23,14725.880251479115,-528.08,-41.08,-382.044988884576,-53718.91,-53159.37,-53489.866386605034
pg0,2023-11-10,True,14554.69,14917.85,14718.664506135112,-1563.67,-221.75,-402.45086232429134,-55698.13,-53178.72,-53490.98083717267
pg0,2023-11-11,True,13278.1,14895.33,14698.554972679527,-1563.67,-207.32,-399.8876173485009,-55698.13,-53208.22,-53506.716365434884
pg0,2023-11-12,True,14253.99,14914.04,14663.9373458505,-1563.67,-180.17,-400.1237628016481,-55698.13,-53185.99,-53550.85517563273
pg0,2023-11-13,True,13278.1,14851.82,14675.14261206491,-1563.67,-122.47,-379.27472836312324,-55698.13,-53111.05,-53491.45927398871
pg0,2023-11-14,True,14299.55,14939.84,14682.311826052133,-1563.67,-224.91,-399.20768642740205,-55698.13,-53220.24,-53485.925616085
pg0,2023-11-15,True,14432.2,14836.4,14666.238281476251,-614.11,-84.53,-373.25828147624935,-55698.13,-53134.86,-53513.00431691094
pg0,2023-11-16,True,14464.27,14811.54,14679.14055823359,-582.97,-228.84,-400.82516859877256,-53763.89,-53416.86,-53505.80972123592
pg0,2023-11-17,True,14557.74,14873.93,14692.883893417074,-520.81,-287.95,-398.5484328946285,-53739.73,-53295.36,-53490.944310363084
pg0,2023-11-18,True,14473.3,14871.18,14702.568001738333,-1563.67,-256.58,-390.92186671208265,-55698.13,-53165.65,-53498.484023655445
pg0,2023-11-19,True,13278.1,14826.26,14725.779035651736,-1563.67,-247.78,-400.29661702302724,-55698.13,-53238.12,-53480.28321206493
pg0,2023-11-20,True,14499.28,14880.85,14742.699296013572,-1563.67,-301.44,-399.0582364998586,-55698.13,-53381.2,-53479.281428588256
pg0,2023-11-21,True,14372.68,14907.47,14635.373645021544,-644.89,-37.85,-381.3457222235303,-55698.13,-53153.51,-53522.428785934586
pg0,2023-11-22,True,14365.99,15162.21,14673.471540071,-659.79,-162.7,-372.9369129228671,-54036.98,-53170.34,-53528.9611442979
pg0,2023-11-23,True,14436.12,14973.03,14702.077737862708,-618.1,-97.43,-380.3130958040148,-53887.27,-53310.84,-53514.68907620078
pg0,2023-11-24,True,14396.6,15014.49,14676.774758457797,-1563.67,-204.39,-374.09921256418994,-55698.13,-53239.42,-53486.171388617964
pg0,2023-11-25,True,14395.19,14895.75,14646.114794763831,-747.16,-93.09,-365.959239156003,-53807.4,-53123.95,-53510.78256833365
pg0,2023-11-26,True,14484.97,14885.72,14670.271035164991,-577.11,-135.84,-382.04909378901004,-53714.93,-53201.65,-53511.979728313345
pg0,2023-11-27,True,14420.06,14793.42,14658.402369313366,-551.72,-193.6,-378.9275426203259,-53815.79,-53318.4,-53513.104556960534
pg0,2023-11-28,True,14500.81,14909.11,14654.704114188275,-518.17,-140.53,-380.45687693302756,-53683.73,-53153.39,-53509.43965814078
pg0,2023-11-29,True,14329.05,14933.16,14667.376416778381,-587.66,-181.17,-391.95133199275614,-53819.36,-53166.88,-53523.76840976976
pg0,2023-11-30,True,14320.66,14925.71,14682.689541695057,-1563.67,-206.56,-377.4817592048685,-55698.13,-53146.41,-53510.15103891069
pg0,2023-12-01,True,13996.09,15039.0,14671.350238464978,-1563.67,112.49,-359.20047445942447,-55698.13,-53122.43,-53539.00687254418
pg0,2023-12-02,True,14436.42,15092.83,14788.654579196273,-1563.67,-57.61,-400.0022849512965,-55698.13,-53165.94,-53471.348078913936
pg0,2023-12-03,True,14397.01,14847.48,14685.002156507202,-1563.67,-210.43,-378.77709769336735,-55698.13,-53125.83,-53523.54368731529
pg0,2023-12-04,True,14257.98,15053.78,14713.897923024395,-603.2,-176.89,-400.544997174343,-53726.65,-53070.35,-53476.00731385984
pg0,2023-12-05,True,14421.17,14998.13,14758.653338235466,-633.69,-157.54,-401.7894310387425,-55698.13,-53299.64,-53452.31029248091
pg0,2023-12-06,True,14427.09,14905.95,14689.17018572285,-1563.67,-262.09,-387.5087258001951,-55698.13,-53379.45,-53493.3668626944
pg0,2023-12-07,True,13278.1,14888.53,14715.405712687138,-1563.67,-130.62,-379.2205825883129,-55698.13,-53201.18,-53478.025457672244
pg0,2023-12-08,True,14326.7,14944.53,14703.530891622373,-1563.67,-226.79,-385.9353485582577,-55698.13,-53259.41,-53485.99674855356
pg0,2023-12-09,True,13278.1,14981.3,14709.119060517238,-1563.67,-179.12,-394.0720343492131,-55698.13,-53183.65,-53482.37305952843
pg0,2023-12-10,True,14527.9,14881.5,14710.929308201275,-569.95,-200.05,-388.1116920577362,-55698.13,-53171.63,-53485.7855547576
pg0,2023-12-11,True,14455.77,14962.42,14712.481184882534,-588.95,-190.38,-391.4629973113545,-55698.13,-53143.07,-53500.50349042537
pg0,2023-12-12,True,14292.4,14978.19,14653.35047612885,-574.06,-197.0,-389.46314266218025,-53777.61,-53148.99,-53484.92085860843
pg0,2023-12-13,True,14400.77,14868.89,14696.821071066945,-597.16,-173.14,-384.8097043586785,-55698.13,-53375.22,-53469.65337344291
pg0,2023-12-14,True,14463.39,14942.19,14700.51326072646,-649.53,-76.44,-369.2279230045845,-53755.27,-53143.24,-53499.1961611614
pg0,2023-12-15,True,14035.44,14858.33,14641.33826439378,-1563.67,-133.85,-355.2411770311287,-55698.13,-53235.43,-53468.8887513235
pg0,2023-12-16,True,14414.49,14887.71,14681.837279193556,-531.48,-138.24,-346.2019858448349,-53590.84,-53111.87,-53481.410520396625
pg0,2023-12-17,True,14096.89,15030.38,14659.680629093215,-701.13,-220.05,-396.63144808807306,-54164.93,-53343.56,-53551.66613588884
pg0,2023-12-18,True,14112.2,15078.35,14592.951993923909,-661.61,-132.56,-373.0522944314261,-54002.26,-53132.75,-53510.70604123735
pg0,2023-12-19,True,14461.81,14913.51,14694.555566983621,-571.01,-49.76,-346.123085930145,-55698.13,-53187.34,-53502.21066454058
pg0,2023-12-20,True,14414.25,14921.02,14683.055560885003,-1563.67,-64.06,-378.4389265476947,-55698.13,-53373.35,-53495.34376043356
pg0,2023-12-21,True,14258.74,14840.68,14667.886450936508,-1563.67,-225.85,-379.8489515844033,-55698.13,-53266.56,-53484.57907786548
pg0,2023-12-22,True,14484.03,14723.87,14649.759897434085,-476.3,-276.28,-371.2654941651653,-53721.49,-53382.38,-53506.218274513965
pg0,2023-12-23,True,14488.08,14827.08,14677.382354474372,-509.9,-199.52,-384.03069328668374,-53760.96,-53155.91,-53501.014730786395
pg0,2023-12-24,True,14347.7,14854.17,14670.811339098718,-572.42,-204.57,-363.8365421814331,-55698.13,-53190.51,-53513.772317096125
pg0,2023-12-25,True,13278.1,14879.68,14688.091219727567,-1563.67,-141.59,-376.9434652742621,-55698.13,-53207.45,-53502.526130072874
pg0,2023-12-26,True,14352.5,14864.55,14648.879933035976,-622.96,-175.54,-385.16241964905674,-55698.13,-53152.98,-53479.301039884194
pg0,2023-12-27,True,14418.59,14939.73,14672.89960036737,-514.01,-183.98,-371.67551914562927,-53743.01,-53130.4,-53491.86380204408
pg0,2023-12-28,True,14224.02,14785.97,14648.880887763515,-1563.67,-213.13,-382.2150568837593,-55698.13,-53138.9,-53493.0506246614
pg0,2023-12-29,True,14495.76,14932.63,14687.815181345326,-514.95,-193.19,-377.08210276039404,-53742.72,-53158.49,-53530.21130857471
pg0,2023-12-30,True,14354.44,15010.86,14699.278847227291,-1563.67,-188.85,-389.3787302895769,-55698.13,-53144.01,-53498.37188289742
pg0,2023-12-31,True,14317.03,14920.08,14734.917757961035,-1563.67,-277.16,-393.28035823179704,-55698.13,-53250.15,-53449.04629725115
pg0,2025-01-01,True,14117.89,15041.47,14684.478537268516,-884.97,251.06,-451.5662484953704,-53581.29,-53204.76,-53409.209312962965
pg0,2025-01-02,True,14394.96,14954.8,14700.884853587962,-720.54,-291.06,-463.5681423611111,-53581.93,-53180.95,-53375.08390740741
pg0,2025-01-03,True,14533.35,14875.57,14725.818050694443,-606.78,-280.04,-442.32948981481485,-53621.92,-53242.17,-53450.962971296285
pg0,2025-01-04,True,13909.42,15075.12,14654.099326620373,-872.59,-149.86,-422.24011284722224,-53995.63,-53180.89,-53468.113700925926
pg0,2025-01-05,True,14286.36,14830.24,14590.242792708334,-717.67,-163.34,-443.8182020833333,-53876.07,-53320.1,-53484.41422164352
pg0,2025-01-06,True,14316.44,14864.78,14635.316438773147,-618.86,-247.61,-422.1917744212963,-53695.69,-53321.63,-53482.15355196759
pg0,2025-01-07,True,14438.29,14870.65,14662.039063194445,-643.02,-248.19,-429.14779548611114,-53634.18,-53292.72,-53438.85521226852
pg0,2025-01-08,True,14466.62,14765.33,14646.892340625,-584.08,-299.27,-430.17850601851853,-53536.43,-53354.0,-53445.814171412036
pg0,2025-01-09,True,14422.05,14716.48,14615.529403935185,-622.67,-306.66,-445.83183194444445,-53739.56,-53344.5,-53482.75733576389
pg0,2025-01-10,True,14281.55,14795.82,14622.666094791668,-1563.67,-231.54,-419.75466585648144,-55698.13,-53323.92,-53462.052060416674
pg0,2025-01-11,True,14412.49,14721.88,14616.613231944442,-534.83,-223.16,-427.04687604166674,-53649.72,-53329.02,-53455.74529872685
pg0,2025-01-12,True,14284.42,14790.43,14601.099543055556,-597.4,-274.17,-429.6522900462963,-53749.99,-53333.06,-53474.85410138888
pg0,2025-01-13,True,14413.61,14913.16,14713.803815740739,-591.3,-228.14,-424.4095512731482,-53597.18,-53276.18,-53418.226211574074
pg0,2025-01-14,True,14521.15,14909.0,14738.44513784722,-612.76,-230.54,-440.8631040509259,-53559.76,-53266.92,-53410.81606006945
pg0,2025-01-15,True,14465.74,14947.06,14727.886279976854,-651.17,-241.45,-447.4503877314815,-53698.68,-53247.33,-53435.77097986111
pg0,2025-01-16,True,14500.45,14899.97,14708.456712152776,-656.8,-216.59,-437.25245324074075,-53620.45,-53263.22,-53429.99553136574
pg0,2025-01-17,True,14441.99,14952.74,14738.276214814816,-691.16,-216.88,-433.9423855324074,-53599.46,-53211.33,-53410.99641805556
pg0,2025-01-18,True,14503.44,14900.14,14715.472535416666,-598.45,-288.89,-443.54699884259264,-53547.16,-53319.4,-53427.00449988425
pg0,2025-01-19,True,14483.1,14970.8,14707.29190092593,-642.61,-179.53,-448.7267357638889,-53882.4,-53295.71,-53436.15821122685
pg0,2025-01-20,True,14328.17,14970.28,14729.571081249998,-687.7,-175.48,-441.6132767361111,-53641.45,-53297.94,-53407.24181446759
pg0,2025-01-21,True,14454.54,14919.32,14699.602164814814,-603.03,-204.51,-428.9284728009259,-53557.83,-53308.9,-53423.41024328704
pg0,2025-01-22,True,14534.11,14891.11,14725.30729861111,-605.37,-278.86,-433.5140167824074,-53753.16,-53288.85,-53458.78428206019
pg0,2025-01-23,True,14486.91,14877.74,14721.481451967593,-589.71,-205.04,-418.09848182870365,-53566.92,-53260.06,-53413.936069560186
pg0,2025-01-24,True,14581.08,14821.86,14707.463425115739,-573.88,-302.91,-446.7285266203704,-53619.81,-53353.59,-53439.27738460648
pg0,2025-01-25,True,14591.87,14780.11,14690.023931018517,-527.97,-364.89,-453.79081724537036,-53548.92,-53370.47,-53444.028082523146
pg0,2025-01-26,True,14582.84,14791.25,14689.987568634257,-518.88,-369.29,-437.44786956018515,-53548.74,-53378.39,-53447.61167118056
pg0,2025-01-27,True,14533.0,14785.74,14689.974496064815,-581.68,-300.62,-440.50258923611113,-53604.86,-53268.09,-53425.088697453706
pg0,2025-01-28,True,14480.93,14808.55,14662.256558449075,-582.21,-239.63,-435.5045146990741,-53667.95,-53306.03,-53420.70462835648
pg0,2025-01-29,True,14386.16,14715.43,14593.40033599537,-559.16,-315.28,-438.1100818287037,-53643.38,-53345.85,-53466.351407986105
pg0,2025-01-30,True,14509.37,14720.29,14630.97129803241,-526.15,-290.59,-424.61716423611114,-53538.19,-53333.71,-53442.909553125006
pg0,2025-01-31,True,14257.92,14834.88,14646.695093287037,-599.33,-306.95,-447.63737974537037,-53738.03,-53358.1,-53474.61050925926
pg0,2025-02-01,True,14115.36,14826.61,14568.434619791668,-739.07,-140.82,-390.5579538194444,-53932.24,-53182.3,-53491.04368101852
pg0,2025-02-02,True,14236.22,14811.24,14616.144637152778,-627.77,-186.33,-436.0837017361111,-53749.29,-53274.31,-53521.695650925925
pg0,2025-02-03,True,14554.52,14768.97,14650.233600925925,-530.19,-352.93,-439.39270995370373,-53517.54,-53358.22,-53431.55125775463
pg0,2025-02-04,True,14457.06,14753.02,14620.655275000003,-520.52,-363.07,-436.0034145833334,-53629.78,-53337.46,-53462.045937731484
pg0,2025-02-05,True,14433.66,14750.49,14618.373973032407,-530.66,-325.07,-435.13738333333333,-53610.31,-53352.41,-53437.10450613427
pg0,2025-02-06,True,14336.44,14716.13,14584.465146412038,-592.24,-303.61,-422.3286325231481,-53658.1,-53226.81,-53459.98035995371
pg0,2025-02-07,True,14501.68,14661.01,14618.556887152778,-547.32,-320.97,-429.6959681712963,-53602.69,-53352.06,-53457.30676956018
pg0,2025-02-08,True,14420.59,14822.33,14621.454573495372,-584.55,-353.75,-441.7557763888889,-53690.77,-53333.71,-53474.48201805556
pg0,2025-02-09,True,14252.64,14829.36,14650.102676851855,-625.19,-114.38,-425.8260236111111,-53627.38,-53179.42,-53422.3574181713
pg0,2025-02-10,True,14411.85,14888.65,14666.107214814814,-711.04,-200.17,-425.22555763888886,-53614.42,-53285.8,-53429.06518518519
pg0,2025-02-11,True,14482.27,14901.78,14691.800973263887,-655.63,-194.95,-436.4327137731481,-53658.86,-53347.54,-53458.34143356482
pg0,2025-02-12,True,14537.51,14893.81,14690.038119907407,-602.03,-224.21,-422.32501539351847,-53619.63,-53339.16,-53446.06085081019
pg0,2025-02-13,True,14461.28,14911.46,14690.976488425926,-645.66,-66.0,-417.3455355324074,-53652.01,-53331.48,-53456.696316435184
pg0,2025-02-14,True,14458.47,14985.7,14697.424578240743,-612.52,-97.9,-407.39525011574074,-53547.51,-53284.39,-53419.319941319445
pg0,2025-02-15,True,14403.05,14947.47,14683.589018981478,-667.94,-85.76,-426.2208905092592,-53687.6,-53342.27,-53435.429080787035
pg0,2025-02-16,True,14459.52,14903.19,14668.583898842595,-653.51,-194.77,-433.5689487268519,-53654.64,-53336.46,-53463.82500231482
pg0,2025-02-17,True,14438.24,14897.15,14668.731693287036,-569.19,-271.47,-449.4338092592593,-53542.41,-53330.48,-53435.578776041664
pg0,2025-02-18,True,14528.6,14878.68,14674.452012731479,-530.02,-179.82,-419.06566550925925,-53527.4,-53337.05,-53445.96563252314
pg0,2025-02-19,True,14518.4,14964.82,14694.562948032408,-719.48,-193.48,-419.67199652777776,-53748.82,-53378.74,-53462.36944016203
pg0,2025-02-20,True,14558.45,14848.54,14693.49257476852,-539.17,-269.77,-441.97246967592594,-53554.6,-53415.27,-53461.969876041665
pg0,2025-02-21,True,14592.11,14806.55,14694.902300810185,-538.58,-328.88,-446.6887378472223,-53553.78,-53401.55,-53444.97724953704
pg0,2025-02-22,True,14576.22,14824.73,14677.660111574072,-567.02,-291.18,-447.2501833333334,-53534.84,-53391.82,-53450.675431944444
pg0,2025-02-23,True,14529.48,14807.73,14648.370379513888,-522.51,-291.18,-433.2869539351852,-53545.22,-53392.82,-53456.23551643518
pg0,2025-02-24,True,14511.07,14748.32,14633.25596273148,-586.08,-268.19,-436.3338979166667,-53548.39,-53343.33,-53429.37257719907
pg0,2025-02-25,True,14580.61,14751.02,14661.785611458332,-541.98,-295.4,-445.59363935185183,-53545.34,-53348.01,-53444.91358807871
pg0,2025-02-26,True,14345.82,14902.55,14629.714609259257,-571.3,-351.81,-441.95244050925925,-53661.86,-53318.87,-53466.00884548611
pg0,2025-02-27,True,14353.62,14870.0,14604.793872685184,-667.82,-196.71,-441.3021465277778,-53717.21,-53397.04,-53496.13486863425
pg0,2025-02-28,True,14352.91,14795.82,14603.976583101854,-701.72,-233.07,-427.89885219907404,-53745.07,-53265.63,-53494.75524305556
pg0,2025-03-01,True,14487.79,14782.28,14636.113215162037,-648.59,-300.27,-435.68274606481486,-53637.99,-53393.93,-53475.795604398154
pg0,2025-03-02,True,14545.37,14735.83,14640.768287962963,-546.97,-369.81,-447.7251780092593,-53579.88,-53417.15,-53471.10284814815
pg0,2025-03-03,True,14461.46,14697.89,14619.532022337964,-535.47,-382.71,-449.0084456018518,-53580.17,-53375.99,-53463.39054733795
pg0,2025-03-04,True,14434.31,14756.42,14612.937573958332,-569.31,-35.98,-421.71422268518523,-53609.61,-53375.93,-53462.88882488426
pg0,2025-03-05,True,14452.13,14778.58,14631.919046875,-543.92,-303.02,-436.1987599537037,-53614.53,-53392.76,-53472.77766423612
pg0,2025-03-06,True,14553.17,14753.72,14639.441089583332,-534.3,-364.54,-447.9675226851852,-53557.83,-53391.64,-53461.65260428241
pg0,2025-03-07,True,14420.35,14762.69,14621.068983217594,-569.54,-373.1,-446.44543101851843,-53663.67,-53395.22,-53477.326311111116
pg0,2025-03-08,True,14512.36,14834.23,14667.205643287036,-623.2,-91.86,-429.7387811342592,-53587.38,-53354.52,-53455.26191597222
pg0,2025-03-09,True,14478.76,14879.44,14670.247972800926,-693.68,-249.95,-467.6561556712963,-53561.88,-53369.65,-53461.781927546304
pg0,2025-03-10,True,14526.14,14803.68,14668.095365624999,-576.7,-321.26,-454.9007510416667,-53563.63,-53391.94,-53465.031707986105
pg0,2025-03-11,True,14576.22,14798.29,14680.214249537035,-617.27,-159.3,-459.60430428240744,-53592.9,-53383.38,-53459.802062731476
pg0,2025-03-12,True,14317.85,14937.67,14666.479683912035,-774.96,-172.26,-433.7617290509259,-53640.51,-53385.37,-53461.60614155092
pg0,2025-03-13,True,14325.0,14914.22,14666.321765162036,-705.59,-195.54,-446.36557002314817,-53763.54,-53384.08,-53492.68857604167
pg0,2025-03-14,True,14465.44,14960.66,14682.275903703703,-654.34,-141.18,-437.6400383101852,-53663.09,-53244.17,-53462.89042673611
pg0,2025-03-15,True,14478.29,14906.65,14663.613907060188,-658.56,-104.29,-457.2295013888888,-53717.21,-53399.91,-53480.10314004629
pg0,2025-03-16,True,14544.02,14770.02,14656.54304224537,-591.94,-205.68,-457.69263136574074,-53590.31,-53422.55,-53464.30936574075
pg0,2025-03-17,True,14472.31,14855.46,14670.679772222224,-579.51,-188.56,-447.21231064814816,-53675.99,-53406.19,-53461.097005555544
pg0,2025-03-18,True,14541.03,14891.87,14685.799252777779,-562.62,-253.82,-451.80099884259255,-53564.63,-53311.89,-53458.920021990736
pg0,2025-03-19,True,14471.84,14977.49,14669.096015046296,-660.38,-145.52,-430.63889756944445,-53711.35,-53259.12,-53464.481560532404
pg0,2025-03-20,True,14582.96,14796.94,14671.68474664352,-523.86,-392.98,-463.6841303240741,-53546.27,-53428.94,-53468.552037615744
pg0,2025-03-21,True,14342.95,14893.11,14649.474508101852,-543.21,-230.43,-441.3431369212963,-53723.9,-53337.81,-53503.60485520833
pg0,2025-03-22,True,14431.79,14930.52,14661.817271296297,-605.25,-155.19,-449.9217114583334,-53861.06,-53409.82,-53477.466246874996
pg0,2025-03-23,True,14585.72,14823.73,14667.868302314817,-591.65,-221.51,-457.79943831018517,-53678.16,-53431.17,-53474.05394270833
pg0,2025-03-24,True,14475.47,14907.18,14661.387753587962,-573.59,-256.35,-456.9892332175926,-53682.09,-53391.99,-53463.02600439813
pg0,2025-03-25,True,14533.88,14822.68,14671.52695960648,-589.54,-270.07,-448.3375920138889,-53565.74,-53414.45,-53461.93635138889
pg0,2025-03-26,True,14371.74,14862.85,14616.718723148146,-581.21,-201.75,-437.511927662037,-53617.23,-53425.54,-53497.56252361111
pg0,2025-03-27,True,14304.77,14807.08,14618.287570138888,-646.24,-241.8,-449.8494207175925,-53763.71,-53343.33,-53500.0598931713
pg0,2025-03-28,True,14476.59,14815.82,14630.029889583333,-556.88,-232.42,-449.016081712963,-53734.39,-53413.34,-53502.45086377316
pg0,2025-03-29,True,14509.48,14762.34,14641.524956944448,-519.87,-374.86,-460.11816875,-53552.26,-53389.24,-53479.11962743055
pg0,2025-03-30,True,14541.85,14697.89,14626.855454629633,-524.15,-419.72,-465.01686157407414,-53585.68,-53415.63,-53478.4475693287
pg0,2025-03-31,True,14361.59,14696.02,14605.921296527778,-548.49,-400.31,-466.33054074074073,-53642.21,-53347.08,-53462.980078009256
pg0,2025-04-01,True,14494.12,14701.24,14609.245463194444,-558.93,-374.92,-455.8129368055556,-53545.81,-53386.48,-53462.5569392361
pg0,2025-04-02,True,14422.99,14783.33,14617.956328935186,-647.94,-295.75,-448.7674046296297,-53787.87,-53400.03,-53535.3180167824
pg0,2025-04-03,True,14452.84,14736.65,14615.017722800925,-587.31,-297.98,-446.21175729166663,-53609.14,-53432.99,-53490.56328425926
pg0,2025-04-04,True,14440.35,14873.52,14637.708692824073,-659.79,-152.49,-461.05288946759265,-53675.87,-53430.35,-53485.57242986111
pg0,2025-04-05,True,14483.74,14888.77,14647.889760763888,-648.59,-216.53,-457.6068341435185,-53874.54,-53430.81,-53524.653690162035
pg0,2025-04-06,True,14468.08,14843.03,14635.706719560187,-632.58,-281.97,-455.68932384259256,-53679.15,-53433.69,-53506.16214050927
pg0,2025-04-07,True,14524.32,14787.97,14646.398408912039,-556.23,-290.42,-445.03001412037037,-53596.47,-53428.24,-53488.95310381945
pg0,2025-04-08,True,14219.16,14858.63,14655.651663923596,-1563.67,-112.5,-467.9087059273511,-55698.13,-53125.71,-53498.203724819774
pg0,2025-04-09,True,14494.18,14854.05,14647.58573553241,-646.77,-312.41,-478.93285162037034,-53695.81,-53439.9,-53510.80541157408
pg0,2025-04-10,True,14576.1,14812.18,14662.572702314816,-601.97,-241.04,-453.6342186342593,-53680.1,-53425.6,-53494.00204537036
pg0,2025-04-11,True,14512.01,14829.54,14658.599241435186,-559.69,-231.83,-454.99389837962974,-53615.06,-53433.75,-53484.051235763895
pg0,2025-04-12,True,13278.1,14882.32,14630.903024390243,-1563.67,-212.78,-472.4034924255717,-55698.13,-53170.4,-53492.52862595777
pg0,2025-04-13,True,14520.92,14996.55,14646.804216514654,-1563.67,-334.63,-463.34326797536926,-55698.13,-53445.53,-53504.81719558776
pg0,2025-04-14,True,14552.41,14778.88,14652.2983712963,-627.6,-332.87,-474.02642685185185,-53753.63,-53451.69,-53501.63938842592
pg0,2025-04-15,True,14396.72,14757.77,14633.50602951389,-556.05,-98.31,-456.2926962962963,-53581.46,-53429.76,-53491.069168171285
pg0,2025-04-16,True,14352.33,14744.57,14596.956868634257,-599.92,-165.16,-466.29545706018513,-53549.56,-53429.64,-53484.25722905093
pg0,2025-04-17,True,14553.87,14762.87,14646.919327893516,-555.7,-390.46,-474.4168109953704,-53641.74,-53446.24,-53491.31318449075
pg0,2025-04-18,True,14556.22,14808.72,14650.132423362751,-566.14,-392.8,-474.57143636785884,-53555.31,-53445.94,-53481.51189584301
pg0,2025-04-19,True,14524.67,14801.8,14631.423057407406,-600.09,-264.97,-461.8289653935185,-53650.07,-53446.88,-53497.11335972222
pg0,2025-04-20,True,14566.42,14764.22,14630.854673726852,-538.05,-343.13,-465.8351925925926,-53574.19,-53444.07,-53493.20503773148
pg0,2025-04-21,True,14484.27,14786.62,14620.424357060183,-651.11,-274.88,-468.00638125000006,-53627.32,-53445.94,-53507.25521932871
pg0,2025-04-22,True,14436.07,14788.61,14634.241972261454,-1563.67,-206.79,-461.7268677209475,-55698.13,-53257.77,-53493.24055789669
pg0,2025-04-23,True,14542.91,14845.49,14630.872136771923,-566.08,-324.43,-482.3354503889249,-53563.75,-53195.9,-53477.09792145106
pg0,2025-04-24,True,14460.05,14711.26,14621.905059027777,-604.9,-406.82,-478.01142951388886,-53809.57,-53446.76,-53522.11152453704
pg0,2025-04-25,True,14574.22,14663.77,14634.822530787036,-506.97,-436.49,-474.45323634259256,-53504.99,-53448.82,-53470.724974652774
pg0,2025-04-26,True,14544.32,14698.19,14629.919458333332,-530.96,-428.22,-477.0755188657407,-53522.88,-53424.89,-53467.86482581018
pg0,2025-04-27,True,14554.05,14687.87,14631.9985880787,-509.44,-404.47,-471.1636195601852,-53525.11,-53440.55,-53473.51771192129
pg0,2025-04-28,True,14597.03,14670.98,14635.5411125,-511.55,-394.79,-474.46309363425934,-53503.7,-53445.47,-53465.56428067129
pg0,2025-04-29,True,14573.28,14689.92,14629.626390277777,-543.1,-438.6,-478.9530270833333,-53565.39,-53436.62,-53472.046758796285
pg0,2025-04-30,True,14511.71,14749.03,14637.128023032408,-572.3,-396.38,-479.3775939814814,-53614.59,-53436.79,-53492.1260605324
pg0,2025-05-01,True,14476.82,14761.81,14631.912909374998,-621.14,-180.64,-468.4737266203703,-53736.27,-53433.22,-53494.606540277775
pg0,2025-05-02,True,14391.03,14816.35,14620.224927199075,-647.3,-197.35,-469.09443738425927,-53797.26,-53450.63,-53529.15172974537
pg0,2025-05-03,True,14421.52,14790.84,14622.12697025463,-646.54,-293.11,-489.782314699074,-53697.51,-53427.59,-53525.37691956018
pg0,2025-05-04,True,14227.37,14754.54,14616.22980659722,-720.36,-318.97,-457.78701898148154,-53900.4,-53441.43,-53524.600275462966
pg0,2025-05-05,True,14068.86,14743.98,14604.453139583333,-637.09,-197.12,-477.6528608796297,-53879.06,-53421.14,-53531.52390439815
pg0,2025-05-06,True,14283.84,14755.77,14632.950840046295,-606.9,-250.19,-464.8730150462963,-53769.05,-53427.77,-53519.48646296296
pg0,2025-05-07,True,14575.69,14725.92,14645.037700925928,-557.93,-380.49,-481.629019675926,-53638.58,-53446.0,-53492.61174375
pg0,2025-05-08,True,14514.7,14724.93,14638.18104652778,-612.29,-283.5,-472.1146929398148,-53761.13,-53440.67,-53509.9808349537
pg0,2025-05-09,True,14428.38,14725.63,14617.143238425926,-542.45,-283.44,-449.69880312500004,-53557.95,-53416.97,-53481.80372210648
pg0,2025-05-10,True,14569.53,14772.89,14650.46566886574,-555.12,-304.55,-476.48307013888893,-53688.01,-53442.72,-53488.08210011574
pg0,2025-05-11,True,14543.73,14750.26,14637.849876967593,-602.32,-321.32,-466.0374664351852,-53649.95,-53431.75,-53497.71540300926
pg0,2025-05-12,True,14582.55,14688.51,14636.199146296296,-533.3,-453.08,-485.75153506944446,-53516.43,-53427.41,-53475.51100347222
pg0,2025-05-13,True,14571.82,14695.02,14637.970854976851,-515.83,-401.66,-474.74522546296294,-53506.81,-53424.25,-53461.465259375
pg0,2025-05-14,True,14462.04,14711.44,14623.380885069442,-554.06,-383.89,-480.83784398148146,-53524.4,-53426.18,-53470.06358657408
pg0,2025-05-15,True,14531.83,14740.11,14630.867231250002,-561.16,-324.54,-470.15724074074075,-53622.45,-53425.6,-53478.994473495375
pg0,2025-05-16,True,14545.25,14712.79,14625.198373958336,-583.62,-345.24,-471.76822245370374,-53607.03,-53434.69,-53485.61868078703
pg0,2025-05-17,True,14394.37,14818.46,14622.013787268519,-612.7,-270.24,-484.9389966435185,-53788.81,-53434.33,-53525.21287523148
pg0,2025-05-18,True,14497.17,14727.8,14610.512914467592,-644.13,-355.8,-477.3577533564815,-53677.34,-53445.77,-53510.642289467585
pg0,2025-05-19,True,14562.26,14709.5,14636.841304282409,-532.95,-373.98,-478.93158113425926,-53543.87,-53420.08,-53482.62414710648
pg0,2025-05-20,True,14411.38,14706.75,14618.745495254629,-587.25,-386.82,-485.5412991898148,-53812.21,-53432.22,-53506.27239166667
pg0,2025-05-21,True,14542.5,14707.28,14630.815699421295,-596.57,-381.89,-479.31731886574073,-53639.98,-53441.6,-53501.14431388889
pg0,2025-05-22,True,14568.36,14697.25,14632.183893634257,-531.78,-429.86,-481.1729177083334,-53553.43,-53432.22,-53478.264149305556
pg0,2025-05-23,True,14556.51,14679.13,14626.486725694445,-550.72,-420.89,-484.135980324074,-53529.1,-53400.2,-53463.72575069444
pg0,2025-05-24,True,14599.26,14667.99,14629.768887152777,-522.63,-418.49,-479.39266284722214,-53504.7,-53431.75,-53463.83276041667
pg0,2025-05-25,True,14579.91,14673.56,14630.905790509261,-542.39,-454.2,-487.54796006944446,-53530.56,-53424.66,-53461.80582106482
pg0,2025-05-26,True,14581.55,14671.27,14633.427100925926,-538.76,-360.72,-476.98860844907404,-53550.85,-53426.83,-53458.48123738426
pg0,2025-05-27,True,14469.08,14725.16,14622.872229629627,-564.73,-231.25,-464.5427326388888,-53785.65,-53394.17,-53481.89992546296
pg0,2025-05-28,True,14428.03,14744.92,14619.36564560185,-597.86,-374.92,-489.62877488425926,-53663.2,-53408.36,-53494.87827222222
pg0,2025-05-29,True,14267.95,14877.74,14607.042194560187,-686.24,-193.95,-477.3371243055556,-54023.61,-53437.38,-53523.63179513889
pg0,2025-05-30,True,13907.72,14800.51,14589.74116435185,-956.27,-73.98,-471.7065751157408,-54027.07,-53151.63,-53536.77356400463
pg0,2025-05-31,True,13845.68,14743.63,14593.397529629628,-801.7,-158.42,-478.8220030092593,-53821.88,-53104.95,-53518.48971076389
pg0,2025-06-01,True,12282.84,14935.48,14558.067371527779,-1134.6,135.01,-505.81220625,-55358.37,-53413.11,-53614.08063055555
pg0,2025-06-02,True,13376.13,14786.54,14556.346597916667,-742.94,-118.13,-475.860496875,-54157.72,-53135.39,-53605.83053206019
pg0,2025-06-03,True,14294.84,14886.75,14641.195535648149,-647.06,-231.19,-498.05131863425925,-54271.42,-53459.96,-53606.2670375
pg0,2025-06-04,True,14420.68,14709.95,14617.850824537038,-607.54,-405.23,-492.73796111111113,-53883.22,-53432.04,-53520.597268749996
pg0,2025-06-05,True,14367.73,14747.07,14651.507374421297,-565.03,-252.89,-477.88545451388893,-53925.5,-53444.89,-53508.7587332176
pg0,2025-06-06,True,14580.01,14712.65,14653.964156712962,-576.7,-439.89,-491.47482499999995,-53569.85,-53435.33,-53488.1820681713
pg0,2025-06-07,True,14452.29,14715.93,14648.022034722222,-582.74,-208.14,-472.3259076388889,-53740.14,-53438.61,-53491.843366898145
pg0,2025-06-08,True,14556.49,14714.59,14647.900103935186,-552.01,-193.13,-463.49035590277776,-53609.67,-53442.95,-53474.18443067129
pg0,2025-06-09,True,14595.9,14761.44,14662.888755208334,-646.48,-338.73,-489.55557476851845,-53724.01,-53442.43,-53502.76586180554
pg0,2025-06-10,True,14597.36,14723.38,14651.479710416666,-608.24,-348.64,-484.0822763888889,-53697.39,-53439.9,-53491.70865520833
pg0,2025-06-11,True,14494.8,14783.43,14653.935222685182,-568.31,-246.08,-468.83733865740743,-53819.31,-53435.86,-53500.46274560186
pg0,2025-06-12,True,14378.64,14794.63,14647.413567592594,-646.18,-248.37,-463.96219548611106,-53862.52,-53448.94,-53528.81982233796
pg0,2025-06-13,True,14425.02,14899.13,14627.132314467593,-783.4,-226.03,-490.25241944444434,-53766.18,-53501.71,-53567.96066736111
pg0,2025-06-14,True,14553.97,14810.34,14654.900767939815,-591.88,-379.49,-482.75984120370373,-53666.37,-53461.13,-53512.01890613425
pg0,2025-06-15,True,14579.07,14678.29,14640.829654629631,-549.31,-439.54,-490.7546793981482,-53520.24,-53436.56,-53479.866962152766
pg0,2025-06-16,True,14572.91,14725.2,14647.043242824073,-560.1,-457.3,-491.9109765046296,-53678.74,-53429.52,-53486.667233333326
pg0,2025-06-17,True,14562.82,14710.48,14643.820841435187,-540.51,-423.23,-484.52866620370366,-53555.66,-53432.22,-53474.95692754631
pg0,2025-06-18,True,14564.17,14723.03,14646.862114236112,-589.54,-391.51,-487.6923262731482,-53618.11,-53386.66,-53491.25487106481
pg0,2025-06-19,True,14597.19,14683.15,14644.792758912039,-521.28,-373.33,-477.8586552083333,-53581.7,-53415.22,-53473.87491226852
pg0,2025-06-20,True,14540.31,14697.64,14641.192155324072,-552.83,-438.48,-490.5729,-53594.01,-53424.19,-53475.14151064815
pg0,2025-06-21,True,14536.38,14721.21,14636.010937152776,-534.53,-421.12,-488.3500755787037,-53552.96,-53432.58,-53466.09360439815
pg0,2025-06-22,True,14559.72,14723.79,14648.680190162035,-552.07,-390.57,-484.46569629629636,-53676.22,-53423.08,-53479.9285193287
pg0,2025-06-23,True,14396.87,14717.34,14646.164992013888,-562.97,-262.91,-485.4176300925925,-53789.81,-53433.92,-53480.49507384259
pg0,2025-06-24,True,14642.87,14691.01,14663.381136507936,-535.06,-468.09,-491.2969091269841,-53492.8,-53448.94,-53470.061638888896
pg0,2025-06-25,False,,,,,,,,,
pg0,2025-06-26,False,,,,,,,,,
pg0,2025-06-27,False,,,,,,,,,
pg0,2025-06-28,False,,,,,,,,,
pg0,2025-06-29,False,,,,,,,,,
pg0,2025-06-30,False,,,,,,,,,
pg0,2025-07-01,False,,,,,,,,,
pg0,2025-07-02,False,,,,,,,,,
pg0,2025-07-03,False,,,,,,,,,
pg0,2025-07-04,False,,,,,,,,,
pg2,2022-11-02,True,16940.58,17399.38,17221.873759259262,-729.47,-389.87,-559.9273752314815,-49911.13,-49522.7,-49710.8591332176
pg2,2022-11-03,True,16765.98,17394.23,17185.022878932206,-1938.99,-386.84,-569.317794595976,-52041.98,-49474.45,-49768.10666012268
pg2,2022-11-04,True,16840.54,17411.14,17210.020642824074,-749.2,-407.5,-573.5854996527778,-50004.51,-49531.0,-49754.78169456018
pg2,2022-11-05,True,16919.91,17376.69,17244.8007755787,-721.62,-371.71,-573.4865774305556,-49976.9,-49531.63,-49750.80243472223
pg2,2022-11-06,True,17141.12,17315.9,17254.29102523148,-666.45,-495.19,-590.6116778935185,-49836.26,-49600.28,-49705.5689505787
pg2,2022-11-07,True,16873.25,17318.86,17172.584044791667,-767.12,-436.71,-587.2779863425926,-49879.95,-49573.54,-49704.18023738426
pg2,2022-11-08,True,17007.62,17359.44,17192.774966087964,-763.28,-426.88,-573.7781989583333,-50126.19,-49567.31,-49756.37725798611
pg2,2022-11-09,True,17114.61,17369.16,17272.807366782406,-687.34,-444.63,-573.1436136574074,-49950.96,-49653.14,-49732.98577523148
pg2,2022-11-10,True,17169.55,17322.62,17246.877608333332,-640.21,-549.84,-591.9762618055555,-49779.54,-49674.52,-49708.83218611111
pg2,2022-11-11,True,16819.93,17402.11,17274.507376851852,-742.51,-474.13,-601.5992690972222,-49930.5,-49480.51,-49700.53238449074
pg2,2022-11-12,True,17141.36,17413.68,17281.732102662038,-685.02,-469.18,-587.6109824074074,-49801.27,-49634.63,-49700.07675891204
pg2,2022-11-13,True,17123.29,17399.61,17283.906869097224,-678.73,-525.45,-592.9349140046297,-49892.23,-49589.21,-49709.41437858797
pg2,2022-11-14,True,17001.77,17353.82,17264.095213194447,-689.67,-534.88,-597.7509435185185,-49930.04,-49609.5,-49711.93922592593
pg2,2022-11-15,True,17152.7,17359.55,17276.676689930555,-649.0,-514.86,-592.124714699074,-49783.69,-49604.89,-49700.202022106474
pg2,2022-11-16,True,17127.4,17365.57,17281.33929583333,-674.6,-500.02,-595.2111340277778,-49767.9,-49556.82,-49674.91113796296
pg2,2022-11-17,True,17213.95,17373.51,17289.21624525463,-644.75,-535.23,-591.7453715277778,-49786.81,-49636.13,-49694.94626979167
pg2,2022-11-18,True,17119.88,17384.51,17258.721272222225,-680.13,-457.14,-582.6004598379631,-49778.74,-49556.19,-49683.59655960648
pg2,2022-11-19,True,17141.59,17427.52,17300.692933912036,-673.49,-472.15,-592.4746237268519,-49837.3,-49617.05,-49689.57491863426
pg2,2022-11-20,True,17157.62,17385.43,17286.55076435185,-653.88,-503.57,-584.4321346064814,-49787.5,-49540.85,-49682.76812337963
pg2,2022-11-21,True,17148.94,17447.44,17283.060367824077,-698.52,-486.23,-585.4537885416667,-49874.19,-49618.03,-49706.12315613426
pg2,2022-11-22,True,17175.34,17341.95,17271.198129861114,-639.22,-492.87,-593.2429296296295,-49751.01,-49632.04,-49684.843206018515
pg2,2022-11-23,True,17163.76,17350.29,17267.22779849537,-667.67,-538.37,-594.7065023148148,-49740.35,-49548.11,-49677.81611273149
pg2,2022-11-24,True,17135.91,17335.76,17270.93185150463,-665.93,-461.79,-588.2158930555555,-49764.73,-49569.85,-49675.27922164352
pg2,2022-11-25,True,16642.38,17376.86,17186.354022916665,-806.52,-382.94,-583.1009353009259,-50131.72,-49340.03,-49683.0791787037
pg2,2022-11-26,True,16847.49,17429.89,17231.096677662037,-743.56,-426.12,-596.7646065972223,-49890.96,-49462.92,-49673.44262638888
pg2,2022-11-27,True,17066.5,17381.09,17226.936185069444,-696.77,-452.02,-580.8539857638889,-49828.65,-49482.92,-49674.0610050926
pg2,2022-11-28,True,16888.54,17433.94,17243.091465972222,-715.51,-356.06,-560.1510018518519,-50232.02,-49539.7,-49709.63339178241
pg2,2022-11-29,True,16724.12,17515.63,17231.257669533,-884.56,-287.68,-592.3463174636464,-52041.98,-49505.35,-49727.7482606264
pg2,2022-11-30,True,16660.09,17401.18,17203.07267641182,-876.76,-316.37,-564.8759727042217,-49987.1,-49447.13,-49707.80875836926
pg2,2022-12-01,True,16859.13,17436.26,17201.650786034355,-872.22,-196.73,-587.9908586165049,-50254.1,-49490.47,-49731.506642667104
pg2,2022-12-02,True,16892.13,17447.26,17234.265866233054,-857.09,-434.44,-585.1813816134559,-50019.21,-49520.51,-49690.8920005595
pg2,2022-12-03,True,16999.92,17417.56,17239.169810214906,-790.69,-348.72,-596.3355788910595,-52041.98,-49273.69,-49687.209441110805
pg2,2022-12-04,True,16984.87,17363.43,17188.342257914876,-747.8,-383.99,-588.0709851559782,-49883.76,-49500.56,-49671.02186373652
pg2,2022-12-05,True,16765.17,17538.91,17233.1712928671,-742.1,-407.27,-616.6568319005577,-50023.47,-49387.7,-49718.516806110594
pg2,2022-12-06,True,16966.98,17355.04,17258.175380841934,-777.83,-523.36,-600.6422410993853,-50062.1,-49542.87,-49664.11843163632
pg2,2022-12-07,True,16753.24,17391.74,17186.95014224537,-840.39,-443.23,-617.9024810185185,-49925.83,-49429.03,-49689.94924270834
pg2,2022-12-08,True,17139.04,17438.58,17287.218223389693,-784.52,-411.22,-588.8736379978197,-49827.04,-49573.71,-49681.93689525201
pg2,2022-12-09,True,17019.78,17413.16,17306.727511327947,-766.25,-426.29,-605.5201106720284,-49929.98,-49531.57,-49683.36243918833
pg2,2022-12-10,True,15371.74,17437.13,17289.309929419986,-1938.99,-440.96,-598.6122771954344,-52041.98,-49505.75,-49682.16425436758
pg2,2022-12-11,True,17084.85,17446.97,17280.245171311955,-745.07,-380.44,-593.8467199999999,-49897.19,-49518.08,-49685.50782950437
pg2,2022-12-12,True,17182.17,17467.76,17304.056754630597,-716.79,-414.89,-592.0170063213181,-49789.57,-49384.19,-49676.662732924306
pg2,2022-12-13,True,17146.33,17435.1,17315.252747821636,-812.46,-465.57,-609.5254515524844,-49962.09,-49597.97,-49675.97783943508
pg2,2022-12-14,True,17185.64,17448.01,17283.918727553675,-683.04,-429.44,-586.3811186289888,-49822.02,-49145.1,-49645.610538360685
pg2,2022-12-15,True,17162.37,17543.19,17334.945137789076,-823.05,-477.85,-597.9926897734032,-49894.02,-49376.52,-49679.97920277094
pg2,2022-12-16,True,17153.98,17446.04,17291.920372068005,-700.9,-423.85,-597.1076678515469,-49806.0,-49529.56,-49673.14493896308
pg2,2022-12-17,True,17198.78,17512.68,17272.570456963276,-680.88,-408.2,-595.0711059768377,-49778.22,-49381.77,-49689.71096909736
pg2,2022-12-18,True,17127.23,17629.68,17309.747803217026,-713.01,-410.06,-608.2656785075986,-49872.11,-49298.88,-49658.86921104583
pg2,2022-12-19,True,17194.56,17558.42,17354.23082011168,-813.91,-477.56,-623.5735999813479,-49915.86,-49484.71,-49680.860305079215
pg2,2022-12-20,True,17193.98,17656.02,17378.449823726853,-890.72,-300.37,-628.3541988425926,-49879.43,-49050.39,-49624.647197569444
pg2,2022-12-21,True,17121.32,17480.72,17302.437963425924,-747.86,-500.08,-599.0318900462962,-49937.82,-49491.92,-49656.91363819445
pg2,2022-12-22,True,17035.35,17371.6,17246.115156828702,-763.34,-452.95,-610.1791508101852,-49855.22,-49459.64,-49661.63298090278
pg2,2022-12-23,True,16820.74,17412.29,17219.097847800927,-823.45,-365.66,-602.3731495370371,-50160.37,-49493.7,-49709.218309490745
pg2,2022-12-24,True,16955.58,17453.98,17230.808980140744,-815.71,-415.7,-606.039363645849,-50039.38,-49562.52,-49712.41192332216
pg2,2022-12-25,True,17045.77,17415.65,17246.208767366345,-765.79,-388.12,-586.8277498550389,-50033.62,-49470.01,-49653.07633410647
pg2,2022-12-26,True,16710.17,17403.38,17200.62726400556,-872.74,-447.48,-627.1122644111001,-50228.85,-49510.25,-49707.806847923064
pg2,2022-12-27,True,17039.06,17696.49,17269.126125362403,-880.42,-366.71,-611.8426570799026,-50214.55,-49492.44,-49735.44662170938
pg2,2022-12-28,True,17123.35,17496.64,17258.690760442616,-695.66,-427.75,-598.9617856439372,-49849.69,-49479.47,-49695.079016858814
pg2,2022-12-29,True,16899.19,17381.61,17237.532612190455,-772.13,-299.9,-593.1275772197414,-49807.04,-49490.07,-49659.46032012991
pg2,2022-12-30,True,16896.87,17446.97,17200.614433874816,-886.65,-219.95,-597.6796511250666,-50255.42,-49458.66,-49717.45755219799
pg2,2022-12-31,True,17097.41,17408.18,17248.43933773148,-781.21,-378.11,-583.9400015046297,-49918.05,-49468.74,-49672.35806886574
pg2,2023-01-01,True,16930.62,17600.68,17260.006420135145,-772.89,-373.34,-593.9602921983842,-49953.33,-49438.66,-49662.80555686915
pg2,2023-01-02,True,17120.45,17358.69,17269.00585357085,-703.52,-427.11,-599.3447681673741,-49820.58,-49536.47,-49678.20031231879
pg2,2023-01-03,True,17077.21,17335.12,17250.480336425837,-714.05,-412.45,-599.1440502145425,-49834.59,-49540.04,-49670.162192624375
pg2,2023-01-04,True,16563.35,17477.25,17243.3453709498,-1005.71,-393.59,-603.7666944792102,-50457.04,-49373.29,-49748.61908346081
pg2,2023-01-05,True,17127.05,17455.6,17338.859818502326,-824.5,-344.88,-621.9893423173716,-49992.7,-49370.7,-49656.23935194313
pg2,2023-01-06,True,17155.42,17451.83,17316.516420354394,-766.43,-464.82,-612.1311466740885,-49947.27,-49553.76,-49693.11070588644
pg2,2023-01-07,True,17108.94,17471.58,17295.960074685718,-702.94,-504.16,-609.877929558844,-49874.88,-49522.01,-49672.302289279585
pg2,2023-01-08,True,17116.4,17432.03,17312.22872488426,-766.89,-468.83,-619.6723354166667,-49879.15,-49538.55,-49697.87717025463
pg2,2023-01-09,True,17152.01,17407.02,17297.21849452523,-716.32,-422.34,-617.903538381322,-49806.69,-49482.06,-49660.25740235212
pg2,2023-01-10,True,17121.03,17467.99,17313.62701068316,-768.11,-480.82,-614.8717368835743,-49788.13,-49519.12,-49640.8142982944
pg2,2023-01-11,True,17113.28,17464.51,17326.17415559112,-793.78,-472.38,-615.7201914735695,-49899.61,-49470.47,-49657.771375803124
pg2,2023-01-12,True,17064.18,17495.31,17313.379336886625,-804.48,-309.74,-593.8491674873994,-49964.74,-49409.44,-49669.819134580845
pg2,2023-01-13,True,17121.5,17524.72,17336.99812039668,-790.81,-352.74,-586.416963521429,-50029.12,-49478.37,-49663.48813280751
pg2,2023-01-14,True,16973.7,17499.89,17298.54964425595,-826.42,-343.25,-583.4091060047741,-49931.19,-49338.77,-49664.887515933166
pg2,2023-01-15,True,17091.97,17576.25,17352.90247448004,-847.25,-255.44,-614.8456182144719,-49944.22,-49346.09,-49635.22000359191
pg2,2023-01-16,True,16916.73,17490.8,17282.337614930555,-811.41,-419.14,-620.3152099537037,-49833.09,-49468.4,-49650.74500335649
pg2,2023-01-17,True,17109.57,17355.21,17258.553705324073,-702.24,-446.31,-606.6824446759259,-49860.41,-49576.07,-49678.7042568287
pg2,2023-01-18,True,16954.13,17399.5,17240.775808796297,-768.17,-389.4,-598.4482666666667,-50060.88,-49433.99,-49697.05927199074
pg2,2023-01-19,True,17006.41,17485.41,17283.258928587962,-733.72,-519.58,-618.0723769675926,-49958.98,-49544.77,-49682.002178703704
pg2,2023-01-20,True,17062.79,17357.41,17245.065604259362,-800.58,-505.84,-614.6479868835744,-49925.02,-49456.87,-49621.14985829162
pg2,2023-01-21,True,16885.24,17431.46,17241.72076182522,-855.75,-479.54,-618.1526619806529,-50086.99,-49468.69,-49675.46859929941
pg2,2023-01-22,True,17004.84,17359.67,17227.81782778615,-759.21,-467.26,-609.3905631450772,-49840.47,-49427.65,-49653.17212594225
pg2,2023-01-23,True,17031.94,17361.81,17234.47747743468,-819.79,-478.49,-621.3721661549157,-49805.71,-49483.85,-49639.01543722843
pg2,2023-01-24,True,17032.63,17346.82,17266.684772569442,-714.34,-550.77,-623.2769916666666,-49809.57,-49582.3,-49680.727901620376
pg2,2023-01-25,True,16988.23,17382.83,17222.63256135147,-772.01,-503.92,-622.0490202303432,-49903.99,-49526.04,-49667.99566727689
pg2,2023-01-26,True,16742.12,17331.47,17228.887371964218,-1938.99,-485.88,-621.2845128846867,-52041.98,-49464.25,-49692.17618974787
pg2,2023-01-27,True,17013.87,17374.66,17251.302295078163,-759.5,-378.4,-614.1801622442827,-49959.61,-49501.43,-49676.69149174282
pg2,2023-01-28,True,17086.01,17364.94,17258.93966412037,-743.85,-375.14,-607.71933125,-49878.28,-49459.01,-49650.080575
pg2,2023-01-29,True,17159.94,17360.42,17276.740560185186,-688.74,-543.49,-617.1810616898148,-49838.45,-49509.04,-49663.80164398148
pg2,2023-01-30,True,17121.09,17354.0,17270.88943173389,-682.28,-510.32,-607.2974962911452,-49774.87,-49555.55,-49669.054506026885
pg2,2023-01-31,True,17082.83,17473.37,17297.798764351854,-783.94,-473.9,-624.0813905092592,-49836.26,-49501.26,-49659.84118622685
pg2,2023-02-01,True,17151.72,17408.07,17301.915985214542,-685.77,-445.79,-595.6591642043545,-49791.24,-49550.02,-49680.96110334758
pg2,2023-02-02,True,17180.14,17419.41,17299.536836458334,-695.78,-475.41,-606.5192927083333,-49854.42,-49587.77,-49688.44546747685
pg2,2023-02-03,True,17177.48,17422.6,17287.66630078098,-734.6,-499.33,-610.2749121688953,-49789.86,-49469.84,-49641.445477625086
pg2,2023-02-04,True,17109.69,17477.36,17279.60978526399,-733.61,-470.0,-609.1095312427572,-49923.07,-49610.48,-49699.71415368748
pg2,2023-02-05,True,17140.49,17452.24,17286.438511805558,-662.03,-563.92,-613.2214974537037,-49802.6,-49546.9,-49682.62247592593
pg2,2023-02-06,True,16607.99,17560.67,17295.805565876908,-830.15,-164.61,-594.644469146111,-49997.48,-49482.98,-49693.44064073571
pg2,2023-02-07,True,16978.44,17513.84,17338.75800836966,-1938.99,-214.77,-604.2391560592852,-52041.98,-49470.24,-49671.32447974426
pg2,2023-02-08,True,16686.61,17725.15,17319.79613556576,-801.05,-268.3,-598.0200185513509,-50058.87,-49346.66,-49676.48809578603
pg2,2023-02-09,True,16920.26,17611.27,17298.027491090856,-1938.99,-291.46,-587.7975302558071,-52041.98,-49278.94,-49695.08093266686
pg2,2023-02-10,True,16918.41,17607.74,17309.80782977121,-1938.99,-297.11,-578.3709228180021,-52041.98,-49389.37,-49701.19166909895
pg2,2023-02-11,True,17046.06,17755.54,17314.59236418452,-769.92,-469.88,-608.0522240410774,-49961.92,-49437.74,-49733.35530071956
pg2,2023-02-12,True,16781.55,17520.78,17287.597699908252,-1938.99,-457.89,-609.4359734867198,-52041.98,-49291.5,-49679.36756698896
pg2,2023-02-13,True,16925.82,17465.27,17272.2024338407,-832.42,-458.07,-618.7944292403563,-50074.54,-49366.72,-49677.58016746664
pg2,2023-02-14,True,17095.21,17352.37,17264.266352314815,-728.72,-466.8,-611.2160299768518,-49958.98,-49582.07,-49682.85217974537
pg2,2023-02-15,True,17034.48,17519.69,17283.326863395458,-824.27,-416.63,-610.0710674150788,-50110.92,-49550.48,-49693.57794762661
pg2,2023-02-16,True,16619.8,17360.88,17205.55898472222,-955.32,-509.04,-631.0961247685186,-50322.57,-49414.91,-49718.61732939815
pg2,2023-02-17,True,17151.72,17350.23,17262.233722267967,-686.76,-448.17,-606.5636633537059,-49878.17,-49600.63,-49695.847974996235
pg2,2023-02-18,True,17149.11,17527.67,17254.721972102478,-696.54,-450.39,-614.3380544165236,-49772.91,-49366.38,-49679.580867299854
pg2,2023-02-19,True,16983.83,17321.52,17233.16778101852,-702.36,-427.75,-608.864925462963,-49795.91,-49559.13,-49680.38226597223
pg2,2023-02-20,True,17083.35,17321.52,17237.241888657405,-709.86,-488.21,-612.9141119212962,-49824.96,-49416.76,-49657.268470138886
pg2,2023-02-21,True,16776.46,17398.05,17269.239705790264,-1938.99,-473.55,-621.9532686620821,-52041.98,-49551.4,-49723.37672809082
pg2,2023-02-22,True,17063.02,17351.74,17228.346165046296,-701.31,-520.86,-612.0571793981482,-49779.89,-49491.63,-49655.12432858797
pg2,2023-02-23,True,17013.24,17484.77,17259.7916004681,-783.07,-434.21,-603.1127433782124,-50069.24,-49544.08,-49686.76919600028
pg2,2023-02-24,True,17101.87,17368.58,17269.53722537791,-695.26,-532.32,-619.3551957943059,-49774.3,-49624.78,-49684.55915955671
pg2,2023-02-25,True,17006.93,17360.71,17216.81605034722,-740.01,-442.88,-601.9627069444444,-49928.14,-49475.6,-49667.65659953703
pg2,2023-02-26,True,17023.77,17426.82,17289.15542078835,-756.18,-297.92,-592.7935731929352,-49871.65,-49548.81,-49677.32856234996
pg2,2023-02-27,True,16639.54,17588.81,17235.425203124996,-1089.16,-136.96,-589.741355324074,-50333.99,-49419.35,-49750.33535324075
pg2,2023-02-28,True,16885.12,17376.4,17246.618974652774,-737.68,-293.56,-569.3485887731482,-49998.52,-49580.28,-49743.58070138889
pg2,2023-03-01,True,17075.3,17433.89,17286.476064665017,-711.9,-511.89,-615.4335619107261,-49854.13,-49619.7,-49698.880058449016
pg2,2023-03-02,True,17103.44,17385.95,17272.27158090278,-728.14,-401.21,-599.7357269675927,-49833.55,-49592.73,-49700.086338657406
pg2,2023-03-03,True,16856.23,17523.85,17300.92392708333,-750.95,-271.8,-603.4372527777778,-49967.74,-49572.61,-49714.98907604167
pg2,2023-03-04,True,16831.4,17441.82,17278.63633061433,-735.58,-210.23,-595.7812228582022,-50067.86,-49549.67,-49703.4745438324
pg2,2023-03-05,True,17000.27,17518.29,17276.85570608496,-756.65,-337.32,-604.995107562421,-50020.31,-49510.88,-49728.20913428197
pg2,2023-03-06,True,16792.03,17450.56,17273.459292939813,-728.6,-86.98,-590.0375489583333,-49964.91,-49513.76,-49716.13087141204
pg2,2023-03-07,True,17046.06,17464.22,17286.693267824077,-727.85,-534.65,-625.1312725694445,-49886.29,-49626.85,-49703.926410185195
pg2,2023-03-08,True,17103.78,17403.2,17280.134982778018,-700.15,-462.43,-608.7577427024017,-49817.87,-49603.62,-49701.52731847333
pg2,2023-03-09,True,17046.29,17428.62,17276.223540625,-805.88,-480.82,-614.2162873842593,-50129.94,-49608.01,-49713.55919814814
pg2,2023-03-10,True,17138.17,17436.26,17267.81580338205,-713.53,-295.25,-599.7441463160213,-49956.96,-49619.7,-49693.20757832149
pg2,2023-03-11,True,17168.33,17345.72,17266.855841666667,-689.15,-394.23,-596.1632949074074,-49936.38,-49659.71,-49703.14502939815
pg2,2023-03-12,True,17117.5,17419.36,17282.369383449073,-778.7,-385.85,-617.6577380787038,-49929.98,-49662.24,-49713.39532951389
pg2,2023-03-13,True,17201.04,17320.88,17264.843516171302,-652.84,-578.82,-618.1579656280079,-49729.86,-49659.71,-49688.53257569608
pg2,2023-03-14,True,16975.55,17404.71,17244.55416673426,-833.46,-379.04,-611.2094140548057,-50065.44,-49552.67,-49697.38136956143
pg2,2023-03-15,True,16994.42,17465.73,17252.42138101852,-757.12,-380.5,-584.3971173611111,-50035.29,-49568.98,-49723.80677256944
pg2,2023-03-16,True,17077.73,17402.16,17271.562732944465,-787.03,-521.21,-620.8558026509572,-52041.98,-49635.96,-49701.26984054829
pg2,2023-03-17,True,17087.11,17320.77,17248.48336905893,-690.25,-481.87,-616.7874993627327,-49814.07,-49623.4,-49699.05039892939
pg2,2023-03-18,True,17054.4,17321.63,17239.637978819443,-710.74,-477.68,-611.4813082175926,-49830.32,-49594.11,-49700.309099768514
pg2,2023-03-19,True,17155.83,17342.47,17247.842233474308,-685.07,-542.74,-610.5839962922195,-49888.88,-49586.56,-49701.655209663404
pg2,2023-03-20,True,16957.95,17481.19,17230.573116705335,-718.3,-494.26,-615.1086011600928,-49774.64,-49423.67,-49685.757884338745
pg2,2023-03-21,True,16982.9,17309.94,17235.497195759228,-729.71,-509.8,-616.1396124210648,-49864.74,-49576.7,-49691.449529691214
pg2,2023-03-22,True,16989.27,17391.74,17243.710847007525,-787.14,-493.45,-616.0151939512715,-52041.98,-49582.99,-49726.61431227024
pg2,2023-03-23,True,16685.04,17425.9,17179.345480870703,-817.75,-239.38,-583.0445118231685,-50104.29,-49513.24,-49753.40318152826
pg2,2023-03-24,True,17119.3,17552.39,17276.10363582643,-817.81,-265.22,-594.9265093563524,-50044.92,-49622.65,-49739.539583222286
pg2,2023-03-25,True,17043.57,17423.18,17273.687551358555,-748.91,-436.83,-622.2595562250159,-49966.76,-49620.11,-49734.937673831184
pg2,2023-03-26,True,16921.19,17394.0,17250.47603912037,-741.99,-454.93,-600.806711574074,-49982.67,-49653.31,-49735.22748032408
pg2,2023-03-27,True,17156.46,17589.85,17270.361008917906,-676.35,-469.65,-611.7694104208464,-49888.31,-49448.45,-49728.090479757855
pg2,2023-03-28,True,17129.2,17351.68,17257.198653587962,-686.3,-505.67,-604.2013848379629,-49883.81,-49546.33,-49715.354246064824
pg2,2023-03-29,True,17165.5,17363.66,17256.05808111619,-677.8,-519.52,-605.7562560599382,-49792.57,-49622.76,-49697.02694880657
pg2,2023-03-30,True,16259.53,17372.58,17230.2372275463,-712.37,-199.75,-595.828276273148,-50066.19,-49548.86,-49733.55434479166
pg2,2023-03-31,True,16377.92,17411.54,17224.73012385337,-1938.99,-285.47,-596.2278696756388,-52041.98,-49248.44,-49762.69974939407
pg2,2023-04-01,True,16989.96,17318.56,17232.173667180814,-713.76,-397.78,-600.8253065745067,-49905.26,-49617.74,-49717.08422883783
pg2,2023-04-02,True,16906.37,17389.48,17251.974058796295,-713.7,-376.19,-603.4563045138889,-50066.53,-49592.44,-49751.63157858796
pg2,2023-04-03,True,16878.87,17361.69,17235.693509748013,-681.99,-295.77,-594.9303119132068,-50135.59,-49598.38,-49745.418071377244
pg2,2023-04-04,True,16745.89,17369.92,17246.993245234924,-672.27,-215.64,-587.4182378772957,-50131.72,-49618.55,-49749.45009292626
pg2,2023-04-05,True,16597.62,17352.84,17241.779852684293,-1938.99,-269.53,-604.9419846279259,-52041.98,-49535.15,-49728.796906137184
pg2,2023-04-06,True,17071.77,17455.13,17256.042339476535,-1938.99,-420.53,-612.8886174269172,-52041.98,-49382.11,-49715.11442051499
pg2,2023-04-07,True,17113.51,17522.58,17259.609218379857,-683.79,-372.47,-606.3833955362534,-49991.49,-49455.43,-49727.25615925031
pg2,2023-04-08,True,17084.91,17342.19,17254.086859680698,-674.25,-517.6,-617.4051078084179,-49903.93,-49665.42,-49722.19306182874
pg2,2023-04-09,True,17151.89,17321.75,17244.877376745262,-669.25,-521.09,-604.5302257111407,-49820.01,-49657.86,-49715.15365077343
pg2,2023-04-10,True,17096.89,17377.1,17260.6687172238,-819.79,-542.74,-617.5718968773537,-50105.27,-49627.2,-49724.136087364575
pg2,2023-04-11,True,17128.68,17316.48,17243.332630324076,-675.07,-578.41,-617.6047585648148,-49785.19,-49628.06,-49694.63379861111
pg2,2023-04-12,True,17126.94,17279.6,17246.84327465278,-665.81,-596.8,-616.8845460648148,-49756.2,-49654.69,-49692.63658275463
pg2,2023-04-13,True,17198.15,17305.89,17243.884681018517,-637.24,-560.25,-606.2911752314815,-49793.67,-49644.32,-49688.911815277774
pg2,2023-04-14,True,16984.46,17277.29,17229.87261701389,-691.77,-510.85,-615.8120962962963,-49856.61,-49617.8,-49701.46588344908
pg2,2023-04-15,True,17095.04,17301.26,17237.865177893516,-709.05,-509.8,-612.2102402777778,-49934.54,-49631.64,-49717.82053101851
pg2,2023-04-16,True,17175.63,17297.67,17252.784290277777,-671.98,-584.23,-615.6394991898147,-49759.14,-49660.11,-49699.660264351856
pg2,2023-04-17,True,17146.39,17309.71,17245.66583483796,-650.39,-583.18,-616.0024201388889,-49760.92,-49622.13,-49693.2891849537
pg2,2023-04-18,True,17020.88,17280.53,17230.261755787036,-669.19,-477.1,-603.8719773148149,-49728.07,-49538.32,-49676.244373726855
pg2,2023-04-19,True,17096.6,17281.57,17217.202480671298,-715.22,-563.92,-618.6162325231481,-49812.28,-49630.6,-49701.4177230324
pg2,2023-04-20,True,17224.49,17262.58,17244.35561226852,-635.49,-585.45,-613.4736799768519,-49719.94,-49673.66,-49691.52210833333
pg2,2023-04-21,True,16917.77,17288.06,17229.929497337962,-672.33,-467.03,-596.5038,-49890.85,-49634.4,-49699.60121597223
pg2,2023-04-22,True,17030.43,17318.51,17244.984155092592,-671.05,-467.61,-603.2017424768518,-49963.19,-49651.24,-49707.90040381944
pg2,2023-04-23,True,16552.47,17479.04,17186.83598738426,-781.5,-4.81,-576.8722028935185,-50028.55,-49551.86,-49761.234234027776
pg2,2023-04-24,True,16970.17,17617.99,17260.744275462963,-808.09,-400.69,-634.7812755787036,-50191.44,-49637.98,-49784.96016863426
pg2,2023-04-25,True,16931.78,17273.7,17208.45629490741,-683.62,-360.89,-593.6540807870371,-50076.16,-49593.65,-49710.858946875
pg2,2023-04-26,True,17048.32,17335.87,17243.145803268042,-702.18,-432.29,-614.9167269712045,-49864.04,-49618.21,-49728.41773765207
pg2,2023-04-27,True,16755.67,17341.95,17217.65774166667,-744.72,-488.04,-618.6796731481483,-50106.19,-49617.28,-49757.24543148149
pg2,2023-04-28,True,16600.81,17374.37,17219.630365625002,-758.57,-459.52,-613.5023393518519,-50072.41,-49627.66,-49769.75065324075
pg2,2023-04-29,True,16694.83,17345.89,17202.867006944445,-744.43,-384.34,-603.2856767361111,-50034.66,-49632.61,-49764.23885787037
pg2,2023-04-30,True,16756.19,17309.24,17230.058277199074,-687.75,-203.65,-600.6155076388889,-50077.66,-49433.58,-49742.75537245371
pg2,2023-05-01,True,16969.41,17355.96,17208.944441203705,-711.55,-343.02,-602.1996768518518,-49998.35,-49621.78,-49724.846729861114
pg2,2023-05-02,True,16998.42,17318.86,17238.401384375,-697.7,-389.23,-610.7247471064815,-50014.31,-49656.6,-49743.69505393518
pg2,2023-05-03,True,16524.74,17287.48,17240.357600561707,-633.17,-331.73,-605.1273585869136,-50002.95,-49358.02,-49706.24279588237
pg2,2023-05-04,True,15371.74,17308.43,17245.870001057607,-1938.99,-494.09,-611.12713624292,-52041.98,-49634.23,-49716.93213824061
pg2,2023-05-05,True,16779.18,17291.18,17242.856585168982,-1938.99,-447.53,-604.1914668413602,-52041.98,-49647.89,-49711.19502228514
pg2,2023-05-06,True,16676.3,17437.53,17226.362342261345,-796.4,-302.87,-611.0268361199328,-52041.98,-49464.25,-49739.41931019989
pg2,2023-05-07,True,17022.85,17501.97,17230.36181781217,-685.31,-447.83,-614.0668087504066,-49854.82,-49416.18,-49707.967426692696
pg2,2023-05-08,True,16691.12,17348.38,17228.300036965775,-1938.99,-217.21,-592.5223311760247,-52041.98,-49567.31,-49722.60815229432
pg2,2023-05-09,True,16599.65,17360.88,17238.42742326389,-711.55,-250.85,-612.6285170138889,-49964.97,-49530.02,-49699.55306990741
pg2,2023-05-10,True,17002.87,17357.82,17243.994081018518,-781.5,-455.74,-614.5427357638889,-49923.7,-49530.83,-49678.81450046296
pg2,2023-05-11,True,16655.52,17466.13,17248.47484965781,-771.02,-58.87,-607.9398591598558,-50041.75,-49402.0,-49722.30284536731
pg2,2023-05-12,True,16911.35,17340.04,17226.407695542963,-759.91,-462.02,-604.9497759214908,-50074.54,-49576.36,-49713.11879771015
pg2,2023-05-13,True,17010.81,17494.04,17234.5911917488,-1938.99,-415.12,-599.4862638175902,-52041.98,-49397.56,-49695.513658416254
pg2,2023-05-14,True,17145.41,17277.98,17233.875988089494,-640.96,-439.68,-604.3551503524898,-49923.07,-49619.7,-49694.48385926301
pg2,2023-05-15,True,16784.68,17493.58,17241.34723365233,-1938.99,-445.61,-610.8700217498648,-52041.98,-49380.38,-49692.44092760234
pg2,2023-05-16,True,17017.69,17487.96,17240.81924236722,-780.68,-428.86,-612.2279420896646,-49968.95,-49393.76,-49713.41379639648
pg2,2023-05-17,True,17024.24,17480.84,17246.01698212668,-732.62,-445.38,-613.9812699589348,-50035.98,-49392.89,-49695.63105769117
pg2,2023-05-18,True,17012.6,17486.98,17246.31014335948,-783.07,-441.13,-613.978410579671,-52041.98,-49378.08,-49689.74957780104
pg2,2023-05-19,True,17190.45,17504.46,17245.605722489614,-633.87,-453.53,-609.831894277275,-49724.38,-49374.1,-49681.569409957985
pg2,2023-05-20,True,16909.96,17619.84,17226.145003999434,-823.75,-428.86,-613.2152633745824,-50164.75,-49381.54,-49768.110263727474
pg2,2023-05-21,True,15910.44,17531.96,17210.538858825326,-1938.99,-177.7,-595.8910916912516,-52041.98,-49393.58,-49731.99217879853
pg2,2023-05-22,True,16146.52,17460.75,17209.808764656027,-1938.99,-238.8,-603.4084165607195,-52041.98,-49347.58,-49740.480640509486
pg2,2023-05-23,True,16123.94,17467.29,17230.427189220994,-1938.99,-318.0,-609.6225946104967,-52041.98,-49366.49,-49739.46987467639
pg2,2023-05-24,True,16750.17,17457.8,17238.351072302765,-1938.99,-418.26,-606.5122285115797,-52041.98,-49367.47,-49714.56480217944
pg2,2023-05-25,True,16985.91,17507.35,17227.134262275773,-777.25,-451.14,-614.2271105850206,-52041.98,-49402.98,-49737.96599413449
pg2,2023-05-26,True,16993.61,17489.46,17237.327295639607,-795.58,-326.38,-604.0325929712009,-52041.98,-49403.09,-49731.02707838369
pg2,2023-05-27,True,17014.05,17498.44,17244.390488498986,-782.2,-395.34,-606.3391699985888,-49988.77,-49402.29,-49704.94138435486
pg2,2023-05-28,True,16970.11,17427.0,17230.569253794612,-735.41,-471.51,-615.0982433498581,-50026.42,-49461.54,-49757.17443849134
pg2,2023-05-29,True,17190.04,17502.9,17249.848898409822,-643.47,-435.95,-616.2348001977424,-49821.51,-49397.44,-49703.63230934922
pg2,2023-05-30,True,16779.06,17485.06,17246.791020874294,-1938.99,-454.4,-609.9578866689429,-52041.98,-49375.2,-49704.250900549814
pg2,2023-05-31,True,17121.9,17305.08,17235.86620841062,-690.02,-502.29,-610.9149583225716,-49897.7,-49634.06,-49705.715569043656
pg2,2023-06-01,True,16755.38,17511.06,17219.841929105092,-1938.99,-378.05,-606.2617932310447,-52041.98,-49427.94,-49756.312943505625
pg2,2023-06-02,True,16687.3,17489.93,17236.791765294824,-663.25,-326.9,-605.2278754505406,-50050.16,-49383.49,-49725.9248202549
pg2,2023-06-03,True,17018.16,17487.38,17248.208113425244,-781.09,-450.21,-616.6800407360751,-49978.63,-49381.36,-49695.634874083145
pg2,2023-06-04,True,16788.21,17483.27,17248.606836569197,-1938.99,-448.47,-619.1146742196314,-52041.98,-49385.74,-49688.97607171399
pg2,2023-06-05,True,16789.13,17490.39,17245.443645008298,-1938.99,-451.38,-618.00726612609,-52041.98,-49376.81,-49686.31538313071
pg2,2023-06-06,True,16748.03,17317.93,17244.050808200813,-1938.99,-450.04,-615.7146113672721,-52041.98,-49382.0,-49695.613742354384
pg2,2023-06-07,True,17174.7,17266.06,17244.906193183826,-637.24,-594.18,-616.1230916475366,-49720.92,-49648.87,-49681.70984342809
pg2,2023-06-08,True,16783.98,17450.39,17240.08459916009,-1938.99,-428.39,-617.7256272865226,-52041.98,-49376.4,-49695.878430166216
pg2,2023-06-09,True,17001.83,17485.76,17248.698199331953,-787.38,-438.92,-613.4510117143395,-52041.98,-49335.77,-49675.82200825649
pg2,2023-06-10,True,16785.31,17268.78,17244.875098385353,-1938.99,-588.77,-614.9445420844514,-52041.98,-49652.39,-49676.33718024761
pg2,2023-06-11,True,15371.74,17493.17,17239.679091015812,-1938.99,-460.63,-618.0119357148727,-52041.98,-49338.65,-49673.956564103166
pg2,2023-06-12,True,17004.67,17491.14,17246.42330095832,-1938.99,-451.26,-615.9118117467224,-52041.98,-49353.24,-49669.54618684226
pg2,2023-06-13,True,15371.74,17484.54,17235.561798860184,-1938.99,-445.67,-617.4600280243977,-52041.98,-49383.95,-49682.945053576055
pg2,2023-06-14,True,17013.7,17485.24,17249.94490918288,-1938.99,-442.7,-614.7577994494507,-52041.98,-49375.25,-49681.118413406104
pg2,2023-06-15,True,16796.49,17453.28,17216.17328346262,-1938.99,-307.35,-600.9641180417407,-52041.98,-49404.42,-49697.18190858475
pg2,2023-06-16,True,16616.73,17453.4,17180.982454498182,-1938.99,-210.87,-609.3347014607858,-52041.98,-49257.67,-49773.38684843757
pg2,2023-06-17,True,17196.58,17293.73,17249.748274553574,-655.28,-592.72,-606.8301562500001,-49881.33,-49627.26,-49703.33701116071
pg2,2023-06-18,False,,,,,,,,,
pg2,2023-06-19,False,,,,,,,,,
pg2,2023-06-20,False,,,,,,,,,
pg2,2023-06-21,False,,,,,,,,,
pg2,2023-06-22,False,,,,,,,,,
pg2,2023-06-23,False,,,,,,,,,
pg2,2023-06-24,False,,,,,,,,,
pg2,2023-06-25,False,,,,,,,,,
pg2,2023-06-26,False,,,,,,,,,
pg2,2023-06-27,False,,,,,,,,,
pg2,2023-06-28,False,,,,,,,,,
pg2,2023-06-29,False,,,,,,,,,
pg2,2023-06-30,False,,,,,,,,,
pg2,2023-07-01,False,,,,,,,,,
pg2,2023-07-02,False,,,,,,,,,
pg2,2023-07-03,False,,,,,,,,,
pg2,2023-07-04,False,,,,,,,,,
pg2,2023-07-05,False,,,,,,,,,
pg2,2023-07-06,False,,,,,,,,,
pg2,2023-07-07,False,,,,,,,,,
pg2,2023-07-08,False,,,,,,,,,
pg2,2023-07-09,False,,,,,,,,,
pg2,2023-07-10,False,,,,,,,,,
pg2,2023-07-11,False,,,,,,,,,
pg2,2023-07-12,False,,,,,,,,,
pg2,2023-07-13,False,,,,,,,,,
pg2,2023-07-14,False,,,,,,,,,
pg2,2023-07-15,False,,,,,,,,,
pg2,2023-07-16,False,,,,,,,,,
pg2,2023-07-17,False,,,,,,,,,
pg2,2023-07-18,False,,,,,,,,,
pg2,2023-07-19,False,,,,,,,,,
pg2,2023-07-20,False,,,,,,,,,
pg2,2023-07-21,False,,,,,,,,,
pg2,2023-07-22,False,,,,,,,,,
pg2,2023-07-23,False,,,,,,,,,
pg2,2023-07-24,False,,,,,,,,,
pg2,2023-07-25,False,,,,,,,,,
pg2,2023-07-26,False,,,,,,,,,
pg2,2023-07-27,False,,,,,,,,,
pg2,2023-07-28,False,,,,,,,,,
pg2,2023-07-29,False,,,,,,,,,
pg2,2023-07-30,False,,,,,,,,,
pg2,2023-07-31,False,,,,,,,,,
pg2,2023-08-01,False,,,,,,,,,
pg2,2023-08-02,False,,,,,,,,,
pg2,2023-08-03,False,,,,,,,,,
pg2,2023-08-04,False,,,,,,,,,
pg2,2023-08-05,False,,,,,,,,,
pg2,2023-08-06,False,,,,,,,,,
pg2,2023-08-07,False,,,,,,,,,
pg2,2023-08-08,False,,,,,,,,,
pg2,2023-08-09,False,,,,,,,,,
pg2,2023-08-10,False,,,,,,,,,
pg2,2023-08-11,False,,,,,,,,,
pg2,2023-08-12,False,,,,,,,,,
pg2,2023-08-13,False,,,,,,,,,
pg2,2023-08-14,False,,,,,,,,,
pg2,2023-08-15,False,,,,,,,,,
pg2,2023-08-16,False,,,,,,,,,
pg2,2023-08-17,False,,,,,,,,,
pg2,2023-08-18,False,,,,,,,,,
pg2,2023-08-19,False,,,,,,,,,
pg2,2023-08-20,False,,,,,,,,,
pg2,2023-08-21,False,,,,,,,,,
pg2,2023-08-22,False,,,,,,,,,
pg2,2023-08-23,False,,,,,,,,,
pg2,2023-08-24,False,,,,,,,,,
pg2,2023-08-25,False,,,,,,,,,
pg2,2023-08-26,False,,,,,,,,,
pg2,2023-08-27,False,,,,,,,,,
pg2,2023-08-28,False,,,,,,,,,
pg2,2023-08-29,False,,,,,,,,,
pg2,2023-08-30,False,,,,,,,,,
pg2,2023-08-31,False,,,,,,,,,
pg2,2023-09-01,False,,,,,,,,,
pg2,2023-09-02,False,,,,,,,,,
pg2,2023-09-03,False,,,,,,,,,
pg2,2023-09-04,False,,,,,,,,,
pg2,2023-09-05,False,,,,,,,,,
pg2,2023-09-06,False,,,,,,,,,
pg2,2023-09-07,False,,,,,,,,,
pg2,2023-09-08,False,,,,,,,,,
pg2,2023-09-09,False,,,,,,,,,
pg2,2023-09-10,False,,,,,,,,,
pg2,2023-09-11,False,,,,,,,,,
pg2,2023-09-12,False,,,,,,,,,
pg2,2023-09-13,False,,,,,,,,,
pg2,2023-09-14,False,,,,,,,,,
pg2,2023-09-15,False,,,,,,,,,
pg2,2023-09-16,False,,,,,,,,,
pg2,2023-09-17,False,,,,,,,,,
pg2,2023-09-18,False,,,,,,,,,
pg2,2023-09-19,False,,,,,,,,,
pg2,2023-09-20,False,,,,,,,,,
pg2,2023-09-21,False,,,,,,,,,
pg2,2023-09-22,False,,,,,,,,,
pg2,2023-09-23,False,,,,,,,,,
pg2,2023-09-24,False,,,,,,,,,
pg2,2023-09-25,False,,,,,,,,,
pg2,2023-09-26,False,,,,,,,,,
pg2,2023-09-27,False,,,,,,,,,
pg2,2023-09-28,False,,,,,,,,,
pg2,2023-09-29,False,,,,,,,,,
pg2,2023-09-30,False,,,,,,,,,
pg2,2023-10-01,False,,,,,,,,,
pg2,2023-10-02,False,,,,,,,,,
pg2,2023-10-03,False,,,,,,,,,
pg2,2023-10-04,False,,,,,,,,,
pg2,2023-10-05,False,,,,,,,,,
pg2,2023-10-06,False,,,,,,,,,
pg2,2023-10-07,False,,,,,,,,,
pg2,2023-10-08,False,,,,,,,,,
pg2,2023-10-09,False,,,,,,,,,
pg2,2023-10-10,False,,,,,,,,,
pg2,2023-10-11,False,,,,,,,,,
pg2,2023-10-12,True,17256.33,17262.52,17258.474862385323,-609.66,-607.91,-608.9825688073395,-49652.21,-49638.73,-49640.61119266055
pg2,2023-10-13,True,17016.02,17305.25,17220.503639417697,-756.53,-507.71,-632.5239529675251,-49849.98,-49398.83,-49632.991385778274
pg2,2023-10-14,True,17150.79,17488.83,17248.188613125876,-708.47,-468.6,-621.5363277959757,-49732.1,-49354.16,-49644.39925382155
pg2,2023-10-15,True,17192.59,17501.51,17259.236906790633,-674.31,-448.87,-632.3822037189597,-49692.04,-49349.2,-49655.81158491232
pg2,2023-10-16,True,16765.98,17562.18,17260.828715087082,-1938.99,-352.22,-632.7834832359202,-52041.98,-49367.24,-49670.667423470884
pg2,2023-10-17,True,16825.55,17494.44,17263.746839875243,-1938.99,-453.88,-634.1796680986289,-52041.98,-49363.15,-49660.82804743129
pg2,2023-10-18,True,16812.12,17471.75,17237.387896811855,-1938.99,-415.06,-622.9011013169198,-52041.98,-49278.53,-49632.00025338056
pg2,2023-10-19,True,16971.27,17534.56,17244.509921699566,-800.06,-434.03,-635.5544829937571,-49990.51,-49271.15,-49676.979924521205
pg2,2023-10-20,True,16964.84,17478.46,17235.45119258937,-718.53,-281.46,-612.4022210728015,-49870.33,-49235.47,-49642.79758037782
pg2,2023-10-21,True,16909.38,17480.2,17296.708898636396,-1938.99,-474.48,-625.3688553025129,-52041.98,-49547.54,-49667.12808553731
pg2,2023-10-22,True,15371.74,17557.66,17258.950874262915,-974.29,-498.8,-629.3930936996104,-52041.98,-49400.67,-49686.39619410802
pg2,2023-10-23,True,16804.13,17305.36,17257.551303943714,-1938.99,-601.34,-635.8232620358605,-52041.98,-49621.9,-49655.84886229941
pg2,2023-10-24,True,16767.83,17562.41,17277.21180495607,-1938.99,-466.04,-638.5183010102674,-52041.98,-49356.92,-49656.399376315756
pg2,2023-10-25,True,16774.78,17526.98,17264.01139904162,-1938.99,-429.61,-629.4898440289393,-52041.98,-49315.71,-49645.7848343982
pg2,2023-10-26,True,16704.32,17542.9,17216.42956845203,-792.61,-406.86,-626.3369520894644,-50000.02,-49304.41,-49671.03207686875
pg2,2023-10-27,True,16747.74,17506.43,17255.66327755894,-1938.99,-484.78,-632.7340937150921,-52041.98,-49310.18,-49675.692660238696
pg2,2023-10-28,True,16737.38,17449.0,17202.834580696017,-1938.99,-303.16,-613.4442196286972,-52041.98,-49376.92,-49674.5883679616
pg2,2023-10-29,True,16767.6,17506.25,17208.914895253372,-941.12,-395.34,-625.9289655091063,-50121.7,-49309.54,-49695.24899452676
pg2,2023-10-30,True,16813.74,17402.68,17257.457923528098,-1938.99,-436.3,-627.4843485313305,-52041.98,-49533.59,-49666.13802190956
pg2,2023-10-31,True,16657.6,17511.23,17242.38786236741,-1938.99,-457.6,-628.8639028434347,-52041.98,-49358.88,-49690.82754639102
pg2,2023-11-01,True,17019.2,17513.55,17256.49349477303,-1938.99,-394.46,-634.4300573318892,-52041.98,-49269.14,-49670.25074802223
pg2,2023-11-02,True,17013.06,17507.87,17259.746132066597,-815.02,-409.01,-635.8801382748566,-50062.56,-49304.82,-49648.25830824946
pg2,2023-11-03,True,16989.62,17508.28,17250.096194826754,-839.17,-457.89,-640.0163726055782,-52041.98,-49352.66,-49666.928870221454
pg2,2023-11-04,True,16978.21,17414.44,17247.33229339595,-1938.99,-365.25,-597.7075255650132,-52041.98,-49505.46,-49650.361405107134
pg2,2023-11-05,True,16729.39,17607.97,17240.112387569716,-1938.99,-380.91,-636.2920158614361,-52041.98,-49248.62,-49638.095710822956
pg2,2023-11-06,True,16825.49,17712.93,17293.134064207006,-1938.99,-276.8,-604.2040059333208,-52041.98,-49344.82,-49661.45681295913
pg2,2023-11-07,True,16781.55,17659.61,17252.973965772933,-1938.99,-349.02,-618.574742355406,-52041.98,-49402.23,-49660.858951648974
pg2,2023-11-08,True,17016.36,17558.94,17268.207775359166,-798.14,-488.21,-628.5640935885821,-49935.69,-49496.41,-49660.09758698185
pg2,2023-11-09,True,15371.74,17581.05,17278.909278760697,-1028.64,-355.42,-619.6620534190298,-52041.98,-49156.74,-49653.46289837671
pg2,2023-11-10,True,17146.04,17581.52,17291.48532500529,-737.74,-460.63,-643.554396099466,-49778.16,-49324.47,-49665.91884124967
pg2,2023-11-11,True,17036.92,17526.52,17263.16704596294,-1938.99,-446.84,-643.2671988980197,-52041.98,-49332.2,-49665.79469601357
pg2,2023-11-12,True,16567.58,17543.07,17206.027096774196,-888.75,-454.4,-636.914679359778,-52041.98,-49272.19,-49689.42315959686
pg2,2023-11-13,True,16761.46,17524.78,17261.049341792135,-1938.99,-367.23,-630.1369573054358,-52041.98,-49330.99,-49650.967549657165
pg2,2023-11-14,True,17168.51,17439.97,17256.56702207786,-743.62,-475.64,-647.7777639693074,-49702.82,-49222.16,-49616.86130866638
pg2,2023-11-15,True,16806.33,17504.34,17232.49508041917,-1938.99,-424.49,-622.3758355115978,-52041.98,-49228.67,-49655.43890592252
pg2,2023-11-16,True,16826.24,17345.49,17247.765970633915,-1938.99,-427.63,-645.0091963151207,-52041.98,-49482.98,-49640.01544143254
pg2,2023-11-17,True,16952.74,17475.8,17265.467771039646,-1938.99,-474.24,-651.0630213252005,-52041.98,-49281.76,-49641.387858530674
pg2,2023-11-18,True,17001.37,17521.36,17263.477039813584,-1938.99,-456.85,-639.3958218686374,-52041.98,-49353.58,-49641.3560918431
pg2,2023-11-19,True,17042.7,17534.1,17288.081975311547,-827.59,-481.11,-646.2942017439602,-50001.57,-49342.4,-49647.29218724626
pg2,2023-11-20,True,16971.44,17533.87,17293.260996882535,-815.95,-521.09,-638.7335256749602,-50025.26,-49308.62,-49652.31944250338
pg2,2023-11-21,True,16542.45,17649.77,17213.15441294404,-1938.99,-425.83,-630.2074497607093,-52041.98,-49309.02,-49648.66249109274
pg2,2023-11-22,True,16939.42,17589.79,17238.321082975595,-893.92,-297.87,-625.3667023816524,-52041.98,-49343.72,-49677.08127280211
pg2,2023-11-23,True,16943.07,17538.56,17267.697432459478,-836.78,-437.0,-633.6450409068971,-52041.98,-49330.06,-49672.5675278108
pg2,2023-11-24,True,17108.65,17540.76,17252.99767816822,-768.11,-461.5,-627.9178025919654,-52041.98,-49324.82,-49623.778487157775
pg2,2023-11-25,True,16642.55,17588.81,17209.093519011185,-1938.99,-221.63,-630.6920621542083,-52041.98,-49301.53,-49670.15888040023
pg2,2023-11-26,True,17019.14,17507.99,17256.376447083472,-812.17,-414.77,-643.6727674073725,-49828.08,-49316.29,-49657.56678381433
pg2,2023-11-27,True,16755.38,17535.49,17242.22635347677,-1938.99,-351.05,-637.9197604903126,-52041.98,-49291.21,-49651.21104556095
pg2,2023-11-28,True,16797.82,17483.1,17229.779131584513,-1938.99,-446.25,-639.72842747338,-52041.98,-49397.56,-49637.02912053687
pg2,2023-11-29,True,16812.76,17582.38,17244.743767461016,-1938.99,-411.46,-649.5454235951751,-52041.98,-49325.11,-49665.890621123865
pg2,2023-11-30,True,16955.06,17499.08,17257.593441285535,-860.93,-467.38,-638.0676474189181,-49959.49,-49347.76,-49662.45940479134
pg2,2023-12-01,True,16494.4,17601.78,17226.328700756865,-1938.99,-320.91,-631.3870429437759,-52041.98,-49156.16,-49667.469793155324
pg2,2023-12-02,True,16777.32,17583.25,17334.007739602595,-1938.99,-397.08,-642.5297795078975,-52041.98,-49547.65,-49653.81303376875
pg2,2023-12-03,True,16783.35,17527.5,17248.040498147388,-1938.99,-482.86,-642.8286988178556,-52041.98,-49227.29,-49658.7320657531
pg2,2023-12-04,True,16839.1,17553.2,17302.32911272676,-1938.99,-468.77,-657.3290374344133,-52041.98,-49239.68,-49629.76017270182
pg2,2023-12-05,True,16959.69,17700.66,17312.05469203069,-1938.99,-350.06,-652.6640353746941,-52041.98,-49271.5,-49647.89520405762
pg2,2023-12-06,True,16917.83,17572.19,17260.72260502619,-857.73,-415.24,-649.9814019186629,-52041.98,-49280.49,-49637.96176104996
pg2,2023-12-07,True,16862.72,17561.37,17292.984491260264,-1938.99,-345.35,-635.4945146681723,-52041.98,-49275.88,-49633.70013162537
pg2,2023-12-08,True,16816.17,17518.82,17273.310521104067,-1938.99,-472.09,-644.8343826369206,-52041.98,-49235.47,-49626.54191730075
pg2,2023-12-09,True,16836.78,17359.26,17284.718241395956,-1938.99,-601.69,-655.6635246258728,-52041.98,-49540.04,-49640.82333447151
pg2,2023-12-10,True,16819.41,17504.92,17285.491285087668,-1938.99,-418.15,-650.0165957171585,-52041.98,-49326.26,-49638.925928007804
pg2,2023-12-11,True,17124.86,17575.9,17271.13326760331,-726.51,-450.79,-651.2416408146908,-49743.17,-49259.4,-49638.70440359728
pg2,2023-12-12,True,16838.23,17593.67,17238.029838802602,-834.69,-505.2,-653.3503936461652,-52041.98,-49455.89,-49608.924824752205
pg2,2023-12-13,True,16759.61,17434.0,17266.277078601437,-1938.99,-438.52,-644.484080001883,-52041.98,-49156.79,-49616.00828310169
pg2,2023-12-14,True,16766.67,17493.63,17277.802022093856,-1938.99,-430.02,-635.472585498994,-52041.98,-49176.57,-49648.55500217644
pg2,2023-12-15,True,16762.91,17599.4,17255.28087962636,-1938.99,-340.29,-627.1587029716948,-52041.98,-49311.85,-49582.51882402767
pg2,2023-12-16,True,16991.12,17454.32,17267.789758044575,-845.1,-402.61,-617.9368821306207,-52041.98,-49482.06,-49623.12906667608
pg2,2023-12-17,True,16546.85,17536.53,17208.606191500363,-965.73,-429.15,-667.6303596361329,-50097.54,-49235.19,-49699.562186963776
pg2,2023-12-18,True,16546.51,17522.46,17205.68036818834,-942.51,-431.47,-651.6682576024835,-52041.98,-49294.27,-49597.78622839201
pg2,2023-12-19,True,16812.46,17435.91,17266.867698775317,-1938.99,-444.86,-616.2895116580311,-52041.98,-49295.25,-49640.76254321715
pg2,2023-12-20,True,16902.02,17620.88,17265.362567239754,-909.29,-303.34,-651.8034616109279,-50101.98,-49233.0,-49631.46136881771
pg2,2023-12-21,True,16795.04,17334.83,17260.340050727966,-1938.99,-511.43,-655.6275373986324,-52041.98,-49471.11,-49622.14606252133
pg2,2023-12-22,True,15371.74,17521.83,17243.398470218035,-1938.99,-466.1,-648.8648076177951,-52041.98,-49203.14,-49627.53926487337
pg2,2023-12-23,True,16967.62,17511.99,17261.123001036834,-789.24,-461.44,-659.1778990032283,-49973.21,-49337.61,-49644.73284798642
pg2,2023-12-24,True,16900.06,17577.98,17264.11983865649,-813.5,-411.11,-641.01384857264,-49947.62,-49344.76,-49654.37917102412
pg2,2023-12-25,True,17071.71,17483.79,17269.056913423126,-765.67,-495.14,-652.3330775032111,-49949.93,-49322.63,-49626.36483496542
pg2,2023-12-26,True,16999.34,17580.82,17262.360321521457,-802.8,-421.23,-665.6859526191289,-49973.21,-49304.47,-49615.12781384237
pg2,2023-12-27,True,17029.33,17451.49,17264.77034051171,-811.47,-501.01,-649.6306356925032,-49920.82,-49466.5,-49644.06025632573
pg2,2023-12-28,True,15371.74,17404.07,17256.750946144533,-1938.99,-562.11,-659.2378108651438,-52041.98,-49305.51,-49636.21399113577
pg2,2023-12-29,True,16939.19,17602.24,17253.957690196585,-868.26,-474.13,-656.868950399887,-52041.98,-49295.94,-49656.781684236565
pg2,2023-12-30,True,17110.61,17540.35,17266.953099002447,-813.27,-474.13,-658.645790396198,-52041.98,-49307.29,-49642.55917078393
pg2,2023-12-31,True,17108.99,17532.83,17318.06215440173,-865.64,-525.1,-665.7754067661036,-52041.98,-49329.43,-49598.736477673745
pg2,2025-01-01,False,,,,,,,,,
pg2,2025-01-02,False,,,,,,,,,
pg2,2025-01-03,False,,,,,,,,,
pg2,2025-01-04,False,,,,,,,,,
pg2,2025-01-05,False,,,,,,,,,
pg2,2025-01-06,False,,,,,,,,,
pg2,2025-01-07,False,,,,,,,,,
pg2,2025-01-08,False,,,,,,,,,
pg2,2025-01-09,False,,,,,,,,,
pg2,2025-01-10,False,,,,,,,,,
pg2,2025-01-11,False,,,,,,,,,
pg2,2025-01-12,False,,,,,,,,,
pg2,2025-01-13,False,,,,,,,,,
pg2,2025-01-14,False,,,,,,,,,
pg2,2025-01-15,False,,,,,,,,,
pg2,2025-01-16,False,,,,,,,,,
pg2,2025-01-17,False,,,,,,,,,
pg2,2025-01-18,False,,,,,,,,,
pg2,2025-01-19,False,,,,,,,,,
pg2,2025-01-20,False,,,,,,,,,
pg2,2025-01-21,False,,,,,,,,,
pg2,2025-01-22,False,,,,,,,,,
pg2,2025-01-23,False,,,,,,,,,
pg2,2025-01-24,False,,,,,,,,,
pg2,2025-01-25,False,,,,,,,,,
pg2,2025-01-26,False,,,,,,,,,
pg2,2025-01-27,False,,,,,,,,,
pg2,2025-01-28,False,,,,,,,,,
pg2,2025-01-29,False,,,,,,,,,
pg2,2025-01-30,False
pg2,2025-01-31,False
pg2,2025-02-01,False
pg2,2025-02-02,False
pg2,2025-02-03,False
pg2,2025-02-04,False
pg2,2025-02-05,False
pg2,2025-02-06,False
pg2,2025-02-07,False
pg2,2025-02-08,False
pg2,2025-02-09,False
pg2,2025-02-10,False
pg2,2025-02-11,False
pg2,2025-02-12,False
pg2,2025-02-13,False
pg2,2025-02-14,False
pg2,2025-02-15,False
pg2,2025-02-16,False
pg2,2025-02-17,False
pg2,2025-02-18,False
pg2,2025-02-19,False
pg2,2025-02-20,False
pg2,2025-02-21,False
pg2,2025-02-22,False
pg2,2025-02-23,False
pg2,2025-02-24,False
pg2,2025-02-25,False
pg2,2025-02-26,False
pg2,2025-02-27,False
pg2,2025-02-28,False
pg2,2025-03-01,False
pg2,2025-03-02,False
pg2,2025-03-03,False
pg2,2025-03-04,False
pg2,2025-03-05,False
pg2,2025-03-06,False
pg2,2025-03-07,False
pg2,2025-03-08,False
pg2,2025-03-09,False
pg2,2025-03-10,False
pg2,2025-03-11,False
pg2,2025-03-12,False
pg2,2025-03-13,False
pg2,2025-03-14,False
pg2,2025-03-15,False
pg2,2025-03-16,False
pg2,2025-03-17,False
pg2,2025-03-18,False
pg2,2025-03-19,False
pg2,2025-03-20,False
pg2,2025-03-21,False
pg2,2025-03-22,False
pg2,2025-03-23,False
pg2,2025-03-24,False
pg2,2025-03-25,False
pg2,2025-03-26,False
pg2,2025-03-27,False
pg2,2025-03-28,False
pg2,2025-03-29,False
pg2,2025-03-30,False
pg2,2025-03-31,False
pg2,2025-04-01,False
pg2,2025-04-02,False
pg2,2025-04-03,False
pg2,2025-04-04,False
pg2,2025-04-05,False
pg2,2025-04-06,False
pg2,2025-04-07,False
pg2,2025-04-08,False
pg2,2025-04-09,False
pg2,2025-04-10,False
pg2,2025-04-11,False
pg2,2025-04-12,False
pg2,2025-04-13,False
pg2,2025-04-14,False
pg2,2025-04-15,False
pg2,2025-04-16,False
pg2,2025-04-17,False
pg2,2025-04-18,False
pg2,2025-04-19,False
pg2,2025-04-20,False
pg2,2025-04-21,False
pg2,2025-04-22,False
pg2,2025-04-23,False
pg2,2025-04-24,False
pg2,2025-04-25,False
pg2,2025-04-26,False
pg2,2025-04-27,False
pg2,2025-04-28,False
pg2,2025-04-29,False
pg2,2025-04-30,False
pg2,2025-05-01,False
pg2,2025-05-02,False
pg2,2025-05-03,False
pg2,2025-05-04,False
pg2,2025-05-05,False
pg2,2025-05-06,False
pg2,2025-05-07,False
pg2,2025-05-08,False
pg2,2025-05-09,False
pg2,2025-05-10,False
pg2,2025-05-11,False
pg2,2025-05-12,False
pg2,2025-05-13,False
pg2,2025-05-14,False
pg2,2025-05-15,False
pg2,2025-05-16,False
pg2,2025-05-17,False
pg2,2025-05-18,False
pg2,2025-05-19,False
pg2,2025-05-20,False
pg2,2025-05-21,False
pg2,2025-05-22,False
pg2,2025-05-23,False
pg2,2025-05-24,False
pg2,2025-05-25,False
pg2,2025-05-26,False
pg2,2025-05-27,False
pg2,2025-05-28,False
pg2,2025-05-29,False
pg2,2025-05-30,False
pg2,2025-05-31,False
pg2,2025-06-01,False
pg2,2025-06-02,False
pg2,2025-06-03,False
pg2,2025-06-04,False
pg2,2025-06-05,False
pg2,2025-06-06,False
pg2,2025-06-07,False
pg2,2025-06-08,False
pg2,2025-06-09,False
pg2,2025-06-10,False
pg2,2025-06-11,False
pg2,2025-06-12,False
pg2,2025-06-13,False
pg2,2025-06-14,False
pg2,2025-06-15,False
pg2,2025-06-16,False
pg2,2025-06-17,False
pg2,2025-06-18,False
pg2,2025-06-19,False
pg2,2025-06-20,False
pg2,2025-06-21,False
pg2,2025-06-22,False
pg2,2025-06-23,False
pg2,2025-06-24,False
pg2,2025-06-25,False
pg2,2025-06-26,False
pg2,2025-06-27,False
pg2,2025-06-28,False
pg2,2025-06-29,False
pg2,2025-06-30,False
pg2,2025-07-01,False
pg2,2025-07-02,False
pg2,2025-07-03,False
pg2,2025-07-04,False
pg2,2025-07-05,False
pg2,2025-07-06,False
pg2,2025-07-07,False
pg2,2025-07-08,False
pg2,2025-07-09,False
pg2,2025-07-10,False
pg2,2025-07-11,False
pg2,2025-07-12,False
pg2,2025-07-13,False
pg2,2025-07-14,False
pg2,2025-07-15,False
pg2,2025-07-16,False
pg2,2025-07-17,False
pg2,2025-07-18,False
pg2,2025-07-19,False
pg2,2025-07-20,False
pg2,2025-07-21,False
pg2,2025-07-22,False
pg2,2025-07-23,False
pg2,2025-07-24,False
pg2,2025-07-25,False
pg2,2025-07-26,False
pg2,2025-07-27,False
pg2,2025-07-28,False
pg2,2025-07-29,False
pg2,2025-07-30,False
pg2,2025-07-31,False
pg2,2025-08-01,False
pg2,2025-08-02,False
pg2,2025-08-03,False
pg2,2025-08-04,False
pg2,2025-08-05,False
pg2,2025-08-06,False
pg2,2025-08-07,False
pg2,2025-08-08,False
pg2,2025-08-09,False
pg2,2025-08-10,False
pg2,2025-08-11,False
pg2,2025-08-12,False
pg2,2025-08-13,False
pg2,2025-08-14,False
pg2,2025-08-15,False
pg2,2025-08-16,False
pg2,2025-08-17,False
pg2,2025-08-18,False,,,,,,,,,
pg2,2025-08-19,False,,,,,,,,,
pg2,2025-08-20,False,,,,,,,,,
pg2,2025-08-21,False,,,,,,,,,
pg2,2025-08-22,False,,,,,,,,,
pg2,2025-08-23,False,,,,,,,,,
pg2,2025-08-24,False,,,,,,,,,
pg2,2025-08-25,False,,,,,,,,,
pg2,2025-08-26,False,,,,,,,,,
pg2,2025-08-27,False,,,,,,,,,
pg2,2025-08-28,False,,,,,,,,,
pg2,2025-08-29,False,,,,,,,,,
pg2,2025-08-30,False,,,,,,,,,
pg2,2025-08-31,False,,,,,,,,,
pg2,2025-09-01,False,,,,,,,,,
pg2,2025-09-02,False,,,,,,,,,
pg2,2025-09-03,False,,,,,,,,,
pg2,2025-09-04,False,,,,,,,,,
pg2,2025-09-05,False,,,,,,,,,
pg2,2025-09-06,False,,,,,,,,,
pg2,2025-09-07,False,,,,,,,,,
pg2,2025-09-08,False,,,,,,,,,
pg2,2025-09-09,False,,,,,,,,,
pg2,2025-09-10,False,,,,,,,,,
pg2,2025-09-11,False,,,,,,,,,
pg2,2025-09-12,False,,,,,,,,,
pg2,2025-09-13,False,,,,,,,,,
pg2,2025-09-14,False,,,,,,,,,
pg2,2025-09-15,False,,,,,,,,,
pg2,2025-09-16,False,,,,,,,,,
pg2,2025-09-17,False,,,,,,,,,
pg2,2025-09-18,False,,,,,,,,,
pg2,2025-09-19,False,,,,,,,,,
pg2,2025-09-20,False,,,,,,,,,
pg2,2025-09-21,False,,,,,,,,,
pg2,2025-09-22,False,,,,,,,,,
pg2,2025-09-23,False,,,,,,,,,
pg2,2025-09-24,False,,,,,,,,,
pg2,2025-09-25,False,,,,,,,,,
pg2,2025-09-26,False,,,,,,,,,
pg2,2025-09-27,False,,,,,,,,,
pg2,2025-09-28,False,,,,,,,,,
pg2,2025-09-29,False,,,,,,,,,
pg2,2025-09-30,False,,,,,,,,,
pg2,2025-10-01,False,,,,,,,,,
pg2,2025-10-02,False,,,,,,,,,
pg2,2025-10-03,False,,,,,,,,,
pg2,2025-10-04,False,,,,,,,,,
pg2,2025-10-05,False,,,,,,,,,
pg2,2025-10-06,False,,,,,,,,,
pg2,2025-10-07,False,,,,,,,,,
pg2,2025-10-08,False,,,,,,,,,
pg2,2025-10-09,False,,,,,,,,,
pg2,2025-10-10,False,,,,,,,,,
pg2,2025-10-11,False,,,,,,,,,
pg2,2025-10-12,False,,,,,,,,,
pg2,2025-10-13,False,,,,,,,,,
pg2,2025-10-14,False,,,,,,,,,
pg2,2025-10-15,False,,,,,,,,,
pg2,2025-10-16,False,,,,,,,,,
pg2,2025-10-17,False,,,,,,,,,
pg2,2025-10-18,False,,,,,,,,,
pg2,2025-10-19,False,,,,,,,,,
pg2,2025-10-20,False,,,,,,,,,
pg2,2025-10-21,False,,,,,,,,,
pg2,2025-10-22,False,,,,,,,,,
pg2,2025-10-23,False,,,,,,,,,
pg2,2025-10-24,False,,,,,,,,,
pg2,2025-10-25,False,,,,,,,,,
pg2,2025-10-26,False,,,,,,,,,
pg2,2025-10-27,False,,,,,,,,,
pg2,2025-10-28,False,,,,,,,,,
pg2,2025-10-29,False,,,,,,,,,
pg2,2025-10-30,False,,,,,,,,,
pg2,2025-10-31,False,,,,,,,,,
pg2,2025-11-01,True,16773.5,17592.11,17227.61283594035,-1938.99,-464.0,-705.5395581606111,-52041.98,-49283.2,-49562.867019526144
pg2,2025-11-02,True,16644.4,17453.17,17177.174586272104,-919.99,-532.73,-719.0967530409895,-50004.05,-49436.01,-49701.96200040887
pg2,2025-11-03,False,,,,,,,,,
pg2,2025-11-04,False,,,,,,,,,
pg2,2025-11-05,False,,,,,,,,,
pg2,2025-11-06,False,,,,,,,,,
pg2,2025-11-07,False,,,,,,,,,
pg2,2025-11-08,False,,,,,,,,,
pg2,2025-11-09,False,,,,,,,,,
pg2,2025-11-10,False,,,,,,,,,
pg2,2025-11-11,False,,,,,,,,,
pg2,2025-11-12,False,,,,,,,,,
pg2,2025-11-13,False,,,,,,,,,
pg2,2025-11-14,False,,,,,,,,,
pg2,2025-11-15,False,,,,,,,,,
pg2,2025-11-16,False,,,,,,,,,
pg2,2025-11-17,False,,,,,,,,,
pg2,2025-11-18,False,,,,,,,,,
pg2,2025-11-19,False,,,,,,,,,
pg2,2025-11-20,False,,,,,,,,,
pg2,2025-11-21,False,,,,,,,,,
pg2,2025-11-22,False,,,,,,,,,
pg2,2025-11-23,False,,,,,,,,,
pg2,2025-11-24,False,,,,,,,,,
pg2,2025-11-25,False,,,,,,,,,
pg2,2025-11-26,False
pg2,2025-11-27,False
pg2,2025-11-28,False
pg2,2025-11-29,False
pg2,2025-11-30,False
pg2,2025-12-01,False
pg2,2025-12-02,False
pg2,2025-12-03,False
pg2,2025-12-04,False
pg2,2025-12-05,False
pg2,2025-12-06,False
pg2,2025-12-07,False
pg2,2025-12-08,False
pg2,2025-12-09,False
pg2,2025-12-10,False
pg2,2025-12-11,False
pg2,2025-12-12,False
pg2,2025-12-13,False
pg2,2025-12-14,False
pg2,2025-12-15,False
pg2,2025-12-16,False
pg2,2025-12-17,False
pg2,2025-12-18,False
pg2,2025-12-19,False
pg2,2025-12-20,False
pg2,2025-12-21,False
pg2,2025-12-22,False
pg2,2025-12-23,False
pg2,2025-12-24,False
pg2,2025-12-25,False
pg2,2025-12-26,False
pg2,2025-12-27,False
pg2,2025-12-28,False
pg2,2025-12-29,False
pg2,2025-12-30,False
pg2,2025-12-31,False
pg2,2026-01-01,False
pg2,2026-01-02,False
pg2,2026-01-03,False
pg2,2026-01-04,False
pg2,2026-01-05,False
pg2,2026-01-06,False
pg2,2026-01-07,False
pg2,2026-01-08,False
pg2,2026-01-09,False
pg2,2026-01-10,False
pg2,2026-01-11,False
pg2,2026-01-12,False
pg2,2026-01-13,False
pg2,2026-01-14,False
pg2,2026-01-15,False
pg2,2026-01-16,False
pg2,2026-01-17,False
pg2,2026-01-18,False
pg2,2026-01-19,False
pg2,2026-01-20,False
pg2,2026-01-21,False
pg2,2026-01-22,False
pg2,2026-01-23,False
pg2,2026-01-24,False
pg2,2026-01-25,False
pg2,2026-01-26,False
pg2,2026-01-27,False
pg2,2026-01-28,False
pg2,2026-01-29,False
pg2,2026-01-30,False
pg2,2026-01-31,False
pg2,2026-02-01,False
pg2,2026-02-02,False
pg2,2026-02-03,False
pg2,2026-02-04,False
pg2,2026-02-05,False
pg2,2026-02-06,False
pg2,2026-02-07,False
pg2,2026-02-08,False
pg2,2026-02-09,False
pg2,2026-02-10,False
pg2,2026-02-11,False
pg2,2026-02-12,False
pg2,2026-02-13,False
pg2,2026-02-14,False
pg2,2026-02-15,False
pg2,2026-02-16,False
pg2,2026-02-17,False
pg2,2026-02-18,False
pg2,2026-02-19,False
pg2,2026-02-20,False
pg2,2026-02-21,False
pg2,2026-02-22,False
pg2,2026-02-23,False
pg2,2026-02-24,False
pg2,2026-02-25,False
pg2,2026-02-26,False
pg2,2026-02-27,False
pg2,2026-02-28,False
pg2,2026-03-01,False
pg2,2026-03-02,False
pg2,2026-03-03,False
pg2,2026-03-04,False
pg2,2026-03-05,False
pg2,2026-03-06,False,,,,,,,,,
pg2,2026-03-07,False,,,,,,,,,
pg2,2026-03-08,False,,,,,,,,,
pg2,2026-03-09,False,,,,,,,,,
pg2,2026-03-10,False,,,,,,,,,
pg2,2026-03-11,False,,,,,,,,,
pg2,2026-03-12,False,,,,,,,,,
pg2,2026-03-13,False,,,,,,,,,
pg2,2026-03-14,False,,,,,,,,,
pg2,2026-03-15,False,,,,,,,,,
pg2,2026-03-16,False,,,,,,,,,
pg2,2026-03-17,False,,,,,,,,,
pg2,2026-03-18,False,,,,,,,,,
pg2,2026-03-19,False,,,,,,,,,
pg2,2026-03-20,False,,,,,,,,,
pg2,2026-03-21,False,,,,,,,,,
pg2,2026-03-22,False,,,,,,,,,
pg2,2026-03-23,False,,,,,,,,,
pg2,2026-03-24,False,,,,,,,,,
pg2,2026-03-25,False,,,,,,,,,
pg2,2026-03-26,False,,,,,,,,,
pg2,2026-03-27,False,,,,,,,,,
pg2,2026-03-28,True,16693.96,17503.59,17235.472056586506,-1938.99,-454.81,-744.6088142281188,-52041.98,-49192.13,-49586.04882166243
pg2,2026-03-29,True,16927.85,17521.31,17275.059354103614,-915.4,-566.36,-757.6030057563349,-49920.7,-49202.51,-49581.23837778173
pg2,2026-03-30,True,16693.26,17498.84,17208.170101238546,-949.5,-608.67,-763.2630452080423,-52041.98,-49193.17,-49571.56597733677
pg2,2026-03-31,True,17132.38,17292.34,17245.434872685186,-823.11,-715.16,-756.4885446759259,-49715.62,-49497.79,-49559.86275601852
pg2,2026-04-01,False,,,,,,,,,
pg2,2026-04-02,False,,,,,,,,,
pg2,2026-04-03,False,,,,,,,,,
pg2,2026-04-04,False,,,,,,,,,
pg2,2026-04-05,False,,,,,,,,,
pg2,2026-04-06,False,,,,,,,,,
pg2,2026-04-07,False,,,,,,,,,
pg2,2026-04-08,False,,,,,,,,,
pg2,2026-04-09,False,,,,,,,,,
pg2,2026-04-10,False,,,,,,,,,
pg2,2026-04-11,False,,,,,,,,,
pg2,2026-04-12,False,,,,,,,,,
pg2,2026-04-13,False,,,,,,,,,
pg2,2026-04-14,False,,,,,,,,,
pg2,2026-04-15,True,17016.83,17502.43,17252.495186313845,-896.49,-594.99,-754.4515241613818,-52041.98,-49243.43,-49542.61979033073
pg2,2026-04-16,True,15371.74,17468.45,17251.088997569506,-1938.99,-624.9,-756.270994012686,-52041.98,-49240.83,-49544.79582962831
pg2,2026-04-17,False,,,,,,,,,
pg2,2026-04-18,False,,,,,,,,,
pg2,2026-04-19,False,,,,,,,,,
pg2,2026-04-20,False,,,,,,,,,
pg2,2026-04-21,False,,,,,,,,,
pg2,2026-04-22,False,,,,,,,,,
pg2,2026-04-23,False,,,,,,,,,
pg2,2026-04-24,True,17066.61,17495.08,17247.25374028661,-811.12,-557.63,-741.0224385455485,-49743.06,-49203.49,-49569.886370102155
pg2,2026-04-25,True,17171.92,17467.29,17242.625229796256,-764.22,-559.09,-711.5772535843904,-49593.25,-49215.88,-49540.737633763325
pg2,2026-04-26,False,,,,,,,,,
pg2,2026-04-27,False,,,,,,,,,
pg2,2026-04-28,False,,,,,,,,,
pg2,2026-04-29,False,,,,,,,,,
pg2,2026-04-30,False,,,,,,,,,
pg2,2026-05-01,False,,,,,,,,,
pg2,2026-05-02,False,,,,,,,,,
pg2,2026-05-03,False,,,,,,,,,
pg2,2026-05-04,False,,,,,,,,,
pg2,2026-05-05,False,,,,,,,,,
pg2,2026-05-06,False,,,,,,,,,
pg2,2026-05-07,False,,,,,,,,,
pg2,2026-05-08,False,,,,,,,,,
pg2,2026-05-09,False,,,,,,,,,
pg2,2026-05-10,False,,,,,,,,,
pg2,2026-05-11,False,,,,,,,,,
pg2,2026-05-12,False,,,,,,,,,
pg2,2026-05-13,False,,,,,,,,,
pg2,2026-05-14,False,,,,,,,,,
pg2,2026-05-15,False,,,,,,,,,
pg2,2026-05-16,False,,,,,,,,,
pg2,2026-05-17,False,,,,,,,,,
pg2,2026-05-18,False,,,,,,,,,
pg2,2026-05-19,False,,,,,,,,,
pg2,2026-05-20,False,,,,,,,,,
pg2,2026-05-21,False,,,,,,,,,
pg2,2026-05-22,False,,,,,,,,,
pg2,2026-05-23,False,,,,,,,,,
pg2,2026-05-24,False,,,,,,,,,
pg2,2026-05-25,False,,,,,,,,,
pg2,2026-05-26,False,,,,,,,,,
pg2,2026-05-27,False,,,,,,,,,
pg2,2026-05-28,False,,,,,,,,,
pg2,2026-05-29,False,,,,,,,,,
pg2,2026-05-30,False,,,,,,,,,
pg2,2026-05-31,False,,,,,,,,,
pg2,2026-06-01,False,,,,,,,,,
pg2,2026-06-02,False,,,,,,,,,
pg2,2026-06-03,False,,,,,,,,,
pg2,2026-06-04,False,,,,,,,,,
pg2,2026-06-05,False,,,,,,,,,
pg2,2026-06-06,False,,,,,,,,,
pg2,2026-06-07,False,,,,,,,,,
pg2,2026-06-08,False,,,,,,,,,
pg2,2026-06-09,False,,,,,,,,,
pg2,2026-06-10,False,,,,,,,,,
pg2,2026-06-11,False,,,,,,,,,
pg2,2026-06-12,False,,,,,,,,,
pg2,2026-06-13,False,,,,,,,,,
pg2,2026-06-14,False
pg2,2026-06-15,False
pg2,2026-06-16,False
pg2,2026-06-17,False
pg2,2026-06-18,False
pg2,2026-06-19,False
pg2,2026-06-20,False
pg2,2026-06-21,False
pg2,2026-06-22,False
pg2,2026-06-23,False
pg2,2026-06-24,False
pg2,2026-06-25,False
pg2,2026-06-26,False
pg2,2026-06-27,False
pg2,2026-06-28,False
pg2,2026-06-29,False
pg2,2026-06-30,False
pg2,2026-07-01,False
pg2,2026-07-02,False
pg2,2026-07-03,False
pg2,2026-07-04,False
pg2,2026-07-05,False
pg2,2026-07-06,False
pg2,2026-07-07,False
pg2,2026-07-08,False
pg2,2026-07-09,False
pg2,2026-07-10,False
pg2,2026-07-11,False
pg2,2026-07-12,False
pg2,2026-07-13,False
pg2,2026-07-14,False
pg2,2026-07-15,False
pg2,2026-07-16,False
pg2,2026-07-17,False
pg2,2026-07-18,False
pg2,2026-07-19,False
pg2,2026-07-20,False
pg2,2026-07-21,False
pg2,2026-07-22,False
pg2,2026-07-23,False
pg2,2026-07-24,False
pg2,2026-07-25,False
pg2,2026-07-26,False
pg2,2026-07-27,False
pg2,2026-07-28,False
pg2,2026-07-29,False
pg2,2026-07-30,False
pg2,2026-07-31,False
pg2,2026-08-01,False
pg2,2026-08-02,False
pg2,2026-08-03,False
pg2,2026-08-04,False
pg2,2026-08-05,False
pg2,2026-08-06,False
pg2,2026-08-07,False
pg2,2026-08-08,False
pg2,2026-08-09,False
pg2,2026-08-10,False
pg2,2026-08-11,False
pg2,2026-08-12,False
pg2,2026-08-13,False
pg2,2026-08-14,False
pg2,2026-08-15,False
pg2,2026-08-16,False
pg2,2026-08-17,False
pg2,2026-08-18,False
pg2,2026-08-19,False
pg2,2026-08-20,False
pg2,2026-08-21,False
pg2,2026-08-22,False
pg2,2026-08-23,False
pg2,2026-08-24,False
pg2,2026-08-25,False
pg2,2026-08-26,False
pg2,2026-08-27,False
pg2,2026-08-28,False
pg2,2026-08-29,False
pg2,2026-08-30,False
pg2,2026-08-31,False
pg2,2026-09-01,False
pg2,2026-09-02,False
pg2,2026-09-03,False
pg2,2026-09-04,False
pg2,2026-09-05,False
pg2,2026-09-06,False
pg2,2026-09-07,False
pg2,2026-09-08,False
pg2,2026-09-09,False
pg2,2026-09-10,False
pg2,2026-09-11,False
pg2,2026-09-12,False
pg2,2026-09-13,False
pg2,2026-09-14,False
pg2,2026-09-15,False
pg2,2026-09-16,False
pg2,2026-09-17,False
pg2,2026-09-18,False
pg2,2026-09-19,False
pg2,2026-09-20,False
pg2,2026-09-21,False
pg2,2026-09-22,False
pg2,2026-09-23,False
pg2,2026-09-24,False
pg2,2026-09-25,False
pg2,2026-09-26,False
pg2,2026-09-27,False
pg2,2026-09-28,False
pg2,2026-09-29,False
pg2,2026-09-30,False
pg2,2026-10-01,False
pg2,2026-10-02,False
pg2,2026-10-03,False
pg2,2026-10-04,False
pg2,2026-10-05,False
pg2,2026-10-06,False
pg2,2026-10-07,False
pg2,2026-10-08,False
pg2,2026-10-09,False
pg2,2026-10-10,False
pg2,2026-10-11,False
pg2,2026-10-12,False
pg2,2026-10-13,False
pg2,2026-10-14,False
pg2,2026-10-15,False
pg2,2026-10-16,False
pg2,2026-10-17,False
pg2,2026-10-18,False
pg2,2026-10-19,False
pg2,2026-10-20,False
pg2,2026-10-21,False
pg2,2026-10-22,False
pg2,2026-10-23,False
pg2,2026-10-24,False
pg2,2026-10-25,False
pg2,2026-10-26,False
pg2,2026-10-27,False
pg2,2026-10-28,False
pg2,2026-10-29,False
pg2,2026-10-30,False
pg2,2026-10-31,False
pg2,2026-11-01,False
pg2,2026-11-02,False
pg2,2026-11-03,False
pg2,2026-11-04,False
pg2,2026-11-05,False
pg2,2026-11-06,False
pg2,2026-11-07,False
pg2,2026-11-08,False
pg2,2026-11-09,False
pg2,2026-11-10,False
pg2,2026-11-11,False
pg2,2026-11-12,False
pg2,2026-11-13,False
pg2,2026-11-14,False
pg2,2026-11-15,False
pg2,2026-11-16,False
pg2,2026-11-17,False
pg2,2026-11-18,False
pg2,2026-11-19,False
pg2,2026-11-20,False
pg2,2026-11-21,False
pg2,2026-11-22,False
pg2,2026-11-23,False
pg2,2026-11-24,False
pg2,2026-11-25,False
pg2,2026-11-26,False
pg2,2026-11-27,False
pg2,2026-11-28,False
pg2,2026-11-29,False
pg2,2026-11-30,False
pg2,2026-12-01,False
pg2,2026-12-02,False
pg2,2026-12-03,False
pg2,2026-12-04,False
pg2,2026-12-05,False
pg2,2026-12-06,False
pg2,2026-12-07,False
pg2,2026-12-08,False
pg2,2026-12-09,False
pg2,2026-12-10,False
pg2,2026-12-11,False
pg2,2026-12-12,False
pg2,2026-12-13,False
pg2,2026-12-14,False
pg2,2026-12-15,False
pg2,2026-12-16,False
pg2,2026-12-17,False
pg2,2026-12-18,False
pg2,2026-12-19,False
pg2,2026-12-20,False
pg2,2026-12-21,False
pg2,2026-12-22,False
pg2,2026-12-23,False
pg2,2026-12-24,False
pg2,2026-12-25,False
pg2,2026-12-26,False
pg2,2026-12-27,False
pg2,2026-12-28,False
pg2,2026-12-29,False
pg2,2026-12-30,False
pg2,2026-12-31,False
pg3,2020-01-01,False
pg3,2020-01-02,False
pg3,2020-01-03,False
pg3,2020-01-04,False
pg3,2020-01-05,False
pg3,2020-01-06,False
pg3,2020-01-07,False
pg3,2020-01-08,False
pg3,2020-01-09,False
pg3,2020-01-10,False
pg3,2020-01-11,False
pg3,2020-01-12,False
pg3,2020-01-13,False
pg3,2020-01-14,False
pg3,2020-01-15,False
pg3,2020-01-16,False
pg3,2020-01-17,False
pg3,2020-01-18,False
pg3,2020-01-19,False
pg3,2020-01-20,False
pg3,2020-01-21,False
pg3,2020-01-22,False
pg3,2020-01-23,False
pg3,2020-01-24,False
pg3,2020-01-25,False
pg3,2020-01-26,False
pg3,2020-01-27,False
pg3,2020-01-28,False
pg3,2020-01-29,False
pg3,2020-01-30,False
pg3,2020-01-31,False
pg3,2020-02-01,False
pg3,2020-02-02,False
pg3,2020-02-03,False
pg3,2020-02-04,False
pg3,2020-02-05,False
pg3,2020-02-06,False
pg3,2020-02-07,False
pg3,2020-02-08,False
pg3,2020-02-09,False
pg3,2020-02-10,False
pg3,2020-02-11,False
pg3,2020-02-12,False
pg3,2020-02-13,False
pg3,2020-02-14,False
pg3,2020-02-15,False
pg3,2020-02-16,False
pg3,2020-02-17,False
pg3,2020-02-18,False
pg3,2020-02-19,False
pg3,2020-02-20,False
pg3,2020-02-21,False
pg3,2020-02-22,False
pg3,2020-02-23,False
pg3,2020-02-24,False
pg3,2020-02-25,False
pg3,2020-02-26,False
pg3,2020-02-27,False
pg3,2020-02-28,False
pg3,2020-02-29,False
pg3,2020-03-01,False
pg3,2020-03-02,False
pg3,2020-03-03,False
pg3,2020-03-04,False
pg3,2020-03-05,False
pg3,2020-03-06,False
pg3,2020-03-07,False
pg3,2020-03-08,False
pg3,2020-03-09,False
pg3,2020-03-10,False
pg3,2020-03-11,False
pg3,2020-03-12,False
pg3,2020-03-13,False
pg3,2020-03-14,False
pg3,2020-03-15,False
pg3,2020-03-16,False
pg3,2020-03-17,False
pg3,2020-03-18,False
pg3,2020-03-19,False
pg3,2020-03-20,False
pg3,2020-03-21,False
pg3,2020-03-22,False
pg3,2020-03-23,False
pg3,2020-03-24,False
pg3,2020-03-25,False
pg3,2020-03-26,False
pg3,2020-03-27,False
pg3,2020-03-28,False
pg3,2020-03-29,False
pg3,2020-03-30,False
pg3,2020-03-31,False
pg3,2020-04-01,False
pg3,2020-04-02,False
pg3,2020-04-03,False
pg3,2020-04-04,False
pg3,2020-04-05,False
pg3,2020-04-06,False
pg3,2020-04-07,False
pg3,2020-04-08,False
pg3,2020-04-09,False
pg3,2020-04-10,False
pg3,2020-04-11,False
pg3,2020-04-12,False
pg3,2020-04-13,False
pg3,2020-04-14,False
pg3,2020-04-15,False
pg3,2020-04-16,False
pg3,2020-04-17,False
pg3,2020-04-18,False
pg3,2020-04-19,False
pg3,2020-04-20,False
pg3,2020-04-21,False
pg3,2020-04-22,False
pg3,2020-04-23,False
pg3,2020-04-24,False
pg3,2020-04-25,False
pg3,2020-04-26,False
pg3,2020-04-27,False
pg3,2020-04-28,False
pg3,2020-04-29,False
pg3,2020-04-30,False
pg3,2020-05-01,False
pg3,2020-05-02,False
pg3,2020-05-03,False
pg3,2020-05-04,False
pg3,2020-05-05,False
pg3,2020-05-06,False
pg3,2020-05-07,False
pg3,2020-05-08,False
pg3,2020-05-09,False
pg3,2020-05-10,False
pg3,2020-05-11,False
pg3,2020-05-12,False
pg3,2020-05-13,False
pg3,2020-05-14,False
pg3,2020-05-15,False
pg3,2020-05-16,False
pg3,2020-05-17,False
pg3,2020-05-18,False
pg3,2020-05-19,False
pg3,2020-05-20,False
pg3,2020-05-21,False
pg3,2020-05-22,False
pg3,2020-05-23,False
pg3,2020-05-24,False
pg3,2020-05-25,False
pg3,2020-05-26,False
pg3,2020-05-27,False
pg3,2020-05-28,False
pg3,2020-05-29,False
pg3,2020-05-30,False
pg3,2020-05-31,False
pg3,2020-06-01,False
pg3,2020-06-02,False
pg3,2020-06-03,False
pg3,2020-06-04,False
pg3,2020-06-05,False
pg3,2020-06-06,False
pg3,2020-06-07,False
pg3,2020-06-08,False
pg3,2020-06-09,False
pg3,2020-06-10,False
pg3,2020-06-11,False
pg3,2020-06-12,False
pg3,2020-06-13,False
pg3,2020-06-14,False
pg3,2020-06-15,False
pg3,2020-06-16,False
pg3,2020-06-17,False
pg3,2020-06-18,False
pg3,2020-06-19,False
pg3,2020-06-20,False
pg3,2020-06-21,False
pg3,2020-06-22,False
pg3,2020-06-23,False
pg3,2020-06-24,False
pg3,2020-06-25,False
pg3,2020-06-26,False
pg3,2020-06-27,False
pg3,2020-06-28,False
pg3,2020-06-29,False
pg3,2020-06-30,False
pg3,2020-07-01,False
pg3,2020-07-02,False
pg3,2020-07-03,False
pg3,2020-07-04,False
pg3,2020-07-05,False
pg3,2020-07-06,False
pg3,2020-07-07,False
pg3,2020-07-08,False
pg3,2020-07-09,False
pg3,2020-07-10,False
pg3,2020-07-11,False
pg3,2020-07-12,False
pg3,2020-07-13,False
pg3,2020-07-14,False
pg3,2020-07-15,False
pg3,2020-07-16,False
pg3,2020-07-17,False
pg3,2020-07-18,False,,,,,,,,,
pg3,2020-07-19,False,,,,,,,,,
pg3,2020-07-20,False,,,,,,,,,
pg3,2020-07-21,False,,,,,,,,,
pg3,2020-07-22,False,,,,,,,,,
pg3,2020-07-23,False,,,,,,,,,
pg3,2020-07-24,False,,,,,,,,,
pg3,2020-07-25,False,,,,,,,,,
pg3,2020-07-26,False,,,,,,,,,
pg3,2020-07-27,False,,,,,,,,,
pg3,2020-07-28,False,,,,,,,,,
pg3,2020-07-29,False,,,,,,,,,
pg3,2020-07-30,False,,,,,,,,,
pg3,2020-07-31,False,,,,,,,,,
pg3,2020-08-01,False,,,,,,,,,
pg3,2020-08-02,False,,,,,,,,,
pg3,2020-08-03,False,,,,,,,,,
pg3,2020-08-04,False,,,,,,,,,
pg3,2020-08-05,False,,,,,,,,,
pg3,2020-08-06,False,,,,,,,,,
pg3,2020-08-07,False,,,,,,,,,
pg3,2020-08-08,False,,,,,,,,,
pg3,2020-08-09,False,,,,,,,,,
pg3,2020-08-10,False,,,,,,,,,
pg3,2020-08-11,False,,,,,,,,,
pg3,2020-08-12,False,,,,,,,,,
pg3,2020-08-13,False,,,,,,,,,
pg3,2020-08-14,False,,,,,,,,,
pg3,2020-08-15,False,,,,,,,,,
pg3,2020-08-16,False,,,,,,,,,
pg3,2020-08-17,False,,,,,,,,,
pg3,2020-08-18,False,,,,,,,,,
pg3,2020-08-19,False,,,,,,,,,
pg3,2020-08-20,False,,,,,,,,,
pg3,2020-08-21,False,,,,,,,,,
pg3,2020-08-22,False,,,,,,,,,
pg3,2020-08-23,False,,,,,,,,,
pg3,2020-08-24,False,,,,,,,,,
pg3,2020-08-25,False,,,,,,,,,
pg3,2020-08-26,False,,,,,,,,,
pg3,2020-08-27,False,,,,,,,,,
pg3,2020-08-28,False,,,,,,,,,
pg3,2020-08-29,False,,,,,,,,,
pg3,2020-08-30,False,,,,,,,,,
pg3,2020-08-31,False,,,,,,,,,
pg3,2020-09-01,False,,,,,,,,,
pg3,2020-09-02,False,,,,,,,,,
pg3,2020-09-03,False,,,,,,,,,
pg3,2020-09-04,False,,,,,,,,,
pg3,2020-09-05,False,,,,,,,,,
pg3,2020-09-06,False,,,,,,,,,
pg3,2020-09-07,False,,,,,,,,,
pg3,2020-09-08,False,,,,,,,,,
pg3,2020-09-09,False,,,,,,,,,
pg3,2020-09-10,False,,,,,,,,,
pg3,2020-09-11,False,,,,,,,,,
pg3,2020-09-12,False,,,,,,,,,
pg3,2020-09-13,False,,,,,,,,,
pg3,2020-09-14,False,,,,,,,,,
pg3,2020-09-15,False,,,,,,,,,
pg3,2020-09-16,False,,,,,,,,,
pg3,2020-09-17,False,,,,,,,,,
pg3,2020-09-18,False,,,,,,,,,
pg3,2020-09-19,False,,,,,,,,,
pg3,2020-09-20,False,,,,,,,,,
pg3,2020-09-21,False,,,,,,,,,
pg3,2020-09-22,False,,,,,,,,,
pg3,2020-09-23,False,,,,,,,,,
pg3,2020-09-24,False,,,,,,,,,
pg3,2020-09-25,False,,,,,,,,,
pg3,2020-09-26,False,,,,,,,,,
pg3,2020-09-27,False,,,,,,,,,
pg3,2020-09-28,False,,,,,,,,,
pg3,2020-09-29,False,,,,,,,,,
pg3,2020-09-30,False,,,,,,,,,
pg3,2020-10-01,False,,,,,,,,,
pg3,2020-10-02,False,,,,,,,,,
pg3,2020-10-03,False,,,,,,,,,
pg3,2020-10-04,False,,,,,,,,,
pg3,2020-10-05,False,,,,,,,,,
pg3,2020-10-06,False,,,,,,,,,
pg3,2020-10-07,False,,,,,,,,,
pg3,2020-10-08,False,,,,,,,,,
pg3,2020-10-09,False,,,,,,,,,
pg3,2020-10-10,False,,,,,,,,,
pg3,2020-10-11,False,,,,,,,,,
pg3,2020-10-12,False,,,,,,,,,
pg3,2020-10-13,False,,,,,,,,,
pg3,2020-10-14,False,,,,,,,,,
pg3,2020-10-15,False,,,,,,,,,
pg3,2020-10-16,True,17189.18,17509.09,17462.34284376207,-676.27,-516.26,-651.6698493626883,-49001.15,-48736.82,-48858.832443993815
pg3,2020-10-17,True,17320.35,17523.14,17468.23117685185,-757.58,-611.08,-671.1214976851852,-49095.61,-48804.6,-48884.99765416666
pg3,2020-10-18,True,17432.68,17528.55,17477.278225000002,-714.31,-630.4,-675.5288115740742,-48904.54,-48834.92,-48862.961617939814
pg3,2020-10-19,True,17174.27,17550.26,17449.642311689815,-749.52,-626.16,-675.1506909722222,-49016.07,-48753.76,-48857.226223379635
pg3,2020-10-20,True,17370.38,17553.19,17466.925015972225,-728.06,-598.67,-676.9899065972222,-49091.35,-48818.44,-48882.36000833334
pg3,2020-10-21,True,17127.35,17535.11,17467.921437731482,-773.64,-492.02,-671.3856939814815,-49150.83,-48791.98,-48895.46650636574
pg3,2020-10-22,True,17065.1,17540.99,17472.414905902777,-728.41,-367.39,-671.4978543981482,-49153.77,-48785.52,-48870.570289814816
pg3,2020-10-23,True,17248.66,17573.4,17472.944633333333,-723.88,-321.69,-663.4216291666667,-49109.22,-48588.0,-48875.222559953705
pg3,2020-10-24,True,17130.57,17584.92,17457.424450347222,-835.29,-484.89,-666.8377016203704,-49214.98,-48673.47,-48880.51858229167
pg3,2020-10-25,True,16694.3,17568.39,17438.8333525463,-809.48,-331.26,-672.2342997685186,-49199.65,-48447.42,-48887.23633518518
pg3,2020-10-26,True,17136.1,17581.29,17426.582927451822,-837.2,-410.77,-666.4051856922416,-51935.26,-48707.36,-48898.130137369335
pg3,2020-10-27,True,15099.28,17771.07,17452.291117364286,-2105.53,-495.79,-671.2270464298277,-51935.26,-48494.45,-48881.96047496775
pg3,2020-10-28,True,17246.24,17556.59,17440.42584583333,-760.54,-539.0,-670.8750516203704,-49099.07,-48692.44,-48860.446881365744
pg3,2020-10-29,True,17104.2,17573.63,17434.32712824074,-773.93,-526.99,-675.0895800925925,-49105.93,-48690.82,-48891.88970671296
pg3,2020-10-30,True,17037.06,17546.92,17462.158316319445,-882.55,-509.83,-672.239567013889,-49063.34,-48575.15,-48881.30679166667
pg3,2020-10-31,True,16934.63,17557.91,17424.871314699074,-888.59,-520.67,-678.9462997685184,-49241.38,-48793.13,-48909.038751388885
pg3,2020-11-01,True,17160.51,17525.96,17458.915917129627,-743.08,-603.2,-677.8497630787037,-49104.09,-48718.2,-48856.31991041667
pg3,2020-11-02,True,17187.92,17527.51,17479.630885926268,-872.12,-639.79,-676.1485060282865,-49257.81,-48796.01,-48861.218760143754
pg3,2020-11-03,True,17385.47,17524.63,17470.34930162037,-727.01,-535.98,-676.5731472222222,-48971.23,-48828.75,-48872.926532060184
pg3,2020-11-04,True,17351.03,17523.65,17473.400947337963,-719.19,-575.13,-677.0313268518519,-48972.15,-48816.76,-48871.60271597223
pg3,2020-11-05,True,17369.06,17556.65,17478.22872476852,-733.51,-633.7,-683.2589741898148,-48921.84,-48806.91,-48859.82419988426
pg3,2020-11-06,True,17333.65,17638.98,17496.36750300926,-760.3,-617.87,-684.0695252314815,-49021.09,-48704.48,-48845.981150231484
pg3,2020-11-07,True,17330.54,17590.5,17491.01787757656,-741.22,-602.56,-682.8414238706014,-48967.89,-48770.13,-48859.8573343993
pg3,2020-11-08,True,17374.47,17560.62,17489.905333680555,-748.12,-582.44,-679.9101021990741,-49040.4,-48801.95,-48884.617721296294
pg3,2020-11-09,True,17446.73,17526.19,17480.681880787037,-709.04,-661.42,-682.0055062499999,-48903.62,-48843.79,-48869.136655208335
pg3,2020-11-10,True,17437.4,17564.77,17491.468997495187,-713.44,-662.06,-684.0605500150753,-48938.78,-48840.51,-48869.38434190691
pg3,2020-11-11,True,17412.76,17561.54,17490.553257877098,-704.69,-584.99,-676.0200073059572,-48924.72,-48779.99,-48859.1933426494
pg3,2020-11-12,True,17349.42,17558.78,17481.26793275463,-731.48,-567.24,-676.5591538194444,-49045.99,-48793.71,-48873.46470196759
pg3,2020-11-13,True,17344.76,17559.58,17476.717548032408,-732.47,-615.96,-672.7071328703704,-49018.67,-48806.68,-48873.0388431713
pg3,2020-11-14,True,17395.26,17535.34,17480.725911911748,-725.45,-580.81,-674.5061463420293,-49010.42,-48753.53,-48860.83522462852
pg3,2020-11-15,True,17417.02,17523.77,17472.75506238983,-717.1,-584.52,-670.0265524399296,-49014.63,-48828.29,-48877.687623967904
pg3,2020-11-16,True,17410.57,17515.42,17464.652401660638,-721.8,-640.78,-672.5766707254847,-48952.73,-48847.66,-48875.52639820484
pg3,2020-11-17,True,17154.81,17497.74,17448.949336886624,-878.32,-596.59,-667.3664832860204,-49302.07,-48828.11,-48874.27360581658
pg3,2020-11-18,True,17329.73,17498.72,17438.246366704552,-743.31,-535.4,-659.8253586091716,-48999.88,-48815.9,-48878.98578344274
pg3,2020-11-19,True,17313.09,17769.97,17437.014255563416,-734.09,-497.47,-663.2957997518351,-48981.15,-48530.59,-48876.74658344254
pg3,2020-11-20,True,17194.37,17549.05,17442.98701257132,-777.01,-527.23,-661.8736110080253,-49218.79,-48763.79,-48911.742843391934
pg3,2020-11-21,True,17337.85,17762.6,17443.20674455551,-725.62,-483.61,-653.436012709604,-49028.24,-48611.17,-48867.21786569103
pg3,2020-11-22,True,16834.68,17527.34,17385.870362499998,-830.59,-322.16,-658.955698148148,-49240.8,-48668.4,-48875.813139467595
pg3,2020-11-23,True,17330.02,17719.82,17450.908715123285,-752.76,-476.48,-665.6030806219874,-49196.19,-48760.05,-48896.67276476177
pg3,2020-11-24,True,17178.65,17499.53,17431.130228587965,-711.01,-514.23,-655.6694873842591,-49021.09,-48783.97,-48890.525997453704
pg3,2020-11-25,True,17175.25,17521.41,17405.390814246115,-793.65,-506.87,-654.9471440500075,-49176.31,-48736.59,-48888.61000371113
pg3,2020-11-26,True,17306.07,17686.43,17438.87560078396,-743.66,-518.29,-658.120278560577,-48983.1,-48583.56,-48859.08230003827
pg3,2020-11-27,True,15099.28,17510.81,17407.37302475893,-2105.53,-607.95,-668.1552848558252,-51935.26,-48834.46,-48919.254302184745
pg3,2020-11-28,True,17230.35,17797.44,17440.37943388969,-763.55,-468.3,-662.5055810294186,-49068.47,-48417.22,-48878.494928668006
pg3,2020-11-29,True,17251.66,17568.39,17458.57630506979,-747.25,-616.01,-669.2363733481967,-49083.11,-48823.33,-48913.85820699506
pg3,2020-11-30,True,17137.6,17552.44,17429.869484606483,-943.45,-535.23,-663.289772337963,-49173.02,-48766.44,-48908.51179803241
pg3,2020-12-01,True,17193.85,17520.03,17454.27550471,-873.86,-592.99,-661.1346058164393,-49320.52,-48836.99,-48884.98755608542
pg3,2020-12-02,True,17308.6,17519.39,17441.578105881534,-739.19,-583.25,-660.9493875139043,-49168.58,-48821.66,-48886.22292848535
pg3,2020-12-03,True,17347.93,17531.14,17455.94009430132,-728.81,-625.24,-676.2244538526672,-48934.29,-48832.96,-48877.895442218694
pg3,2020-12-04,True,17375.51,17504.13,17447.16662321712,-705.27,-630.17,-669.744755465953,-48930.13,-48842.41,-48881.94105611363
pg3,2020-12-05,True,17218.55,17538.11,17441.22351501514,-867.88,-549.9,-665.7428931831626,-49284.95,-48749.9,-48869.703126094675
pg3,2020-12-06,True,17283.73,17533.27,17438.631517517402,-749.34,-486.63,-663.6413535962877,-49021.09,-48713.82,-48870.25114512761
pg3,2020-12-07,True,17318.39,17497.92,17425.13645798611,-728.0,-619.49,-674.8875086805556,-48929.27,-48832.5,-48874.19851226852
pg3,2020-12-08,True,17148.77,17504.88,17406.14432997685,-741.34,-512.73,-655.5501983796296,-49020.63,-48759.58,-48883.65212442129
pg3,2020-12-09,True,16833.52,17645.37,17430.235617212722,-2105.53,-514.7,-664.4646554075317,-51935.26,-48479.24,-48869.85141846452
pg3,2020-12-10,True,17090.67,17710.03,17450.66701325427,-868.75,-444.64,-673.8280475526101,-49237.98,-48473.59,-48867.394369608184
pg3,2020-12-11,True,17312.75,17698.69,17442.081944784204,-774.22,-471.96,-669.8445285106878,-49016.3,-48490.82,-48883.139227561296
pg3,2020-12-12,True,17325.59,17779.59,17433.573247173234,-720.81,-463.61,-661.4954590293611,-48975.9,-48426.09,-48885.72964194314
pg3,2020-12-13,True,17125.79,17707.21,17426.707566699,-851.88,-483.56,-663.4851591076416,-51935.26,-48492.78,-48887.85750534644
pg3,2020-12-14,True,17146.29,17501.49,17426.82356151647,-834.13,-625.47,-673.9501739847981,-51935.26,-48783.97,-48876.12308872411
pg3,2020-12-15,True,17202.89,17467.34,17400.3935214607,-720.17,-612.07,-662.5806477144617,-49025.06,-48798.38,-48880.740242791224
pg3,2020-12-16,True,17175.6,17749.13,17424.884016856224,-871.19,-492.37,-672.9822860668428,-51935.26,-48436.35,-48867.52497351664
pg3,2020-12-17,True,16814.87,17467.28,17405.746084032828,-2105.53,-597.22,-670.8156108665959,-51935.26,-48809.85,-48877.13079724949
pg3,2020-12-18,True,17312.52,17480.41,17421.298378703705,-730.67,-612.13,-680.8901016203703,-48996.88,-48833.42,-48879.45728819444
pg3,2020-12-19,True,17211.29,17500.91,17405.02748245981,-766.74,-610.56,-676.7472815026484,-48990.65,-48739.35,-48871.32917967661
pg3,2020-12-20,True,17230.29,17480.24,17405.67177766204,-727.54,-609.81,-671.0032840277778,-48991.69,-48767.25,-48879.66849004629
pg3,2020-12-21,True,17226.49,17584.51,17435.88627199074,-814.99,-429.22,-658.4989217592592,-49083.22,-48645.86,-48893.77302743055
pg3,2020-12-22,True,17153.89,17541.16,17420.497782661132,-829.61,-549.38,-677.3649851566668,-49019.7,-48707.13,-48862.692239140015
pg3,2020-12-23,True,16853.39,17531.08,17396.605350332065,-2105.53,-489.65,-672.1993929079696,-51935.26,-48481.54,-48883.383772889
pg3,2020-12-24,True,17029.52,17722.36,17390.390262811317,-901.98,-540.8,-684.7858127748642,-51935.26,-48445.81,-48895.90149831848
pg3,2020-12-25,True,17331.06,17517.38,17428.418989075475,-768.02,-542.07,-675.3176755810177,-49013.36,-48779.87,-48883.09165120378
pg3,2020-12-26,True,17315.68,17512.14,17430.480920087593,-733.8,-617.12,-676.2260181677037,-49007.89,-48734.92,-48864.57980928546
pg3,2020-12-27,True,17334.45,17581.4,17462.657972284018,-763.26,-582.32,-679.5014965702633,-48981.78,-48715.95,-48862.207999976825
pg3,2020-12-28,True,17259.14,17809.18,17438.154376551083,-771.09,-423.36,-670.9087997216745,-49111.46,-48554.11,-48878.19282152383
pg3,2020-12-29,True,15099.28,17778.38,17454.662782445204,-2105.53,-492.89,-674.0892827902992,-49630.03,-48467.88,-48873.67941987767
pg3,2020-12-30,True,17150.15,17758.52,17433.493039533456,-777.99,-494.92,-666.6664254282199,-49111.46,-48484.6,-48884.63086708621
pg3,2020-12-31,True,17237.89,17530.74,17434.610902199074,-748.59,-580.35,-677.542360300926,-48992.61,-48765.47,-48875.695210185186
pg3,2021-01-01,True,17280.04,17520.08,17429.648619791667,-772.19,-621.29,-680.0663283564814,-49082.19,-48803.97,-48876.837136458336
pg3,2021-01-02,True,16872.04,17493.48,17434.660265327657,-2105.53,-640.08,-681.8091797803625,-51935.26,-48826.16,-48868.459713798664
pg3,2021-01-03,True,17323.0,17491.12,17430.880466203707,-737.45,-639.79,-680.2790431712963,-48962.53,-48804.14,-48869.39636886574
pg3,2021-01-04,True,17202.66,17506.15,17413.367127430556,-771.96,-586.15,-679.160503587963,-49005.18,-48785.01,-48869.14127071759
pg3,2021-01-05,True,17241.0,17549.56,17423.580740393518,-851.06,-593.4,-679.2990042824075,-49025.47,-48738.66,-48850.15074675926
pg3,2021-01-06,True,17251.71,17647.68,17451.296247709615,-860.92,-547.93,-686.5993447756001,-49191.01,-48640.62,-48870.081365881946
pg3,2021-01-07,True,17174.33,17516.28,17421.763598275942,-788.02,-479.03,-669.7237231774574,-49069.62,-48557.27,-48866.317569750194
pg3,2021-01-08,True,17374.93,17517.9,17442.907734027776,-716.75,-634.63,-680.0962914351852,-48941.2,-48790.02,-48870.89925185185
pg3,2021-01-09,True,17327.26,17545.94,17438.697431491375,-732.64,-589.57,-675.5199841256966,-49011.86,-48812.1,-48875.74319583328
pg3,2021-01-10,True,17361.69,17548.82,17461.96227024457,-742.15,-581.45,-680.6702191736342,-48970.71,-48727.19,-48855.24499657904
pg3,2021-01-11,True,17197.36,17520.43,17397.271964664804,-783.85,-482.28,-654.8094894609236,-48947.49,-48659.24,-48834.18734556802
pg3,2021-01-12,True,17167.65,17554.11,17439.777716972818,-949.36,-532.56,-685.2761724185917,-49327.2,-48775.55,-48861.55379743019
pg3,2021-01-13,True,17075.29,17490.2,17411.75737226616,-777.41,-637.12,-685.9953655170815,-49036.88,-48756.76,-48862.00016513208
pg3,2021-01-14,True,17365.6,17492.39,17437.7899113619,-736.06,-656.32,-689.590795889046,-48919.82,-48821.08,-48862.08063402313
pg3,2021-01-15,True,17335.09,17517.9,17440.93796365741,-736.64,-607.14,-690.7212008101852,-48924.02,-48802.76,-48862.54243159723
pg3,2021-01-16,True,17231.56,17510.76,17441.98368275463,-735.19,-575.3,-684.8291458333333,-48940.34,-48687.42,-48862.25546678241
pg3,2021-01-17,True,17348.68,17529.36,17433.780243171295,-752.3,-587.19,-679.9799237268518,-49002.36,-48791.92,-48877.23537696759
pg3,2021-01-18,True,17244.4,17516.4,17435.552654166666,-732.7,-467.55,-677.1926913194444,-48974.86,-48756.7,-48856.28944745371
pg3,2021-01-19,True,17342.92,17708.08,17454.54791079567,-758.56,-505.48,-684.9934830509457,-48980.69,-48600.85,-48870.246636282456
pg3,2021-01-20,True,16892.77,17557.62,17436.907878721107,-2105.53,-620.07,-694.9942744488641,-51935.26,-48741.89,-48861.199715415576
pg3,2021-01-21,True,17371.99,17477.82,17433.04992008351,-734.38,-642.46,-685.8259781940498,-48927.66,-48806.5,-48864.1940775967
pg3,2021-01-22,True,17390.3,17512.48,17441.05182170363,-738.73,-579.36,-683.0334459961028,-48949.9,-48782.81,-48859.583652454305
pg3,2021-01-23,True,17155.1,17508.74,17409.723712360228,-803.68,-621.52,-689.1718257319167,-49012.33,-48721.54,-48851.17668793207
pg3,2021-01-24,True,17263.17,17532.69,17430.956069444444,-752.3,-571.19,-691.9188209490741,-49032.38,-48735.67,-48861.9622181713
pg3,2021-01-25,True,17082.95,17572.31,17443.97634205404,-869.27,-401.61,-673.9579928859433,-51935.26,-48697.91,-48883.07313725263
pg3,2021-01-26,True,17182.62,17592.8,17434.935817939815,-765.0,-382.18,-673.3409700231482,-49108.76,-48686.56,-48872.74859768519
pg3,2021-01-27,True,17123.89,17522.73,17432.725895949072,-785.82,-463.9,-675.0456498842592,-49148.52,-48730.19,-48894.13747835648
pg3,2021-01-28,True,17253.33,17535.46,17422.775271874998,-740.3,-433.16,-672.5789695601852,-49027.26,-48790.08,-48891.72082696759
pg3,2021-01-29,True,17325.36,17502.93,17437.355746064815,-735.83,-640.26,-690.8221703703704,-49025.58,-48793.82,-48877.016473842596
pg3,2021-01-30,True,17292.77,17496.94,17441.14368520581,-726.09,-651.74,-694.4541107475985,-48960.22,-48795.44,-48876.537358926165
pg3,2021-01-31,True,17395.43,17502.52,17433.021644212964,-720.17,-634.4,-685.5420974537037,-48964.77,-48810.02,-48874.9925880787
pg3,2021-02-01,True,17323.0,17514.04,17428.89055277778,-745.75,-557.56,-685.7089069444445,-49003.34,-48715.72,-48856.384975810186
pg3,2021-02-02,True,17218.55,17630.98,17448.284774556418,-873.1,-459.02,-691.102264873014,-49187.72,-48789.79,-48888.31425339209
pg3,2021-02-03,True,17237.15,17550.49,17435.851030671296,-787.33,-527.11,-669.8568262731483,-49099.82,-48636.93,-48873.66198078704
pg3,2021-02-04,True,17246.36,17556.24,17429.70168287037,-762.28,-511.51,-678.3678752314815,-49128.64,-48812.21,-48897.57984745371
pg3,2021-02-05,True,17233.92,17504.13,17428.19683787545,-742.04,-380.09,-676.3131364954193,-49078.61,-48776.3,-48888.65979044416
pg3,2021-02-06,True,17321.38,17516.57,17430.277359271717,-757.98,-609.93,-686.1519350574046,-48940.63,-48660.79,-48852.13095593181
pg3,2021-02-07,True,16911.02,17580.66,17402.200868287036,-837.09,-466.27,-691.0371210648148,-49184.26,-48745.46,-48917.019355902776
pg3,2021-02-08,True,17239.79,17488.76,17413.180466666665,-758.45,-592.41,-683.8054271990741,-48973.19,-48765.98,-48865.07739699074
pg3,2021-02-09,True,17116.52,17489.51,17411.99281886574,-821.37,-607.66,-692.7769524305555,-49006.56,-48818.26,-48886.607995833336
pg3,2021-02-10,True,17322.02,17469.93,17422.708858776325,-735.19,-656.38,-693.6713089108451,-48959.65,-48834.97,-48873.560281566
pg3,2021-02-11,True,17249.01,17473.16,17407.80600034722,-771.03,-643.97,-691.4732686342592,-49030.94,-48826.79,-48883.95425300926
pg3,2021-02-12,True,17089.69,17477.88,17426.598257957612,-895.43,-611.78,-690.0739682043081,-51935.26,-48755.78,-48851.01097252639
pg3,2021-02-13,True,16784.35,17611.86,17410.772180324075,-811.34,-460.88,-683.847349074074,-49206.85,-48792.15,-48896.01379942129
pg3,2021-02-14,True,17241.0,17508.05,17429.12648532993,-773.93,-614.8,-694.5357360547373,-49053.48,-48816.82,-48890.78316131277
pg3,2021-02-15,True,17307.33,17491.76,17425.912419712135,-733.92,-587.89,-687.0666535994711,-48982.99,-48790.02,-48871.584409830546
pg3,2021-02-16,True,16670.41,17534.77,17414.127949421294,-843.87,-444.82,-711.3150711805555,-49315.73,-48702.18,-48893.299964351856
pg3,2021-02-17,True,17176.0,17496.65,17428.1989890856,-874.32,-592.58,-688.6100447235483,-51935.26,-48721.26,-48870.94543113038
pg3,2021-02-18,True,17205.94,17530.97,17420.529474032148,-779.56,-555.87,-687.5987945072023,-49062.47,-48816.24,-48900.769241840826
pg3,2021-02-19,True,17246.07,17531.66,17417.61538090278,-808.79,-470.33,-680.7829182870371,-49049.62,-48692.9,-48873.24612708334
pg3,2021-02-20,True,16784.07,17540.99,17401.742998273327,-814.76,-276.75,-674.5014463513843,-49260.86,-48661.08,-48889.44062102372
pg3,2021-02-21,True,17156.13,17578.01,17412.31423293247,-861.74,-522.64,-690.1583939650474,-49245.07,-48748.81,-48937.58244540826
pg3,2021-02-22,True,16884.48,17603.17,17421.5927431713,-844.39,-208.78,-675.8346943287038,-49318.15,-48706.5,-48921.181457175924
pg3,2021-02-23,True,17027.85,17548.47,17427.075602143428,-818.01,-418.6,-687.0706083487015,-49319.13,-48709.79,-48927.010418594946
pg3,2021-02-24,True,16895.48,17541.1,17388.79958030361,-801.07,-488.95,-666.6588300919644,-49362.82,-48748.0,-48945.22829430934
pg3,2021-02-25,True,17134.49,17556.47,17421.43956952836,-826.42,-535.75,-690.9659766209368,-49202.82,-48754.34,-48934.633333951824
pg3,2021-02-26,True,17203.06,17573.23,17432.694832175926,-779.04,-382.01,-690.2168969907408,-49077.46,-48767.31,-48896.90423611111
pg3,2021-02-27,True,17362.61,17505.11,17447.46861755802,-747.72,-662.7,-704.568819258383,-48939.59,-48831.35,-48871.39433696371
pg3,2021-02-28,True,15099.28,17534.31,17441.859817473385,-2105.53,-535.34,-691.8876525500383,-51935.26,-48690.59,-48853.65636106409
pg3,2021-03-01,True,17229.03,17602.36,17439.530722800926,-823.29,-524.33,-677.0483489583333,-49284.55,-48773.88,-48918.37805150463
pg3,2021-03-02,True,16913.44,17738.07,17445.19168742462,-817.14,-446.44,-676.5117358985063,-49238.04,-48672.03,-48878.7932901939
pg3,2021-03-03,True,16965.26,17610.71,17418.142527368032,-1005.79,-306.56,-682.0137967343909,-49333.37,-48717.68,-48958.91907946006
pg3,2021-03-04,True,17051.57,17559.99,17468.246460096947,-775.5,-382.65,-685.3247873228657,-49202.94,-48752.04,-48884.93265811628
pg3,2021-03-05,True,17175.31,17549.62,17445.076896351788,-892.59,-420.23,-685.2179148595682,-49317.35,-48727.54,-48880.59140037572
pg3,2021-03-06,True,17087.67,17601.15,17455.97989732893,-825.6,-299.48,-692.1357750738745,-49408.82,-48700.51,-48893.57349185932
pg3,2021-03-07,True,17271.12,17514.96,17452.76385972222,-761.93,-478.34,-701.72480625,-48986.51,-48719.24,-48857.92627916667
pg3,2021-03-08,True,17326.68,17723.91,17446.0537835865,-746.33,-475.26,-692.5103529261821,-48997.86,-48601.83,-48860.03613136825
pg3,2021-03-09,True,17352.88,17498.2,17460.61060300926,-730.09,-601.28,-698.2517244212963,-49008.64,-48825.93,-48866.28798576389
pg3,2021-03-10,True,17426.29,17490.89,17466.221003009257,-730.73,-663.34,-700.7866934027778,-48904.26,-48827.48,-48857.51849768518
pg3,2021-03-11,True,17394.51,17524.92,17467.469700925925,-727.77,-642.81,-697.8577285879629,-48886.74,-48798.84,-48851.60697743056
pg3,2021-03-12,True,16957.03,17590.04,17412.340461921296,-944.26,-424.58,-662.7097646990741,-49244.2,-48714.34,-48881.51145810186
pg3,2021-03-13,True,17031.65,17601.27,17464.767453124998,-841.73,-532.79,-680.7868756944445,-49225.24,-48761.49,-48884.75204918981
pg3,2021-03-14,True,17018.81,17638.46,17432.60536724537,-853.96,-313.4,-662.9978861111111,-49365.94,-48742.52,-48969.91867835648
pg3,2021-03-15,True,17261.91,17598.62,17482.56605983796,-757.98,-573.91,-697.2041502314814,-49030.37,-48787.88,-48885.38993182871
pg3,2021-03-16,True,17339.12,17518.41,17479.286319328705,-740.76,-557.03,-697.3878111111111,-48991.52,-48718.49,-48864.419236574075
pg3,2021-03-17,True,17171.39,17533.79,17474.11322152778,-766.74,-612.07,-697.6653929398149,-49027.66,-48701.43,-48853.66960787037
pg3,2021-03-18,True,17388.81,17537.24,17474.436989699076,-739.25,-571.82,-697.9134994212964,-49058.84,-48819.82,-48863.824273032405
pg3,2021-03-19,True,17005.74,17544.04,17464.47278136574,-751.37,-388.33,-691.4926337962963,-49177.75,-48631.74,-48873.13585613426
pg3,2021-03-20,True,17061.25,17682.45,17450.073411921298,-915.09,-340.14,-686.0875047453703,-49363.17,-48540.91,-48888.649863425926
pg3,2021-03-21,True,17022.38,17555.95,17435.349490393517,-766.97,-358.98,-674.5083056712963,-49188.93,-48562.12,-48867.26632476852
pg3,2021-03-22,True,16977.07,17553.71,17472.446828935186,-772.66,-556.4,-694.218546875,-49117.92,-48732.44,-48875.25849756945
pg3,2021-03-23,True,17056.29,17550.77,17449.867057407406,-792.49,-527.98,-684.330849537037,-49158.21,-48746.9,-48886.226561689815
pg3,2021-03-24,True,17107.83,17551.52,17432.878882060184,-824.56,-446.44,-675.5679884259259,-49119.19,-48719.18,-48890.54283842593
pg3,2021-03-25,True,17243.94,17595.91,17472.336922453702,-806.81,-483.27,-691.2505333333334,-49160.69,-48721.08,-48887.04454502314
pg3,2021-03-26,True,17037.7,17554.28,17440.15642395833,-818.82,-458.44,-680.7250488425926,-49179.48,-48761.14,-48896.68425300926
pg3,2021-03-27,True,17386.56,17537.76,17476.45495023148,-727.36,-595.08,-690.8554008101851,-48960.05,-48810.83,-48865.096074768524
pg3,2021-03-28,True,17127.58,17555.38,17475.304716666666,-764.07,-419.41,-696.5911674768519,-49203.57,-48757.28,-48876.17522013889
pg3,2021-03-29,True,17356.74,17518.76,17470.794721527775,-744.82,-627.96,-697.9471913194444,-49070.02,-48777.63,-48870.0895150463
pg3,2021-03-30,True,17428.02,17516.0,17479.440012152776,-745.4,-642.46,-695.7639652777777,-48917.57,-48799.76,-48852.08168043981
pg3,2021-03-31,True,16832.37,17544.78,17456.363087731483,-899.72,-85.72,-694.8222988425925,-49352.51,-48530.65,-48884.831788888885
pg3,2021-04-01,True,17114.1,17539.49,17465.884197916665,-844.92,-483.21,-701.0450439814814,-49113.77,-48782.12,-48882.80900648148
pg3,2021-04-02,True,17390.3,17554.05,17472.32019548611,-741.28,-648.55,-698.2459346064815,-48932.79,-48717.63,-48840.62331261574
pg3,2021-04-03,True,17265.65,17528.09,17470.52969479167,-731.6,-621.35,-700.2831390046296,-48965.12,-48758.61,-48860.79465833334
pg3,2021-04-04,True,17380.34,17509.03,17472.34945590278,-741.05,-633.7,-701.6241672453704,-48996.59,-48818.2,-48857.05868819444
pg3,2021-04-05,True,17400.21,17543.11,17478.751965740743,-739.48,-676.04,-704.6680902777778,-48879.7,-48771.52,-48841.636464930554
pg3,2021-04-06,True,17446.5,17501.6,17474.28619039352,-722.84,-675.23,-701.6561855324074,-48860.91,-48815.84,-48840.47271400462
pg3,2021-04-07,True,16847.63,17539.09,17420.400836805555,-892.07,-502.75,-699.9007721064814,-49108.81,-48655.03,-48866.89143206018
pg3,2021-04-08,True,17412.53,17517.49,17469.98647511574,-729.45,-655.28,-702.9289288194444,-48898.95,-48781.43,-48848.104626851855
pg3,2021-04-09,True,17261.56,17504.83,17463.377996412037,-749.46,-658.18,-705.0446858796296,-49073.48,-48816.7,-48859.32087974537
pg3,2021-04-10,True,17382.65,17492.96,17457.904106597223,-739.72,-615.84,-697.177312037037,-48957.63,-48801.83,-48852.131896875
pg3,2021-04-11,True,17341.48,17514.73,17457.484193171294,-751.49,-614.62,-700.7514047453705,-48982.47,-48794.4,-48859.153456134256
pg3,2021-04-12,True,17321.9,17535.17,17463.397951388888,-746.62,-670.88,-706.1621341435185,-48949.16,-48766.85,-48843.53614189815
pg3,2021-04-13,True,17251.08,17527.11,17445.180933680556,-764.71,-601.23,-704.9296524305555,-48983.45,-48750.36,-48855.549646875
pg3,2021-04-14,True,16670.69,17535.92,17452.450422685186,-955.74,-591.89,-705.932187962963,-49223.97,-48573.82,-48843.60587627315
pg3,2021-04-15,True,16761.32,17512.08,17448.24679386574,-927.27,-630.69,-711.2398886574074,-49306.22,-48805.87,-48876.13056261574
pg3,2021-04-16,True,16552.95,17567.53,17411.040911226853,-815.8,-197.94,-682.6785853009259,-49359.88,-48612.26,-48885.6264355324
pg3,2021-04-17,True,16905.21,17581.63,17431.46618553241,-847.58,-241.55,-700.2362465277778,-49325.65,-48640.04,-48916.01846076389
pg3,2021-04-18,True,16579.03,17551.64,17397.054140046297,-845.32,-143.94,-687.6622141203703,-49393.08,-48422.86,-48922.24538020834
pg3,2021-04-19,True,16981.5,17590.85,17420.30189247685,-866.32,-408.92,-694.0873931712963,-49246.68,-48674.74,-48901.300232291665
pg3,2021-04-20,True,16879.36,17565.23,17438.566051388887,-791.21,-545.32,-694.4312263888888,-49389.39,-48760.62,-48906.484720949076
pg3,2021-04-21,True,17128.55,17577.2,17451.753220949075,-823.69,-557.15,-705.664979513889,-49114.23,-48728.86,-48877.836612037034
pg3,2021-04-22,True,16901.87,17531.83,17436.82375150463,-787.04,-346.05,-695.6947631944445,-49090.31,-48346.84,-48884.48360543982
pg3,2021-04-23,True,16283.48,17538.97,17416.84581597222,-794.58,-263.64,-687.7009761574075,-49374.58,-48743.16,-48889.721306481486
pg3,2021-04-24,True,17291.96,17526.25,17437.205557175927,-790.52,-550.6,-707.1600744212963,-49075.44,-48755.15,-48887.21268935185
pg3,2021-04-25,True,16564.06,17522.56,17420.959832638888,-802.18,-50.17,-697.3705135416667,-49508.65,-48793.02,-48926.944993055564
pg3,2021-04-26,True,16840.26,17517.09,17412.88349097222,-870.55,-421.91,-701.6972215277777,-49385.13,-48812.56,-48957.45046006944
pg3,2021-04-27,True,17279.47,17510.76,17433.029741435184,-796.49,-563.53,-706.7232359953704,-49187.83,-48778.72,-48922.13838333333
pg3,2021-04-28,True,17239.56,17496.53,17456.089694791666,-738.9,-562.83,-708.7674833333333,-48976.36,-48785.75,-48867.79336400463
pg3,2021-04-29,True,17256.95,17513.06,17447.818524768518,-765.12,-633.88,-712.083257986111,-49064.03,-48780.1,-48863.472925
pg3,2021-04-30,True,17416.5,17503.33,17463.032561458334,-748.12,-667.46,-713.6486497685186,-48911.52,-48791.4,-48846.14644513889
pg3,2021-05-01,True,17265.53,17507.76,17451.54266875,-791.62,-602.15,-708.7012649305556,-48961.03,-48775.72,-48850.80065636574
pg3,2021-05-02,True,17081.34,17519.62,17447.792636921295,-791.91,-640.37,-715.4802744212963,-49301.32,-48794.97,-48896.83901099537
pg3,2021-05-03,True,17363.93,17497.74,17455.68047997685,-755.84,-673.72,-709.9400111111111,-48921.89,-48786.62,-48845.72730138889
pg3,2021-05-04,True,17398.31,17496.36,17459.773101851853,-732.81,-680.68,-708.4636166666667,-48876.47,-48788.35,-48842.043642476856
pg3,2021-05-05,True,17413.74,17469.53,17455.121721180556,-723.13,-693.67,-708.8264861111112,-48894.63,-48825.81,-48847.29293275463
pg3,2021-05-06,True,17372.34,17514.61,17450.31639560185,-742.15,-666.47,-712.1547037037037,-48969.1,-48769.27,-48845.9087900463
pg3,2021-05-07,True,17435.39,17475.4,17457.840057291665,-720.81,-700.4,-709.9952680555555,-48853.59,-48824.54,-48842.85226180556
pg3,2021-05-08,True,17396.58,17474.77,17449.896630439813,-734.67,-687.41,-709.5705263888889,-48924.72,-48786.21,-48844.27566655093
pg3,2021-05-09,True,17436.02,17485.54,17458.53252326389,-721.04,-694.89,-710.0413546296297,-48858.78,-48818.09,-48839.714407754625
pg3,2021-05-10,True,17341.88,17502.35,17453.442593750002,-734.21,-610.51,-704.5378055555556,-48871.11,-48763.22,-48828.58503703703
pg3,2021-05-11,True,17403.14,17480.3,17454.703575694446,-746.04,-679.4,-708.990225,-48982.41,-48822.35,-48848.17999849537
pg3,2021-05-12,True,17042.88,17652.92,17397.811963657405,-855.53,-351.27,-703.2488952546296,-49211.58,-48696.53,-48862.84858958334
pg3,2021-05-13,True,16867.04,17491.12,17420.142629513888,-822.47,-420.23,-707.0871846064815,-49172.21,-48396.81,-48881.626936458335
pg3,2021-05-14,True,17294.26,17511.27,17440.38383576389,-748.76,-565.15,-706.9372196759259,-48984.14,-48802.52,-48860.292877777785
pg3,2021-05-15,True,16607.53,17502.35,17428.606323842592,-987.0,-477.18,-709.2978173611111,-49206.91,-48700.56,-48864.210171875
pg3,2021-05-16,True,17152.16,17488.99,17427.923426736113,-751.72,-574.61,-705.9459958333333,-49023.74,-48735.61,-48856.425243171296
pg3,2021-05-17,True,17278.37,17510.81,17440.119948842592,-762.22,-627.85,-703.2894598379629,-49043.16,-48717.45,-48846.62332002315
pg3,2021-05-18,True,17142.37,17502.24,17433.452413425926,-840.8,-632.19,-711.227850462963,-49154.63,-48793.59,-48889.21575798611
pg3,2021-05-19,True,17218.78,17491.01,17450.233681597223,-734.5,-409.67,-704.6750356481481,-49158.09,-48818.38,-48851.42908657408
pg3,2021-05-20,True,16901.93,17548.01,17392.669081944445,-877.39,-245.26,-693.7758711805556,-49243.57,-48412.66,-48903.15674618055
pg3,2021-05-21,True,16809.28,17530.33,17430.808798726852,-819.75,-363.22,-700.2474061342592,-49138.15,-48652.9,-48871.56990879629
pg3,2021-05-22,True,16823.39,17507.7,17417.427058449073,-804.15,-420.92,-701.8769695601852,-49159.42,-48521.43,-48853.58544050926
pg3,2021-05-23,True,17101.03,17484.39,17438.79279085648,-810.82,-564.86,-707.9247268518519,-49058.32,-48749.38,-48861.50754675926
pg3,2021-05-24,True,17225.75,17478.86,17442.14692314815,-726.96,-568.63,-707.2847609953703,-49041.49,-48719.99,-48859.803492129635
pg3,2021-05-25,True,17361.8,17482.26,17442.011975231482,-727.88,-662.7,-707.9324310185185,-48915.55,-48784.83,-48848.31941875
pg3,2021-05-26,True,17375.45,17550.49,17451.390498842593,-765.87,-615.49,-708.4906215277778,-48957.8,-48758.38,-48847.34756886574
pg3,2021-05-27,True,17044.49,17568.56,17420.21989016204,-920.77,-576.11,-714.4411008101852,-49174.63,-48760.39,-48871.36074386574
pg3,2021-05-28,True,17279.18,17477.07,17444.732134837963,-748.12,-626.4,-708.924990625,-48963.28,-48749.5,-48846.42927951389
pg3,2021-05-29,True,17329.79,17510.76,17445.69010358796,-741.92,-679.58,-710.7953631944443,-48889.38,-48726.21,-48832.61889074074
pg3,2021-05-30,True,17287.07,17475.81,17445.296871412036,-742.27,-640.26,-707.7721938657407,-48951.92,-48806.1,-48846.38205868055
pg3,2021-05-31,True,17333.76,17469.47,17439.599935995368,-735.66,-643.27,-710.3171837962963,-48947.2,-48782.24,-48855.84682719907
pg3,2021-06-01,True,17321.04,17459.8,17443.614555671295,-734.73,-637.88,-709.8664518518518,-48957.8,-48829.61,-48850.19485601853
pg3,2021-06-02,True,17311.31,17527.4,17448.435184143516,-746.21,-634.28,-711.9969376157406,-48978.61,-48789.04,-48842.49912800926
pg3,2021-06-03,True,17181.01,17505.63,17433.760244097222,-761.87,-682.59,-716.488808912037,-49025.12,-48791.98,-48860.1780724537
pg3,2021-06-04,True,17362.44,17467.23,17434.302169212962,-738.79,-683.93,-709.9819957175926,-48916.99,-48790.08,-48841.70228599537
pg3,2021-06-05,True,16963.25,17473.79,17425.195240393517,-752.88,-535.34,-708.0948171296296,-49080.51,-48721.43,-48854.53683877314
pg3,2021-06-06,True,17084.62,17463.14,17435.440705324076,-747.49,-575.48,-707.9153806712962,-49024.77,-48684.77,-48854.60442372685
pg3,2021-06-07,True,16907.8,17514.79,17418.064829166666,-798.29,-584.64,-700.1835472222222,-49129.04,-48657.74,-48848.43301597222
pg3,2021-06-08,True,17021.75,17484.85,17424.163741435186,-759.9,-474.74,-706.9795453703704,-49055.04,-48725.75,-48862.474164120365
pg3,2021-06-09,True,16781.25,17462.51,17418.106172222222,-811.34,-388.97,-707.5941809027778,-49099.7,-48469.38,-48854.543955092595
pg3,2021-06-10,True,17326.39,17469.42,17430.331007870373,-734.61,-594.67,-709.8418277777778,-48979.88,-48795.67,-48848.100820023144
pg3,2021-06-11,True,17086.58,17479.44,17367.064557523147,-832.97,-560.86,-711.0994563657407,-49221.09,-48781.89,-48936.37270451389
pg3,2021-06-12,True,16909.3,17490.78,17418.289351157408,-846.25,-587.83,-709.5107284722222,-49149.74,-48669.38,-48877.453587268516
pg3,2021-06-13,True,16598.61,17465.85,17409.147893402776,-977.43,-374.99,-701.9632380787037,-49391.81,-48687.42,-48870.93289652778
pg3,2021-06-14,True,17260.06,17456.75,17417.78899965278,-739.89,-681.9,-710.1011835648148,-48924.08,-48785.98,-48843.88883587963
pg3,2021-06-15,True,16850.86,17490.89,17380.879078356484,-969.89,-401.38,-695.7551428240741,-49174.46,-48371.63,-48829.16944583333
pg3,2021-06-16,True,16449.83,17572.77,17368.341948958332,-905.17,-244.16,-699.6903577546296,-49431.7,-48084.22,-48893.799557638886
pg3,2021-06-17,True,17252.4,17502.93,17405.03328275463,-770.34,-642.4,-716.8238692129629,-49077.38,-48752.13,-48870.35379375
pg3,2021-06-18,True,16959.1,17486.57,17388.220583333336,-804.15,-396.16,-710.7047287037037,-49123.2,-48757.55,-48888.724976157406
pg3,2021-06-19,True,17202.6,17457.38,17404.664840046295,-753.75,-565.5,-713.708341550926,-49042.97,-48774.27,-48870.04889618056
pg3,2021-06-20,True,17159.3,17444.94,17404.518894675926,-852.28,-542.48,-713.9511815972222,-48980.38,-48718.47,-48855.49087199074
pg3,2021-06-21,True,16995.15,17441.78,17414.477129398147,-742.15,-569.62,-712.5966189814815,-49042.63,-48620.37,-48861.107153125
pg3,2021-06-22,True,17038.39,17481.1,17395.538615625,-790.75,-383.69,-707.9772780092593,-49048.97,-48544.4,-48869.09114282407
pg3,2021-06-23,True,17199.72,17445.18,17414.839234953706,-744.65,-495.91,-710.9782359953704,-49137.21,-48788.85,-48860.426014004624
pg3,2021-06-24,True,16711.63,17460.61,17413.292483449073,-741.75,-229.54,-711.9575056712962,-49160.78,-48487.17,-48846.866324421295
pg3,2021-06-25,True,17195.69,17472.93,17401.696950231482,-786.63,-437.86,-710.797783449074,-49145.22,-48627.35,-48866.38495740741
pg3,2021-06-26,True,17288.68,17451.34,17408.309679166665,-748.59,-685.03,-720.394445949074,-48900.67,-48728.04,-48845.582119907405
pg3,2021-06-27,True,17335.32,17441.49,17410.941795833336,-746.44,-659.97,-717.8826533564815,-48943.89,-48780.49,-48847.195282754634
pg3,2021-06-28,True,17277.62,17442.99,17419.183510763887,-733.34,-619.49,-717.0928872685186,-49011.79,-48817.32,-48853.349125347224
pg3,2021-06-29,True,17094.53,17450.7,17414.072409027776,-748.59,-629.64,-719.7287181712964,-49041.47,-48680.83,-48844.63809664352
pg3,2021-06-30,True,17035.8,17479.89,17392.677966435185,-828.5,-572.4,-717.1161505787037,-49098.71,-48770.86,-48864.5368037037
pg3,2021-07-01,True,16936.59,17488.13,17412.84094814815,-747.31,-206.58,-707.0281217592592,-49332.89,-48835.02,-48875.735821874994
pg3,2021-07-02,True,17323.34,17475.92,17418.282357851243,-743.6,-693.84,-706.8311454545455,-48924.81,-48788.67,-48860.03734214876
pg3,2021-07-03,True,17426.58,17442.24,17435.9425,-716.52,-690.77,-707.90625,-48985.68,-48858.3,-48928.4825
pg3,2021-07-04,False,,,,,,,,,
pg3,2021-07-05,False,,,,,,,,,
pg3,2021-07-06,False,,,,,,,,,
pg3,2021-07-07,False,,,,,,,,,
pg3,2021-07-08,False,,,,,,,,,
pg3,2021-07-09,False,,,,,,,,,
pg3,2021-07-10,False,,,,,,,,,
pg3,2021-07-11,False,,,,,,,,,
pg3,2021-07-12,False,,,,,,,,,
pg3,2021-07-13,False,,,,,,,,,
pg3,2021-07-14,False,,,,,,,,,
pg3,2021-07-15,False,,,,,,,,,
pg3,2021-07-16,False,,,,,,,,,
pg3,2021-07-17,False,,,,,,,,,
pg3,2021-07-18,False,,,,,,,,,
pg3,2021-07-19,False,,,,,,,,,
pg3,2021-07-20,False,,,,,,,,,
pg3,2021-07-21,False,,,,,,,,,
pg3,2021-07-22,False,,,,,,,,,
pg3,2021-07-23,False,,,,,,,,,
pg3,2021-07-24,False,,,,,,,,,
pg3,2021-07-25,False,,,,,,,,,
pg3,2021-07-26,False,,,,,,,,,
pg3,2021-07-27,False,,,,,,,,,
pg3,2021-07-28,False,,,,,,,,,
pg3,2021-07-29,False,,,,,,,,,
pg3,2021-07-30,False,,,,,,,,,
pg3,2021-07-31,False,,,,,,,,,
pg3,2021-08-01,False,,,,,,,,,
pg3,2021-08-02,False,,,,,,,,,
pg3,2021-08-03,False,,,,,,,,,
pg3,2021-08-04,False,,,,,,,,,
pg3,2021-08-05,False,,,,,,,,,
pg3,2021-08-06,False,,,,,,,,,
pg3,2021-08-07,False,,,,,,,,,
pg3,2021-08-08,False,,,,,,,,,
pg3,2021-08-09,False,,,,,,,,,
pg3,2021-08-10,False,,,,,,,,,
pg3,2021-08-11,False,,,,,,,,,
pg3,2021-08-12,False,,,,,,,,,
pg3,2021-08-13,False,,,,,,,,,
pg3,2021-08-14,False,,,,,,,,,
pg3,2021-08-15,False,,,,,,,,,
pg3,2021-08-16,False,,,,,,,,,
pg3,2021-08-17,False,,,,,,,,,
pg3,2021-08-18,False,,,,,,,,,
pg3,2021-08-19,False,,,,,,,,,
pg3,2021-08-20,False,,,,,,,,,
pg3,2021-08-21,False,,,,,,,,,
pg0,2025-07-05,False
pg0,2025-07-06,False
pg0,2025-07-07,False
pg0,2025-07-08,False
pg0,2025-07-09,False
pg0,2025-07-10,False
pg0,2025-07-11,False
pg0,2025-07-12,False
pg0,2025-07-13,False
pg0,2025-07-14,False
pg0,2025-07-15,False
pg0,2025-07-16,False
pg0,2025-07-17,False
pg0,2025-07-18,False
pg0,2025-07-19,False
pg0,2025-07-20,False
pg0,2025-07-21,False
pg0,2025-07-22,False
pg0,2025-07-23,False
pg0,2025-07-24,False
pg0,2025-07-25,False
pg0,2025-07-26,False
pg0,2025-07-27,False
pg0,2025-07-28,False
pg0,2025-07-29,False
pg0,2025-07-30,False
pg0,2025-07-31,False
pg0,2025-08-01,False
pg0,2025-08-02,False
pg0,2025-08-03,False
pg0,2025-08-04,False
pg0,2025-08-05,False
pg0,2025-08-06,False
pg0,2025-08-07,False
pg0,2025-08-08,False
pg0,2025-08-09,False
pg0,2025-08-10,False
pg0,2025-08-11,False
pg0,2025-08-12,False
pg0,2025-08-13,False
pg0,2025-08-14,False
pg0,2025-08-15,False
pg0,2025-08-16,False
pg0,2025-08-17,False
pg0,2025-08-18,False
pg0,2025-08-19,False
pg0,2025-08-20,False
pg0,2025-08-21,False
pg0,2025-08-22,False
pg0,2025-08-23,False
pg0,2025-08-24,False
pg0,2025-08-25,False
pg0,2025-08-26,False
pg0,2025-08-27,False
pg0,2025-08-28,False
pg0,2025-08-29,False
pg0,2025-08-30,False
pg0,2025-08-31,False
pg0,2025-09-01,False
pg0,2025-09-02,False
pg0,2025-09-03,False
pg0,2025-09-04,False
pg0,2025-09-05,False
pg0,2025-09-06,False
pg0,2025-09-07,False
pg0,2025-09-08,False
pg0,2025-09-09,False
pg0,2025-09-10,False
pg0,2025-09-11,False
pg0,2025-09-12,False
pg0,2025-09-13,False
pg0,2025-09-14,False
pg0,2025-09-15,False
pg0,2025-09-16,False
pg0,2025-09-17,False
pg0,2025-09-18,False
pg0,2025-09-19,False
pg0,2025-09-20,False
pg0,2025-09-21,False
pg0,2025-09-22,False
pg0,2025-09-23,False
pg0,2025-09-24,False
pg0,2025-09-25,False
pg0,2025-09-26,False
pg0,2025-09-27,False
pg0,2025-09-28,False
pg0,2025-09-29,False
pg0,2025-09-30,False
pg0,2025-10-01,False
pg0,2025-10-02,False
pg0,2025-10-03,False
pg0,2025-10-04,False
pg0,2025-10-05,False
pg0,2025-10-06,False
pg0,2025-10-07,False
pg0,2025-10-08,False
pg0,2025-10-09,False
pg0,2025-10-10,False
pg0,2025-10-11,False
pg0,2025-10-12,False
pg0,2025-10-13,False,,,,,,,,,
pg0,2025-10-14,False,,,,,,,,,
pg0,2025-10-15,False,,,,,,,,,
pg0,2025-10-16,False,,,,,,,,,
pg0,2025-10-17,False,,,,,,,,,
pg0,2025-10-18,False,,,,,,,,,
pg0,2025-10-19,False,,,,,,,,,
pg0,2025-10-20,False,,,,,,,,,
pg0,2025-10-21,False,,,,,,,,,
pg0,2025-10-22,False,,,,,,,,,
pg0,2025-10-23,False,,,,,,,,,
pg0,2025-10-24,False,,,,,,,,,
pg0,2025-10-25,True,14587.28,14772.11,14697.28394743367,-588.6,-467.92,-482.5207500619886,-53533.08,-53389.06,-53408.87918546989
pg0,2025-10-26,True,14599.89,14777.45,14678.839009143518,-617.45,-464.63,-509.88285659722226,-53486.11,-53363.2,-53418.34531886573
pg0,2025-10-27,True,14549.4,14796.8,14662.783532291667,-571.65,-366.24,-495.4108511574073,-53491.15,-53325.67,-53411.30991793981
pg0,2025-10-28,True,14469.18,14799.14,14646.276344212962,-625.89,-297.92,-473.1713730324074,-53571.85,-53291.72,-53423.363932291664
pg0,2025-10-29,True,14419.86,14780.2,14638.488946064816,-654.22,-302.38,-485.03693530092596,-53634.18,-53303.39,-53419.55400925926
pg0,2025-10-30,True,13768.78,14789.47,14608.725174321693,-1563.67,-284.55,-498.81365705157884,-55698.13,-53349.72,-53469.32744386055
pg0,2025-10-31,True,11378.2,15073.29,14621.357743888324,-1563.67,-248.19,-494.719349129549,-55698.13,-53162.89,-53496.05146703398
pg0,2025-11-01,True,14427.54,14808.06,14629.27551423611,-632.11,-288.3,-474.84138101851846,-53715.16,-53340.74,-53448.42199722221
pg0,2025-11-02,True,14325.98,14891.8,14584.781722569443,-703.48,-308.07,-481.2127655092592,-53910.14,-53291.19,-53490.95581388888
pg0,2025-11-03,True,14436.1,14834.68,14635.037986226851,-768.74,-349.82,-489.4260380787037,-53883.69,-53371.76,-53487.393753125
pg0,2025-11-04,True,14523.6,14783.37,14660.255378587963,-614.87,-334.81,-488.94880069444446,-53710.41,-53329.43,-53448.880161574074
pg0,2025-11-05,True,14492.22,14902.35,14670.063833564813,-706.94,-27.59,-460.0066097222222,-53592.13,-53308.67,-53444.41468483797
pg0,2025-11-06,True,14390.13,15003.68,14716.090986111112,-675.8,-108.92,-460.6775528935185,-53745.42,-53268.91,-53440.5454949074
pg0,2025-11-07,True,14495.15,15024.2,14728.534884953702,-803.57,-88.93,-512.7543964120371,-53686.6,-53170.04,-53411.82805925926
pg0,2025-11-08,True,14416.99,14982.39,14679.246715740741,-837.17,-196.24,-501.61384687500004,-53939.28,-53317.05,-53483.24761319444
pg0,2025-11-09,True,14542.18,14746.6,14661.56562337963,-592.88,-318.56,-493.7823119212963,-53549.91,-53381.44,-53434.06716805555
pg0,2025-11-10,True,14475.63,14842.95,14681.629303356482,-667.06,-243.86,-496.0719810185185,-53607.97,-53150.46,-53378.13602951389
pg0,2025-11-11,True,14595.61,14832.74,14699.671465162037,-608.24,-303.32,-490.2876671296296,-53500.54,-53313.42,-53413.29474409721
pg0,2025-11-12,True,13206.01,15523.72,14605.582772800924,-1169.66,399.77,-460.7220775462963,-54248.78,-53207.81,-53550.73727326389
pg0,2025-11-13,True,13956.04,15208.18,14631.156517939813,-947.12,319.2,-480.3100337962963,-54226.85,-53135.97,-53528.10134837963
pg0,2025-11-14,True,14475.77,14748.15,14657.200368287036,-589.71,-365.01,-495.15522581018524,-53591.67,-53362.32,-53459.50270532407
pg0,2025-11-15,True,14401.94,14803.39,14664.68680648148,-656.27,-291.65,-489.5395047453703,-53534.2,-53316.64,-53418.49149386574
pg0,2025-11-16,True,14272.81,14885.54,14636.023433333332,-769.5,-318.21,-502.90233726851847,-53788.58,-53252.02,-53421.98685185185
pg0,2025-11-17,True,14538.1,14850.83,14693.038450462964,-664.36,-302.2,-490.5888127314815,-53535.84,-53315.35,-53430.33498194445
pg0,2025-11-18,True,14614.45,14854.99,14714.444593287037,-626.95,-359.79,-502.46842546296295,-53574.66,-53356.93,-53430.363346412036
pg0,2025-11-19,True,14520.68,14766.27,14671.457244212965,-570.07,-421.36,-497.5882638888889,-53566.63,-53290.9,-53418.97929467592
pg0,2025-11-20,True,14522.74,14838.45,14726.808659606482,-642.72,-275.46,-483.6723381944444,-53542.06,-53217.36,-53379.584450694456
pg0,2025-11-21,True,14581.49,14929.17,14745.228632870372,-645.07,-342.49,-504.83182442129623,-53513.79,-53219.83,-53360.21682708334
pg0,2025-11-22,True,14578.03,14814.88,14691.404892592593,-617.92,-377.44,-497.25852800925924,-53529.21,-53310.25,-53408.020478819446
pg0,2025-11-23,True,14306.0,14808.19,14597.724929513886,-672.57,-361.14,-503.06397557870366,-53652.65,-53286.44,-53424.837483912044
pg0,2025-11-24,True,14101.11,14884.13,14607.606568287038,-767.33,-51.34,-498.35171296296295,-53734.69,-53273.07,-53427.92377048611
pg0,2025-11-25,True,14170.9,14887.12,14591.015849884257,-750.33,-184.98,-471.4929980324074,-53849.68,-53242.46,-53469.59636956018
pg0,2025-11-26,True,14373.26,14825.38,14617.52493136574,-739.36,-216.35,-483.39512129629634,-53642.51,-53323.86,-53453.468755324066
pg0,2025-11-27,True,14285.36,14822.21,14611.438759837962,-720.19,-17.68,-483.7411028935184,-53703.72,-53323.09,-53446.73452604167
pg0,2025-11-28,True,14341.83,14842.62,14616.593773495373,-720.19,-146.1,-479.24430254629624,-53741.08,-53229.03,-53457.48324953704
pg0,2025-11-29,True,14294.63,14813.06,14600.989481597222,-721.36,-216.59,-480.56177812499993,-53643.21,-53338.69,-53445.70736608797
pg0,2025-11-30,True,14417.42,14793.36,14628.122546643519,-716.49,-269.48,-475.30886932870374,-53656.29,-53265.04,-53421.12018784723
pg0,2025-12-01,True,14317.2,14821.56,14608.46642314815,-622.85,-250.89,-486.5173501157407,-53672.7,-53274.31,-53426.4395761574
pg0,2025-12-02,True,14442.11,14817.69,14610.397800578701,-589.36,-315.16,-473.9951391203704,-53584.22,-53258.76,-53409.26195787037
pg0,2025-12-03,True,14211.36,14860.5,14568.368437152778,-733.68,-129.45,-477.7416380787037,-53763.71,-53290.55,-53463.52207326389
pg0,2025-12-04,True,14195.06,15124.97,14683.199738541665,-763.35,-127.57,-493.57595613425923,-53670.83,-53209.57,-53388.89448923611
pg0,2025-12-05,True,14316.09,14947.23,14663.094219791668,-761.0,-226.61,-472.1966890046297,-53755.27,-53265.51,-53426.92918483796
pg0,2025-12-06,True,14221.33,14890.12,14687.687123611111,-739.89,-250.66,-495.8694431712963,-53617.0,-53223.52,-53407.6404085648
pg0,2025-12-07,True,14522.79,14877.86,14687.12698611111,-660.84,-353.34,-492.0816609953703,-53548.15,-53328.49,-53407.8507949074
pg0,2025-12-08,True,14541.27,14807.43,14667.102411689817,-624.14,-316.28,-510.07418946759265,-53503.7,-53183.06,-53375.21049837964
pg0,2025-12-09,True,14490.19,14797.11,14657.334459722222,-638.44,-310.29,-485.23061921296295,-53571.08,-53243.17,-53395.33375520833
pg0,2025-12-10,True,14336.08,14921.31,14628.859745717595,-656.27,6.53,-454.97364768518514,-53807.34,-53317.23,-53445.78694710648
pg0,2025-12-11,True,14242.44,14833.0,14609.236169791666,-721.77,-153.02,-454.47763865740745,-53724.72,-53119.9,-53418.064278356476
pg0,2025-12-12,True,14393.02,14924.71,14689.663799421296,-734.91,-134.78,-472.369703125,-53472.98,-53222.41,-53354.566763888884
pg0,2025-12-13,True,14516.7,14945.53,14748.993352662037,-692.86,-120.59,-511.7194818287037,-53504.17,-53153.04,-53350.06239629629
pg0,2025-12-14,True,14484.85,14830.3,14694.286695949073,-623.84,-314.93,-488.44423553240745,-53524.46,-53322.15,-53398.72433275463
pg0,2025-12-15,True,14420.64,14855.11,14709.028362384257,-688.87,-413.74,-527.1664258101853,-53588.91,-53182.71,-53399.891507870365
pg0,2025-12-16,True,14476.59,14911.64,14735.910165972224,-689.64,-229.55,-515.4886430555555,-53530.09,-53233.96,-53344.76643483797
pg0,2025-12-17,True,14380.94,14911.23,14687.745432870372,-729.75,-226.2,-478.108519212963,-53642.74,-53188.98,-53377.40878275463
pg0,2025-12-18,True,14482.63,14859.62,14686.210519444447,-770.5,-241.69,-497.4862927083333,-53598.23,-53173.33,-53403.04816087963
pg0,2025-12-19,True,14471.31,14866.6,14685.681820470574,-641.61,-337.62,-476.75135441804343,-53560.17,-53291.78,-53400.57392136162
pg0,2025-12-20,True,14221.91,14882.67,14644.779807317245,-1563.67,-320.5,-479.8455574876049,-55698.13,-53036.11,-53399.079844561405
pg0,2025-12-21,True,14068.33,14807.37,14547.245345765346,-1563.67,-74.15,-473.2274647406466,-55698.13,-53203.76,-53426.03257175483
pg0,2025-12-22,True,14286.42,14785.5,14573.125506895376,-715.85,-147.51,-449.94481300774777,-53733.92,-53162.48,-53456.39231656419
pg0,2025-12-23,True,14201.8,14852.47,14612.509088793558,-1563.67,-124.35,-465.34462913557024,-55698.13,-53080.61,-53441.059212434615
pg0,2025-12-24,True,14199.28,14843.97,14619.94674810546,-1563.67,-239.87,-475.4673865337246,-55698.13,-53051.65,-53453.88137962734
pg0,2025-12-25,True,14318.79,15050.44,14644.634519466152,-1563.67,-298.86,-497.2272853309482,-55698.13,-53116.51,-53414.39745280576
pg0,2025-12-26,True,14301.43,14963.94,14634.151871567832,-680.14,-371.81,-488.21783857198295,-53815.32,-53257.71,-53409.08281323127
pg0,2025-12-27,True,14341.3,14861.97,14627.6856408294,-673.33,-278.22,-481.33001978122905,-53647.61,-53013.36,-53393.63740300722
pg0,2025-12-28,True,13282.38,14789.31,14652.502305974447,-1563.67,-293.99,-485.37834894627343,-55698.13,-53050.42,-53400.72507798634
pg0,2025-12-29,True,14362.88,14916.09,14658.77721317834,-696.38,-327.83,-480.297463533892,-55698.13,-53070.24,-53424.19662090527
pg0,2025-12-30,True,14334.74,14796.23,14628.892352026573,-640.67,-384.94,-511.90394195319027,-55698.13,-53283.51,-53407.61021060814
pg0,2025-12-31,True,14209.01,14890.0,14608.741111569176,-677.44,-239.05,-501.6267696529953,-53700.68,-53171.92,-53433.34304412354
pg0,2026-01-01,True,14373.79,15007.75,14721.103913615949,-705.18,-131.44,-484.37935376548864,-53685.84,-52892.32,-53363.35030260281
pg0,2026-01-02,True,14249.0,14940.84,14693.935720506543,-1563.67,-62.54,-463.19408447886264,-55698.13,-52991.54,-53359.46918451652
pg0,2026-01-03,True,14408.62,14883.43,14723.159194502252,-1563.67,-242.86,-523.1956952723596,-55698.13,-53183.76,-53351.38470635957
pg0,2026-01-04,True,14270.0,14832.24,14641.933432860382,-1563.67,-365.01,-473.5338000916903,-55698.13,-53126.18,-53394.77700936887
pg0,2026-01-05,True,14367.69,15007.75,14738.39352746541,-1563.67,-281.44,-502.58053376508684,-55698.13,-53065.08,-53415.28343020311
pg0,2026-01-06,True,13282.38,14960.48,14674.482486731391,-1563.67,-338.15,-495.38071774051195,-55698.13,-53045.9,-53406.929454427765
pg0,2026-01-07,True,14353.97,14907.94,14690.095303892744,-1563.67,-219.93,-484.4017444431378,-55698.13,-53003.15,-53384.5593073033
pg0,2026-01-08,True,14376.25,15043.34,14728.15081792954,-1563.67,-198.64,-462.9661789191477,-55698.13,-53116.62,-53417.48124123983
pg0,2026-01-09,True,14196.46,15055.42,14710.488190536631,-1563.67,-245.61,-483.5531965305691,-55698.13,-52998.58,-53361.14464036387
pg0,2026-01-10,True,14165.38,14952.51,14626.763788988017,-702.77,222.62,-460.7337448506391,-55698.13,-53059.62,-53394.500378875266
pg0,2026-01-11,True,14338.14,14973.15,14685.215835423216,-1563.67,-9.82,-489.179418600544,-55698.13,-52941.11,-53348.76257885627
pg0,2026-01-12,True,14544.26,14941.37,14717.50757456718,-639.97,-148.98,-440.05098513360934,-53724.48,-53059.39,-53430.347510820466
pg0,2026-01-13,True,14268.06,14891.17,14699.185370169906,-1563.67,-323.84,-499.3595721748953,-55698.13,-53049.83,-53381.68077775687
pg0,2026-01-14,True,13282.38,14919.02,14704.281525581177,-1563.67,-325.07,-497.4915699116917,-53960.92,-53043.03,-53382.41483578894
pg0,2026-01-15,True,13282.38,14823.62,14627.653044494285,-683.3,-303.49,-483.7903037918197,-55698.13,-53057.92,-53395.800269032494
pg0,2026-01-16,True,14156.76,14789.9,14554.121354893356,-690.4,-196.47,-464.7574303259884,-53699.92,-53215.49,-53430.703035539926
pg0,2026-01-17,True,14297.09,14871.12,14594.687498266032,-711.16,-197.24,-464.2711226708987,-53776.09,-53105.13,-53430.563990830546
pg0,2026-01-18,True,14344.35,14869.47,14592.495053786246,-671.34,-200.75,-452.8865215086069,-53700.97,-52971.31,-53439.92891579183
pg0,2026-01-19,True,13361.31,15854.22,14496.801683093607,-1050.57,373.03,-461.4654981136524,-53818.13,-52826.65,-53410.4667265975
pg0,2026-01-20,True,14084.58,15258.96,14526.803633607165,-1258.8,312.16,-433.5784424543713,-54622.2,-53222.64,-53639.63080974038
pg0,2026-01-21,True,14451.55,15067.56,14705.761567051026,-921.73,89.33,-485.5704899091412,-53878.77,-53091.94,-53488.247274351466
pg0,2026-01-22,True,14353.73,14902.78,14730.466688774488,-1563.67,-190.08,-466.25650947730514,-55698.13,-53137.32,-53414.63943030145
pg0,2026-01-23,True,14293.28,14994.38,14626.48904460844,-1563.67,-199.29,-461.3400099887186,-55698.13,-53067.72,-53445.579371180786
pg0,2026-01-24,True,14212.35,14880.79,14623.146652812284,-1563.67,-206.15,-470.5036331845851,-55698.13,-53017.7,-53415.45550270219
pg0,2026-01-25,True,14399.36,14844.14,14618.019750038304,-754.55,-324.84,-490.28559497012486,-53750.81,-53305.97,-53458.10121775306
pg0,2026-01-26,True,14170.54,14844.85,14572.966533319248,-700.37,-223.33,-479.25695895106287,-53763.13,-53151.51,-53463.137180922866
pg0,2026-01-27,True,14416.83,14863.96,14637.205365385518,-602.61,-274.64,-475.6385350430974,-53647.96,-53074.99,-53413.39372686167
pg0,2026-01-28,True,14310.17,14973.44,14662.234065281898,-1563.67,-123.53,-460.3090631623569,-55698.13,-53030.07,-53409.45250259055
pg0,2026-01-29,True,14399.77,15006.69,14631.627656046163,-761.24,-187.38,-475.29172576304256,-53674.81,-53063.44,-53410.654167499146
pg0,2026-01-30,True,14321.48,14887.95,14688.950758058636,-1563.67,-316.28,-488.10086660472984,-55698.13,-53305.44,-53429.28617031035
pg0,2026-01-31,True,14540.39,14874.4,14650.09060501195,-595.81,-275.17,-480.4760525913109,-53506.76,-53045.08,-53420.88217710137
pg0,2026-02-01,True,14331.45,14801.63,14675.181400742553,-1563.67,-325.13,-502.3488175580412,-55698.13,-53306.5,-53404.03794541311
pg0,2026-02-02,True,14576.63,14829.95,14704.987373924461,-621.97,-311.7,-496.7323951421939,-53524.4,-53336.64,-53391.20915070452
pg0,2026-02-03,True,14585.01,14793.89,14677.769917476851,-627.65,-389.58,-499.8627181712963,-53517.6,-53296.65,-53389.604003356486
pg0,2026-02-04,True,14187.14,14738.82,14506.596026157406,-629.71,-191.72,-471.6186275462963,-53585.21,-53243.69,-53413.02706342592
pg0,2026-02-05,True,14515.58,15019.3,14707.816716203703,-828.91,-243.39,-494.1141297453704,-53587.5,-53294.01,-53396.245267824066
pg0,2026-02-06,True,14372.56,14813.94,14630.047084722224,-654.04,-261.97,-490.60232152777775,-53578.53,-53310.6,-53410.80912048611
pg0,2026-02-07,True,14470.61,14871.88,14672.601460185186,-697.67,-318.86,-487.2965648148149,-53560.82,-53321.27,-53426.222329976845
pg0,2026-02-08,True,14232.94,14836.11,14665.342089930555,-635.16,-338.09,-492.5763525462963,-53682.5,-53260.52,-53375.918651504624
pg0,2026-02-09,True,14525.67,14850.36,14718.058393749998,-663.01,-400.31,-509.42287916666675,-53549.91,-53250.91,-53388.62419039351
pg0,2026-02-10,True,14446.21,14795.06,14639.163391550928,-649.41,-165.1,-477.9720261574074,-53507.34,-53311.6,-53401.164823611114
pg0,2026-02-11,True,14501.45,14840.15,14673.393516435188,-674.62,-202.92,-473.8646938657408,-53565.22,-53269.97,-53407.0498005787
pg0,2026-02-12,True,14506.32,14779.52,14655.649096180556,-633.52,-369.76,-504.59539571759257,-53525.99,-53344.91,-53413.23630787037
pg0,2026-02-13,True,14507.84,14794.24,14654.290531712964,-653.1,-290.83,-483.39294027777777,-53646.08,-53313.47,-53421.35140601851
pg0,2026-02-14,True,14434.37,14754.36,14619.933399305553,-558.52,-90.75,-446.88747430555554,-53568.91,-53333.88,-53427.56916203704
pg0,2026-02-15,True,14351.15,14877.27,14598.599013541667,-639.91,-276.58,-470.1912438657407,-53760.61,-53216.13,-53441.07500543981
pg0,2026-02-16,True,14307.94,14881.14,14602.192627314815,-646.89,-259.81,-471.80251238425916,-53608.55,-53296.35,-53441.53088726852
pg0,2026-02-17,True,14427.04,14730.67,14602.054127063127,-637.92,-357.32,-488.4086681404662,-53551.79,-53286.79,-53427.81093289196
pg0,2026-02-18,True,14433.95,14788.79,14623.730174421298,-613.64,-355.74,-483.8888591435186,-53592.49,-53311.72,-53426.891696527775
pg0,2026-02-19,True,14330.87,14837.16,14611.755938888888,-628.59,-404.06,-500.2969975694444,-53601.93,-53312.89,-53425.57648981482
pg0,2026-02-20,True,14338.84,14706.57,14577.679808680556,-627.71,-211.9,-485.39615520833337,-53561.05,-53313.6,-53436.72623599537
pg0,2026-02-21,True,14455.48,14798.75,14629.474136574072,-606.48,-205.97,-464.7941569444444,-53552.61,-53340.04,-53446.69344826389
pg0,2026-02-22,True,14311.05,14889.88,14632.650550347222,-730.51,-65.88,-476.47620914351853,-53797.55,-53258.88,-53450.908577083326
pg0,2026-02-23,True,14427.74,14863.38,14658.98599888755,-669.17,-218.52,-488.38028367479376,-53696.16,-53339.57,-53434.38386251969
pg0,2026-02-24,True,14232.64,14907.65,14652.368143764605,-1563.67,-235.88,-481.03130966219305,-55698.13,-53135.03,-53433.91713034391
pg0,2026-02-25,True,14371.5,14818.63,14644.291864780902,-710.04,-252.59,-482.45183838643374,-53712.76,-53259.94,-53426.61986721013
pg0,2026-02-26,True,14489.84,14832.94,14659.412985416664,-666.83,-222.39,-483.23044930555557,-53661.15,-53348.9,-53442.850753819446
pg0,2026-02-27,True,14471.02,14784.8,14640.543914351852,-592.94,-318.74,-490.6584956018518,-53558.24,-53365.55,-53428.31632222222
pg0,2026-02-28,True,14504.38,14768.38,14636.697429166668,-586.14,-327.18,-486.06435266203704,-53532.5,-53338.34,-53420.073324537036
pg0,2026-03-01,True,14557.51,14756.42,14649.072227420476,-598.39,-377.14,-497.11738866960764,-53536.36,-53377.33,-53419.89564778269
pg0,2026-03-02,True,14249.82,14720.59,14634.36591981902,-1563.67,-443.11,-504.22389383833195,-55698.13,-53389.83,-53425.06610161389
pg0,2026-03-03,True,14367.46,14755.3,14586.584959837965,-611.65,-197.24,-472.4323681712963,-53637.93,-53354.23,-53451.20930972222
pg0,2026-03-04,True,14261.03,14725.45,14604.57427539587,-1563.67,-325.6,-493.32273219742575,-55698.13,-53089.88,-53439.127237591434
pg0,2026-03-05,True,14475.88,14818.16,14613.895243502922,-613.17,-327.83,-494.181015338311,-55698.13,-53154.21,-53433.23267407536
pg0,2026-03-06,True,14536.22,14831.71,14625.731561689816,-559.05,-345.89,-487.9357886574074,-53500.13,-53364.2,-53421.37568877315
pg0,2026-03-07,True,14430.49,14840.8,14661.720998055287,-634.4,-297.86,-480.4198602815206,-53675.35,-53344.79,-53415.619411029315
pg0,2026-03-08,True,13282.38,15034.66,14639.585952531348,-1563.67,-175.01,-506.222467714767,-55698.13,-53116.62,-53442.714660537145
pg0,2026-03-09,True,14524.38,14731.9,14634.791310763889,-594.17,-362.78,-494.47838136574074,-53519.48,-53372.88,-53418.70231886575
pg0,2026-03-10,True,14437.3,14776.53,14642.605208101852,-631.06,-330.47,-502.3518215277777,-53539.83,-53361.62,-53435.81863206018
pg0,2026-03-11,True,14538.8,14798.11,14659.460493701372,-608.36,-284.32,-500.78710749351603,-53741.84,-53372.35,-53440.76244384494
pg0,2026-03-12,True,14468.49,14756.83,14632.21183090278,-572.94,-425.93,-505.44321157407404,-53498.54,-53390.12,-53433.03466331018
pg0,2026-03-13,True,14375.61,14759.23,14610.655507523146,-764.7,-153.96,-490.27630486111104,-53757.44,-53294.77,-53439.15576898148
pg0,2026-03-14,True,14361.65,14903.72,14608.016357638891,-675.74,-178.24,-483.00322442129635,-53730.29,-53380.79,-53484.15491574074
pg0,2026-03-15,True,14313.22,14716.31,14576.075091203702,-652.34,-154.25,-483.510125462963,-53830.33,-53361.68,-53471.9463875
pg0,2026-03-16,True,14423.93,14719.94,14604.046900810185,-609.12,-441.94,-507.38554849537036,-53549.79,-53377.74,-53455.88131018517
pg0,2026-03-17,True,14497.05,14667.28,14605.464354050926,-560.86,-465.81,-509.11978425925923,-53513.67,-53377.33,-53434.28119398148
pg0,2026-03-18,True,14486.91,14664.88,14605.226975810185,-589.66,-464.58,-506.8484804398148,-53566.1,-53398.86,-53442.54779768519
pg0,2026-03-19,True,14570.7,14668.05,14617.536913773147,-540.46,-483.28,-511.3951792824074,-53456.61,-53389.18,-53426.831381481476
pg0,2026-03-20,True,14365.93,14834.88,14611.300403096266,-638.44,-158.71,-475.4431354906297,-53787.58,-53284.92,-53449.62590129206
pg0,2026-03-21,True,14420.64,14876.04,14632.469264536456,-763.23,-200.05,-505.9330735228421,-53866.04,-53191.15,-53451.40364322494
pg0,2026-03-22,True,14141.28,14826.9,14574.766749941109,-1563.67,-113.85,-507.5984738515901,-55698.13,-53432.4,-53508.435171378085
pg0,2026-03-23,True,14411.32,14877.39,14628.373081535898,-672.75,-170.09,-489.01758020982464,-53765.12,-53373.64,-53478.79566820006
pg0,2026-03-24,True,14432.37,14831.12,14637.08575972222,-630.59,-359.96,-519.7169310185186,-53695.87,-53366.19,-53452.55970520833
pg0,2026-03-25,True,14503.5,14834.94,14648.825680937913,-754.55,-410.74,-531.1117771412668,-53674.52,-53342.97,-53454.75644247048
pg0,2026-03-26,True,14476.35,14716.83,14613.63279537037,-604.96,-448.39,-521.6224797453704,-53539.77,-53402.02,-53439.98041851852
pg0,2026-03-27,True,13282.38,14885.13,14615.147503819908,-1563.67,-243.44,-507.3163682276783,-55698.13,-53110.99,-53438.91629357905
pg0,2026-03-28,True,13282.38,14940.14,14618.878125710837,-1563.67,-251.95,-501.4497456073161,-55698.13,-53142.01,-53448.860625884925
pg0,2026-03-29,True,14461.75,14817.75,14636.667228587965,-663.31,-390.51,-525.4704150462962,-53601.69,-53384.43,-53439.76721817129
pg0,2026-03-30,True,14425.57,14815.17,14581.680777232079,-1563.67,-331.76,-518.1983381596627,-55698.13,-53121.02,-53470.57696555159
pg0,2026-03-31,True,14290.76,14832.71,14603.942406576982,-1563.67,-355.86,-514.0087931773676,-55698.13,-53138.49,-53442.911547027266
pg0,2026-04-01,True,14377.43,14758.06,14593.61702025463,-605.72,-447.98,-512.8659331018519,-53616.53,-53377.22,-53451.96374375
pg0,2026-04-02,True,14291.81,14884.9,14597.296131625277,-1563.67,-171.26,-528.1977483320978,-55698.13,-53140.72,-53441.16937638992
pg0,2026-04-03,True,13282.38,14956.73,14578.222104558887,-1563.67,-108.46,-496.8505098787554,-55698.13,-53096.22,-53488.191831351374
pg0,2026-04-04,True,14343.06,14821.98,14637.711461805555,-626.13,-135.43,-500.3670284722222,-53889.2,-53389.06,-53471.86555659722
pg0,2026-04-05,True,14498.11,14771.43,14615.109410300927,-644.19,-239.81,-512.0662769675926,-53792.15,-53396.8,-53470.36834722222
pg0,2026-04-06,True,14503.97,14772.89,14619.24933888889,-627.3,-399.78,-520.0782722222222,-53583.75,-53384.72,-53449.379202777774
pg0,2026-04-07,True,14533.94,14753.19,14623.342650694443,-576.4,-357.91,-499.31985173611116,-53686.37,-53397.92,-53453.080747222215
pg0,2026-04-08,True,14496.23,14689.04,14605.955592361111,-600.21,-415.96,-508.0625234953704,-53513.32,-53386.54,-53440.53001643519
pg0,2026-04-09,True,14498.05,14683.59,14601.452408217592,-591.47,-412.97,-503.3551824074075,-53483.18,-53397.15,-53434.951344097215
pg0,2026-04-10,True,14425.04,14784.45,14608.53194386574,-581.74,-425.76,-512.9848983796296,-53579.76,-53380.44,-53448.31423946759
pg0,2026-04-11,True,14439.82,14682.59,14596.06289826389,-633.58,-453.84,-518.2443824074074,-53773.68,-53382.26,-53465.47837314815
pg0,2026-04-12,True,14520.98,14665.99,14605.361341782409,-598.28,-462.17,-521.637990625,-53513.44,-53389.71,-53434.583449537036
pg0,2026-04-13,True,14550.41,14655.67,14611.11272488426,-555.41,-480.41,-519.1878444444444,-53465.0,-53386.72,-53425.925146643516
pg0,2026-04-14,True,14538.16,14650.69,14606.643380208332,-560.28,-491.96,-522.596146412037,-53512.68,-53389.06,-53432.69771087962
pg0,2026-04-15,True,14565.19,14638.78,14606.143906712963,-551.07,-481.7,-516.11229375,-53459.2,-53400.85,-53427.459577893525
pg0,2026-04-16,True,14562.55,14632.92,14607.252070023147,-550.01,-480.88,-519.3802957175926,-53462.31,-53401.67,-53427.28235821759
pg0,2026-04-17,True,14559.68,14646.7,14606.466742708333,-538.93,-411.8,-515.8375615740741,-53458.32,-53385.78,-53419.10023090279
pg0,2026-04-18,True,14456.94,14732.96,14605.928464814813,-725.47,-398.2,-528.5541774305556,-53563.58,-53340.1,-53452.349282407406
pg0,2026-04-19,True,14301.25,14757.59,14609.381689930553,-679.96,-450.44,-524.9923212962963,-53888.33,-53403.02,-53481.594212847216
pg0,2026-04-20,True,14407.86,14739.06,14579.715032060185,-670.99,-242.21,-511.0881467592593,-53651.13,-53399.21,-53459.78675520834
pg0,2026-04-21,True,14477.29,14765.45,14610.143694328704,-640.44,-378.73,-516.764512962963,-53696.16,-53410.29,-53459.536642708335
pg0,2026-04-22,True,14548.77,14654.27,14603.757786226852,-571.01,-476.13,-521.3373951388888,-53487.17,-53389.83,-53435.69711631945
pg0,2026-04-23,True,14549.65,14695.02,14617.594782291668,-592.0,-466.57,-524.7736871527778,-53480.48,-53389.12,-53435.64286539353
pg0,2026-04-24,True,14558.21,14679.25,14612.948130671297,-586.78,-396.5,-512.4523480324075,-53522.0,-53395.1,-53438.93325578703
pg0,2026-04-25,True,14545.31,14693.38,14608.93714675926,-561.98,-403.65,-511.0750961805556,-53467.99,-53395.51,-53432.20916388889
pg0,2026-04-26,True,14521.39,14703.58,14610.195909837965,-611.23,-451.44,-526.6881818287037,-53514.55,-53382.97,-53438.96959351852
pg0,2026-04-27,True,14563.73,14674.73,14608.830745601852,-562.92,-419.13,-521.8491068287037,-53516.02,-53401.08,-53432.06890960647
pg0,2026-04-28,True,14587.18,14634.97,14612.641773726851,-542.27,-512.13,-528.5299377314815,-53435.62,-53412.11,-53423.02177800926
pg0,2026-04-29,True,14577.51,14634.86,14606.657264814816,-549.55,-499.94,-527.6490231481482,-53449.35,-53381.79,-53416.7475074074
pg0,2026-04-30,True,14482.16,14729.21,14599.114111342593,-582.97,-326.95,-514.01668125,-53473.27,-53374.93,-53429.83204328704
pg0,2026-05-01,True,14524.55,14735.36,14616.17330671296,-638.8,-453.2,-522.9108604166668,-53587.91,-53393.99,-53442.03278668981
pg0,2026-05-02,True,14552.23,14684.7,14609.269949652778,-572.83,-439.42,-522.3389648148149,-53510.8,-53388.6,-53433.84502800926
pg0,2026-05-03,True,14551.29,14720.41,14619.13316724537,-585.73,-481.11,-529.0276444444445,-53505.76,-53399.38,-53438.89954050925
pg0,2026-05-04,True,14464.33,14673.97,14597.110107754632,-610.47,-326.48,-506.7487101851852,-53523.29,-53379.21,-53444.134194212966
pg0,2026-05-05,True,14586.54,14775.3,14625.200132523149,-627.89,-410.16,-532.9765458333334,-53542.41,-53416.15,-53448.81589444445
pg0,2026-05-06,True,14586.01,14622.72,14607.814708680555,-539.4,-505.57,-528.0483710648148,-53438.09,-53410.7,-53424.707072222234
pg0,2026-05-07,True,14538.33,14626.76,14601.855153587963,-549.9,-430.27,-521.7929109953704,-53454.27,-53389.65,-53421.54464039352
pg0,2026-05-08,True,14455.48,14678.19,14588.917713773148,-640.5,-441.82,-515.257266087963,-53523.58,-53323.15,-53425.82690335648
pg0,2026-05-09,True,14567.89,14677.37,14609.544616782408,-564.44,-484.81,-529.1697797453703,-53457.02,-53396.27,-53426.01002581018
pg0,2026-05-10,True,14535.75,14627.76,14603.024853009261,-554.53,-495.36,-529.947280787037,-53473.62,-53392.52,-53420.535184722234
pg0,2026-05-11,True,14539.98,14643.18,14599.722811689815,-562.33,-489.79,-526.8116027777778,-53480.13,-53366.72,-53421.632716898144
pg0,2026-05-12,True,14550.0,14623.24,14601.562035069444,-555.41,-506.09,-529.1646385416666,-53454.97,-53372.0,-53413.6924369213
pg0,2026-05-13,True,14512.65,14646.58,14599.630416319447,-593.23,-447.34,-521.680232175926,-53465.24,-53385.37,-53419.965699884255
pg0,2026-05-14,True,14569.77,14678.13,14610.628470601854,-556.99,-477.89,-526.9809982638889,-53465.0,-53392.29,-53422.565653356476
pg0,2026-05-15,True,13758.19,14753.43,14577.43841736111,-606.66,-117.37,-495.3668585648148,-54226.15,-53368.19,-53448.38021539352
pg0,2026-05-16,False,,,,,,,,,
pg0,2026-05-17,False,,,,,,,,,
pg0,2026-05-18,False,,,,,,,,,
pg0,2026-05-19,False,,,,,,,,,
pg0,2026-05-20,False,,,,,,,,,
pg0,2026-05-21,False,,,,,,,,,
pg0,2026-05-22,False,,,,,,,,,
pg0,2026-05-23,False,,,,,,,,,
pg0,2026-05-24,False,,,,,,,,,
pg0,2026-05-25,True,14252.76,14809.54,14609.141167992282,-1563.67,-351.75,-525.6839502541416,-55698.13,-53120.02,-53424.65866057982
pg0,2026-05-26,True,13282.38,14696.25,14613.522895714435,-1563.67,-376.38,-525.481789460115,-53994.35,-53395.92,-53422.4509663319
pg0,2026-05-27,True,14553.87,14692.21,14613.17392337963,-602.97,-418.72,-534.6273571759259,-53533.02,-53394.05,-53434.381264236115
pg0,2026-05-28,True,14528.72,14711.38,14605.539039930554,-666.3,-326.77,-528.5395886574074,-53742.02,-53383.79,-53447.769649189824
pg0,2026-05-29,True,14460.69,14677.31,14596.731023726852,-644.54,-386.58,-530.7423385416666,-53518.42,-53394.63,-53440.135691550924
pg0,2026-05-30,True,14486.91,14709.91,14606.182639699076,-588.83,-402.83,-515.5463648148149,-53583.45,-53381.97,-53443.32371203703
pg0,2026-05-31,True,14550.53,14721.29,14617.31832673611,-579.45,-411.33,-526.5804042824075,-53739.56,-53373.23,-53451.728546412036
pg0,2026-06-01,True,14494.41,14684.47,14600.966483680557,-588.48,-425.58,-525.3317346064815,-53512.15,-53406.95,-53442.35122569445
pg0,2026-06-02,True,14532.82,14692.79,14611.270706597224,-599.45,-460.18,-529.6260443287038,-53508.57,-53390.94,-53436.27732557871
pg0,2026-06-03,True,14567.83,14724.75,14614.431782407408,-585.43,-462.64,-530.1190857638888,-53545.51,-53390.76,-53429.9598894676
pg0,2026-06-04,True,14582.43,14697.48,14615.89051574074,-562.97,-495.54,-535.2685771990741,-53486.17,-53395.45,-53422.17524652778
pg0,2026-06-05,True,14371.62,14710.32,14581.191892824074,-625.78,-396.32,-523.9967393518518,-53562.46,-53383.08,-53433.22013877315
pg0,2026-06-06,False,,,,,,,,,
pg0,2026-06-07,False,,,,,,,,,
pg0,2026-06-08,False,,,,,,,,,
pg0,2026-06-09,False,,,,,,,,,
pg0,2026-06-10,False,,,,,,,,,
pg0,2026-06-11,False,,,,,,,,,
pg0,2026-06-12,False,,,,,,,,,
pg0,2026-06-13,False,,,,,,,,,
pg0,2026-06-14,False,,,,,,,,,
pg0,2026-06-15,True,14575.22,14663.82,14611.008423094452,-573.06,-485.57,-534.5374882856776,-53492.1,-53389.83,-53421.69034354222
pg0,2026-06-16,True,14552.17,14671.04,14605.99312835648,-597.57,-487.56,-542.7983981481482,-53533.9,-53367.89,-53424.44859270833
pg0,2026-06-17,True,14521.45,14633.62,14598.497244791664,-597.75,-518.23,-545.8443527777778,-53455.91,-53373.52,-53409.26171284722
pg0,2026-06-18,True,14565.02,14666.4,14603.67162766204,-567.31,-469.27,-533.3123894675927,-53527.81,-53373.76,-53412.97773483795
pg0,2026-06-19,True,14543.49,14681.83,14607.215500925926,-580.68,-484.92,-539.9194877314815,-53583.75,-53365.67,-53421.70250277778
pg0,2026-06-20,True,14540.97,14666.29,14603.076894328704,-592.82,-501.87,-541.8324246527778,-53492.51,-53390.41,-53420.213937037035
pg0,2026-06-21,True,14576.16,14625.24,14605.867133796299,-573.82,-516.12,-541.6000618055556,-53439.85,-53388.13,-53408.206174189814
pg0,2026-06-22,False,,,,,,,,,
pg0,2026-06-23,False,,,,,,,,,
pg0,2026-06-24,False,,,,,,,,,
pg0,2026-06-25,False,,,,,,,,,
pg0,2026-06-26,False,,,,,,,,,
pg0,2026-06-27,False,,,,,,,,,
pg0,2026-06-28,False,,,,,,,,,
pg0,2026-06-29,False,,,,,,,,,
pg0,2026-06-30,False,,,,,,,,,
pg0,2026-07-01,False,,,,,,,,,
pg0,2026-07-02,False,,,,,,,,,
pg0,2026-07-03,False,,,,,,,,,
pg0,2026-07-04,False,,,,,,,,,
pg0,2026-07-05,False,,,,,,,,,
pg0,2026-07-06,False,,,,,,,,,
pg0,2026-07-07,False,,,,,,,,,
pg0,2026-07-08,False,,,,,,,,,
pg0,2026-07-09,False,,,,,,,,,
pg0,2026-07-10,False,,,,,,,,,
pg0,2026-07-11,False,,,,,,,,,
pg0,2026-07-12,False,,,,,,,,,
pg0,2026-07-13,False,,,,,,,,,
pg0,2026-07-14,False,,,,,,,,,
pg0,2026-07-15,False,,,,,,,,,
pg0,2026-07-16,False,,,,,,,,,
pg0,2026-07-17,False,,,,,,,,,
pg0,2026-07-18,False,,,,,,,,,
pg0,2026-07-19,False,,,,,,,,,
pg0,2026-07-20,False,,,,,,,,,
pg0,2026-07-21,False,,,,,,,,,
pg0,2026-07-22,False,,,,,,,,,
pg0,2026-07-23,False,,,,,,,,,
pg0,2026-07-24,False,,,,,,,,,
pg0,2026-07-25,False,,,,,,,,,
pg0,2026-07-26,False,,,,,,,,,
pg0,2026-07-27,False,,,,,,,,,
pg0,2026-07-28,False,,,,,,,,,
pg0,2026-07-29,False,,,,,,,,,
pg0,2026-07-30,False,,,,,,,,,
pg0,2026-07-31,False,,,,,,,,,
pg0,2026-08-01,False,,,,,,,,,
pg0,2026-08-02,False,,,,,,,,,
pg0,2026-08-03,False,,,,,,,,,
pg0,2026-08-04,False,,,,,,,,,
pg0,2026-08-05,False,,,,,,,,,
pg0,2026-08-06,False,,,,,,,,,
pg0,2026-08-07,False,,,,,,,,,
pg0,2026-08-08,False,,,,,,,,,
pg0,2026-08-09,False
pg0,2026-08-10,False
pg0,2026-08-11,False
pg0,2026-08-12,False
pg0,2026-08-13,False
pg0,2026-08-14,False
pg0,2026-08-15,False
pg0,2026-08-16,False
pg0,2026-08-17,False
pg0,2026-08-18,False
pg0,2026-08-19,False
pg0,2026-08-20,False
pg0,2026-08-21,False
pg0,2026-08-22,False
pg0,2026-08-23,False
pg0,2026-08-24,False
pg0,2026-08-25,False
pg0,2026-08-26,False
pg0,2026-08-27,False
pg0,2026-08-28,False
pg0,2026-08-29,False
pg0,2026-08-30,False
pg0,2026-08-31,False
pg0,2026-09-01,False
pg0,2026-09-02,False
pg0,2026-09-03,False
pg0,2026-09-04,False
pg0,2026-09-05,False
pg0,2026-09-06,False
pg0,2026-09-07,False
pg0,2026-09-08,False
pg0,2026-09-09,False
pg0,2026-09-10,False
pg0,2026-09-11,False
pg0,2026-09-12,False
pg0,2026-09-13,False
pg0,2026-09-14,False
pg0,2026-09-15,False
pg0,2026-09-16,False
pg0,2026-09-17,False
pg0,2026-09-18,False
pg0,2026-09-19,False
pg0,2026-09-20,False
pg0,2026-09-21,False
pg0,2026-09-22,False
pg0,2026-09-23,False
pg0,2026-09-24,False
pg0,2026-09-25,False
pg0,2026-09-26,False
pg0,2026-09-27,False
pg0,2026-09-28,False
pg0,2026-09-29,False
pg0,2026-09-30,False
pg0,2026-10-01,False
pg0,2026-10-02,False
pg0,2026-10-03,False
pg0,2026-10-04,False
pg0,2026-10-05,False
pg0,2026-10-06,False
pg0,2026-10-07,False
pg0,2026-10-08,False
pg0,2026-10-09,False
pg0,2026-10-10,False
pg0,2026-10-11,False
pg0,2026-10-12,False
pg0,2026-10-13,False
pg0,2026-10-14,False
pg0,2026-10-15,False
pg0,2026-10-16,False
pg0,2026-10-17,False
pg0,2026-10-18,False
pg0,2026-10-19,False
pg0,2026-10-20,False
pg0,2026-10-21,False
pg0,2026-10-22,False
pg0,2026-10-23,False
pg0,2026-10-24,False
pg0,2026-10-25,False
pg0,2026-10-26,False
pg0,2026-10-27,False
pg0,2026-10-28,False
pg0,2026-10-29,False
pg0,2026-10-30,False
pg0,2026-10-31,False
pg0,2026-11-01,False
pg0,2026-11-02,False
pg0,2026-11-03,False
pg0,2026-11-04,False
pg0,2026-11-05,False
pg0,2026-11-06,False
pg0,2026-11-07,False
pg0,2026-11-08,False
pg0,2026-11-09,False
pg0,2026-11-10,False
pg0,2026-11-11,False
pg0,2026-11-12,False
pg0,2026-11-13,False
pg0,2026-11-14,False
pg0,2026-11-15,False
pg0,2026-11-16,False
pg0,2026-11-17,False,,,,,,,,,
pg0,2026-11-18,False,,,,,,,,,
pg0,2026-11-19,False,,,,,,,,,
pg0,2026-11-20,False,,,,,,,,,
pg0,2026-11-21,False,,,,,,,,,
pg0,2026-11-22,False,,,,,,,,,
pg0,2026-11-23,False,,,,,,,,,
pg0,2026-11-24,False,,,,,,,,,
pg0,2026-11-25,False,,,,,,,,,
pg0,2026-11-26,False,,,,,,,,,
pg0,2026-11-27,False,,,,,,,,,
pg0,2026-11-28,False,,,,,,,,,
pg0,2026-11-29,False,,,,,,,,,
pg0,2026-11-30,False,,,,,,,,,
pg0,2026-12-01,False,,,,,,,,,
pg0,2026-12-02,False,,,,,,,,,
pg0,2026-12-03,False,,,,,,,,,
pg0,2026-12-04,False,,,,,,,,,
pg0,2026-12-05,False,,,,,,,,,
pg0,2026-12-06,False,,,,,,,,,
pg0,2026-12-07,False,,,,,,,,,
pg0,2026-12-08,False,,,,,,,,,
pg0,2026-12-09,False,,,,,,,,,
pg0,2026-12-10,False,,,,,,,,,
pg0,2026-12-11,False,,,,,,,,,
pg0,2026-12-12,False,,,,,,,,,
pg0,2026-12-13,False,,,,,,,,,
pg0,2026-12-14,False,,,,,,,,,
pg0,2026-12-15,False,,,,,,,,,
pg0,2026-12-16,False,,,,,,,,,
pg0,2026-12-17,False,,,,,,,,,
pg0,2026-12-18,False,,,,,,,,,
pg0,2026-12-19,False,,,,,,,,,
pg0,2026-12-20,False,,,,,,,,,
pg0,2026-12-21,False,,,,,,,,,
pg0,2026-12-22,False,,,,,,,,,
pg0,2026-12-23,False,,,,,,,,,
pg0,2026-12-24,False,,,,,,,,,
pg0,2026-12-25,False,,,,,,,,,
pg0,2026-12-26,False,,,,,,,,,
pg0,2026-12-27,False,,,,,,,,,
pg0,2026-12-28,False,,,,,,,,,
pg0,2026-12-29,False,,,,,,,,,
pg0,2026-12-30,False,,,,,,,,,
pg0,2026-12-31,False,,,,,,,,,
pg1,2020-01-01,True,-121.43,77.67,6.039582754629629,-901.38,-765.28,-847.8717695601852,-152.17,33.01,-39.16480636574074
pg1,2020-01-02,True,-77.92,74.25,9.639789351851851,-917.19,-720.37,-845.8426111111111,-154.57,49.71,-45.734426157407405
pg1,2020-01-03,True,-162.54,148.12,17.642107175925926,-1022.06,-735.42,-846.8886424768519,-143.95,55.78,-47.796290625
pg1,2020-01-04,True,-66.16,110.55,32.99680590277777,-945.91,-681.03,-839.6028946759259,-210.48,134.71,-39.99067025462963
pg1,2020-01-05,True,-197.07,184.05,23.87898368055556,-986.38,-659.53,-833.0292273148149,-224.52,101.32,-36.148067824074076
pg1,2020-01-06,True,-85.38,170.51,17.794599305555558,-952.48,-711.01,-835.4656281250001,-238.94,29.98,-55.22890914351852
pg1,2020-01-07,True,-75.26,99.93,6.96123125,-909.22,-766.79,-840.9671961805556,-101.7,47.81,-39.85774965277777
pg1,2020-01-08,True,-124.34,92.34,-12.915622916666667,-943.0,-693.43,-836.4316473379629,-168.87,76.65,-38.23314965277778
pg1,2020-01-09,True,-117.64,154.7,35.76579247685185,-1018.77,-704.31,-846.1550842592593,-385.29,71.97,-65.10508159722221
pg1,2020-01-10,True,-262.34,120.55,9.058851388888886,-1006.12,-775.27,-855.6179560185186,-394.28,57.43,-71.9207457175926
pg1,2020-01-11,True,-76.91,79.31,12.072484259259259,-928.96,-761.36,-844.5930092592592,-210.1,40.86,-69.14335046296297
pg1,2020-01-12,True,-117.89,113.59,18.33808622685185,-908.21,-785.26,-848.7244082175927,-134.97,-6.45,-54.85820497685185
pg1,2020-01-13,True,-116.63,110.05,3.1188237268518493,-913.15,-757.05,-836.9876231481484,-179.24,28.46,-45.67013414351852
pg1,2020-01-14,True,-192.65,57.68,-12.536241898148152,-945.02,-746.94,-844.6881568287037,-158.11,70.71,-26.605108912037032
pg1,2020-01-15,True,-176.58,55.78,-19.323378935185186,-919.09,-786.02,-848.1586916666668,-245.9,85.51,-38.35486481481482
pg1,2020-01-16,True,-185.44,84.12,-3.2253276710403003,-965.64,-798.54,-853.8448479381443,-201.88,18.97,-62.25323641049672
pg1,2020-01-17,True,-117.76,47.31,-13.67537175925926,-900.37,-789.82,-846.6788743055556,-104.74,60.21,-37.65477326388889
pg1,2020-01-18,True,-93.73,51.36,-2.8021420138888895,-898.98,-791.33,-846.8317033564813,-154.19,-2.91,-60.398599652777776
pg1,2020-01-19,True,-77.79,76.15,9.772865624999998,-887.59,-819.67,-853.3397950231481,-139.01,-8.47,-55.66680659722222
pg1,2020-01-20,True,-55.91,75.26,14.252366319444445,-905.81,-826.25,-850.7400305555556,-118.65,12.02,-47.43194525462963
pg1,2020-01-21,True,-76.4,80.2,6.918334027777777,-929.46,-742.51,-849.2690740740741,-126.62,89.68,-40.64690833333333
pg1,2020-01-22,True,-171.78,132.31,29.989293179702045,-935.53,-678.38,-839.6476787709497,-195.43,24.67,-60.69418377560521
pg1,2020-01-23,True,-71.09,143.95,19.180830671296295,-894.68,-753.77,-844.4779112268519,-114.35,13.91,-43.39004837962964
pg1,2020-01-24,True,-96.26,104.86,13.648155787037036,-916.56,-798.04,-850.3983333333333,-129.4,1.39,-51.93316238425926
pg1,2020-01-25,True,-77.67,102.71,7.530253125,-926.05,-787.03,-846.708735648148,-138.13,20.24,-54.96060636574074
pg1,2020-01-26,True,-85.0,102.96,1.3335057870370373,-897.46,-801.33,-851.463627199074,-118.52,61.85,-42.01133460648149
pg1,2020-01-27,True,-67.8,53.76,2.6446938657407415,-904.29,-818.53,-848.6426862268519,-131.05,-29.98,-57.2593875
pg1,2020-01-28,True,-90.19,134.97,21.236043634259257,-946.29,-750.35,-851.971891087963,-179.24,25.42,-49.07150393518518
pg1,2020-01-29,True,-92.47,178.23,22.43556990740741,-941.86,-692.8,-837.8352818287036,-181.64,58.82,-56.12507731481481
pg1,2020-01-30,True,-165.45,120.67,6.500583178005592,-973.61,-674.71,-837.5879488583411,-188.85,108.15,-44.6267575722274
pg1,2020-01-31,True,-132.44,243.24,31.98142476851852,-919.47,-734.16,-844.1720692129629,-265.51,10.12,-64.4893369212963
pg1,2020-02-01,True,-117.76,103.47,1.3330315972222229,-917.07,-722.02,-838.8104744212964,-130.54,79.18,-46.664907523148145
pg1,2020-02-02,True,-92.59,105.62,8.77316689814815,-921.24,-684.57,-840.7501998842594,-150.53,34.91,-47.890125231481484
pg1,2020-02-03,True,-104.1,103.47,8.022592592592591,-935.16,-772.61,-852.8301564814815,-178.1,10.63,-67.12563472222222
pg1,2020-02-04,True,-130.03,144.45,13.438441435185187,-920.61,-763.89,-852.3363412037037,-173.17,79.94,-51.417366898148146
pg1,2020-02-05,True,-140.79,115.99,13.020294328703702,-944.9,-771.85,-851.5047738425927,-167.6,-1.39,-60.3566105324074
pg1,2020-02-06,True,-181.14,218.33,10.641645717592592,-993.97,-711.01,-854.2248178240741,-327.74,73.87,-55.58642233796296
pg1,2020-02-07,True,-159.76,177.85,17.009559837962957,-951.85,-671.17,-841.6102855324076,-167.35,59.07,-62.0387667824074
pg1,2020-02-08,True,-102.84,114.48,7.150746296296295,-904.16,-719.11,-847.8782952546297,-132.69,50.72,-47.923562384259256
pg1,2020-02-09,True,-124.72,127.0,16.55678449074074,-965.51,-718.35,-848.3237783564814,-240.21,58.44,-55.49865069444444
pg1,2020-02-10,True,-104.36,104.1,9.72734803240741,-943.0,-741.62,-853.7641925925925,-204.54,6.83,-68.65919988425927
pg1,2020-02-11,True,-129.4,90.69,-6.708837384259261,-914.16,-787.29,-847.9933783564815,-174.18,12.14,-56.565353587962974
pg1,2020-02-12,True,-146.6,117.89,4.839495717592595,-917.32,-791.46,-852.7148114583334,-181.26,-10.88,-67.98593819444444
pg1,2020-02-13,True,-82.6,47.43,-4.836756597222222,-901.89,-785.14,-851.8813059027777,-120.42,16.19,-51.594466898148156
pg1,2020-02-14,True,-55.15,110.43,3.788033333333332,-909.6,-767.3,-848.4295877314814,-99.8,-12.4,-52.34614212962963
pg1,2020-02-15,True,-116.12,54.14,-5.6937100694444425,-898.85,-782.1,-852.3073899305557,-121.43,24.29,-50.159874189814815
pg1,2020-02-16,True,-102.84,103.09,13.80803715277778,-901.89,-813.6,-856.6221641203704,-151.28,-9.23,-53.02911793981482
pg1,2020-02-17,True,-81.46,60.84,2.966398611111111,-905.81,-734.79,-845.1644571759258,-182.78,14.04,-47.05085856481481
pg1,2020-02-18,True,-192.77,108.4,-16.495363888888885,-1015.73,-736.31,-853.475194212963,-425.52,29.47,-84.74327407407408
pg1,2020-02-19,True,-109.16,186.7,20.760688194444445,-981.96,-740.36,-860.1735994212962,-241.09,1.64,-68.45801701388889
pg1,2020-02-20,True,-102.96,153.43,13.449040662650606,-932.5,-744.66,-847.1648765060241,-210.61,19.99,-70.04020354494902
pg1,2020-02-21,True,-130.67,180.5,24.65271412037037,-1004.85,-629.55,-835.2881392361112,-271.2,25.55,-92.24403761574074
pg1,2020-02-22,True,-119.28,92.21,-5.3096432050092774,-939.71,-715.69,-839.4456654684601,-232.49,20.11,-58.659230983302415
pg1,2020-02-23,True,-78.17,72.23,-0.15982812500000027,-904.04,-713.29,-839.2302861111111,-122.57,23.02,-49.76376481481482
pg1,2020-02-24,True,-60.21,85.0,4.756983564814814,-914.28,-770.34,-854.767254976852,-91.96,-22.14,-55.249649537037044
pg1,2020-02-25,True,-79.31,106.38,7.574796643518515,-894.05,-757.18,-852.8992538194444,-193.41,-26.82,-60.9689005787037
pg1,2020-02-26,True,-69.7,57.17,-6.057782060185186,-898.47,-794.12,-853.5939998842593,-104.48,6.32,-47.831186226851855
pg1,2020-02-27,True,-91.83,53.63,2.1359292824074068,-915.3,-784.76,-855.2076719907408,-155.33,1.52,-59.1387162037037
pg1,2020-02-28,True,-150.53,73.49,-2.232133796296296,-914.03,-777.17,-853.4713519675926,-181.64,30.36,-53.223851736111115
pg1,2020-02-29,True,-311.8,82.09,-6.596839120370372,-950.21,-523.93,-845.7972872685186,-403.38,37.57,-61.267892361111116
pg1,2020-03-01,True,-95.5,102.33,7.555030902777777,-931.99,-740.1,-855.4374819444445,-219.72,-5.95,-68.3697587962963
pg1,2020-03-02,True,-100.69,81.71,-4.575736921296297,-933.64,-768.19,-854.5634972222222,-163.05,42.75,-61.37152847222223
pg1,2020-03-03,True,-123.71,68.94,-6.008933912037039,-904.42,-773.12,-856.0152626157408,-116.37,55.15,-53.393011111111115
pg1,2020-03-04,True,-154.19,71.72,-24.96907054570896,-916.69,-783.11,-850.9745332322761,-147.49,45.41,-46.14819659514925
pg1,2020-03-05,True,-99.04,27.7,-19.497858680555552,-917.95,-813.72,-858.5642653935186,-129.53,-1.52,-48.700045138888896
pg1,2020-03-06,True,-187.21,50.98,-9.915830324074074,-945.27,-832.19,-863.1395622685186,-176.71,-4.3,-62.82038287037037
pg1,2020-03-07,True,-116.88,60.72,-10.13514837962963,-932.5,-826.25,-861.7628250000001,-230.47,25.8,-62.40256886574074
pg1,2020-03-08,True,-96.01,55.4,-7.795462847222224,-903.91,-804.24,-859.2721591435187,-181.26,17.84,-56.05600208333333
pg1,2020-03-09,True,-127.63,49.71,-11.182296180555554,-919.98,-815.62,-858.3867464120373,-148.88,6.32,-53.75256203703704
pg1,2020-03-10,True,-102.96,60.97,2.4216348379629644,-901.26,-796.39,-856.3430531249999,-166.21,-15.18,-59.52258310185185
pg1,2020-03-11,True,-60.84,36.3,-4.14951261574074,-888.99,-769.7,-859.5774021990742,-120.55,-26.06,-52.89863275462963
pg1,2020-03-12,True,-106.76,67.55,-8.440922337962963,-923.77,-777.55,-859.1449912037039,-110.68,-1.39,-49.60897407407408
pg1,2020-03-13,True,-73.87,96.89,2.98945023148148,-925.42,-822.2,-861.0896914351853,-203.91,18.34,-56.34471666666666
pg1,2020-03-14,True,-89.56,34.91,-10.700299537037036,-891.64,-814.61,-855.8371013888889,-103.72,-23.27,-52.33069814814815
pg1,2020-03-15,True,-74.0,51.48,-8.47812638888889,-897.21,-755.16,-853.4371721064813,-162.42,6.7,-54.41013715277777
pg1,2020-03-16,True,-98.03,68.31,-10.135336226851852,-902.9,-746.3,-855.9351188657407,-190.88,8.73,-49.23803819444444
pg1,2020-03-17,True,-142.56,73.11,-6.705749652777777,-925.29,-800.06,-861.8252653935184,-145.21,22.01,-49.251533449074074
pg1,2020-03-18,True,-95.0,56.16,-13.062645023148148,-905.94,-795.26,-857.9071050925926,-95.5,-0.76,-47.05438703703704
pg1,2020-03-19,True,-83.48,154.19,6.614818634259262,-934.14,-681.41,-857.3070574074073,-230.72,18.85,-67.66824328703703
pg1,2020-03-20,True,-93.86,61.22,-13.232736921296299,-902.39,-712.53,-842.3011207175925,-276.76,-0.76,-63.08069282407407
pg1,2020-03-21,True,-150.53,71.09,-11.836732291666666,-983.1,-802.72,-862.140522800926,-287.01,35.67,-63.39840439814815
pg1,2020-03-22,True,-70.96,122.57,5.242371180555557,-915.42,-790.95,-857.0322373842592,-165.7,-0.63,-68.63855138888889
pg1,2020-03-23,True,-162.92,119.66,-11.142983912037035,-942.87,-739.35,-855.3439369212964,-183.54,34.03,-58.44086354166667
pg1,2020-03-24,True,-162.16,88.92,-0.3948921296296289,-902.9,-743.9,-856.4116712962964,-268.04,-1.14,-67.28507395833334
pg1,2020-03-25,True,-114.22,89.43,-2.6618998842592587,-903.91,-767.93,-860.2342254629631,-282.2,8.47,-65.51696678240741
pg1,2020-03-26,True,-90.44,39.72,-6.137677083333332,-907.96,-749.72,-860.8355082175925,-155.59,3.54,-57.683646643518514
pg1,2020-03-27,True,-82.09,51.23,-6.327206597222224,-918.46,-795.76,-863.3316704861113,-141.42,-0.38,-61.253079861111104
pg1,2020-03-28,True,-111.06,67.42,-9.176012268518518,-937.81,-770.97,-859.9578496527779,-147.24,1.9,-57.52962500000001
pg1,2020-03-29,True,-168.99,60.34,-19.145383796296294,-946.03,-800.44,-863.6673428240739,-149.51,9.99,-51.17002974537037
pg1,2020-03-30,True,-194.92,65.65,-19.004942824074075,-938.82,-662.94,-848.2170582175926,-256.53,41.11,-80.86552974537037
pg1,2020-03-31,True,-160.39,134.97,-8.642664236111111,-1014.47,-727.2,-857.9335684027778,-261.46,28.84,-88.91549513888889
pg1,2020-04-01,True,-75.39,88.29,-10.13143117977528,-909.48,-807.15,-858.089670997191,-291.18,-12.65,-73.31567942415731
pg1,2020-04-02,True,-109.92,82.98,-7.98842824074074,-927.57,-748.83,-857.0812053240741,-267.53,-8.6,-76.8517068287037
pg1,2020-04-03,True,-81.08,82.73,-11.19316863425926,-909.1,-711.64,-849.7667988425926,-312.81,-7.46,-65.69597951388889
pg1,2020-04-04,True,-221.74,55.4,-8.11551539351852,-909.73,-682.8,-861.9360385416667,-343.43,-16.32,-60.489655092592585
pg1,2020-04-05,True,-92.97,45.03,-10.61517210648148,-891.52,-800.19,-865.362802199074,-213.01,7.84,-52.908093865740746
pg1,2020-04-06,True,-79.82,27.07,-8.467744675925925,-888.73,-831.31,-867.3500575231482,-129.27,-19.99,-59.80432696759259
pg1,2020-04-07,True,-59.96,33.9,-12.190583449074072,-881.4,-762.87,-856.5287472222223,-70.58,-28.71,-48.58246898148148
pg1,2020-04-08,True,-188.6,74.76,-25.930000347222226,-954.0,-709.37,-861.1797282407408,-262.22,27.32,-73.18987314814815
pg1,2020-04-09,True,-90.69,48.7,-10.424124305555557,-933.51,-808.41,-862.8586636574073,-109.92,-15.18,-56.443037499999996
pg1,2020-04-10,True,-132.18,23.78,-18.788365740740737,-914.41,-825.36,-865.2801861111111,-138.13,-1.9,-55.816387731481484
pg1,2020-04-11,True,-116.37,31.24,-21.529304398148145,-903.79,-810.31,-861.3335193287038,-123.2,-12.9,-55.058963310185185
pg1,2020-04-12,True,-102.96,36.94,-18.957705555555556,-947.17,-804.24,-865.3635146990739,-149.13,13.53,-54.330663773148146
pg1,2020-04-13,True,-112.32,57.81,-12.721239120370369,-960.58,-801.71,-865.7130697916665,-124.47,2.4,-54.76227743055555
pg1,2020-04-14,True,-129.27,79.31,-5.933913078703704,-958.56,-787.92,-869.6231480324074,-346.21,-16.95,-80.465478125
pg1,2020-04-15,True,-401.74,100.56,-4.427422035480861,-944.26,-717.46,-867.1237670401493,-387.19,2.28,-75.64802521008403
pg1,2020-04-16,True,-205.8,69.95,-7.658092476851852,-914.54,-718.35,-867.6937146990741,-283.34,-10.12,-78.37576423611111
pg1,2020-04-17,True,-101.7,30.86,-11.973509606481482,-924.78,-826.5,-870.2519631944446,-163.81,-13.53,-65.84342245370371
pg1,2020-04-18,False,,,,,,,,,
pg1,2020-04-19,True,-50.98,11.76,-13.698215046296296,-888.1,-851.54,-868.5604252314816,-87.15,-13.16,-48.51195659722222
pg1,2020-04-20,True,-357.21,45.92,-47.29084108796296,-1004.35,-797.15,-885.0650854166666,-265.25,34.79,-76.49526886574074
pg1,2020-04-21,True,-111.31,20.62,-21.971921990740743,-911.5,-758.57,-859.7127967592593,-180.63,3.54,-52.42254953703703
pg1,2020-04-22,False,,,,,,,,,
pg1,2020-04-23,False,,,,,,,,,
pg1,2020-04-24,False,,,,,,,,,
pg1,2020-04-25,False,,,,,,,,,
pg1,2020-04-26,False,,,,,,,,,
pg1,2020-04-27,False,,,,,,,,,
pg1,2020-04-28,False,,,,,,,,,
pg1,2020-04-29,False,,,,,,,,,
pg1,2020-04-30,False,,,,,,,,,
pg1,2020-05-01,False,,,,,,,,,
pg1,2020-05-02,False,,,,,,,,,
pg1,2020-05-03,False,,,,,,,,,
pg1,2020-05-04,False,,,,,,,,,
pg1,2020-05-05,False,,,,,,,,,
pg1,2020-05-06,False,,,,,,,,,
pg1,2020-05-07,False,,,,,,,,,
pg1,2020-05-08,False,,,,,,,,,
pg1,2020-05-09,False,,,,,,,,,
pg1,2020-05-10,False,,,,,,,,,
pg1,2020-05-11,False,,,,,,,,,
pg1,2020-05-12,False,,,,,,,,,
pg1,2020-05-13,False,,,,,,,,,
pg1,2020-05-14,False,,,,,,,,,
pg1,2020-05-15,False,,,,,,,,,
pg1,2020-05-16,False,,,,,,,,,
pg1,2020-05-17,False,,,,,,,,,
pg1,2020-05-18,False,,,,,,,,,
pg1,2020-05-19,False,,,,,,,,,
pg1,2020-05-20,False,,,,,,,,,
pg1,2020-05-21,False,,,,,,,,,
pg1,2020-05-22,False,,,,,,,,,
pg1,2020-05-23,False,,,,,,,,,
pg1,2020-05-24,False,,,,,,,,,
pg1,2020-05-25,False,,,,,,,,,
pg1,2020-05-26,False,,,,,,,,,
pg1,2020-05-27,False,,,,,,,,,
pg1,2020-05-28,False,,,,,,,,,
pg1,2020-05-29,False,,,,,,,,,
pg1,2020-05-30,False,,,,,,,,,
pg1,2020-05-31,False,,,,,,,,,
pg1,2020-06-01,False,,,,,,,,,
pg1,2020-06-02,False,,,,,,,,,
pg1,2020-06-03,False,,,,,,,,,
pg1,2020-06-04,True,-133.96,12.9,-16.92437754629629,-898.98,-796.52,-870.8134202546295,-140.41,-15.18,-51.47225960648147
pg1,2020-06-05,True,-73.37,7.59,-15.261039236111111,-898.22,-827.26,-876.3134694444443,-124.47,11.38,-41.34787974537037
pg1,2020-06-06,True,-94.49,3.92,-16.17998425925926,-906.57,-858.88,-877.9600927083334,-105.62,-1.26,-44.498383449074076
pg1,2020-06-07,True,-59.58,30.36,-10.385616319444447,-901.51,-829.16,-874.890541087963,-111.06,0.89,-45.631049999999995
pg1,2020-06-08,True,-107.52,20.49,-15.096441666666667,-909.6,-853.57,-877.9767299768519,-116.25,18.21,-48.49237175925926
pg1,2020-06-09,True,-68.31,10.5,-16.51278844361603,-902.77,-796.65,-871.385805219012,-92.34,34.66,-38.028810694315005
pg1,2020-06-10,True,-224.14,51.36,-22.853033796296298,-962.48,-815.62,-882.6167556712962,-280.43,-7.59,-75.38564525462964
pg1,2020-06-11,True,-86.9,25.68,-15.234218055555555,-901.63,-837.38,-875.8825689814815,-218.07,-7.97,-56.33169930555556
pg1,2020-06-12,True,-102.21,25.93,-12.8439875,-904.54,-853.32,-877.8828344907406,-86.9,-13.03,-40.988684837962964
pg1,2020-06-13,True,-81.33,33.27,-11.376645601851852,-912.26,-859.01,-877.7849891203704,-70.71,-11.89,-37.55753912037037
pg1,2020-06-14,True,-43.26,8.47,-9.997480293843283,-886.58,-866.85,-878.5262737873136,-59.32,-5.19,-35.887325559701495
pg1,2020-06-15,True,-54.27,10.88,-14.115684490740742,-904.04,-866.85,-881.783421875,-102.59,-1.01,-42.388438425925926
pg1,2020-06-16,True,-57.05,1.14,-13.609831712962965,-891.14,-844.97,-877.8030259259259,-74.12,-17.58,-38.233981365740746
pg1,2020-06-17,True,-69.19,21.25,-15.597852199074074,-903.91,-865.84,-881.0996306712964,-85.64,2.15,-42.07575601851852
pg1,2020-06-18,True,-94.24,12.02,-16.482806828703705,-936.42,-818.53,-881.410539699074,-127.76,26.82,-53.813774652777774
pg1,2020-06-19,True,-51.61,7.08,-10.112010416666665,-892.65,-849.27,-876.6639732638889,-69.57,-15.69,-37.55567546296297
pg1,2020-06-20,True,-124.09,17.46,-19.496268402777776,-978.42,-808.92,-885.2084185185183,-315.72,-15.18,-68.39375636574073
pg1,2020-06-21,True,-67.42,2.53,-10.719597627631119,-896.83,-862.68,-878.6191885102918,-3764.02,-16.19,-1027.5593327131062
pg1,2020-06-22,True,-79.56,17.46,-8.105573611111112,-903.79,-860.78,-880.0408097222221,-3498.26,-3418.19,-3443.387089583333
pg1,2020-06-23,True,-50.09,32.89,-3.835510905253283,-892.78,-843.95,-877.6957810741087,-3473.34,-3410.86,-3435.1655167682925
pg1,2020-06-24,True,-46.68,21.76,-3.7559884259259255,-922.76,-838.77,-881.4036484953702,-3490.93,-3404.53,-3444.151195138889
pg1,2020-06-25,True,-32.89,11.13,-3.0723276620370368,-905.18,-862.8,-880.7919512731482,-3455.51,-3408.2,-3431.7967894675926
pg1,2020-06-26,True,-103.98,32.13,-8.560341203703704,-908.09,-793.99,-875.0843443287037,-3652.71,-3400.86,-3452.464506944444
pg1,2020-06-27,True,-65.02,42.12,-4.466770023148148,-933.64,-803.98,-881.2046773148148,-3584.53,-3413.77,-3454.331347800926
pg1,2020-06-28,True,-81.21,50.22,-5.84616375698324,-932.75,-843.2,-881.2992241620112,-3506.61,-3414.78,-3452.2202788640598
pg1,2020-06-29,True,-28.97,32.89,-1.4614517361111115,-906.82,-827.76,-880.3640891203703,-3576.18,-3427.55,-3443.045786805556
pg1,2020-06-30,True,-40.35,23.91,-3.4199259259259263,-930.98,-830.17,-881.9032501157408,-3525.84,-3425.02,-3446.8259685185185
pg1,2020-07-01,True,-101.7,30.36,-5.94547835648148,-930.6,-811.07,-880.4473012731481,-3539.25,-3414.4,-3457.903021875
pg1,2020-07-02,True,-64.38,26.69,-4.957159953703703,-893.41,-836.87,-879.3895755787037,-3512.43,-3399.98,-3438.6100995370375
pg1,2020-07-03,True,-55.91,11.51,-5.626977777777777,-900.24,-863.81,-881.4620943287035,-3485.36,-3409.34,-3436.3156857638887
pg1,2020-07-04,True,-68.43,26.94,-12.284724421296296,-903.53,-803.48,-874.6948482638888,-3484.1,-3384.55,-3435.651424305556
pg1,2020-07-05,True,-123.96,36.3,-22.0859537037037,-996.0,-802.09,-879.0049197916666,-3597.43,-3381.89,-3454.160524768519
pg1,2020-07-06,True,-89.81,21.38,-15.673531250000002,-920.61,-843.45,-881.8020259259258,-3526.6,-3384.04,-3440.822656597222
pg1,2020-07-07,True,-100.06,13.16,-11.576133449074073,-926.55,-860.4,-882.6544174768519,-3598.95,-3408.2,-3446.000923148148
pg1,2020-07-08,True,-61.98,15.94,-7.020138979496738,-897.46,-866.22,-880.7002002562907,-3460.19,-3405.16,-3433.831572693383
pg1,2020-07-09,True,-101.19,12.65,-13.052321064814816,-921.75,-861.28,-884.8243283564815,-3524.57,-3402.0,-3446.986017013889
pg1,2020-07-10,True,-75.39,8.22,-10.27216539351852,-914.28,-861.66,-883.8014803240742,-3513.95,-3406.43,-3438.613341319444
pg1,2020-07-11,True,-34.03,8.73,-3.8828034722222227,-897.46,-864.57,-880.4619643518519,-3463.48,-3410.73,-3433.1465548611113
pg1,2020-07-12,True,-39.47,12.52,-3.27950474537037,-890.12,-869.89,-882.1006983796296,-3453.36,-3403.77,-3429.3614501157404
pg1,2020-07-13,True,-60.84,31.62,-7.927119212962964,-918.46,-770.46,-877.7770163194446,-3515.47,-3394.92,-3441.286667939815
pg1,2020-07-14,True,-297.89,132.31,-0.2680245370370385,-1022.31,-673.57,-883.0463412037036,-3836.38,-3411.24,-3496.6371153935183
pg1,2020-07-15,True,-118.78,77.03,9.411555761650824,-924.66,-864.19,-884.1133096452586,-3532.67,16.57,-2170.031250637607
pg1,2020-07-16,True,-21.5,79.06,50.61169120370369,-922.0,-853.82,-882.9095145833334,-96.51,50.22,-9.285023495370371
pg1,2020-07-17,True,-0.51,91.2,57.11197766203704,-897.21,-834.47,-880.8698896990741,-55.02,38.33,-6.726294907407407
pg1,2020-07-18,True,-18.97,84.37,55.62102731481481,-900.88,-830.93,-879.8876718750001,-127.25,38.83,-10.381048148148146
pg1,2020-07-19,True,-41.49,82.73,54.27836469907406,-914.54,-852.18,-884.3014027777776,-61.22,41.87,-9.968407754629629
pg1,2020-07-20,True,25.93,86.14,60.9884545138889,-901.76,-846.61,-881.0321414351852,-94.49,14.93,-12.425037615740742
pg1,2020-07-21,True,3.79,93.1,59.37346446759259,-932.12,-795.89,-881.8673835648148,-112.2,23.15,-10.01734201388889
pg1,2020-07-22,True,-19.61,96.89,37.618643364928914,-902.9,-815.37,-880.9778703187437,-117.64,26.44,-14.341879007527178
pg1,2020-07-23,True,-76.91,53.13,3.676516087962963,-913.02,-855.34,-884.151196875,-42.88,14.55,-8.986274189814814
pg1,2020-07-24,True,-167.73,41.62,-22.042125462962964,-969.56,-752.25,-872.1492888888889,-119.79,25.17,-22.05153414351852
pg1,2020-07-25,True,-77.16,113.72,9.639012037037036,-954.64,-744.78,-875.4346077546298,-181.39,29.22,-48.87349293981482
pg1,2020-07-26,True,-30.99,39.97,6.145523148148148,-914.41,-855.59,-882.5354618055557,-66.03,9.61,-17.029991087962962
pg1,2020-07-27,True,-44.27,68.56,8.340346527777779,-918.21,-843.95,-880.9091876157407,-98.16,18.21,-20.62536273148148
pg1,2020-07-28,True,-62.23,62.61,6.777717708333332,-907.45,-811.19,-881.9732795138888,-234.52,23.15,-23.5811431712963
pg1,2020-07-29,True,-72.99,47.18,10.912256952504759,-930.1,-801.96,-884.3484634848414,-210.48,24.03,-28.836021170899297
pg1,2020-07-30,True,-61.98,48.07,19.75701261574074,-948.94,-842.94,-886.6150342592593,-192.52,-17.46,-52.200574421296295
pg1,2020-07-31,True,-115.49,54.77,14.504738657407406,-915.04,-859.77,-885.5956768518517,-117.76,28.46,-31.917696064814812
pg1,2020-08-01,True,-39.09,58.69,19.999310416666667,-927.19,-858.0,-885.2403848379628,-64.64,0.76,-29.6256181712963
pg1,2020-08-02,True,-102.33,63.5,6.00962303240741,-930.85,-813.09,-885.0799711805554,-112.2,35.04,-31.551045370370375
pg1,2020-08-03,True,-441.46,141.17,1.6525072916666668,-1038.63,-481.05,-873.3562108796297,-458.15,30.61,-66.52189189814814
pg1,2020-08-04,True,-139.65,91.33,17.60235376044568,-956.03,-821.06,-881.9803476090993,-204.16,27.07,-55.05703064066852
pg1,2020-08-05,True,-125.61,67.29,17.40858287037037,-922.13,-782.61,-881.5961916666668,-198.72,41.11,-49.395042939814815
pg1,2020-08-06,True,-55.78,68.69,14.74850960648148,-917.32,-831.18,-882.7618300925926,-89.3,36.94,-34.648467708333335
pg1,2020-08-07,True,-358.98,48.32,21.160794103992572,-930.73,-771.6,-883.7220089368616,-218.58,12.02,-38.761683727948004
pg1,2020-08-08,True,-89.68,78.93,16.903987847222222,-934.27,-853.32,-887.5128403935184,-151.54,1.77,-45.86311261574074
pg1,2020-08-09,True,-31.62,41.74,21.076899652777776,-906.82,-843.58,-887.1679427083334,-83.99,-10.12,-36.663691550925925
pg1,2020-08-10,True,-10.88,38.45,22.62974456018518,-909.48,-850.41,-886.9908787037037,-82.47,-3.29,-33.39423981481482
pg1,2020-08-11,True,-41.11,64.51,24.55645899163569,-909.73,-852.81,-887.1326776254649,-85.51,-6.45,-35.187299488847586
pg1,2020-08-12,True,-41.36,50.22,20.956024189814812,-937.18,-865.96,-888.7628849537036,-168.23,8.35,-32.74978634259259
pg1,2020-08-13,True,-69.19,48.57,20.939381847725162,-902.9,-799.18,-883.7273379758589,-177.22,-6.07,-31.800920264623954
pg1,2020-08-14,True,-49.84,49.96,20.65074247685185,-920.1,-825.49,-883.0718164351852,-144.45,1.39,-32.35958356481481
pg1,2020-08-15,True,-6.83,43.39,22.695867476851852,-904.54,-868.37,-887.0715912037037,-49.84,-10.37,-25.56096574074074
pg1,2020-08-16,True,-58.31,55.66,22.397407986111116,-933.64,-864.07,-890.723498726852,-131.68,-6.58,-37.46615104166667
pg1,2020-08-17,True,-5.57,40.22,23.48921431881372,-906.57,-872.29,-889.5421171223356,-60.59,-11.76,-26.378456788693235
pg1,2020-08-18,True,-80.2,44.02,11.085398808210108,-927.44,-865.71,-899.2885449128228,-125.73,13.53,-51.46778481571397
pg1,2020-08-19,False,,,,,,,,,
pg1,2020-08-20,False,,,,,,,,,
pg1,2020-08-21,False,,,,,,,,,
pg1,2020-08-22,False,,,,,,,,,
pg1,2020-08-23,False,,,,,,,,,
pg1,2020-08-24,False,,,,,,,,,
pg1,2020-08-25,False,,,,,,,,,
pg1,2020-08-26,False,,,,,,,,,
pg1,2020-08-27,False,,,,,,,,,
pg1,2020-08-28,False,,,,,,,,,
pg1,2020-08-29,False,,,,,,,,,
pg1,2020-08-30,False,,,,,,,,,
pg1,2020-08-31,False,,,,,,,,,
pg1,2020-09-01,False,,,,,,,,,
pg1,2020-09-02,False,,,,,,,,,
pg1,2020-09-03,False,,,,,,,,,
pg1,2020-09-04,False,,,,,,,,,
pg1,2020-09-05,False,,,,,,,,,
pg1,2020-09-06,False,,,,,,,,,
pg1,2020-09-07,False,,,,,,,,,
pg1,2020-09-08,False,,,,,,,,,
pg1,2020-09-09,False,,,,,,,,,
pg1,2020-09-10,False,,,,,,,,,
pg1,2020-09-11,False,,,,,,,,,
pg1,2020-09-12,False,,,,,,,,,
pg1,2020-09-13,False,,,,,,,,,
pg1,2020-09-14,False,,,,,,,,,
pg1,2020-09-15,False,,,,,,,,,
pg1,2020-09-16,False,,,,,,,,,
pg1,2020-09-17,False,,,,,,,,,
pg1,2020-09-18,False,,,,,,,,,
pg1,2020-09-19,False,,,,,,,,,
pg1,2020-09-20,False,,,,,,,,,
pg1,2020-09-21,False,,,,,,,,,
pg1,2020-09-22,False,,,,,,,,,
pg1,2020-09-23,False,,,,,,,,,
pg1,2020-09-24,False,,,,,,,,,
pg1,2020-09-25,False,,,,,,,,,
pg1,2020-09-26,False,,,,,,,,,
pg1,2020-09-27,False,,,,,,,,,
pg1,2020-09-28,False,,,,,,,,,
pg1,2020-09-29,False,,,,,,,,,
pg1,2020-09-30,False,,,,,,,,,
pg1,2020-10-01,False,,,,,,,,,
pg1,2020-10-02,False,,,,,,,,,
pg1,2020-10-03,False,,,,,,,,,
pg1,2020-10-04,False,,,,,,,,,
pg1,2020-10-05,False,,,,,,,,,
pg1,2020-10-06,False,,,,,,,,,
pg1,2020-10-07,False,,,,,,,,,
pg1,2020-10-08,False,,,,,,,,,
pg1,2020-10-09,False,,,,,,,,,
pg1,2020-10-10,False,,,,,,,,,
pg1,2020-10-11,False,,,,,,,,,
pg1,2020-10-12,False,,,,,,,,,
pg1,2020-10-13,False,,,,,,,,,
pg1,2020-10-14,False,,,,,,,,,
pg1,2020-10-15,False,,,,,,,,,
pg1,2020-10-16,False,,,,,,,,,
pg1,2020-10-17,False,,,,,,,,,
pg1,2020-10-18,False,,,,,,,,,
pg1,2020-10-19,False,,,,,,,,,
pg1,2020-10-20,False,,,,,,,,,
pg1,2020-10-21,False,,,,,,,,,
pg1,2020-10-22,False,,,,,,,,,
pg1,2020-10-23,False,,,,,,,,,
pg1,2020-10-24,False,,,,,,,,,
pg1,2020-10-25,False,,,,,,,,,
pg1,2020-10-26,False,,,,,,,,,
pg1,2020-10-27,True,-45.41,76.02,15.6758132211284,-934.4,-807.65,-872.2675113792739,-10.25,104.1,23.61790647824706
pg1,2020-10-28,True,-237.43,81.46,-16.911170138888888,-973.1,-741.88,-887.115291087963,-138.26,134.59,-5.200526736111114
pg1,2020-10-29,True,-198.59,87.41,-5.381929076343071,-1028.25,-791.46,-897.2822597785109,-216.81,108.28,-12.077274387370409
pg1,2020-10-30,True,-129.65,95.75,17.364749189814816,-969.06,-735.93,-889.010763425926,-170.38,95.12,-0.2711893518518506
pg1,2020-10-31,True,-348.11,107.77,4.7499232638888875,-1026.1,-838.14,-913.7291310185184,-340.64,80.32,-30.081174421296293
pg1,2020-11-01,True,-144.2,86.27,1.6471157407407466,-1013.2,-799.05,-891.1167658564814,-142.18,91.33,13.175757638888891
pg1,2020-11-02,True,-49.96,79.44,16.5548125,-934.78,-852.94,-893.0131677083335,-42.0,78.05,17.69646770833333
pg1,2020-11-03,True,-67.04,96.51,20.47843900462963,-940.47,-816.63,-895.7894320601853,-56.67,52.75,8.782747800925925
pg1,2020-11-04,True,-79.06,76.65,23.964212001853564,-942.11,-820.3,-896.2577886932346,-68.31,46.55,10.853585843373493
pg1,2020-11-05,True,-127.25,107.14,19.410244560185188,-968.55,-840.67,-903.9673350694444,-38.96,128.52,24.61675127314815
pg1,2020-11-06,True,-126.87,216.93,29.027938194444438,-991.95,-830.93,-901.3211091435185,-81.84,149.01,37.94461342592592
pg1,2020-11-07,True,-64.89,137.75,37.455536226851855,-999.03,-800.95,-901.0721515046297,-81.46,98.66,29.829100347222223
pg1,2020-11-08,True,-82.35,133.2,36.880839583333334,-999.41,-828.27,-903.8045254629629,-87.79,84.24,12.029295486111112
pg1,2020-11-09,True,-39.09,90.57,25.926502893518514,-929.46,-876.21,-903.3596827546297,-22.9,52.37,17.961494675925927
pg1,2020-11-10,True,-18.59,111.69,36.62905601851851,-942.74,-883.04,-904.7204685185186,-29.22,51.61,22.089781481481484
pg1,2020-11-11,True,-40.6,109.16,36.86822864438255,-934.65,-818.66,-894.6043340297122,-54.77,92.47,26.27968662952646
pg1,2020-11-12,True,-52.24,145.34,38.40204108796296,-994.35,-828.78,-900.5632196759258,-57.43,113.34,25.57323576388889
pg1,2020-11-13,True,-70.08,120.55,34.26659953703704,-965.89,-850.03,-898.3795486111111,-101.57,66.28,14.88777881944444
pg1,2020-11-14,True,-47.94,112.7,26.403162268518514,-962.73,-813.72,-896.9891184027778,-52.62,102.21,33.80579803240741
pg1,2020-11-15,True,-37.44,96.89,27.727222685185186,-968.3,-816.13,-897.7439245370372,-50.72,85.76,24.496367592592595
pg1,2020-11-16,True,-63.5,84.62,27.846496296296298,-954.0,-861.92,-902.9394687500001,-34.66,60.34,25.426290972222223
pg1,2020-11-17,True,-67.55,68.18,18.38889953703704,-943.88,-812.08,-899.6501226851851,-64.51,76.65,25.598254050925924
pg1,2020-11-18,True,-86.01,98.16,14.047335648148149,-971.96,-777.04,-888.0379309027777,-50.22,86.77,22.637413425925928
pg1,2020-11-19,True,-124.22,68.18,16.104360648148145,-959.06,-836.49,-896.7445379629629,-73.87,84.24,20.54021909722222
pg1,2020-11-20,True,-124.22,149.39,35.04931770833333,-1000.17,-773.5,-893.0319771990739,-185.31,111.95,7.189908564814816
pg1,2020-11-21,True,-161.4,129.15,-7.41766689814815,-969.69,-737.2,-881.1321795138889,-93.86,172.91,33.398547916666665
pg1,2020-11-22,True,-357.72,181.39,-42.7646462962963,-1130.59,-660.67,-894.1161686342592,-211.49,148.63,-6.072313310185189
pg1,2020-11-23,True,-128.64,163.68,24.15586736111111,-986.26,-807.4,-897.181345949074,-177.59,159.38,21.73795625
pg1,2020-11-24,True,-66.79,92.59,23.413225578703706,-948.94,-808.79,-888.7507297453706,-63.12,111.19,16.619424421296298
pg1,2020-11-25,True,-92.21,117.64,7.392081816059758,-989.42,-725.05,-891.2877728758169,-203.65,115.74,5.837232609710544
pg1,2020-11-26,True,-190.62,106.38,-1.8332343604108312,-987.9,-768.31,-882.3698228291316,-77.54,174.43,36.25980637254902
pg1,2020-11-27,True,-134.46,121.94,19.065158449074072,-1010.54,-833.08,-905.5887719907408,-246.91,108.91,-14.528950578703705
pg1,2020-11-28,True,-165.07,110.05,3.731860879629627,-994.86,-758.83,-885.0674796296296,-183.29,173.17,28.11339155092593
pg1,2020-11-29,True,-45.92,208.33,73.5396894675926,-1013.07,-853.06,-919.7344974537037,-169.37,119.41,19.240985532407404
pg1,2020-11-30,True,-99.42,180.5,46.03829108796296,-1068.98,-789.69,-898.4103663194445,-160.14,129.78,3.1885863425925884
pg1,2020-12-01,True,-52.37,134.33,48.744560995370364,-965.01,-817.14,-896.3542736111112,-14.8,62.61,29.15428703703704
pg1,2020-12-02,True,-48.83,134.97,40.28384085648148,-987.27,-817.52,-893.852918287037,-143.82,84.75,20.658292129629626
pg1,2020-12-03,True,-41.36,119.66,49.768802430555546,-982.46,-862.55,-915.6990263888888,-110.55,142.18,27.230466898148148
pg1,2020-12-04,True,-53.76,125.86,41.28089837962963,-956.41,-836.11,-903.2289864583335,-47.43,121.56,27.84633599537037
pg1,2020-12-05,True,-92.59,133.83,42.58102013500931,-1001.18,-796.39,-896.301378142458,-113.21,158.49,29.11163710428305
pg1,2020-12-06,True,-112.45,151.03,27.221433449074077,-981.07,-777.93,-894.446520486111,-30.11,145.47,50.15000925925926
pg1,2020-12-07,True,-108.66,96.51,18.52083847402598,-968.68,-837.76,-902.436015422078,-37.32,133.83,44.01510482374768
pg1,2020-12-08,True,-191.13,142.18,19.34181122685185,-996.38,-789.69,-886.1626841435185,-224.52,109.16,18.185703703703698
pg1,2020-12-09,True,-130.16,159.0,19.129604988641102,-1045.96,-798.42,-895.0463293384025,-78.3,142.81,31.427571630580925
pg1,2020-12-10,True,-91.71,247.92,32.1848974537037,-1032.3,-802.97,-905.7966144675927,-116.12,156.85,39.62696747685185
pg1,2020-12-11,True,-74.76,170.76,35.16280358796296,-1024.84,-770.08,-896.0673836805556,-93.48,135.98,33.882471296296295
pg1,2020-12-12,True,-98.79,120.55,30.49080781835206,-974.11,-791.59,-893.7086381086143,-58.19,93.86,26.50324847846442
pg1,2020-12-13,True,-80.45,120.29,14.399840740740741,-983.48,-770.46,-894.6718947916668,-53.25,118.9,26.996681597222224
pg1,2020-12-14,True,-107.39,99.68,3.105386689814814,-968.68,-838.52,-901.4083106481482,-88.16,143.19,34.831804976851856
pg1,2020-12-15,True,-149.89,43.26,-12.902348263888888,-948.18,-826.37,-885.4705586805555,-145.21,85.26,13.908387037037038
pg1,2020-12-16,True,-75.14,98.28,41.034767888994416,-957.67,-814.36,-896.9936159049319,-33.77,115.74,36.63470349093099
pg1,2020-12-17,True,-31.5,120.29,69.42994814814814,-957.16,-807.4,-892.3098444444445,-68.69,69.7,16.429965162037035
pg1,2020-12-18,True,-54.14,143.57,72.17890243055555,-959.57,-848.76,-905.5856023148148,-69.57,146.48,37.63169907407407
pg1,2020-12-19,True,-107.52,126.87,55.3499405204461,-1003.59,-803.98,-897.6635555297398,-88.67,124.72,26.379014172862455
pg1,2020-12-20,True,-81.33,141.67,59.16664270833333,-973.48,-820.05,-894.7482164351852,-132.56,117.26,15.515338541666663
pg1,2020-12-21,True,-90.57,257.54,107.17453587962962,-1070.63,-682.42,-881.0983347222223,-162.54,156.22,7.052095833333335
pg1,2020-12-22,True,-213.9,211.12,60.768196211412544,-1046.22,-743.65,-899.8077908091676,-138.76,233.63,29.266800748362954
pg1,2020-12-23,True,-337.86,291.82,52.085961480380085,-1046.22,-714.81,-894.2039271193923,-210.61,282.2,77.31086041865112
pg1,2020-12-24,True,-96.89,163.81,64.40750486111111,-1027.24,-828.78,-902.4979755787037,-112.58,295.74,105.80114375000001
pg1,2020-12-25,True,-63.75,214.4,98.05863602599814,-993.09,-823.21,-902.3840104456825,39.84,252.73,133.37902181987
pg1,2020-12-26,True,-2.66,173.42,84.50049675925926,-954.38,-831.05,-893.8727914351853,51.86,250.71,146.32350914351852
pg1,2020-12-27,True,-18.34,282.84,130.6724523148148,-978.8,-770.84,-899.3301635416666,6.83,231.23,144.5249946759259
pg1,2020-12-28,True,-58.06,268.8,125.2938232638889,-1020.03,-683.06,-900.9734231481482,-29.73,245.65,130.6814699074074
pg1,2020-12-29,True,34.03,286.25,148.0145730324074,-981.2,-698.74,-897.5351519675926,22.01,264.24,138.3597778935185
pg1,2020-12-30,True,-195.81,303.96,21.201757086148056,-1013.96,-729.1,-895.1515261044176,-97.27,202.89,73.87957680432712
pg1,2020-12-31,True,-230.85,43.51,-57.367118171296305,-982.84,-787.41,-899.8890364583333,-107.39,133.2,54.19366608796296
pg1,2021-01-01,True,-183.54,0.38,-65.20428900462963,-968.68,-855.72,-901.9533074074074,-83.36,166.34,56.196731828703705
pg1,2021-01-02,True,-181.52,1.52,-65.9928,-964.0,-832.57,-902.5599124418604,-21.12,119.91,61.366629651162796
pg1,2021-01-03,True,-134.21,-9.74,-70.3260486111111,-962.73,-846.36,-899.5006918981481,-25.55,125.23,62.32256087962963
pg1,2021-01-04,True,-268.16,-32.0,-89.4721136574074,-988.03,-813.34,-898.024616550926,-118.65,147.36,52.822329513888896
pg1,2021-01-05,True,-425.9,98.92,-104.0345694054307,-1104.78,-799.05,-896.617100889513,-78.8,245.65,66.15446289794008
pg1,2021-01-06,True,-289.92,181.26,-30.638150115740746,-1169.42,-759.08,-914.4813624999999,-169.5,191.64,55.771101851851846
pg1,2021-01-07,True,-320.4,57.81,-69.44504722222223,-1000.17,-654.47,-885.7051305555556,-125.99,137.37,38.93062453703703
pg1,2021-01-08,True,-153.31,29.73,-55.84032442129629,-943.5,-845.6,-902.2648128472224,-24.03,99.42,54.62688900462963
pg1,2021-01-09,True,-195.18,69.44,-45.17688877314814,-958.68,-850.28,-896.9144444444446,-81.59,115.11,49.01704386574074
pg1,2021-01-10,True,-130.29,34.53,-40.31529178240741,-993.47,-819.42,-898.6494686342593,-50.6,193.28,72.18485532407408
pg1,2021-01-11,True,-333.56,22.52,-99.57226296296295,-1031.92,-711.39,-880.0902182870371,-127.0,127.76,47.89986840277778
pg1,2021-01-12,True,-260.57,75.01,-77.59422060185186,-1046.59,-751.74,-903.6865219907407,-66.41,204.66,68.45006886574075
pg1,2021-01-13,True,-459.42,-15.69,-107.79184641203705,-987.27,-821.31,-898.5470865740741,-203.4,144.83,52.746681365740734
pg1,2021-01-14,True,-168.36,-24.29,-71.6829605324074,-958.3,-865.33,-903.7925591435185,3.79,137.5,67.28771111111111
pg1,2021-01-15,True,-123.58,-28.08,-75.92861157407407,-967.03,-824.22,-904.864385300926,9.74,151.66,68.66829432870371
pg1,2021-01-16,True,-155.96,20.62,-59.991111689814815,-955.77,-790.45,-901.0609192129629,-15.56,134.97,64.95544074074074
pg1,2021-01-17,True,-160.14,57.93,-66.0018689814815,-953.37,-842.18,-895.7179886574074,-58.95,108.28,54.70454918981482
pg1,2021-01-18,True,-168.74,10.75,-74.10640543981481,-960.71,-769.83,-893.837196875,-23.53,156.34,70.36589212962963
pg1,2021-01-19,True,-199.48,82.22,-38.233550925925925,-985.12,-831.31,-907.2679475694443,-74.76,144.07,55.43392430555555
pg1,2021-01-20,True,-349.5,83.86,-80.1112005787037,-1019.27,-828.27,-916.5440664351851,-63.63,214.28,78.42729421296295
pg1,2021-01-21,True,-152.8,-2.91,-71.99582002314814,-949.95,-852.43,-900.1666237268518,-23.27,122.82,61.45917592592593
pg1,2021-01-22,True,-127.76,11.13,-70.12185188197027,-959.57,-828.78,-898.6447858968403,16.06,198.72,76.23295457713755
pg1,2021-01-23,True,-331.66,-38.96,-106.96125023148147,-1008.65,-813.6,-897.5128328703704,-172.41,191.64,52.957600810185184
pg1,2021-01-24,True,-185.69,6.58,-80.10938090277777,-979.17,-808.54,-909.0955743055556,-81.71,139.27,63.16048726851852
pg1,2021-01-25,True,-223.38,84.24,-45.664707175925926,-1083.53,-605.01,-897.2991842592594,-201.5,236.03,61.435510879629625
pg1,2021-01-26,True,-215.42,124.59,-43.6811724537037,-1001.06,-765.91,-897.3765298611112,-94.87,183.29,46.03005034722222
pg1,2021-01-27,True,-229.33,93.73,-37.48192442129629,-1013.96,-794.62,-901.2131670138888,-141.8,173.8,50.96068321759258
pg1,2021-01-28,True,-145.09,41.11,-52.772761342592595,-955.9,-714.93,-890.8155913194445,-80.2,109.67,33.9275318287037
pg1,2021-01-29,True,-151.16,12.14,-66.5421050925926,-979.81,-850.15,-907.0005991898148,-64.13,121.94,51.33471261574074
pg1,2021-01-30,True,-172.16,12.14,-55.6023443287037,-950.84,-856.86,-910.672445949074,-67.67,125.73,56.66234537037037
pg1,2021-01-31,True,-134.84,15.81,-69.79582708333334,-939.96,-849.39,-901.1713475694445,-6.07,106.51,53.20920208333334
pg1,2021-02-01,True,-206.56,-7.21,-100.90824444444445,-966.53,-801.07,-894.5334956018518,-28.71,167.48,66.65543113425926
pg1,2021-02-02,True,-198.47,187.33,-36.17610231481481,-1138.18,-687.1,-916.9658203703704,-205.3,170.89,54.82813194444444
pg1,2021-02-03,True,-235.91,113.72,-57.30955289351851,-1032.3,-692.92,-888.427649074074,-98.03,368.34,53.606831250000006
pg1,2021-02-04,True,-203.53,89.43,-46.51482789351852,-1017.5,-808.79,-905.860657986111,-115.87,101.83,32.172613310185184
pg1,2021-02-05,True,-253.49,66.28,-29.52397360295313,-979.55,-604.25,-896.0642156339236,-147.62,150.02,5.732440159728833
pg1,2021-02-06,True,-188.73,102.96,9.234004861111107,-962.35,-798.29,-902.1209378472222,-121.94,64.51,-29.827197800925923
pg1,2021-02-07,True,-294.09,211.24,2.9108280959031667,-1056.59,-719.61,-905.938119529795,-339.88,51.86,-75.43175954376164
pg1,2021-02-08,True,-185.69,74.5,-12.064832638888888,-977.28,-763.76,-894.8138201388889,-163.05,119.53,-36.41259351851851
pg1,2021-02-09,True,-178.1,86.52,3.8636298611111095,-1002.83,-817.64,-906.8028460648148,-263.23,24.16,-51.23443993055556
pg1,2021-02-10,True,-103.98,49.84,5.619759722222222,-951.85,-847.62,-907.499662037037,-117.38,23.78,-39.81744733796296
pg1,2021-02-11,True,-108.28,71.34,5.710178240740742,-998.65,-856.35,-904.5794196759259,-147.24,-10.5,-53.97072500000001
pg1,2021-02-12,True,-98.03,78.05,1.8130492024055533,-957.29,-814.61,-900.0230649917571,-102.71,91.33,-11.47090626233543
pg1,2021-02-13,True,-350.0,235.91,25.848926620370378,-1043.69,-785.39,-905.606664699074,-335.2,121.94,-21.580415625
pg1,2021-02-14,True,-86.52,127.38,34.57464525462962,-980.82,-843.58,-912.1849704861112,-157.99,35.67,-20.071477314814818
pg1,2021-02-15,True,-103.34,89.81,21.84409328703704,-959.69,-777.8,-900.4241400462962,-120.93,69.19,-11.378521990740737
pg1,2021-02-16,True,-528.1,188.73,-6.404138194444448,-1137.54,-828.02,-924.7609592592592,-510.02,176.2,-19.919962847222227
pg1,2021-02-17,True,-74.0,140.41,33.41353981481481,-978.42,-799.3,-902.1260337962963,-116.88,59.83,-5.246825000000002
pg1,2021-02-18,True,-65.02,141.8,44.63447523148148,-1013.58,-827.13,-907.291925810185,-136.86,25.68,-22.092491666666668
pg1,2021-02-19,True,-217.19,159.25,28.719245023148154,-1041.91,-685.08,-896.1396193287037,-107.9,94.62,-4.598139120370373
pg1,2021-02-20,True,-290.55,162.92,23.544138078703696,-1027.49,-518.24,-892.4389043981482,-290.43,149.64,-21.756464699074076
pg1,2021-02-21,True,-188.35,241.35,32.09017071759259,-1127.3,-701.15,-912.5156101851852,-277.9,92.09,-56.00881597222222
pg1,2021-02-22,True,-382.64,240.59,36.91356793981482,-1105.03,-557.45,-899.0676515046297,-435.01,148.0,-37.23323402777778
pg1,2021-02-23,True,-101.57,189.49,53.59348772671326,-1077.71,-748.45,-919.6041013910499,-195.3,68.56,-23.95293420960962
pg1,2021-02-24,True,-361.89,116.75,-25.18140405092593,-1063.29,-726.44,-890.7165809027778,-528.48,90.44,-60.02753217592592
pg1,2021-02-25,True,-165.07,150.27,-7.1842000000000015,-1108.83,-741.62,-913.7021956018517,-225.91,82.85,-47.85882511574074
pg1,2021-02-26,True,-168.99,93.22,-15.050778009259256,-989.17,-738.84,-907.3456440972221,-224.27,114.48,-23.379700347222222
pg1,2021-02-27,True,-84.62,30.99,-22.119117824074078,-966.27,-873.17,-916.030078125,-67.42,72.73,-5.051676504629628
pg1,2021-02-28,True,-92.34,33.77,-33.18432465277777,-968.93,-755.41,-899.1920428240741,-61.1,69.7,0.8609546296296308
pg1,2021-03-01,True,-206.43,256.53,-10.662926504629626,-1054.44,-749.34,-892.636315162037,-315.34,77.54,-36.71634259259259
pg1,2021-03-02,True,-207.07,78.43,-27.1236212962963,-1047.73,-622.47,-887.1514890046295,-222.37,94.74,-11.786707638888888
pg1,2021-03-03,True,-258.17,189.49,-11.474475694444447,-1185.86,-724.8,-924.9738684027776,-424.51,87.91,-87.97646863425926
pg1,2021-03-04,True,-119.53,95.0,-25.98866238425926,-1025.34,-662.57,-897.9547865740741,-338.75,73.37,-32.14763252314815
pg1,2021-03-05,True,-176.96,67.67,-24.488944444444442,-1000.55,-753.64,-903.246914699074,-205.3,48.45,-41.94577546296296
pg1,2021-03-06,True,-303.58,157.36,-24.4541500929368,-1056.71,-788.05,-913.2528336431225,-321.04,136.61,-25.884930762081787
pg1,2021-03-07,True,-185.94,20.37,-39.94441087962963,-959.06,-782.99,-908.9865702546294,-110.43,112.83,-6.0522819444444425
pg1,2021-03-08,True,-142.81,26.44,-42.21209756944444,-972.47,-803.6,-902.2320024305557,-112.07,70.2,-8.905178472222222
pg1,2021-03-09,True,-103.34,13.53,-34.2394480324074,-961.97,-836.24,-914.1502027777777,-111.95,48.45,-13.321244444444444
pg1,2021-03-10,True,-85.51,-1.9,-34.48997685185185,-944.64,-882.53,-916.1125354166667,-41.62,7.84,-10.36428275462963
pg1,2021-03-11,True,-72.23,0.13,-35.43382147854477,-945.78,-834.09,-913.2082460354478,-56.16,57.93,-5.302100163246269
pg1,2021-03-12,True,-342.54,112.2,-50.195407815398895,-1034.96,-741.37,-882.9854882884973,-409.58,39.72,-51.49367706400741
pg1,2021-03-13,True,-231.1,168.99,-16.51996053240741,-1005.61,-725.05,-904.4059290509259,-272.84,53.63,-30.518785532407406
pg1,2021-03-14,True,-148.5,180.63,-16.488321990740744,-1064.3,-717.21,-897.4984898148149,-525.83,70.33,-84.53237395833335
pg1,2021-03-15,True,-122.7,140.79,-5.25752650462963,-995.49,-812.71,-921.1475675925926,-105.75,62.49,-19.516934722222224
pg1,2021-03-16,True,-100.94,38.07,-24.958244791666672,-950.84,-859.89,-915.0944877314815,-79.69,42.63,-12.11906689814815
pg1,2021-03-17,True,-152.42,48.7,-39.149324258572754,-947.8,-845.73,-912.2347052826692,-117.26,27.83,-10.927266450417052
pg1,2021-03-18,True,-80.95,50.6,-27.591421412037036,-952.11,-847.88,-917.2546327546296,-73.49,20.24,-14.564425347222222
pg1,2021-03-19,True,-137.75,65.52,-27.62489895348837,-985.25,-761.23,-912.8059202325582,-147.36,32.89,-26.619270697674423
pg1,2021-03-20,True,-476.5,165.58,-47.8461974537037,-1219.64,-459.42,-919.5088732638887,-352.66,57.05,-28.73047766203704
pg1,2021-03-21,True,-344.44,100.31,-56.27558788515405,-999.67,-523.8,-889.095325280112,-313.95,47.06,-42.745472572362274
pg1,2021-03-22,True,-205.8,67.8,-24.33394212962963,-1005.48,-804.11,-916.2988157407408,-197.45,57.05,-30.856528587962963
pg1,2021-03-23,True,-132.18,84.75,-30.506846064814816,-1022.94,-794.37,-908.8686818287036,-173.17,52.62,-37.623210648148145
pg1,2021-03-24,True,-331.41,97.65,-49.574034143518524,-1019.78,-747.06,-903.0433293981481,-251.97,22.52,-63.937167129629636
pg1,2021-03-25,True,-233.38,120.29,-25.73149072356215,-1015.1,-773.75,-915.1912460575139,-201.63,56.54,-40.877103780148424
pg1,2021-03-26,True,-371.25,96.26,-42.60562918604651,-1039.26,-740.23,-911.6851043023256,-317.49,32.51,-63.537704767441866
pg1,2021-03-27,True,-96.77,32.63,-20.336987847222222,-949.45,-799.05,-909.9255662037037,-88.54,22.9,-18.750285879629633
pg1,2021-03-28,True,-80.32,99.17,-19.250704861111107,-953.37,-805.5,-917.7236623842593,-293.08,29.98,-23.140820023148148
pg1,2021-03-29,True,-116.5,48.83,-30.60674108796296,-956.66,-873.43,-918.3550922453703,-125.48,30.36,-18.40877453703704
pg1,2021-03-30,True,-82.09,22.01,-29.142361574074073,-955.77,-851.29,-914.5154504629628,-52.75,23.27,-8.615965625
pg1,2021-03-31,True,-233.5,61.22,-29.12619537037037,-1041.79,-733.78,-923.0034193287038,-316.74,66.91,-38.68741111111112
pg1,2021-04-01,True,-107.52,56.16,-24.41084548611111,-1009.79,-784.63,-922.4840791666667,-168.23,17.08,-27.425587731481478
pg1,2021-04-02,True,-134.08,15.94,-41.179400925925925,-958.43,-852.3,-917.4715671296296,-52.62,53.89,-7.756050462962963
pg1,2021-04-03,True,-93.73,30.61,-30.86952151162791,-955.9,-859.13,-918.3604755813955,-61.35,35.04,-14.66806639534884
pg1,2021-04-04,True,-107.9,9.11,-31.91539412313433,-952.99,-885.57,-921.0758028218285,-64.51,29.22,-9.459939832089553
pg1,2021-04-05,True,-172.79,-4.93,-40.788609953703705,-959.57,-882.53,-923.4644592592592,-39.97,87.53,4.799102546296296
pg1,2021-04-06,True,-80.07,-0.51,-35.302874305555555,-949.95,-888.86,-920.2865782407406,-26.06,27.07,-1.5261100694444445
pg1,2021-04-07,True,-484.59,15.05,-65.55956643518519,-1064.81,-848.26,-924.9047460648148,-400.47,84.24,-37.04030034722222
pg1,2021-04-08,True,-90.82,-5.95,-36.40571979166667,-949.7,-875.58,-921.3291355324075,-48.83,40.48,-7.335741666666666
pg1,2021-04-09,True,-76.65,17.84,-32.38953472222222,-967.66,-895.44,-926.0990354166667,-124.59,32.63,-12.21209050925926
pg1,2021-04-10,True,-107.14,-1.9,-41.4373,-955.14,-840.29,-916.1144480324074,-69.57,24.16,-11.55555462962963
pg1,2021-04-11,True,-109.67,28.08,-31.761090740740745,-975.63,-865.71,-922.397242824074,-73.74,27.83,-14.94815775462963
pg1,2021-04-12,True,-139.39,12.52,-40.44540300925926,-968.68,-886.46,-925.3338081018518,-84.88,55.66,-4.039666898148149
pg1,2021-04-13,True,-226.17,0.25,-42.43268472222222,-972.22,-899.61,-930.706647800926,-119.79,47.18,-14.150357986111112
pg1,2021-04-14,True,-159.89,-3.29,-42.10906076388889,-968.93,-773.5,-920.7545172453703,-271.45,71.21,-5.8839912037037045
pg1,2021-04-15,True,-465.11,21.63,-35.559523379629624,-1051.4,-831.81,-928.6851439814815,-456.89,38.33,-30.13698136574074
pg1,2021-04-16,True,-263.1,62.87,-57.62832337962963,-1012.57,-669.4,-902.8208724537036,-370.24,74.38,-40.1304386574074
pg1,2021-04-17,True,-689.76,123.33,-43.960599305555554,-1077.84,-292.07,-925.1621094907406,-650.55,59.2,-68.23914143518518
pg1,2021-04-18,True,-833.84,88.54,-69.54193194444444,-1086.44,-471.31,-910.9847701388888,-565.17,36.05,-77.68613495370369
pg1,2021-04-19,True,-601.34,79.56,-67.46573819444444,-1094.41,-673.82,-913.6246440972222,-302.7,50.22,-70.37168993055555
pg1,2021-04-20,True,-190.75,113.08,-33.075021084337344,-1018.89,-759.84,-917.9544309545875,-240.84,60.84,-44.537866658943464
pg1,2021-04-21,True,-104.48,30.11,-31.222957870370372,-1000.93,-840.54,-934.8494710648148,-178.23,46.8,-32.86869201388889
pg1,2021-04-22,True,-193.03,30.86,-32.181817047574626,-990.69,-651.56,-927.2732228311568,-309.53,31.75,-39.279849463619406
pg1,2021-04-23,True,-384.79,45.92,-36.03769293981481,-1016.11,-625.88,-914.1007287037038,-584.27,51.74,-48.7033724537037
pg1,2021-04-24,True,-157.61,62.49,-40.279231710158435,-1011.3,-798.42,-928.7764557315937,-173.93,28.33,-39.20539876514446
pg1,2021-04-25,True,-736.82,130.79,-45.14323136792453,-1054.31,-369.23,-919.6005847877359,-732.64,22.64,-68.81491120283019
pg1,2021-04-26,True,-560.99,104.74,-35.954346180555554,-1034.7,-548.6,-922.7380131944445,-480.42,13.16,-93.3076869212963
pg1,2021-04-27,True,-156.09,59.45,-32.28803530092593,-1009.91,-831.05,-932.1017770833334,-180.0,17.96,-56.51063090277778
pg1,2021-04-28,True,-73.87,15.56,-29.239558906691798,-955.77,-851.04,-927.7123973845428,-83.36,14.67,-20.301439326107445
pg1,2021-04-29,True,-138.13,13.66,-40.13221423611111,-978.42,-905.94,-935.1562064814814,-124.09,48.45,-19.17817210648148
pg1,2021-04-30,True,-102.46,-12.78,-36.318054745370375,-961.59,-885.57,-928.5126759259258,-43.13,47.43,-3.813093634259259
pg1,2021-05-01,True,-129.02,-3.42,-37.26477523148148,-997.39,-855.84,-925.3002946759259,-110.68,43.26,-10.15136840277778
pg1,2021-05-02,True,-147.74,57.81,-31.02848497204101,-1016.62,-878.11,-937.2376397949674,-293.08,53.13,-36.22030417054986
pg1,2021-05-03,True,-133.45,0.63,-41.86000393518518,-969.43,-898.85,-929.1979241898149,-66.41,38.71,-7.436335300925927
pg1,2021-05-04,True,-108.28,-11.64,-37.031629861111114,-953.5,-899.11,-929.0401239583333,-31.37,27.32,-2.693094907407407
pg1,2021-05-05,True,-68.94,-22.39,-37.19120787037037,-945.91,-915.55,-930.6894297453703,-30.86,12.9,-4.72785300925926
pg1,2021-05-06,True,-144.07,-5.95,-46.152472222222215,-969.56,-908.09,-934.3464623842592,-62.49,54.39,-5.733120717592593
pg1,2021-05-07,True,-77.41,-22.77,-35.19397222222222,-946.03,-922.38,-931.9714936342592,-14.29,23.15,0.6360734953703707
pg1,2021-05-08,True,-119.53,-16.19,-38.04152256944444,-957.67,-919.72,-932.4707847222222,-50.47,19.61,-5.894132291666667
pg1,2021-05-09,True,-78.93,-23.02,-37.77580219907408,-942.62,-909.73,-930.6917535879628,-12.14,63.75,5.552843402777778
pg1,2021-05-10,True,-98.28,-9.61,-40.59860983796296,-961.97,-860.9,-924.6132054398147,-31.62,42.25,8.503804629629629
pg1,2021-05-11,True,-54.77,0.38,-32.430545083876986,-961.34,-905.81,-930.3560040773532,-45.66,12.14,-1.7692251863932902
pg1,2021-05-12,True,-310.66,54.52,-68.22736064814815,-1068.6,-740.23,-927.0386497685184,-274.23,45.28,-29.195432175925923
pg1,2021-05-13,True,-190.24,38.83,-35.66778472222222,-975.76,-798.8,-927.7545405092592,-270.44,13.91,-37.60493692129629
pg1,2021-05-14,True,-81.84,-0.63,-36.03931360259981,-968.8,-886.08,-929.4552275998143,-81.21,36.68,-16.270827530176412
pg1,2021-05-15,True,-479.15,31.12,-45.15523958333333,-1021.8,-652.45,-931.7873869212964,-360.0,145.85,-22.799351851851853
pg1,2021-05-16,True,-316.74,-6.45,-47.86835868055556,-983.1,-867.99,-930.5357592592592,-118.27,33.77,-15.38243275462963
pg1,2021-05-17,True,-126.11,6.83,-42.86418576388889,-974.37,-832.7,-925.0541530092594,-85.13,41.36,-9.42369837962963
pg1,2021-05-18,True,-167.35,55.28,-34.434641203703706,-1047.61,-877.1,-940.9851259259259,-230.09,41.11,-32.06607291666667
pg1,2021-05-19,True,-68.69,42.88,-32.490175925925925,-952.61,-801.07,-928.2494703703703,-266.14,24.79,-4.873608449074073
pg1,2021-05-20,True,-938.06,52.87,-69.08878958333334,-1056.08,-304.59,-920.5973282407407,-518.11,92.21,-66.11018993055556
pg1,2021-05-21,True,-402.37,43.13,-40.06626226851852,-993.22,-620.44,-928.9758686342594,-421.72,41.11,-40.050439004629624
pg1,2021-05-22,True,-192.14,5.19,-47.732881712962964,-965.89,-834.47,-925.7660103009258,-230.22,38.58,-31.721316666666663
pg1,2021-05-23,True,-152.93,27.2,-38.86081574074074,-969.69,-865.71,-930.8343603009258,-125.86,24.67,-15.484619560185186
pg1,2021-05-24,True,-97.27,15.31,-34.726484606481485,-963.87,-876.21,-934.1359980324073,-118.02,19.86,-15.142818518518519
pg1,2021-05-25,True,-102.08,-14.67,-37.88473530092593,-961.34,-877.85,-933.584451388889,-64.89,23.91,-10.134297916666664
pg1,2021-05-26,True,-128.01,30.48,-39.139434143518514,-996.76,-846.86,-930.2265902777779,-44.15,71.85,-0.27030243055555425
pg1,2021-05-27,True,-337.99,75.64,-57.48450231481481,-1060.76,-774.38,-935.0899168981482,-267.28,57.93,-36.12068888888889
pg1,2021-05-28,True,-96.64,4.81,-36.03546284722223,-955.27,-903.28,-931.5773865740741,-79.69,18.09,-5.650422106481482
pg1,2021-05-29,True,-162.67,-5.57,-48.2135787037037,-984.23,-896.83,-934.0489604166665,-77.03,64.38,-2.6276515046296294
pg1,2021-05-30,True,-89.56,-6.45,-35.523282126168226,-960.58,-874.19,-930.6719643691589,-63.88,27.7,-1.382593808411215
pg1,2021-05-31,True,-63.5,-10.12,-32.41581851851851,-964.38,-904.42,-935.6358134259259,-58.95,22.9,-7.460603819444445
pg1,2021-06-01,True,-61.1,-9.61,-33.86261765391791,-959.44,-912.26,-934.3980430270523,-45.79,14.04,-2.566459188432836
pg1,2021-06-02,True,-72.35,-11.38,-37.53840300925926,-962.48,-908.72,-933.3668666666666,-36.94,68.56,6.429701041666669
pg1,2021-06-03,True,-109.8,0.51,-35.453405787037035,-995.11,-918.96,-944.0618814814815,-130.54,63.12,-6.19495277777778
pg1,2021-06-04,True,-116.88,-8.98,-40.18398676194939,-961.34,-900.37,-933.7643038894095,-43.39,48.07,-1.694417642924086
pg1,2021-06-05,True,-76.65,-7.34,-35.92619479166667,-957.67,-866.47,-931.6517501157408,-87.28,31.75,-3.3054128472222226
pg1,2021-06-06,True,-60.46,0.51,-32.12240115740741,-977.28,-876.97,-934.5158936342593,-81.71,15.56,-4.062998611111112
pg1,2021-06-07,True,-153.81,9.11,-38.67818628359592,-984.36,-821.57,-924.1936894114923,-170.89,67.17,-1.7183124420759974
pg1,2021-06-08,True,-93.22,30.99,-33.79105358796296,-979.43,-828.78,-938.726829861111,-149.77,44.02,-11.42944525462963
pg1,2021-06-09,True,-246.91,-2.53,-38.52447372685185,-968.8,-847.88,-937.6738998842591,-214.53,22.26,-13.087789236111112
pg1,2021-06-10,True,-84.37,-1.52,-34.48771215277778,-961.85,-888.73,-935.7218446759259,-88.54,30.36,-2.397301736111111
pg1,2021-06-11,True,-156.85,34.41,-53.95718093023255,-1045.2,-858.25,-945.7570524418605,-220.48,35.92,-50.283194651162795
pg1,2021-06-12,True,-106.63,51.99,-30.270252199074076,-989.17,-829.03,-936.6639010416666,-223.13,19.86,-27.145907291666667
pg1,2021-06-13,True,-211.75,27.07,-32.21190416666667,-992.58,-798.8,-930.5760370370372,-366.45,20.62,-21.62646597222222
pg1,2021-06-14,True,-161.53,-18.34,-41.67058356481481,-969.43,-908.34,-936.0465203703703,-83.99,32.51,-0.37201354166666767
pg1,2021-06-15,True,-767.93,2.91,-57.91014166666667,-988.91,-629.8,-917.8991209490742,-454.49,54.01,-15.107596180555555
pg1,2021-06-16,True,-1319.06,54.64,-56.91223935185186,-1033.19,-309.91,-930.8088019675927,-752.75,595.02,-47.232133680555556
pg1,2021-06-17,True,-121.18,11.89,-38.81718495370371,-1010.54,-911.37,-945.5741366898147,-115.11,63.12,-20.900546875
pg1,2021-06-18,True,-232.37,24.41,-41.77467986111112,-1009.53,-825.23,-942.9636803240742,-324.58,40.1,-30.654358796296304
pg1,2021-06-19,True,-85.89,0.89,-31.16112650462963,-969.81,-901.51,-941.404760300926,-84.12,38.96,-12.66287488425926
pg1,2021-06-20,True,-112.07,-7.46,-35.30408796296297,-961.59,-856.1,-933.4844177083334,-93.35,24.16,-4.745259143518519
pg1,2021-06-21,True,-70.84,10.63,-28.92822476851852,-956.15,-882.79,-936.9917833333333,-127.12,26.31,-1.6469194444444442
pg1,2021-06-22,True,-171.4,6.32,-37.811141319444445,-1009.53,-849.27,-942.1873943287037,-193.15,43.77,-21.136581365740742
pg1,2021-06-23,True,-373.78,12.27,-33.233436805555556,-967.66,-714.93,-935.8391420138889,-272.46,17.2,-5.723964004629628
pg1,2021-06-24,True,-281.19,1.52,-40.00811041666666,-969.56,-743.01,-936.5994752314814,-234.39,38.71,-1.4930954861111119
pg1,2021-06-25,True,-434.63,46.55,-45.902713310185185,-998.53,-734.03,-934.5041251157407,-226.04,54.52,-16.675297337962963
pg1,2021-06-26,True,-201.38,-15.94,-47.690105787037034,-971.08,-925.16,-943.8074835648148,-85.51,50.72,-1.2961717592592579
pg1,2021-06-27,True,-160.27,-14.04,-44.15189837962963,-962.86,-885.32,-940.4005880787038,-56.92,33.77,-1.1679460648148152
pg1,2021-06-28,True,-83.61,-8.35,-34.09003969907407,-950.71,-907.58,-938.0232201388889,-40.73,25.68,4.908898726851852
pg1,2021-06-29,True,-97.53,-10.12,-40.78560381944445,-958.3,-891.01,-936.4194456018517,-85.76,42.25,7.307599768518519
pg1,2021-06-30,True,-151.03,17.96,-53.1223837962963,-1028.0,-784.88,-932.0648548611113,-154.57,38.58,-11.148529166666666
pg1,2021-07-01,True,-148.5,83.61,-28.87163912037037,-976.9,-768.06,-936.9808217592592,-337.48,36.3,-14.931630439814814
pg1,2021-07-02,True,-143.82,-16.7,-44.05321643518519,-975.38,-913.65,-938.8357030092594,-61.98,56.67,-1.8136980324074075
pg1,2021-07-03,True,-176.46,12.14,-36.37400381944444,-1000.68,-896.83,-944.5506076388889,-178.23,41.87,-10.827180671296295
pg1,2021-07-04,True,-77.92,-8.98,-32.3275962962963,-964.12,-919.85,-941.1189569444443,-33.77,25.42,0.45446886574074125
pg1,2021-07-05,True,-140.53,9.11,-47.99829988425926,-958.3,-786.4,-921.8828273148148,-112.07,51.1,8.91339710648148
pg1,2021-07-06,True,-137.12,34.66,-33.74824861111111,-1018.51,-856.86,-938.6317555555555,-185.94,55.15,-5.561496064814815
pg1,2021-07-07,True,-164.69,-0.89,-43.00324583333333,-1046.85,-887.72,-946.9837324074073,-269.93,42.88,-22.25505983796296
pg1,2021-07-08,True,-64.38,6.7,-29.880585185185186,-984.99,-882.79,-940.4749509259258,-61.48,28.71,-0.4497968749999995
pg1,2021-07-09,True,-181.9,0.51,-39.64104837962963,-992.2,-892.78,-943.5765709490742,-123.46,27.58,-8.724786689814815
pg1,2021-07-10,True,-117.13,36.18,-31.01735914351852,-979.68,-872.54,-935.2946776620371,-120.29,50.34,0.6731849537037043
pg1,2021-07-11,True,-50.72,-16.95,-31.83286261574074,-954.38,-913.15,-938.7101314814814,-17.96,32.0,10.745254976851852
pg1,2021-07-12,True,-126.11,-9.23,-39.40430046296297,-986.13,-887.47,-940.4014710648147,-79.06,59.83,3.4391123842592584
pg1,2021-07-13,True,-60.59,30.99,-27.92576828703704,-975.13,-890.12,-939.185738888889,-57.17,23.02,-4.480217824074073
pg1,2021-07-14,True,-241.85,31.12,-56.840390094339625,-1009.41,-829.28,-929.230717216981,-139.01,61.22,-5.381237146226414
pg1,2021-07-15,True,-547.2,22.39,-46.24356022408964,-1023.83,-702.92,-943.1529391923438,-326.35,51.74,-32.85798319327731
pg1,2021-07-16,True,-316.99,12.78,-35.66921041666667,-981.96,-836.37,-939.0734506944444,-204.03,82.09,-3.4677956018518508
pg1,2021-07-17,True,-87.03,19.1,-31.17482154528478,-969.43,-897.21,-941.756297385621,-153.81,53.13,1.0256628151260494
pg1,2021-07-18,True,-65.4,-15.18,-32.8355537037037,-957.42,-921.62,-942.1959870370371,-14.42,33.39,11.129094212962961
pg1,2021-07-19,True,-302.06,7.72,-38.43441886574074,-1001.82,-873.93,-940.931954513889,-196.82,52.24,1.5937875000000026
pg1,2021-07-20,True,-355.19,30.61,-50.37561168981481,-1019.15,-802.34,-923.6922085648147,-327.49,66.79,-25.239957060185187
pg1,2021-07-21,True,-135.73,26.82,-39.52188900462963,-983.73,-885.44,-942.5656715277779,-110.68,34.66,-7.274176504629629
pg1,2021-07-22,True,-575.54,30.61,-52.17856331018519,-1146.65,-860.9,-954.450277199074,-338.49,46.04,-48.61371921296296
pg1,2021-07-23,True,-88.8,-14.93,-36.34149317129629,-968.42,-895.82,-942.7174938657407,-61.6,36.68,-5.4193590277777774
pg1,2021-07-24,True,-171.65,4144.89,-34.16320078388933,-981.45,4144.89,-930.5801594103281,-94.62,4144.89,-0.576433742340258
pg1,2021-07-25,False,,,,,,,,,
pg1,2021-07-26,False,,,,,,,,,
pg1,2021-07-27,False,,,,,,,,,
pg1,2021-07-28,False,,,,,,,,,
pg1,2021-07-29,False,,,,,,,,,
pg1,2021-07-30,False,,,,,,,,,
pg1,2021-07-31,False,,,,,,,,,
pg1,2021-08-01,False,,,,,,,,,
pg1,2021-08-02,False,,,,,,,,,
pg1,2021-08-03,False,,,,,,,,,
pg1,2021-08-04,False,,,,,,,,,
pg1,2021-08-05,False,,,,,,,,,
pg1,2021-08-06,False,,,,,,,,,
pg1,2021-08-07,False,,,,,,,,,
pg1,2021-08-08,False,,,,,,,,,
pg1,2021-08-09,False,,,,,,,,,
pg1,2021-08-10,False,,,,,,,,,
pg1,2021-08-11,False,,,,,,,,,
pg1,2021-08-12,False,,,,,,,,,
pg1,2021-08-13,False,,,,,,,,,
pg1,2021-08-14,False,,,,,,,,,
pg1,2021-08-15,False,,,,,,,,,
pg1,2021-08-16,False,,,,,,,,,
pg1,2021-08-17,False,,,,,,,,,
pg1,2021-08-18,False,,,,,,,,,
pg1,2021-08-19,False,,,,,,,,,
pg1,2021-08-20,False,,,,,,,,,
pg1,2021-08-21,False,,,,,,,,,
pg1,2021-08-22,False,,,,,,,,,
pg1,2021-08-23,False,,,,,,,,,
pg1,2021-08-24,False,,,,,,,,,
pg1,2021-08-25,False,,,,,,,,,
pg1,2021-08-26,False,,,,,,,,,
pg1,2021-08-27,False,,,,,,,,,
pg1,2021-08-28,False,,,,,,,,,
pg1,2021-08-29,False,,,,,,,,,
pg1,2021-08-30,False,,,,,,,,,
pg1,2021-08-31,False,,,,,,,,,
pg1,2021-09-01,False,,,,,,,,,
pg1,2021-09-02,False,,,,,,,,,
pg1,2021-09-03,False,,,,,,,,,
pg1,2021-09-04,False,,,,,,,,,
pg1,2021-09-05,False,,,,,,,,,
pg1,2021-09-06,False,,,,,,,,,
pg1,2021-09-07,False,,,,,,,,,
pg1,2021-09-08,False,,,,,,,,,
pg1,2021-09-09,False,,,,,,,,,
pg1,2021-09-10,False,,,,,,,,,
pg1,2021-09-11,False,,,,,,,,,
pg1,2021-09-12,False,,,,,,,,,
pg1,2021-09-13,False,,,,,,,,,
pg1,2021-09-14,False,,,,,,,,,
pg1,2021-09-15,False,,,,,,,,,
pg1,2021-09-16,False,,,,,,,,,
pg1,2021-09-17,False,,,,,,,,,
pg1,2021-09-18,False,,,,,,,,,
pg1,2021-09-19,False,,,,,,,,,
pg1,2021-09-20,False,,,,,,,,,
pg1,2021-09-21,False,,,,,,,,,
pg1,2021-09-22,False,,,,,,,,,
pg1,2021-09-23,False,,,,,,,,,
pg1,2021-09-24,False,,,,,,,,,
pg1,2021-09-25,False,,,,,,,,,
pg1,2021-09-26,False,,,,,,,,,
pg1,2021-09-27,False,,,,,,,,,
pg1,2021-09-28,False,,,,,,,,,
pg1,2021-09-29,False,,,,,,,,,
pg1,2021-09-30,False,,,,,,,,,
pg1,2021-10-01,False,,,,,,,,,
pg1,2021-10-02,False,,,,,,,,,
pg1,2021-10-03,False,,,,,,,,,
pg1,2021-10-04,False,,,,,,,,,
pg1,2021-10-05,False,,,,,,,,,
pg1,2021-10-06,False,,,,,,,,,
pg1,2021-10-07,False,,,,,,,,,
pg1,2021-10-08,False,,,,,,,,,
pg1,2021-10-09,False,,,,,,,,,
pg1,2021-10-10,False,,,,,,,,,
pg1,2021-10-11,False,,,,,,,,,
pg1,2021-10-12,False,,,,,,,,,
pg1,2021-10-13,False,,,,,,,,,
pg1,2021-10-14,False,,,,,,,,,
pg1,2021-10-15,False,,,,,,,,,
pg1,2021-10-16,False,,,,,,,,,
pg1,2021-10-17,False,,,,,,,,,
pg1,2021-10-18,False,,,,,,,,,
pg1,2021-10-19,False,,,,,,,,,
pg1,2021-10-20,False,,,,,,,,,
pg1,2021-10-21,False,,,,,,,,,
pg1,2021-10-22,False,,,,,,,,,
pg1,2021-10-23,False,,,,,,,,,
pg1,2021-10-24,False,,,,,,,,,
pg1,2021-10-25,False,,,,,,,,,
pg1,2021-10-26,False,,,,,,,,,
pg1,2021-10-27,False,,,,,,,,,
pg1,2021-10-28,False,,,,,,,,,
pg1,2021-10-29,False,,,,,,,,,
pg1,2021-10-30,False,,,,,,,,,
pg1,2021-10-31,False,,,,,,,,,
pg1,2021-11-01,False,,,,,,,,,
pg1,2021-11-02,False,,,,,,,,,
pg1,2021-11-03,False,,,,,,,,,
pg1,2021-11-04,False,,,,,,,,,
pg1,2021-11-05,False,,,,,,,,,
pg1,2021-11-06,False,,,,,,,,,
pg1,2021-11-07,False,,,,,,,,,
pg1,2021-11-08,False,,,,,,,,,
pg1,2021-11-09,False,,,,,,,,,
pg1,2021-11-10,False,,,,,,,,,
pg1,2021-11-11,False,,,,,,,,,
pg1,2021-11-12,False,,,,,,,,,
pg1,2021-11-13,False,,,,,,,,,
pg1,2021-11-14,False,,,,,,,,,
pg1,2021-11-15,False,,,,,,,,,
pg1,2021-11-16,False,,,,,,,,,
pg1,2021-11-17,False,,,,,,,,,
pg1,2021-11-18,False,,,,,,,,,
pg1,2021-11-19,False,,,,,,,,,
pg1,2021-11-20,False,,,,,,,,,
pg1,2021-11-21,False,,,,,,,,,
pg1,2021-11-22,False,,,,,,,,,
pg1,2021-11-23,False,,,,,,,,,
pg1,2021-11-24,False,,,,,,,,,
pg1,2021-11-25,False,,,,,,,,,
pg1,2021-11-26,False,,,,,,,,,
pg1,2021-11-27,False,,,,,,,,,
pg1,2021-11-28,False,,,,,,,,,
pg1,2021-11-29,False,,,,,,,,,
pg1,2021-11-30,False,,,,,,,,,
pg1,2021-12-01,True,-389.47,148.5,-48.19300949074074,-1107.69,-774.13,-949.4453564814814,-346.59,72.35,-75.54048796296297
pg1,2021-12-02,True,-262.22,95.37,-42.14269675925926,-1088.08,-825.61,-950.0963016203705,-351.39,50.34,-56.053610300925925
pg1,2021-12-03,True,-454.74,73.11,-67.95452604166665,-1066.07,-836.87,-944.6872311342593,-310.54,125.35,-38.32307164351852
pg1,2021-12-04,True,-185.94,172.41,-25.84874513888889,-1050.9,-779.95,-938.1009099537038,-250.2,101.7,-51.13459849537037
pg1,2021-12-05,True,-176.96,56.92,-34.55198969907408,-1032.55,-795.38,-939.4018178240741,-189.49,89.18,-40.123243171296295
pg1,2021-12-06,True,-217.69,51.36,-38.29722291666667,-1040.65,-833.08,-948.5834626157408,-223.89,67.17,-46.509329976851845
pg1,2021-12-07,True,-125.35,59.7,-17.448325015741236,-1035.46,-764.14,-944.1583542827826,-125.48,56.92,-48.19131561763951
pg1,2021-12-08,True,-107.01,72.48,13.583009606481482,-1071.01,-880.89,-952.8525444444444,-235.28,-3.42,-91.24075289351852
pg1,2021-12-09,True,-83.86,82.98,23.068121990740742,-1012.57,-875.32,-956.2900462962963,-161.66,13.79,-87.60493460648148
pg1,2021-12-10,True,-87.66,100.56,20.564669776119405,-1026.1,-835.73,-954.6446311800372,-222.88,20.74,-82.0520479244403
pg1,2021-12-11,True,-69.82,234.9,57.51902777777778,-1074.68,-834.72,-952.1478579861111,-215.16,-18.21,-86.87418171296295
pg1,2021-12-12,True,-72.99,172.03,55.82226539351852,-1030.28,-872.04,-963.5994623842594,-186.45,22.64,-70.74636736111111
pg1,2021-12-13,True,-217.44,98.28,7.810474884259257,-1115.03,-862.55,-950.0988350694444,-231.99,-6.83,-96.73365891203704
pg1,2021-12-14,True,-127.12,134.46,17.05409936157864,-1018.51,-900.24,-961.9725310504934,-225.79,22.77,-78.11406279744631
pg1,2021-12-15,True,-142.18,242.36,67.06189259259259,-1128.31,-837.76,-968.1704672453704,-281.82,94.74,-65.24678645833333
pg1,2021-12-16,True,-160.64,230.09,51.785956712962964,-1094.03,-878.74,-962.7220621527777,-361.13,20.49,-103.05936006944445
pg1,2021-12-17,True,-78.55,149.39,38.049052662037035,-1041.41,-861.92,-955.9034914351852,-181.14,-17.71,-88.1652087962963
pg1,2021-12-18,True,-76.78,128.01,25.442793402777774,-1032.43,-893.16,-967.5717511574076,-239.83,22.39,-85.2491417824074
pg1,2021-12-19,True,-160.01,170.76,21.041061689814818,-1065.32,-684.95,-938.6746341435186,-253.24,106.38,-75.69834282407407
pg1,2021-12-20,True,-172.66,276.51,53.95706805555556,-1204.58,-751.36,-961.5799422453705,-211.75,78.3,-63.8971457175926
pg1,2021-12-21,True,-199.1,276.64,50.35179398148148,-1137.16,-760.6,-965.8797787037037,-256.91,131.8,-85.47261666666667
pg1,2021-12-22,True,-176.33,183.41,34.476924556902986,-1137.8,-833.2,-961.7467069729478,-370.37,51.48,-89.08468994869402
pg1,2021-12-23,True,-106.63,192.9,63.558969791666655,-1058.86,-882.91,-955.8727326388888,-260.32,15.43,-78.20846620370371
pg1,2021-12-24,True,-167.35,188.47,50.41291215277777,-1088.84,-735.55,-954.5708692129629,-235.28,32.38,-69.4013664351852
pg1,2021-12-25,True,-341.78,146.22,-10.46668819444444,-1089.1,-867.36,-964.8109230324075,-309.65,75.9,-78.63331273148148
pg1,2021-12-26,True,-109.04,170.89,51.95153333333333,-1074.17,-892.65,-957.8054390046298,-238.56,-14.93,-84.0342130787037
pg1,2021-12-27,True,-489.4,216.68,9.44560370370371,-1107.44,-839.4,-953.2689043981482,-444.24,102.46,-117.73354259259257
pg1,2021-12-28,True,-428.05,180.5,-33.01031631944444,-1119.58,-804.11,-944.6332605324075,-440.32,88.04,-87.09457280092593
pg1,2021-12-29,True,-188.09,98.79,-30.05145046296296,-1062.03,-850.03,-948.2676990740739,-261.46,85.89,-78.28118622685186
pg1,2021-12-30,True,-162.42,74.88,-8.68850914351852,-1105.92,-849.27,-966.0745203703704,-329.01,9.87,-111.35223622685186
pg1,2021-12-31,True,-108.02,92.09,5.8145180555555545,-1023.45,-881.14,-957.9628846064813,-174.94,50.72,-76.0870488425926
pg1,2022-01-01,True,-212.89,161.02,-18.126372800925928,-1103.01,-767.93,-931.8419938657407,-381.88,101.32,-86.313390625
pg1,2022-01-02,True,-275.37,138.89,-21.122668171296294,-1095.93,-778.68,-936.4908109953703,-280.56,94.11,-91.27537071759258
pg1,2022-01-03,True,-492.69,205.04,-10.841227083333333,-1140.83,-791.08,-939.7815850694445,-460.43,32.13,-126.36031643518518
pg1,2022-01-04,True,-256.65,175.19,11.155059722222221,-1076.57,-802.21,-952.9906302083334,-251.09,11.51,-90.9926263888889
pg1,2022-01-05,True,-115.36,58.19,-3.7735310185185167,-1026.61,-863.31,-947.7564173611111,-246.03,36.05,-83.7160962962963
pg1,2022-01-06,True,-84.5,59.32,-3.1914581018518504,-1029.01,-876.46,-948.8633700231481,-187.08,16.19,-87.29367708333334
pg1,2022-01-07,True,-50.72,51.36,15.445606712962961,-1016.11,-908.72,-961.1432011574074,-161.28,-54.39,-93.33812800925925
pg1,2022-01-08,True,-196.06,105.49,-27.800568402777778,-1049.12,-749.72,-938.7082491898149,-252.35,43.51,-73.7923519675926
pg1,2022-01-09,True,-96.89,279.04,62.1961175925926,-1109.33,-862.8,-977.9369925925926,-170.89,23.4,-69.90657175925925
pg1,2022-01-10,True,-103.09,216.81,36.137417129629625,-1035.34,-828.27,-950.2409737268518,-215.42,57.81,-88.7536318287037
pg1,2022-01-11,True,-109.54,140.53,52.68077384259259,-1065.44,-876.34,-969.1034821759259,-239.83,30.74,-81.01206203703704
pg1,2022-01-12,True,-106.51,116.37,22.013535069444448,-1021.8,-906.32,-969.7251121527778,-147.11,17.84,-65.52306770833334
pg1,2022-01-13,True,-82.22,128.26,37.835994212962966,-1017.38,-870.77,-958.8978112268517,-217.44,17.58,-79.93210601851852
pg1,2022-01-14,True,-173.04,187.08,25.94502997685185,-1086.06,-625.12,-929.5421706018518,-195.3,119.41,-61.40115578703703
pg1,2022-01-15,True,-269.81,265.51,65.63079120370371,-1096.69,-673.32,-935.8496568287036,-231.1,174.81,-66.24212499999999
pg1,2022-01-16,True,-169.75,206.94,58.02454629629631,-1112.88,-726.95,-956.4484652777778,-298.27,37.82,-90.916521875
pg1,2022-01-17,True,-110.17,250.71,16.926735185185183,-1074.93,-673.44,-947.2312153935184,-300.67,64.89,-74.7215599537037
pg1,2022-01-18,True,-229.71,186.83,27.603776041666666,-1174.98,-648.78,-935.0817068287037,-404.02,79.44,-119.40684456018518
pg1,2022-01-19,True,-107.01,310.92,54.76143888888889,-1091.12,-687.36,-938.7641162037036,-394.78,16.19,-112.2081212962963
pg1,2022-01-20,True,-74.63,147.49,19.571756712962962,-1024.71,-509.26,-960.9890017361112,-381.12,-31.12,-101.7647599537037
pg1,2022-01-21,True,-113.34,101.83,19.470366550925924,-1040.65,-761.61,-950.5499645833333,-235.53,32.26,-85.42423333333333
pg1,2022-01-22,True,-343.81,199.35,46.98234641203703,-1079.74,-641.06,-950.2364774305556,-318.13,22.26,-95.07557372685186
pg1,2022-01-23,True,-108.4,176.33,58.22695219907407,-1068.73,-826.25,-959.8807239583333,-293.71,-9.87,-121.12112546296295
pg1,2022-01-24,True,-121.81,152.55,40.236773032407406,-1023.45,-834.72,-955.860121412037,-166.34,-6.96,-85.83059328703705
pg1,2022-01-25,True,-293.33,225.91,2.5465762731481476,-1101.62,-835.86,-961.8836951388888,-372.52,21.12,-87.98630185185185
pg1,2022-01-26,True,-200.49,78.3,-16.002202777777782,-1130.33,-843.45,-955.3016690972222,-358.35,33.27,-94.59700474537037
pg1,2022-01-27,True,-175.06,153.56,11.892014583333337,-1053.3,-867.74,-961.5222152777778,-193.79,66.41,-63.288640509259245
pg1,2022-01-28,True,-165.83,116.5,-18.67464189814815,-1045.46,-779.82,-949.8024097222221,-410.85,77.16,-95.93080578703703
pg1,2022-01-29,True,-423.24,293.21,3.854546527777781,-1128.56,-813.98,-958.9254527777777,-421.34,-7.08,-127.52529502314813
pg1,2022-01-30,True,-230.09,136.99,9.05016724537037,-1085.55,-783.36,-945.6302012731481,-445.13,24.92,-127.64158715277776
pg1,2022-01-31,True,-383.65,205.8,-13.051778240740742,-1185.61,-844.21,-966.6564152777778,-450.44,15.56,-119.6136537037037
pg1,2022-02-01,True,-104.61,85.0,4.562067592592592,-1067.21,-800.69,-952.1713679398148,-221.61,41.87,-96.54740902777779
pg1,2022-02-02,True,-193.53,86.9,-19.821976736111107,-1040.65,-727.33,-950.6100589120371,-190.24,15.69,-71.39180393518518
pg1,2022-02-03,True,-171.78,203.91,11.088186574074076,-1329.94,-654.6,-945.3651317129629,-741.5,70.71,-156.08337118055556
pg1,2022-02-04,True,-336.34,331.16,43.8939526744186,-1148.8,-728.47,-964.8379369767443,-343.05,92.21,-101.51740988372093
pg1,2022-02-05,True,-72.86,269.93,80.43130717592594,-1127.17,-846.99,-962.1945760416668,-311.17,27.95,-108.6422042824074
pg1,2022-02-06,True,-236.41,248.94,38.56383819444444,-1106.43,-733.78,-954.4437160879629,-327.23,2.91,-120.96269861111111
pg1,2022-02-07,True,-105.87,162.29,42.111395601851854,-1037.23,-815.37,-958.620980787037,-215.42,18.85,-101.6751621527778
pg1,2022-02-08,True,-129.65,163.05,46.029518055555556,-1064.56,-811.7,-965.6567707175927,-234.64,5.82,-91.76789618055555
pg1,2022-02-09,True,-50.22,142.3,40.743062152777775,-1010.42,-899.36,-960.9931434027776,-190.24,-39.47,-93.45096122685185
pg1,2022-02-10,True,-231.1,247.17,46.75297916666666,-1074.17,-666.61,-926.2599912037039,-234.26,-4.93,-96.02970231481481
pg1,2022-02-11,True,-221.36,269.55,63.73282881944445,-1170.68,-646.12,-943.7511383101851,-243.88,99.93,-77.8486383101852
pg1,2022-02-12,True,-105.49,171.78,46.13843090277778,-1113.0,-719.36,-966.5479438657406,-225.54,26.69,-70.09727349537037
pg1,2022-02-13,True,-182.65,249.57,39.29864201388889,-1118.19,-756.17,-956.0298586805554,-291.44,0.76,-109.72765219907407
pg1,2022-02-14,True,-123.46,171.4,31.255909953703704,-1093.9,-761.23,-965.7240284722222,-250.33,-2.53,-103.06784456018518
pg1,2022-02-15,True,-72.61,123.33,29.288120486111108,-1054.44,-862.55,-964.1212997685185,-150.02,-0.76,-89.40552488425925
pg1,2022-02-16,True,-58.31,162.67,47.83459282407408,-1058.11,-771.22,-955.7263756944444,-244.89,9.49,-84.16034965277778
pg1,2022-02-17,True,-82.85,129.53,26.135468402777775,-1034.45,-853.69,-962.5087475694444,-170.76,-43.26,-86.6313619212963
pg1,2022-02-18,True,-107.27,141.17,36.59336724537038,-1055.96,-855.09,-962.1001586805556,-277.78,-1.26,-94.76116377314816
pg1,2022-02-19,True,-206.06,190.5,51.68215360465115,-1085.17,-738.84,-965.6044782558139,-242.49,51.86,-104.57363290697674
pg1,2022-02-20,True,-106.89,260.32,9.463268287037035,-1030.91,-737.7,-953.9416056712963,-184.68,43.89,-86.43693969907407
pg1,2022-02-21,True,-242.23,87.53,-27.673236111111116,-1104.4,-772.74,-957.0375363425926,-243.24,67.55,-82.03502962962962
pg1,2022-02-22,True,-358.48,156.85,11.126150231481477,-1149.81,-799.68,-954.4129347222223,-435.01,-1.9,-155.26428495370368
pg1,2022-02-23,True,-119.03,85.26,5.671116319444441,-1071.39,-830.93,-953.7579539351851,-303.2,-3.42,-98.9212011574074
pg1,2022-02-24,True,-81.59,166.72,34.485053819444445,-1062.03,-814.73,-956.7402005787037,-267.78,-26.44,-104.05887800925926
pg1,2022-02-25,True,-163.05,90.95,-0.06929004629629533,-1093.65,-834.59,-963.5680269675926,-387.44,-40.1,-106.87460868055555
pg1,2022-02-26,True,-39.84,48.83,11.913559253246753,-1024.59,-936.04,-970.4620629638217,-161.4,-45.03,-94.56950278293135
pg1,2022-02-27,True,-169.12,161.02,-0.6685317129629644,-1121.73,-914.66,-977.2278835648149,-403.26,9.61,-107.69762430555556
pg1,2022-02-28,True,-142.68,73.62,-6.4707025462962955,-1052.16,-881.78,-964.9697702546297,-234.14,-4.05,-96.83518483796296
pg1,2022-03-01,True,-144.45,56.42,-4.804938425925926,-1039.89,-896.45,-962.487492824074,-268.16,14.93,-102.07977337962963
pg1,2022-03-02,True,-61.98,77.03,21.26773148148148,-1024.21,-904.54,-971.1127039351852,-179.11,-53.63,-99.55869733796295
pg1,2022-03-03,True,-76.65,63.88,7.482780439814816,-1015.22,-890.76,-962.3617362268517,-142.81,8.73,-87.5871295138889
pg1,2022-03-04,True,-96.39,191.51,29.86328078703703,-1061.77,-699.12,-954.0048122685185,-339.0,-24.41,-100.95287592592594
pg1,2022-03-05,True,-434.37,141.04,-12.165928819444439,-1107.94,-645.74,-939.3569208333334,-455.12,-12.4,-114.15321539351851
pg1,2022-03-06,True,-463.85,208.71,26.323236111111108,-1093.02,-472.07,-961.1463820601851,-563.02,233.63,-126.99933043981481
pg1,2022-03-07,True,-238.94,157.36,-72.97896475770925,-1056.46,-667.25,-958.9639980292139,-218.96,138.64,18.6087007883144
pg1,2022-03-08,True,-193.53,56.16,-94.88888819444445,-1013.33,-768.19,-951.5497162037036,-207.32,127.25,54.061447685185186
pg1,2022-03-09,True,-226.93,9.61,-96.30058807870371,-1008.39,-703.8,-959.6333319444444,-199.48,124.85,57.79541030092593
pg1,2022-03-10,True,-265.25,23.91,-112.43011689814814,-1073.92,-812.33,-954.5929525462963,-80.07,174.81,57.741094907407415
pg1,2022-03-11,True,-197.2,38.2,-90.91120670391061,-1111.23,-735.55,-952.1333040037242,-237.55,154.57,43.964111266294225
pg1,2022-03-12,True,-175.7,114.73,-73.67274456018518,-1043.81,-718.22,-955.4904383101853,-97.78,121.18,46.39196782407407
pg1,2022-03-13,True,-488.89,68.69,-130.500765625,-1193.45,-649.16,-956.5621025462963,-148.5,214.02,63.450264814814815
pg1,2022-03-14,True,-273.35,-37.95,-120.12175983796297,-1110.98,-644.22,-957.7384888888888,-59.45,192.14,58.15949780092593
pg1,2022-03-15,True,-184.55,-26.94,-105.5951675925926,-1018.89,-875.58,-964.6349288194443,-15.69,125.23,67.54931296296297
pg1,2022-03-16,True,-195.18,-9.87,-109.41297962962965,-1023.83,-891.14,-963.5760958333334,-7.46,119.28,69.68574074074074
pg1,2022-03-17,True,-209.09,-10.25,-96.89477453703704,-1035.59,-872.54,-969.6786619212963,-74.38,95.37,62.49824710648148
pg1,2022-03-18,True,-172.03,3.29,-99.32953888888889,-999.41,-856.35,-967.3438702546297,-26.82,86.01,58.80796296296296
pg1,2022-03-19,True,-215.54,-34.53,-102.00972951388887,-1049.88,-889.87,-966.7058377314814,-17.58,96.26,64.20761157407408
pg1,2022-03-20,True,-165.07,42.88,-85.56883657407408,-1065.19,-872.92,-974.5454351851853,-44.4,93.1,61.35506967592593
pg1,2022-03-21,True,-173.04,-65.02,-115.10638553240742,-1005.99,-882.66,-965.7290996527779,26.82,113.97,75.96192175925925
pg1,2022-03-22,True,-215.67,11.76,-110.12419479166667,-1055.96,-865.58,-963.8130459490741,-22.14,130.41,68.41256898148148
pg1,2022-03-23,True,-189.86,-34.15,-116.29227569444444,-1035.21,-924.15,-976.8834289351853,-12.65,120.29,70.7513167824074
pg1,2022-03-24,True,-208.21,-67.55,-116.64438032407408,-1042.93,-873.17,-970.863262962963,8.73,169.75,74.28579849537037
pg1,2022-03-25,True,-304.72,-2.15,-120.28174745370372,-1055.45,-910.62,-976.6362401620371,-71.85,163.81,54.251125810185194
pg1,2022-03-26,True,-236.92,-57.93,-127.21443680297399,-1009.66,-878.36,-964.0717664962825,5.57,156.09,72.53330111524163
pg1,2022-03-27,True,-362.78,-29.35,-144.52870289351853,-1066.45,-806.39,-955.9117342592593,-96.13,177.97,66.49724976851851
pg1,2022-03-28,True,-197.96,44.53,-105.33817280092592,-1019.53,-891.39,-966.9947782407407,-186.2,116.63,46.64229050925926
pg1,2022-03-29,True,-215.8,-60.97,-123.33962314814814,-1030.66,-867.61,-964.9241741898148,-53.89,151.66,62.38870821759259
pg1,2022-03-30,True,-225.66,-55.02,-115.50004201388887,-1022.06,-731.0,-964.9200152777779,-217.31,120.29,60.68188217592593
pg1,2022-03-31,True,-300.92,69.32,-96.56133061509786,-1125.02,-876.72,-989.363104496738,-63.12,210.23,68.48362954333643
pg1,2022-04-01,True,-718.35,-23.53,-179.32289212962965,-1168.66,-825.11,-958.2343658564814,-373.28,170.76,-5.058768865740739
pg1,2022-04-02,True,-597.3,57.81,-101.57738263888888,-1105.67,-619.05,-960.0152241898148,-415.27,140.41,-2.745177314814818
pg1,2022-04-03,True,-520.14,37.44,-98.8553396990741,-1050.26,-549.86,-954.8201659722223,-361.64,153.56,48.250961342592596
pg1,2022-04-04,True,-586.42,49.84,-107.17285659722222,-1104.91,-360.12,-972.221255324074,-376.95,112.96,18.749756134259258
pg1,2022-04-05,True,-228.07,-3.54,-101.14482129629629,-1061.65,-930.73,-974.1972252314815,-138.51,120.29,52.37815370370371
pg1,2022-04-06,True,-194.42,-13.41,-102.96717141203705,-1057.22,-879.12,-972.4410927083333,-68.18,128.26,54.283344328703706
pg1,2022-04-07,True,-250.33,0.76,-119.6901261574074,-1092.26,-800.69,-967.5262561342593,-228.07,134.46,45.28381805555555
pg1,2022-04-08,True,-129.65,28.84,-90.41523333333333,-1012.32,-791.21,-970.436955324074,-59.07,89.43,52.721854398148146
pg1,2022-04-09,True,-344.31,-1.26,-133.5762011574074,-1200.28,-808.54,-991.5943945601852,-345.7,126.24,-4.8370170138888895
pg1,2022-04-10,True,-284.86,47.81,-114.47188946759259,-1280.98,-793.74,-978.9506167824073,-396.3,116.25,30.602246527777773
pg1,2022-04-11,True,-279.8,14.04,-107.06039641203704,-1079.74,-879.12,-983.5102108796297,-129.91,117.01,33.461498032407405
pg1,2022-04-12,True,-311.55,-37.44,-132.20947488425927,-1054.94,-842.06,-962.9161027777778,-104.99,114.85,60.94664780092593
pg1,2022-04-13,True,-302.82,-7.21,-104.82882627314815,-1083.28,-788.42,-980.6254006944444,-238.94,223.01,22.213705555555556
pg1,2022-04-14,True,-374.29,6.83,-145.61488009259259,-1110.22,-722.4,-952.7162461805556,-249.7,98.03,10.107991782407407
pg1,2022-04-15,True,-395.16,90.19,-130.4069329861111,-1113.76,-792.73,-967.9625354166667,-396.55,165.83,34.23621018518519
pg1,2022-04-16,True,-257.28,-68.56,-127.09816921296297,-1034.45,-835.86,-973.8485516203706,-86.9,141.67,66.69900185185185
pg1,2022-04-17,True,-313.07,-44.78,-124.38128680555555,-1045.58,-844.97,-972.209513773148,-89.68,157.36,50.700949189814814
pg1,2022-04-18,True,-304.09,-65.65,-131.79446111111113,-1073.92,-912.77,-977.6032658564815,-40.48,135.6,63.96087754629629
pg1,2022-04-19,True,-295.49,-36.18,-112.15761782407407,-1045.46,-793.74,-977.9061951388887,-196.32,133.2,54.66702743055556
pg1,2022-04-20,True,-264.12,-47.81,-108.59138541666668,-1026.86,-859.01,-968.0105319444446,-179.49,132.44,50.800652314814805
pg1,2022-04-21,True,-287.01,-22.14,-120.30312604166666,-1088.72,-895.69,-993.0949178240742,-88.42,118.65,44.65633541666667
pg1,2022-04-22,True,-193.66,-73.49,-118.22065062907735,-1032.55,-937.43,-980.3215414725071,-9.49,132.31,69.53073275862069
pg1,2022-04-23,True,-276.76,-54.64,-133.13490520833335,-1086.57,-856.98,-979.7641314814816,-58.82,122.44,54.712820601851845
pg1,2022-04-24,True,-189.86,-60.84,-111.29673738425926,-1028.0,-943.0,-982.4376466435184,33.52,113.72,69.33632175925925
pg1,2022-04-25,True,-257.16,-94.36,-126.59716782407408,-1041.79,-948.56,-983.271162152778,-36.43,118.65,70.4188644675926
pg1,2022-04-26,True,-182.78,-86.52,-115.50168668981482,-1005.74,-959.82,-982.9407539351852,45.79,111.19,74.62367407407407
pg1,2022-04-27,True,-330.78,-54.77,-134.40745497685185,-1047.73,-912.01,-976.5506309027777,0.13,104.61,66.86680462962963
pg1,2022-04-28,True,-400.6,-1.14,-123.16999254426841,-1165.62,-877.98,-978.0175193383036,-268.16,126.87,33.80158108108108
pg1,2022-04-29,True,-256.02,8.98,-120.31878402777777,-1104.78,-907.58,-987.2304894675926,-222.12,134.08,41.05787986111111
pg1,2022-04-30,True,-254.75,22.39,-109.39430671296299,-1088.34,-794.12,-982.1140526620371,-301.68,137.24,14.700889467592594
pg1,2022-05-01,True,-197.71,-22.14,-107.05821296296298,-1055.7,-914.79,-987.3154918981481,-87.15,119.91,45.12043761574075
pg1,2022-05-02,True,-153.94,-63.75,-115.8572011574074,-1011.43,-919.6,-978.3013870370371,-120.17,108.02,56.82211597222223
pg1,2022-05-03,True,-181.26,-20.49,-110.58113182870369,-1033.06,-857.87,-983.7075560185185,-170.13,127.5,52.18862361111111
pg1,2022-05-04,True,-276.39,-51.99,-111.76380682870371,-1074.8,-836.11,-985.338880324074,-129.78,100.43,45.16816539351852
pg1,2022-05-05,True,-140.28,-66.91,-109.55605266203703,-1032.43,-936.29,-986.0567528935186,-17.2,99.8,63.01250462962963
pg1,2022-05-06,True,-190.24,-78.93,-122.63863564814817,-1072.27,-925.29,-983.9247833333334,-126.87,124.59,60.688978819444436
pg1,2022-05-07,True,-191.64,-75.01,-112.1538662037037,-1010.67,-934.52,-985.0553266203704,15.31,98.92,62.687321296296304
pg1,2022-05-08,True,-194.8,39.72,-72.22413029315962,-1051.4,-926.68,-982.4512474406699,-40.86,109.92,25.13192601209865
pg1,2022-05-09,True,-43.13,87.15,5.630950046468398,-1066.96,-941.99,-990.5445479786246,-130.79,9.23,-41.000078763940515
pg1,2022-05-10,True,-17.84,18.85,-0.7076585648148148,-1000.93,-926.68,-982.3238940972223,-41.36,4.55,-22.23443796296296
pg1,2022-05-11,True,-84.12,63.75,0.05547986111111068,-1027.75,-877.1,-971.2978995370372,-102.08,15.31,-35.68715891203704
pg1,2022-05-12,True,-42.25,92.59,12.81678310185185,-1051.4,-901.13,-988.7685423611111,-87.91,16.95,-33.42136423611111
pg1,2022-05-13,True,-96.39,72.1,-15.697320601851851,-1030.53,-849.27,-969.489338888889,-106.25,25.55,-32.777371643518514
pg1,2022-05-14,True,-86.77,75.26,-4.628618055555554,-1022.94,-919.47,-983.1130975694443,-78.8,40.86,-24.813889236111113
pg1,2022-05-15,True,-45.66,94.74,22.128497236029173,-1063.04,-885.95,-986.9704564035862,-82.35,105.87,0.33393772936312494
pg1,2022-05-16,True,-79.94,113.72,44.87406574074074,-1072.27,-947.93,-994.5478856481483,-119.79,113.46,33.30535879629629
pg1,2022-05-17,True,-158.62,112.45,34.217804672897195,-1079.86,-917.32,-985.4898482476634,-141.67,94.87,27.24154778037383
pg1,2022-05-18,True,-155.84,103.22,54.90099814814815,-1023.45,-888.99,-983.5299245370371,-306.62,102.84,32.3942681712963
pg1,2022-05-19,True,-84.12,120.67,49.749336226851845,-1070.12,-875.07,-982.7228467592594,-146.1,107.01,25.653343171296292
pg1,2022-05-20,True,-89.81,102.59,38.59597465277778,-1074.55,-856.48,-981.3900959490742,-116.37,117.13,32.38279409722222
pg1,2022-05-21,True,-83.86,158.49,54.270195138888894,-1090.49,-856.98,-977.7669986111111,-196.44,72.23,20.684133217592592
pg1,2022-05-22,True,-461.82,145.59,16.95568423620145,-1109.21,-682.42,-985.8010094545624,-513.05,60.46,-36.84619250603976
pg1,2022-05-23,True,-69.95,50.6,9.540393192488263,-1050.77,-951.35,-991.836597652582,-234.01,27.83,-26.854424882629107
pg1,2022-05-24,True,-51.36,40.35,10.173185300925926,-1015.48,-925.67,-986.5717270833334,-79.06,18.47,-9.127553472222223
pg1,2022-05-25,True,-150.53,54.52,9.600819675925926,-1071.51,-931.23,-987.8326814814814,-187.46,32.13,-20.898815277777775
pg1,2022-05-26,True,-47.94,60.34,14.65119439295644,-1017.75,-964.12,-990.7730115848008,-51.99,39.59,-0.9369347775718253
pg1,2022-05-27,True,-149.51,54.27,-2.9873216435185195,-1039.76,-866.34,-979.1132837962963,-52.37,39.21,-1.0821863425925908
pg1,2022-05-28,True,-273.6,142.3,8.089672818013002,-1194.34,-871.15,-993.8307027623026,-411.1,34.03,-62.18606975394614
pg1,2022-05-29,True,-1288.7,78.55,-25.263839505599186,-1217.61,-565.67,-987.185708842526,-453.09,369.86,-63.99377073556061
pg1,2022-05-30,True,-267.53,118.14,28.10554861111111,-1049.38,-839.53,-973.113532175926,-391.49,39.47,-55.95408784722222
pg1,2022-05-31,True,-262.98,129.02,16.907247685185183,-1068.98,-617.28,-983.3788260416666,-472.57,22.9,-62.38187256944445
pg1,2022-06-01,True,-166.97,117.64,42.98222858796296,-1041.41,-772.23,-989.6619583333334,-353.67,27.2,-41.67897847222222
pg1,2022-06-02,True,-84.12,81.97,36.532780092592596,-1030.66,-895.56,-985.8465593750001,-163.55,37.32,-25.21132314814815
pg1,2022-06-03,True,-66.28,84.24,36.59626076388889,-1038.75,-920.61,-990.7616125,-136.74,18.97,-26.586158564814816
pg1,2022-06-04,True,-2.28,73.37,41.48149814643188,-1017.75,-954.26,-987.7457489573679,-46.93,15.18,-9.825973702502315
pg1,2022-06-05,True,-32.76,65.65,18.65244997214226,-1032.93,-951.98,-990.6369045408115,-85.0,21.5,-10.944457122295477
pg1,2022-06-06,True,-223.51,40.6,-23.11824033084809,-1072.53,-908.47,-992.5723888630009,-128.26,32.51,-26.020071411929177
pg1,2022-06-07,True,-113.34,65.4,-13.70046099537037,-1098.2,-940.72,-1003.8040658564814,-186.2,27.07,-43.82053993055556
pg1,2022-06-08,True,-82.6,27.07,-15.616673611111112,-1021.42,-918.21,-985.877470949074,-48.32,13.66,-6.884354976851852
pg1,2022-06-09,True,-77.29,33.77,-15.291322015977444,-1053.17,-951.73,-991.2523890977443,-69.44,47.18,-4.066943491541354
pg1,2022-06-10,True,-80.95,56.92,-12.651764930555556,-1028.76,-967.41,-992.1089182870369,-77.29,24.03,-5.7897357638888876
pg1,2022-06-11,True,-69.19,35.42,-16.462858912037035,-1072.78,-949.58,-991.6818599537036,-124.59,34.53,-7.378917361111113
pg1,2022-06-12,True,-276.13,130.67,5.1614421177400205,-1077.71,-932.63,-990.7160472494014,-118.78,113.34,12.854416645362214
pg1,2022-06-13,True,-153.43,201.63,83.36396678240742,-1037.23,-838.26,-985.5800657407408,-330.27,140.91,29.56669085648148
pg1,2022-06-14,True,8.98,148.0,100.23304027777777,-1013.71,-921.11,-986.5775940972221,-27.95,105.62,45.81880798611112
pg1,2022-06-15,True,-138.76,165.58,71.93973136574076,-1085.93,-912.13,-999.4298436342593,-208.46,98.28,-5.107310879629629
pg1,2022-06-16,True,-203.27,152.93,83.75063692129629,-1073.79,-888.86,-988.8344780092593,-142.56,98.03,23.46642835648148
pg1,2022-06-17,True,-140.15,165.7,91.29176435185185,-1098.2,-818.4,-987.6506561342592,-250.07,105.49,26.777119675925928
pg1,2022-06-18,True,-356.83,162.16,88.4786951388889,-1086.31,-753.77,-978.2236785879629,-270.31,85.76,15.501305324074075
pg1,2022-06-19,True,-330.65,179.11,62.426702976729075,-1057.73,-796.39,-988.1046667130695,-403.64,73.11,-9.52727013294355
pg1,2022-06-20,True,-115.49,61.35,8.799930942432685,-1070.38,-910.24,-990.6533310120706,-190.12,26.31,-32.03397620705664
pg1,2022-06-21,True,-145.97,63.88,19.56769085648148,-1103.26,-919.22,-986.6423655092592,-187.84,32.51,-26.624128125
pg1,2022-06-22,True,-924.53,83.99,-4.844223379629629,-1105.92,-371.63,-983.8839126157407,-748.07,261.46,-69.81880335648148
pg1,2022-06-23,True,-46.04,117.38,31.976781134259255,-1051.28,-899.74,-991.8601481481483,-167.1,19.73,-38.38782233796296
pg1,2022-06-24,True,-635.62,53.89,15.64879182156134,-1014.21,-573.77,-977.8780543680296,-493.57,304.72,-18.399200975836433
pg1,2022-06-25,True,-261.46,128.9,-5.826083333333329,-1123.5,-658.26,-996.8456834490742,-342.67,74.38,-63.560138657407414
pg1,2022-06-26,True,-899.74,130.92,-7.870822569444448,-1116.67,-704.56,-977.5480590277778,-558.59,192.77,-58.330184259259255
pg1,2022-06-27,True,-870.9,140.41,8.035980671296295,-1093.02,-651.81,-976.1044331018518,-535.31,450.82,-82.50663969907407
pg1,2022-06-28,True,-359.62,91.96,16.394891736891385,-1076.95,-784.88,-986.8714520131086,-498.76,18.47,-60.660745669475645
pg1,2022-06-29,True,-44.53,73.11,29.28538206018518,-1055.07,-894.05,-1000.0433403935186,-115.49,6.58,-33.95298877314815
pg1,2022-06-30,True,-22.26,55.4,30.085062152777773,-1034.33,-949.7,-996.2347130787037,-94.74,27.95,-18.3068625
pg1,2022-07-01,True,-155.71,80.83,27.12462615740741,-1013.83,-790.2,-979.3958842592591,-284.35,15.94,-18.89669664351852
pg1,2022-07-02,True,-138.64,128.39,18.927846874999997,-1164.99,-832.82,-1001.4007674768519,-415.4,18.34,-72.90338831018518
pg1,2022-07-03,True,-9.36,59.96,29.58882142857143,-1013.58,-937.31,-991.3274237012987,-161.4,0.89,-20.001238984230053
pg1,2022-07-04,True,-103.47,132.18,25.628404193697868,-1116.8,-803.73,-983.4120762279889,-245.39,23.65,-43.64515894346617
pg1,2022-07-05,True,0.25,55.78,32.877975462962965,-1007.13,-972.09,-994.4135706018518,-49.84,2.15,-19.060584375
pg1,2022-07-06,True,-53.63,54.14,27.732800694444443,-1024.96,-958.43,-994.2043116898149,-67.67,28.46,-13.607009953703702
pg1,2022-07-07,True,-302.7,149.64,-7.428672800925924,-1045.46,-793.1,-964.1103500000002,-113.21,-0.63,-24.20814722222222
pg1,2022-07-08,True,-33.14,225.16,38.29394652777778,-1144.88,-901.89,-999.6609603009259,-284.23,13.16,-55.89269467592593
pg1,2022-07-09,True,-11.38,47.31,27.43930891203704,-1016.87,-962.48,-991.2151239583334,-27.95,-0.13,-15.373712615740741
pg1,2022-07-10,True,-56.16,51.61,21.751903631284918,-1107.94,-969.18,-996.5700330540038,-184.17,26.18,-20.983648161080072
pg1,2022-07-11,True,-111.69,77.41,5.421277314814815,-1032.81,-895.69,-985.7779164351853,-56.54,45.66,-10.284933333333333
pg1,2022-07-12,True,-153.06,87.66,5.972215277777777,-1089.35,-889.11,-990.8076604166669,-180.12,37.44,-29.732053819444445
pg1,2022-07-13,True,-146.98,48.83,8.416186805555554,-1035.34,-904.92,-994.4348344907406,-127.5,35.04,-30.09843611111111
pg1,2022-07-14,True,-35.54,55.78,20.84144224537037,-1016.62,-949.45,-990.3694127314814,-49.96,32.38,-14.07138599537037
pg1,2022-07-15,True,-90.69,65.78,8.692188141923435,-1038.88,-904.04,-982.6989715219421,-88.8,21.0,-21.72595238095238
pg1,2022-07-16,True,-94.11,80.32,27.060667245370368,-1075.18,-939.33,-991.3107765046296,-289.79,22.77,-46.806589120370376
pg1,2022-07-17,True,-24.16,58.57,27.698410069444442,-1031.42,-969.94,-993.4108444444446,-52.62,25.68,-10.759026273148146
pg1,2022-07-18,True,-77.92,70.33,15.200277546296293,-1064.56,-859.26,-992.1315238425925,-98.79,34.66,-16.99269837962963
pg1,2022-07-19,True,-386.81,91.2,-28.93749085648148,-1196.61,-834.09,-1001.388503125,-480.67,18.72,-65.74604837962963
pg1,2022-07-20,True,-35.8,75.64,26.804083449074074,-1031.67,-939.71,-992.807243287037,-67.04,17.84,-18.67430428240741
pg1,2022-07-21,True,-140.03,113.46,17.444758796296295,-1082.14,-826.63,-990.5868454861112,-133.58,68.18,-19.37678379629629
pg1,2022-07-22,True,-176.96,165.96,29.034895833333334,-1081.13,-763.63,-999.7820167824074,-392.25,26.18,-38.363306944444446
pg1,2022-07-23,True,-235.65,202.89,40.63951775039884,-1153.86,-912.39,-1024.1779793184307,-305.6,49.58,-86.09234416745153
pg1,2022-07-24,False,,,,,,,,,
pg1,2022-07-25,False,,,,,,,,,
pg1,2022-07-26,False,,,,,,,,,
pg1,2022-07-27,False,,,,,,,,,
pg1,2022-07-28,False,,,,,,,,,
pg1,2022-07-29,False,,,,,,,,,
pg1,2022-07-30,False,,,,,,,,,
pg1,2022-07-31,False,,,,,,,,,
pg1,2022-08-01,False,,,,,,,,,
pg1,2022-08-02,False,,,,,,,,,
pg1,2022-08-03,False,,,,,,,,,
pg1,2022-08-04,False,,,,,,,,,
pg1,2022-08-05,False,,,,,,,,,
pg1,2022-08-06,False,,,,,,,,,
pg1,2022-08-07,False,,,,,,,,,
pg1,2022-08-08,False,,,,,,,,,
pg1,2022-08-09,False,,,,,,,,,
pg1,2022-08-10,False,,,,,,,,,
pg1,2022-08-11,False,,,,,,,,,
pg1,2022-08-12,False,,,,,,,,,
pg1,2022-08-13,False
pg1,2022-08-14,False
pg1,2022-08-15,False
pg1,2022-08-16,False
pg1,2022-08-17,False
pg1,2022-08-18,False
pg1,2022-08-19,False
pg1,2022-08-20,False
pg1,2022-08-21,False
pg1,2022-08-22,False
pg1,2022-08-23,False
pg1,2022-08-24,False
pg1,2022-08-25,False
pg1,2022-08-26,False
pg1,2022-08-27,False
pg1,2022-08-28,False
pg1,2022-08-29,False
pg1,2022-08-30,False
pg1,2022-08-31,False
pg1,2022-09-01,False
pg1,2022-09-02,False
pg1,2022-09-03,False
pg1,2022-09-04,False
pg1,2022-09-05,False
pg1,2022-09-06,False
pg1,2022-09-07,False
pg1,2022-09-08,False
pg1,2022-09-09,False
pg1,2022-09-10,False
pg1,2022-09-11,False
pg1,2022-09-12,False
pg1,2022-09-13,False
pg1,2022-09-14,False
pg1,2022-09-15,False
pg1,2022-09-16,False
pg1,2022-09-17,False
pg1,2022-09-18,False
pg1,2022-09-19,False
pg1,2022-09-20,False
pg1,2022-09-21,False
pg1,2022-09-22,False
pg1,2022-09-23,False
pg1,2022-09-24,False
pg1,2022-09-25,False
pg1,2022-09-26,False
pg1,2022-09-27,False
pg1,2022-09-28,False
pg1,2022-09-29,False
pg1,2022-09-30,False
pg1,2022-10-01,False
pg1,2022-10-02,False
pg1,2022-10-03,False
pg1,2022-10-04,False
pg1,2022-10-05,False
pg1,2022-10-06,False
pg1,2022-10-07,False
pg1,2022-10-08,False
pg1,2022-10-09,False
pg1,2022-10-10,False
pg1,2022-10-11,False
pg1,2022-10-12,False
pg1,2022-10-13,False
pg1,2022-10-14,False
pg1,2022-10-15,False
pg1,2022-10-16,False
pg1,2022-10-17,False
pg1,2022-10-18,False
pg1,2022-10-19,False
pg1,2022-10-20,False
pg1,2022-10-21,False
pg1,2022-10-22,False
pg1,2022-10-23,False
pg1,2022-10-24,False
pg1,2022-10-25,False
pg1,2022-10-26,False
pg1,2022-10-27,False
pg1,2022-10-28,False
pg1,2022-10-29,False
pg1,2022-10-30,False
pg1,2022-10-31,False
pg1,2022-11-01,False
pg1,2022-11-02,False
pg1,2022-11-03,False
pg1,2022-11-04,False
pg1,2022-11-05,False
pg1,2022-11-06,False
pg1,2022-11-07,False
pg1,2022-11-08,False
pg1,2022-11-09,False
pg1,2022-11-10,False
pg1,2022-11-11,False
pg1,2022-11-12,False
pg1,2022-11-13,False
pg1,2022-11-14,False
pg1,2022-11-15,False
pg1,2022-11-16,False
pg1,2022-11-17,False
pg1,2022-11-18,False
pg1,2022-11-19,False
pg1,2022-11-20,False
