Mag,Date,Stat_Key,Value,Component,Metric,Start,Finish
pg0,2024-01-01,bx_min,14530.89,Bx,Min,2024-01-01,2024-01-02
pg0,2024-01-02,bx_min,14371.8,Bx,Min,2024-01-02,2024-01-03
pg0,2024-01-03,bx_min,14491.54,Bx,Min,2024-01-03,2024-01-04
pg0,2024-01-04,bx_min,14419.3,Bx,Min,2024-01-04,2024-01-05
pg0,2024-01-05,bx_min,14387.86,Bx,Min,2024-01-05,2024-01-06
pg0,2024-01-06,bx_min,13278.1,Bx,Min,2024-01-06,2024-01-07
pg0,2024-01-07,bx_min,14498.17,Bx,Min,2024-01-07,2024-01-08
pg0,2024-01-08,bx_min,14467.97,Bx,Min,2024-01-08,2024-01-09
pg0,2024-01-09,bx_min,14413.67,Bx,Min,2024-01-09,2024-01-10
pg0,2024-01-10,bx_min,14366.28,Bx,Min,2024-01-10,2024-01-11
pg0,2024-01-11,bx_min,14331.92,Bx,Min,2024-01-11,2024-01-12
pg0,2024-01-12,bx_min,14419.41,Bx,Min,2024-01-12,2024-01-13
pg0,2024-01-13,bx_min,14512.77,Bx,Min,2024-01-13,2024-01-14
pg0,2024-01-14,bx_min,14333.56,Bx,Min,2024-01-14,2024-01-15
pg0,2024-01-15,bx_min,14582.02,Bx,Min,2024-01-15,2024-01-16
pg0,2024-01-16,bx_min,14632.92,Bx,Min,2024-01-16,2024-01-17
pg0,2024-01-17,bx_min,14553.81,Bx,Min,2024-01-17,2024-01-18
pg0,2024-01-18,bx_min,14312.1,Bx,Min,2024-01-18,2024-01-19
pg0,2024-01-19,bx_min,14512.06,Bx,Min,2024-01-19,2024-01-20
pg0,2024-01-20,bx_min,14400.65,Bx,Min,2024-01-20,2024-01-21
pg0,2024-01-21,bx_min,14424.98,Bx,Min,2024-01-21,2024-01-22
pg0,2024-01-22,bx_min,14383.06,Bx,Min,2024-01-22,2024-01-23
pg0,2024-01-23,bx_min,14456.41,Bx,Min,2024-01-23,2024-01-24
pg0,2024-01-24,bx_min,14609.52,Bx,Min,2024-01-24,2024-01-25
pg0,2024-01-25,bx_min,14572.23,Bx,Min,2024-01-25,2024-01-26
pg0,2024-01-26,bx_min,14617.56,Bx,Min,2024-01-26,2024-01-27
pg0,2024-01-27,bx_min,14537.81,Bx,Min,2024-01-27,2024-01-28
pg0,2024-01-28,bx_min,14471.66,Bx,Min,2024-01-28,2024-01-29
pg0,2024-01-29,bx_min,14508.08,Bx,Min,2024-01-29,2024-01-30
pg0,2024-01-30,bx_min,14618.73,Bx,Min,2024-01-30,2024-01-31
pg0,2024-01-31,bx_min,14578.15,Bx,Min,2024-01-31,2024-02-01
pg0,2024-02-01,bx_min,14581.14,Bx,Min,2024-02-01,2024-02-02
pg0,2024-02-02,bx_min,14586.36,Bx,Min,2024-02-02,2024-02-03
pg0,2024-02-03,bx_min,14613.16,Bx,Min,2024-02-03,2024-02-04
pg0,2024-02-04,bx_min,14559.68,Bx,Min,2024-02-04,2024-02-05
pg0,2024-02-05,bx_min,14447.27,Bx,Min,2024-02-05,2024-02-06
pg0,2024-02-06,bx_min,14407.74,Bx,Min,2024-02-06,2024-02-07
pg0,2024-02-07,bx_min,14367.57,Bx,Min,2024-02-07,2024-02-08
pg0,2024-02-08,bx_min,14488.2,Bx,Min,2024-02-08,2024-02-09
pg0,2024-02-09,bx_min,14434.37,Bx,Min,2024-02-09,2024-02-10
pg0,2024-02-10,bx_min,14460.58,Bx,Min,2024-02-10,2024-02-11
pg0,2024-02-11,bx_min,14321.25,Bx,Min,2024-02-11,2024-02-12
pg0,2024-02-12,bx_min,14609.82,Bx,Min,2024-02-12,2024-02-13
pg0,2024-02-13,bx_min,13278.1,Bx,Min,2024-02-13,2024-02-14
pg0,2024-02-14,bx_min,14488.43,Bx,Min,2024-02-14,2024-02-15
pg0,2024-02-15,bx_min,14496.7,Bx,Min,2024-02-15,2024-02-16
pg0,2024-02-16,bx_min,14521.5,Bx,Min,2024-02-16,2024-02-17
pg0,2024-02-17,bx_min,14483.74,Bx,Min,2024-02-17,2024-02-18
pg0,2024-02-18,bx_min,14461.28,Bx,Min,2024-02-18,2024-02-19
pg0,2024-02-19,bx_min,14581.14,Bx,Min,2024-02-19,2024-02-20
pg0,2024-02-20,bx_min,14437.0,Bx,Min,2024-02-20,2024-02-21
pg0,2024-02-21,bx_min,14556.45,Bx,Min,2024-02-21,2024-02-22
pg0,2024-02-22,bx_min,14282.61,Bx,Min,2024-02-22,2024-02-23
pg0,2024-02-23,bx_min,14570.88,Bx,Min,2024-02-23,2024-02-24
pg0,2024-02-24,bx_min,14593.69,Bx,Min,2024-02-24,2024-02-25
pg0,2024-02-25,bx_min,14493.94,Bx,Min,2024-02-25,2024-02-26
pg0,2024-02-26,bx_min,14581.55,Bx,Min,2024-02-26,2024-02-27
pg0,2024-02-27,bx_min,14566.31,Bx,Min,2024-02-27,2024-02-28
pg0,2024-02-28,bx_min,13278.1,Bx,Min,2024-02-28,2024-02-29
pg0,2024-02-29,bx_min,14600.67,Bx,Min,2024-02-29,2024-03-01
pg0,2024-03-01,bx_min,14596.51,Bx,Min,2024-03-01,2024-03-02
pg0,2024-03-02,bx_min,14573.28,Bx,Min,2024-03-02,2024-03-03
pg0,2024-03-03,bx_min,14374.96,Bx,Min,2024-03-03,2024-03-04
pg0,2024-03-04,bx_min,14527.6,Bx,Min,2024-03-04,2024-03-05
pg0,2024-03-05,bx_min,14505.38,Bx,Min,2024-03-05,2024-03-06
pg0,2024-03-06,bx_min,14500.45,Bx,Min,2024-03-06,2024-03-07
pg0,2024-03-07,bx_min,14468.38,Bx,Min,2024-03-07,2024-03-08
pg0,2024-03-08,bx_min,14588.18,Bx,Min,2024-03-08,2024-03-09
pg0,2024-03-09,bx_min,14553.05,Bx,Min,2024-03-09,2024-03-10
pg0,2024-03-10,bx_min,14586.54,Bx,Min,2024-03-10,2024-03-11
pg0,2024-03-11,bx_min,14608.23,Bx,Min,2024-03-11,2024-03-12
pg0,2024-03-12,bx_min,14568.18,Bx,Min,2024-03-12,2024-03-13
pg0,2024-03-13,bx_min,14536.69,Bx,Min,2024-03-13,2024-03-14
pg0,2024-03-14,bx_min,14534.17,Bx,Min,2024-03-14,2024-03-15
pg0,2024-03-15,bx_min,14530.89,Bx,Min,2024-03-15,2024-03-16
pg0,2024-03-16,bx_min,14577.56,Bx,Min,2024-03-16,2024-03-17
pg0,2024-03-17,bx_min,14622.89,Bx,Min,2024-03-17,2024-03-18
pg0,2024-03-18,bx_min,13278.1,Bx,Min,2024-03-18,2024-03-19
pg0,2024-03-19,bx_min,13278.1,Bx,Min,2024-03-19,2024-03-20
pg0,2024-03-20,bx_min,14626.41,Bx,Min,2024-03-20,2024-03-21
pg0,2024-03-21,bx_min,14439.35,Bx,Min,2024-03-21,2024-03-22
pg0,2024-03-22,bx_min,14591.99,Bx,Min,2024-03-22,2024-03-23
pg0,2024-03-23,bx_min,14505.26,Bx,Min,2024-03-23,2024-03-24
pg0,2024-03-24,bx_min,13720.36,Bx,Min,2024-03-24,2024-03-25
pg0,2024-03-25,bx_min,14477.7,Bx,Min,2024-03-25,2024-03-26
pg0,2024-03-26,bx_min,14469.31,Bx,Min,2024-03-26,2024-03-27
pg0,2024-03-27,bx_min,14473.6,Bx,Min,2024-03-27,2024-03-28
pg0,2024-03-28,bx_min,13278.1,Bx,Min,2024-03-28,2024-03-29
pg0,2024-03-29,bx_min,14349.98,Bx,Min,2024-03-29,2024-03-30
pg0,2024-03-30,bx_min,14593.93,Bx,Min,2024-03-30,2024-03-31
pg0,2024-03-31,bx_min,13278.1,Bx,Min,2024-03-31,2024-04-01
pg0,2024-04-01,bx_min,14518.05,Bx,Min,2024-04-01,2024-04-02
pg0,2024-04-02,bx_min,14533.53,Bx,Min,2024-04-02,2024-04-03
pg0,2024-04-03,bx_min,14593.81,Bx,Min,2024-04-03,2024-04-04
pg0,2024-04-04,bx_min,14526.43,Bx,Min,2024-04-04,2024-04-05
pg0,2024-04-05,bx_min,14568.42,Bx,Min,2024-04-05,2024-04-06
pg0,2024-04-06,bx_min,14485.27,Bx,Min,2024-04-06,2024-04-07
pg0,2024-04-07,bx_min,14466.79,Bx,Min,2024-04-07,2024-04-08
pg0,2024-04-08,bx_min,14587.42,Bx,Min,2024-04-08,2024-04-09
pg0,2024-04-09,bx_min,14500.63,Bx,Min,2024-04-09,2024-04-10
pg0,2024-04-10,bx_min,14568.65,Bx,Min,2024-04-10,2024-04-11
pg0,2024-04-11,bx_min,14598.26,Bx,Min,2024-04-11,2024-04-12
pg0,2024-04-12,bx_min,13278.1,Bx,Min,2024-04-12,2024-04-13
pg0,2024-04-13,bx_min,13453.9,Bx,Min,2024-04-13,2024-04-14
pg0,2024-04-14,bx_min,14624.65,Bx,Min,2024-04-14,2024-04-15
pg0,2024-04-15,bx_min,14593.52,Bx,Min,2024-04-15,2024-04-16
pg0,2024-04-16,bx_min,14517.52,Bx,Min,2024-04-16,2024-04-17
pg0,2024-04-17,bx_min,14576.1,Bx,Min,2024-04-17,2024-04-18
pg0,2024-04-18,bx_min,14639.84,Bx,Min,2024-04-18,2024-04-19
pg0,2024-04-19,bx_min,14449.2,Bx,Min,2024-04-19,2024-04-20
pg0,2024-04-20,bx_min,14519.28,Bx,Min,2024-04-20,2024-04-21
pg0,2024-04-21,bx_min,14532.88,Bx,Min,2024-04-21,2024-04-22
pg0,2024-04-22,bx_min,14624.01,Bx,Min,2024-04-22,2024-04-23
pg0,2024-04-23,bx_min,14579.38,Bx,Min,2024-04-23,2024-04-24
pg0,2024-04-24,bx_min,14633.62,Bx,Min,2024-04-24,2024-04-25
pg0,2024-04-25,bx_min,13278.1,Bx,Min,2024-04-25,2024-04-26
pg0,2024-04-26,bx_min,14346.41,Bx,Min,2024-04-26,2024-04-27
pg0,2024-04-27,bx_min,14558.39,Bx,Min,2024-04-27,2024-04-28
pg0,2024-04-28,bx_min,14628.46,Bx,Min,2024-04-28,2024-04-29
pg0,2024-04-29,bx_min,14609.0,Bx,Min,2024-04-29,2024-04-30
pg0,2024-04-30,bx_min,14568.48,Bx,Min,2024-04-30,2024-05-01
pg0,2024-05-01,bx_min,14609.17,Bx,Min,2024-05-01,2024-05-02
pg0,2024-05-02,bx_min,14332.21,Bx,Min,2024-05-02,2024-05-03
pg0,2024-05-03,bx_min,14635.09,Bx,Min,2024-05-03,2024-05-04
pg0,2024-05-04,bx_min,14629.52,Bx,Min,2024-05-04,2024-05-05
pg0,2024-05-05,bx_min,14614.98,Bx,Min,2024-05-05,2024-05-06
pg0,2024-05-06,bx_min,14487.2,Bx,Min,2024-05-06,2024-05-07
pg0,2024-05-07,bx_min,14294.1,Bx,Min,2024-05-07,2024-05-08
pg0,2024-05-08,bx_min,14325.59,Bx,Min,2024-05-08,2024-05-09
pg0,2024-05-09,bx_min,14619.79,Bx,Min,2024-05-09,2024-05-10
pg0,2024-05-10,bx_min,14018.37,Bx,Min,2024-05-10,2024-05-11
pg0,2024-05-11,bx_min,13995.97,Bx,Min,2024-05-11,2024-05-12
pg0,2024-05-12,bx_min,13704.06,Bx,Min,2024-05-12,2024-05-13
pg0,2024-05-13,bx_min,14444.57,Bx,Min,2024-05-13,2024-05-14
pg0,2024-05-14,bx_min,14597.56,Bx,Min,2024-05-14,2024-05-15
pg0,2024-05-15,bx_min,13278.1,Bx,Min,2024-05-15,2024-05-16
pg0,2024-05-16,bx_min,14474.48,Bx,Min,2024-05-16,2024-05-17
pg0,2024-05-17,bx_min,14425.75,Bx,Min,2024-05-17,2024-05-18
pg0,2024-05-18,bx_min,14541.03,Bx,Min,2024-05-18,2024-05-19
pg0,2024-05-19,bx_min,14573.34,Bx,Min,2024-05-19,2024-05-20
pg0,2024-05-20,bx_min,14611.46,Bx,Min,2024-05-20,2024-05-21
pg0,2024-05-21,bx_min,14575.04,Bx,Min,2024-05-21,2024-05-22
pg0,2024-05-22,bx_min,14644.24,Bx,Min,2024-05-22,2024-05-23
pg0,2024-05-23,bx_min,14434.6,Bx,Min,2024-05-23,2024-05-24
pg0,2024-05-24,bx_min,14330.57,Bx,Min,2024-05-24,2024-05-25
pg0,2024-05-25,bx_min,14489.43,Bx,Min,2024-05-25,2024-05-26
pg0,2024-05-26,bx_min,14285.95,Bx,Min,2024-05-26,2024-05-27
pg0,2024-05-27,bx_min,14492.42,Bx,Min,2024-05-27,2024-05-28
pg0,2024-05-28,bx_min,14487.9,Bx,Min,2024-05-28,2024-05-29
pg0,2024-05-29,bx_min,14602.9,Bx,Min,2024-05-29,2024-05-30
pg0,2024-05-30,bx_min,14556.92,Bx,Min,2024-05-30,2024-05-31
pg0,2024-05-31,bx_min,14601.9,Bx,Min,2024-05-31,2024-06-01
pg0,2024-06-01,bx_min,14630.05,Bx,Min,2024-06-01,2024-06-02
pg0,2024-06-02,bx_min,14643.89,Bx,Min,2024-06-02,2024-06-03
pg0,2024-06-03,bx_min,14622.95,Bx,Min,2024-06-03,2024-06-04
pg0,2024-06-04,bx_min,14617.73,Bx,Min,2024-06-04,2024-06-05
pg0,2024-06-05,bx_min,14600.73,Bx,Min,2024-06-05,2024-06-06
pg0,2024-06-06,bx_min,14632.86,Bx,Min,2024-06-06,2024-06-07
pg0,2024-06-07,bx_min,14436.48,Bx,Min,2024-06-07,2024-06-08
pg0,2024-06-08,bx_min,14477.41,Bx,Min,2024-06-08,2024-06-09
pg0,2024-06-09,bx_min,14596.68,Bx,Min,2024-06-09,2024-06-10
pg0,2024-06-10,bx_min,14551.35,Bx,Min,2024-06-10,2024-06-11
pg0,2024-06-11,bx_min,14579.62,Bx,Min,2024-06-11,2024-06-12
pg0,2024-06-12,bx_min,14602.08,Bx,Min,2024-06-12,2024-06-13
pg0,2024-06-13,bx_min,14639.49,Bx,Min,2024-06-13,2024-06-14
pg0,2024-06-14,bx_min,14592.87,Bx,Min,2024-06-14,2024-06-15
pg0,2024-06-15,bx_min,14519.34,Bx,Min,2024-06-15,2024-06-16
pg0,2024-06-16,bx_min,14577.86,Bx,Min,2024-06-16,2024-06-17
pg0,2024-06-17,bx_min,14577.74,Bx,Min,2024-06-17,2024-06-18
pg0,2024-06-18,bx_min,14552.76,Bx,Min,2024-06-18,2024-06-19
pg0,2024-06-19,bx_min,14586.13,Bx,Min,2024-06-19,2024-06-20
pg0,2024-06-20,bx_min,14586.83,Bx,Min,2024-06-20,2024-06-21
pg0,2024-06-21,bx_min,14635.91,Bx,Min,2024-06-21,2024-06-22
pg0,2024-06-22,bx_min,14647.46,Bx,Min,2024-06-22,2024-06-23
pg0,2024-06-23,bx_min,14507.14,Bx,Min,2024-06-23,2024-06-24
pg0,2024-06-24,bx_min,14648.46,Bx,Min,2024-06-24,2024-06-25
pg0,2024-06-25,bx_min,14640.48,Bx,Min,2024-06-25,2024-06-26
pg0,2024-06-26,bx_min,14651.27,Bx,Min,2024-06-26,2024-06-27
pg0,2024-06-27,bx_min,14582.43,Bx,Min,2024-06-27,2024-06-28
pg0,2024-10-08,bx_min,14478.23,Bx,Min,2024-10-08,2024-10-09
pg0,2024-10-09,bx_min,14554.34,Bx,Min,2024-10-09,2024-10-10
pg0,2024-10-10,bx_min,13681.6,Bx,Min,2024-10-10,2024-10-11
pg0,2024-10-11,bx_min,14305.12,Bx,Min,2024-10-11,2024-10-12
pg0,2024-10-12,bx_min,14507.78,Bx,Min,2024-10-12,2024-10-13
pg0,2024-10-13,bx_min,14535.34,Bx,Min,2024-10-13,2024-10-14
pg0,2024-10-14,bx_min,14536.11,Bx,Min,2024-10-14,2024-10-15
pg0,2024-10-15,bx_min,14477.52,Bx,Min,2024-10-15,2024-10-16
pg0,2024-10-16,bx_min,14363.24,Bx,Min,2024-10-16,2024-10-17
pg0,2024-10-17,bx_min,14579.5,Bx,Min,2024-10-17,2024-10-18
pg0,2024-10-18,bx_min,14434.31,Bx,Min,2024-10-18,2024-10-19
pg0,2024-10-19,bx_min,14511.59,Bx,Min,2024-10-19,2024-10-20
pg0,2024-10-20,bx_min,14608.35,Bx,Min,2024-10-20,2024-10-21
pg0,2024-10-21,bx_min,14576.74,Bx,Min,2024-10-21,2024-10-22
pg0,2024-10-22,bx_min,14486.91,Bx,Min,2024-10-22,2024-10-23
pg0,2024-10-23,bx_min,14512.42,Bx,Min,2024-10-23,2024-10-24
pg0,2024-10-24,bx_min,14538.57,Bx,Min,2024-10-24,2024-10-25
pg0,2024-10-25,bx_min,14609.17,Bx,Min,2024-10-25,2024-10-26
pg0,2024-10-26,bx_min,14576.63,Bx,Min,2024-10-26,2024-10-27
pg0,2024-10-27,bx_min,14543.03,Bx,Min,2024-10-27,2024-10-28
pg0,2024-10-28,bx_min,14538.57,Bx,Min,2024-10-28,2024-10-29
pg0,2024-10-29,bx_min,14379.54,Bx,Min,2024-10-29,2024-10-30
pg0,2024-10-30,bx_min,14568.06,Bx,Min,2024-10-30,2024-10-31
pg0,2024-10-31,bx_min,14532.76,Bx,Min,2024-10-31,2024-11-01
pg0,2024-11-01,bx_min,14567.54,Bx,Min,2024-11-01,2024-11-02
pg0,2024-11-02,bx_min,14534.7,Bx,Min,2024-11-02,2024-11-03
pg0,2024-11-03,bx_min,14531.3,Bx,Min,2024-11-03,2024-11-04
pg0,2024-11-04,bx_min,14390.21,Bx,Min,2024-11-04,2024-11-05
pg0,2024-11-05,bx_min,14314.68,Bx,Min,2024-11-05,2024-11-06
pg0,2024-11-06,bx_min,14446.45,Bx,Min,2024-11-06,2024-11-07
pg0,2024-11-07,bx_min,14435.54,Bx,Min,2024-11-07,2024-11-08
pg0,2024-11-08,bx_min,14508.25,Bx,Min,2024-11-08,2024-11-09
pg0,2024-11-09,bx_min,14364.35,Bx,Min,2024-11-09,2024-11-10
pg0,2024-11-10,bx_min,14413.96,Bx,Min,2024-11-10,2024-11-11
pg0,2024-11-11,bx_min,14466.56,Bx,Min,2024-11-11,2024-11-12
pg0,2024-11-12,bx_min,14517.87,Bx,Min,2024-11-12,2024-11-13
pg0,2024-11-13,bx_min,14437.94,Bx,Min,2024-11-13,2024-11-14
pg0,2024-11-14,bx_min,14491.48,Bx,Min,2024-11-14,2024-11-15
pg0,2024-11-15,bx_min,14456.06,Bx,Min,2024-11-15,2024-11-16
pg0,2024-11-16,bx_min,14457.41,Bx,Min,2024-11-16,2024-11-17
pg0,2024-11-17,bx_min,14386.69,Bx,Min,2024-11-17,2024-11-18
pg0,2024-11-18,bx_min,14472.01,Bx,Min,2024-11-18,2024-11-19
pg0,2024-11-19,bx_min,14334.62,Bx,Min,2024-11-19,2024-11-20
pg0,2024-11-20,bx_min,14154.95,Bx,Min,2024-11-20,2024-11-21
pg0,2024-11-21,bx_min,14486.03,Bx,Min,2024-11-21,2024-11-22
pg0,2024-11-22,bx_min,14521.5,Bx,Min,2024-11-22,2024-11-23
pg0,2024-11-23,bx_min,14549.71,Bx,Min,2024-11-23,2024-11-24
pg0,2024-11-24,bx_min,14517.4,Bx,Min,2024-11-24,2024-11-25
pg0,2024-11-25,bx_min,14570.94,Bx,Min,2024-11-25,2024-11-26
pg0,2024-11-26,bx_min,14575.28,Bx,Min,2024-11-26,2024-11-27
pg0,2024-11-27,bx_min,14590.88,Bx,Min,2024-11-27,2024-11-28
pg0,2024-11-28,bx_min,14572.64,Bx,Min,2024-11-28,2024-11-29
pg0,2024-11-29,bx_min,14526.49,Bx,Min,2024-11-29,2024-11-30
pg0,2024-11-30,bx_min,14550.53,Bx,Min,2024-11-30,2024-12-01
pg0,2024-12-01,bx_min,14442.28,Bx,Min,2024-12-01,2024-12-02
pg0,2024-12-02,bx_min,14510.6,Bx,Min,2024-12-02,2024-12-03
pg0,2024-12-03,bx_min,14465.8,Bx,Min,2024-12-03,2024-12-04
pg0,2024-12-04,bx_min,14649.46,Bx,Min,2024-12-04,2024-12-05
pg0,2024-12-05,bx_min,14531.36,Bx,Min,2024-12-05,2024-12-06
pg0,2024-12-06,bx_min,14592.81,Bx,Min,2024-12-06,2024-12-07
pg0,2024-12-07,bx_min,14539.8,Bx,Min,2024-12-07,2024-12-08
pg0,2024-12-08,bx_min,14346.35,Bx,Min,2024-12-08,2024-12-09
pg0,2024-12-09,bx_min,14356.67,Bx,Min,2024-12-09,2024-12-10
pg0,2024-12-10,bx_min,14353.27,Bx,Min,2024-12-10,2024-12-11
pg0,2024-12-11,bx_min,14444.69,Bx,Min,2024-12-11,2024-12-12
pg0,2024-12-12,bx_min,14549.3,Bx,Min,2024-12-12,2024-12-13
pg0,2024-12-13,bx_min,14428.03,Bx,Min,2024-12-13,2024-12-14
pg0,2024-12-14,bx_min,14301.08,Bx,Min,2024-12-14,2024-12-15
pg0,2024-12-15,bx_min,14218.1,Bx,Min,2024-12-15,2024-12-16
pg0,2024-12-16,bx_min,14436.24,Bx,Min,2024-12-16,2024-12-17
pg0,2024-12-17,bx_min,14351.62,Bx,Min,2024-12-17,2024-12-18
pg0,2024-12-18,bx_min,14511.77,Bx,Min,2024-12-18,2024-12-19
pg0,2024-12-19,bx_min,14546.02,Bx,Min,2024-12-19,2024-12-20
pg0,2024-12-20,bx_min,14355.67,Bx,Min,2024-12-20,2024-12-21
pg0,2024-12-21,bx_min,14515.29,Bx,Min,2024-12-21,2024-12-22
pg0,2024-12-22,bx_min,14547.6,Bx,Min,2024-12-22,2024-12-23
pg0,2024-12-23,bx_min,14483.56,Bx,Min,2024-12-23,2024-12-24
pg0,2024-12-24,bx_min,14546.02,Bx,Min,2024-12-24,2024-12-25
pg0,2024-12-25,bx_min,14549.65,Bx,Min,2024-12-25,2024-12-26
pg0,2024-12-26,bx_min,14588.41,Bx,Min,2024-12-26,2024-12-27
pg0,2024-12-27,bx_min,14542.5,Bx,Min,2024-12-27,2024-12-28
pg0,2024-12-28,bx_min,14576.33,Bx,Min,2024-12-28,2024-12-29
pg0,2024-12-29,bx_min,14457.41,Bx,Min,2024-12-29,2024-12-30
pg0,2024-12-30,bx_min,14369.22,Bx,Min,2024-12-30,2024-12-31
pg0,2024-12-31,bx_min,14215.99,Bx,Min,2024-12-31,2025-01-01
pg1,2024-01-01,bx_min,-180.0,Bx,Min,2024-01-01,2024-01-02
pg1,2024-01-02,bx_min,-341.53,Bx,Min,2024-01-02,2024-01-03
pg1,2024-01-03,bx_min,-262.6,Bx,Min,2024-01-03,2024-01-04
pg1,2024-01-04,bx_min,-158.87,Bx,Min,2024-01-04,2024-01-05
pg1,2024-01-05,bx_min,-186.58,Bx,Min,2024-01-05,2024-01-06
pg1,2024-01-06,bx_min,-121.18,Bx,Min,2024-01-06,2024-01-07
pg1,2024-01-07,bx_min,-186.45,Bx,Min,2024-01-07,2024-01-08
pg1,2024-01-08,bx_min,-218.07,Bx,Min,2024-01-08,2024-01-09
pg1,2024-01-09,bx_min,-270.82,Bx,Min,2024-01-09,2024-01-10
pg1,2024-01-10,bx_min,-441.58,Bx,Min,2024-01-10,2024-01-11
pg1,2024-01-11,bx_min,-375.55,Bx,Min,2024-01-11,2024-01-12
pg1,2024-01-12,bx_min,-308.89,Bx,Min,2024-01-12,2024-01-13
pg1,2024-01-13,bx_min,-199.48,Bx,Min,2024-01-13,2024-01-14
pg1,2024-01-14,bx_min,-369.48,Bx,Min,2024-01-14,2024-01-15
pg1,2024-01-15,bx_min,-152.17,Bx,Min,2024-01-15,2024-01-16
pg1,2024-01-16,bx_min,-113.84,Bx,Min,2024-01-16,2024-01-17
pg1,2024-01-17,bx_min,-141.17,Bx,Min,2024-01-17,2024-01-18
pg1,2024-01-18,bx_min,-352.79,Bx,Min,2024-01-18,2024-01-19
pg1,2024-01-19,bx_min,-85.89,Bx,Min,2024-01-19,2024-01-20
pg1,2024-01-20,bx_min,-144.71,Bx,Min,2024-01-20,2024-01-21
pg1,2024-01-21,bx_min,-256.53,Bx,Min,2024-01-21,2024-01-22
pg1,2024-01-22,bx_min,-191.76,Bx,Min,2024-01-22,2024-01-23
pg1,2024-01-23,bx_min,-148.63,Bx,Min,2024-01-23,2024-01-24
pg1,2024-01-24,bx_min,-29.73,Bx,Min,2024-01-24,2024-01-25
pg1,2024-01-25,bx_min,-34.28,Bx,Min,2024-01-25,2024-01-26
pg1,2024-01-26,bx_min,-87.79,Bx,Min,2024-01-26,2024-01-27
pg1,2024-01-27,bx_min,-139.01,Bx,Min,2024-01-27,2024-01-28
pg1,2024-01-28,bx_min,-222.63,Bx,Min,2024-01-28,2024-01-29
pg1,2024-01-29,bx_min,-176.96,Bx,Min,2024-01-29,2024-01-30
pg1,2024-01-30,bx_min,-128.64,Bx,Min,2024-01-30,2024-01-31
pg1,2024-01-31,bx_min,-208.33,Bx,Min,2024-01-31,2024-02-01
pg1,2024-02-01,bx_min,-98.28,Bx,Min,2024-02-01,2024-02-02
pg1,2024-02-02,bx_min,-150.27,Bx,Min,2024-02-02,2024-02-03
pg1,2024-02-03,bx_min,-138.51,Bx,Min,2024-02-03,2024-02-04
pg1,2024-02-04,bx_min,-125.35,Bx,Min,2024-02-04,2024-02-05
pg1,2024-02-05,bx_min,-251.97,Bx,Min,2024-02-05,2024-02-06
pg1,2024-02-06,bx_min,-224.14,Bx,Min,2024-02-06,2024-02-07
pg1,2024-02-07,bx_min,-182.78,Bx,Min,2024-02-07,2024-02-08
pg1,2024-02-08,bx_min,-193.66,Bx,Min,2024-02-08,2024-02-09
pg1,2024-02-09,bx_min,-221.23,Bx,Min,2024-02-09,2024-02-10
pg1,2024-02-10,bx_min,-138.64,Bx,Min,2024-02-10,2024-02-11
pg1,2024-02-11,bx_min,-398.96,Bx,Min,2024-02-11,2024-02-12
pg1,2024-02-12,bx_min,-60.08,Bx,Min,2024-02-12,2024-02-13
pg1,2024-02-13,bx_min,-205.3,Bx,Min,2024-02-13,2024-02-14
pg1,2024-02-14,bx_min,-183.54,Bx,Min,2024-02-14,2024-02-15
pg1,2024-02-15,bx_min,-151.92,Bx,Min,2024-02-15,2024-02-16
pg1,2024-02-16,bx_min,-156.6,Bx,Min,2024-02-16,2024-02-17
pg1,2024-02-17,bx_min,-214.53,Bx,Min,2024-02-17,2024-02-18
pg1,2024-02-18,bx_min,-205.17,Bx,Min,2024-02-18,2024-02-19
pg1,2024-02-19,bx_min,-80.45,Bx,Min,2024-02-19,2024-02-20
pg1,2024-02-20,bx_min,-288.78,Bx,Min,2024-02-20,2024-02-21
pg1,2024-02-21,bx_min,-93.1,Bx,Min,2024-02-21,2024-02-22
pg1,2024-02-22,bx_min,-204.03,Bx,Min,2024-02-22,2024-02-23
pg1,2024-02-23,bx_min,-81.21,Bx,Min,2024-02-23,2024-02-24
pg1,2024-02-24,bx_min,-58.82,Bx,Min,2024-02-24,2024-02-25
pg1,2024-02-25,bx_min,-239.32,Bx,Min,2024-02-25,2024-02-26
pg1,2024-02-26,bx_min,-81.46,Bx,Min,2024-02-26,2024-02-27
pg1,2024-04-30,bx_min,-154.32,Bx,Min,2024-04-30,2024-05-01
pg1,2024-05-01,bx_min,-23.15,Bx,Min,2024-05-01,2024-05-02
pg1,2024-05-02,bx_min,-374.92,Bx,Min,2024-05-02,2024-05-03
pg1,2024-05-03,bx_min,-63.25,Bx,Min,2024-05-03,2024-05-04
pg1,2024-05-04,bx_min,-108.02,Bx,Min,2024-05-04,2024-05-05
pg1,2024-05-05,bx_min,-73.11,Bx,Min,2024-05-05,2024-05-06
pg1,2024-05-06,bx_min,-199.1,Bx,Min,2024-05-06,2024-05-07
pg1,2024-05-07,bx_min,-125.99,Bx,Min,2024-05-07,2024-05-08
pg1,2024-05-08,bx_min,-118.78,Bx,Min,2024-05-08,2024-05-09
pg1,2024-05-09,bx_min,-84.5,Bx,Min,2024-05-09,2024-05-10
pg1,2024-05-10,bx_min,-631.95,Bx,Min,2024-05-10,2024-05-11
pg1,2024-05-11,bx_min,-1517.4,Bx,Min,2024-05-11,2024-05-12
pg1,2024-05-12,bx_min,-940.22,Bx,Min,2024-05-12,2024-05-13
pg1,2024-05-13,bx_min,-292.07,Bx,Min,2024-05-13,2024-05-14
pg1,2024-05-14,bx_min,-79.69,Bx,Min,2024-05-14,2024-05-15
pg1,2024-05-15,bx_min,-132.06,Bx,Min,2024-05-15,2024-05-16
pg1,2024-05-16,bx_min,-405.53,Bx,Min,2024-05-16,2024-05-17
pg1,2024-05-17,bx_min,-252.48,Bx,Min,2024-05-17,2024-05-18
pg1,2024-05-18,bx_min,-144.71,Bx,Min,2024-05-18,2024-05-19
pg1,2024-05-19,bx_min,-120.93,Bx,Min,2024-05-19,2024-05-20
pg1,2024-05-20,bx_min,-53.38,Bx,Min,2024-05-20,2024-05-21
pg1,2024-05-21,bx_min,-92.97,Bx,Min,2024-05-21,2024-05-22
pg1,2024-05-22,bx_min,-13.91,Bx,Min,2024-05-22,2024-05-23
pg1,2024-05-23,bx_min,-106.51,Bx,Min,2024-05-23,2024-05-24
pg1,2024-05-24,bx_min,-32.63,Bx,Min,2024-05-24,2024-05-25
pg1,2024-05-25,bx_min,5.95,Bx,Min,2024-05-25,2024-05-26
pg1,2024-05-26,bx_min,-63.5,Bx,Min,2024-05-26,2024-05-27
pg1,2024-05-27,bx_min,-76.27,Bx,Min,2024-05-27,2024-05-28
pg1,2024-05-28,bx_min,43.89,Bx,Min,2024-05-28,2024-05-29
pg1,2024-05-29,bx_min,-4.05,Bx,Min,2024-05-29,2024-05-30
pg1,2024-05-30,bx_min,-47.06,Bx,Min,2024-05-30,2024-05-31
pg1,2024-05-31,bx_min,-93.48,Bx,Min,2024-05-31,2024-06-01
pg1,2024-06-01,bx_min,24.79,Bx,Min,2024-06-01,2024-06-02
pg1,2024-06-02,bx_min,41.87,Bx,Min,2024-06-02,2024-06-03
pg1,2024-06-03,bx_min,25.93,Bx,Min,2024-06-03,2024-06-04
pg1,2024-06-04,bx_min,-23.91,Bx,Min,2024-06-04,2024-06-05
pg1,2024-06-05,bx_min,7.72,Bx,Min,2024-06-05,2024-06-06
pg1,2024-06-06,bx_min,4.05,Bx,Min,2024-06-06,2024-06-07
pg1,2024-06-07,bx_min,-230.97,Bx,Min,2024-06-07,2024-06-08
pg1,2024-06-08,bx_min,-170.26,Bx,Min,2024-06-08,2024-06-09
pg1,2024-06-09,bx_min,-91.2,Bx,Min,2024-06-09,2024-06-10
pg1,2024-06-10,bx_min,-99.3,Bx,Min,2024-06-10,2024-06-11
pg1,2024-06-11,bx_min,-120.29,Bx,Min,2024-06-11,2024-06-12
pg1,2024-06-12,bx_min,-95.12,Bx,Min,2024-06-12,2024-06-13
pg1,2024-06-13,bx_min,-24.29,Bx,Min,2024-06-13,2024-06-14
pg1,2024-06-14,bx_min,-123.84,Bx,Min,2024-06-14,2024-06-15
pg1,2024-06-15,bx_min,-156.72,Bx,Min,2024-06-15,2024-06-16
pg1,2024-06-16,bx_min,-95.5,Bx,Min,2024-06-16,2024-06-17
pg1,2024-06-17,bx_min,-97.27,Bx,Min,2024-06-17,2024-06-18
pg1,2024-06-18,bx_min,-225.28,Bx,Min,2024-06-18,2024-06-19
pg1,2024-06-19,bx_min,-133.07,Bx,Min,2024-06-19,2024-06-20
pg1,2024-06-20,bx_min,-142.56,Bx,Min,2024-06-20,2024-06-21
pg1,2024-06-21,bx_min,-22.39,Bx,Min,2024-06-21,2024-06-22
pg1,2024-06-22,bx_min,-12.52,Bx,Min,2024-06-22,2024-06-23
pg1,2024-06-23,bx_min,-172.79,Bx,Min,2024-06-23,2024-06-24
pg1,2024-06-24,bx_min,-6.96,Bx,Min,2024-06-24,2024-06-25
pg1,2024-06-25,bx_min,-78.17,Bx,Min,2024-06-25,2024-06-26
pg1,2024-06-26,bx_min,-146.22,Bx,Min,2024-06-26,2024-06-27
pg1,2024-06-27,bx_min,-68.05,Bx,Min,2024-06-27,2024-06-28
pg1,2024-06-28,bx_min,-262.47,Bx,Min,2024-06-28,2024-06-29
pg1,2024-06-29,bx_min,-181.01,Bx,Min,2024-06-29,2024-06-30
pg1,2024-06-30,bx_min,-138.38,Bx,Min,2024-06-30,2024-07-01
pg1,2024-07-01,bx_min,-122.7,Bx,Min,2024-07-01,2024-07-02
pg1,2024-07-02,bx_min,-70.58,Bx,Min,2024-07-02,2024-07-03
pg1,2024-07-03,bx_min,-58.44,Bx,Min,2024-07-03,2024-07-04
pg1,2024-07-04,bx_min,-158.87,Bx,Min,2024-07-04,2024-07-05
pg1,2024-07-05,bx_min,-85.13,Bx,Min,2024-07-05,2024-07-06
pg1,2024-07-06,bx_min,-38.2,Bx,Min,2024-07-06,2024-07-07
pg1,2024-11-01,bx_min,16.32,Bx,Min,2024-11-01,2024-11-02
pg1,2024-11-02,bx_min,-58.95,Bx,Min,2024-11-02,2024-11-03
pg1,2024-11-03,bx_min,-37.19,Bx,Min,2024-11-03,2024-11-04
pg1,2024-11-04,bx_min,-202.89,Bx,Min,2024-11-04,2024-11-05
pg1,2024-11-05,bx_min,-252.73,Bx,Min,2024-11-05,2024-11-06
pg1,2024-11-06,bx_min,-222.37,Bx,Min,2024-11-06,2024-11-07
pg1,2024-11-07,bx_min,-100.94,Bx,Min,2024-11-07,2024-11-08
pg1,2024-11-08,bx_min,-53.76,Bx,Min,2024-11-08,2024-11-09
pg1,2024-11-09,bx_min,-243.37,Bx,Min,2024-11-09,2024-11-10
pg1,2024-11-10,bx_min,-164.06,Bx,Min,2024-11-10,2024-11-11
pg1,2024-11-11,bx_min,-168.87,Bx,Min,2024-11-11,2024-11-12
pg1,2024-11-12,bx_min,-26.69,Bx,Min,2024-11-12,2024-11-13
pg1,2024-11-13,bx_min,-262.47,Bx,Min,2024-11-13,2024-11-14
pg1,2024-11-14,bx_min,-201.0,Bx,Min,2024-11-14,2024-11-15
pg1,2024-11-15,bx_min,-246.66,Bx,Min,2024-11-15,2024-11-16
pg1,2024-11-16,bx_min,-190.62,Bx,Min,2024-11-16,2024-11-17
pg1,2024-11-17,bx_min,-281.7,Bx,Min,2024-11-17,2024-11-18
pg1,2024-11-18,bx_min,-206.43,Bx,Min,2024-11-18,2024-11-19
pg1,2024-11-19,bx_min,-372.77,Bx,Min,2024-11-19,2024-11-20
pg1,2024-11-20,bx_min,-642.33,Bx,Min,2024-11-20,2024-11-21
pg1,2024-11-21,bx_min,-156.22,Bx,Min,2024-11-21,2024-11-22
pg1,2024-11-22,bx_min,-93.1,Bx,Min,2024-11-22,2024-11-23
pg1,2024-11-23,bx_min,-58.95,Bx,Min,2024-11-23,2024-11-24
pg1,2024-11-24,bx_min,-66.03,Bx,Min,2024-11-24,2024-11-25
pg1,2024-11-25,bx_min,-32.13,Bx,Min,2024-11-25,2024-11-26
pg1,2024-11-26,bx_min,-55.91,Bx,Min,2024-11-26,2024-11-27
pg1,2024-11-27,bx_min,-113.72,Bx,Min,2024-11-27,2024-11-28
pg1,2024-11-28,bx_min,-101.07,Bx,Min,2024-11-28,2024-11-29
pg1,2024-11-29,bx_min,-153.31,Bx,Min,2024-11-29,2024-11-30
pg1,2024-11-30,bx_min,-104.86,Bx,Min,2024-11-30,2024-12-01
pg1,2024-12-01,bx_min,-195.56,Bx,Min,2024-12-01,2024-12-02
pg1,2024-12-02,bx_min,-155.84,Bx,Min,2024-12-02,2024-12-03
pg1,2024-12-03,bx_min,-215.16,Bx,Min,2024-12-03,2024-12-04
pg1,2024-12-04,bx_min,-186.96,Bx,Min,2024-12-04,2024-12-05
pg1,2024-12-05,bx_min,-174.94,Bx,Min,2024-12-05,2024-12-06
pg1,2024-12-06,bx_min,-164.19,Bx,Min,2024-12-06,2024-12-07
pg1,2024-12-07,bx_min,-208.08,Bx,Min,2024-12-07,2024-12-08
pg1,2024-12-08,bx_min,-535.19,Bx,Min,2024-12-08,2024-12-09
pg1,2024-12-09,bx_min,-382.76,Bx,Min,2024-12-09,2024-12-10
pg1,2024-12-10,bx_min,-380.36,Bx,Min,2024-12-10,2024-12-11
pg1,2024-12-11,bx_min,-267.66,Bx,Min,2024-12-11,2024-12-12
pg1,2024-12-12,bx_min,-77.41,Bx,Min,2024-12-12,2024-12-13
pg1,2024-12-13,bx_min,-110.68,Bx,Min,2024-12-13,2024-12-14
pg1,2024-12-14,bx_min,-382.13,Bx,Min,2024-12-14,2024-12-15
pg1,2024-12-15,bx_min,-392.5,Bx,Min,2024-12-15,2024-12-16
pg1,2024-12-16,bx_min,-195.18,Bx,Min,2024-12-16,2024-12-17
pg1,2024-12-17,bx_min,-143.82,Bx,Min,2024-12-17,2024-12-18
pg1,2024-12-18,bx_min,-178.61,Bx,Min,2024-12-18,2024-12-19
pg1,2024-12-19,bx_min,-129.53,Bx,Min,2024-12-19,2024-12-20
pg1,2024-12-20,bx_min,-343.05,Bx,Min,2024-12-20,2024-12-21
pg1,2024-12-21,bx_min,-178.86,Bx,Min,2024-12-21,2024-12-22
pg1,2024-12-22,bx_min,-134.08,Bx,Min,2024-12-22,2024-12-23
pg1,2024-12-23,bx_min,-244.38,Bx,Min,2024-12-23,2024-12-24
pg1,2024-12-24,bx_min,-139.39,Bx,Min,2024-12-24,2024-12-25
pg1,2024-12-25,bx_min,-165.96,Bx,Min,2024-12-25,2024-12-26
pg1,2024-12-26,bx_min,-179.49,Bx,Min,2024-12-26,2024-12-27
pg1,2024-12-27,bx_min,-234.64,Bx,Min,2024-12-27,2024-12-28
pg1,2024-12-28,bx_min,-189.61,Bx,Min,2024-12-28,2024-12-29
pg1,2024-12-29,bx_min,-224.14,Bx,Min,2024-12-29,2024-12-30
pg1,2024-12-30,bx_min,-262.98,Bx,Min,2024-12-30,2024-12-31
pg1,2024-12-31,bx_min,-511.41,Bx,Min,2024-12-31,2025-01-01
pg2,2024-01-01,bx_min,17067.89,Bx,Min,2024-01-01,2024-01-02
pg2,2024-01-02,bx_min,17003.28,Bx,Min,2024-01-02,2024-01-03
pg2,2024-01-03,bx_min,17015.21,Bx,Min,2024-01-03,2024-01-04
pg2,2024-01-04,bx_min,17083.52,Bx,Min,2024-01-04,2024-01-05
pg2,2024-01-05,bx_min,15371.74,Bx,Min,2024-01-05,2024-01-06
pg2,2024-01-06,bx_min,16977.63,Bx,Min,2024-01-06,2024-01-07
pg2,2024-01-07,bx_min,16811.08,Bx,Min,2024-01-07,2024-01-08
pg2,2024-01-08,bx_min,17044.91,Bx,Min,2024-01-08,2024-01-09
pg2,2024-01-09,bx_min,16981.51,Bx,Min,2024-01-09,2024-01-10
pg2,2024-01-10,bx_min,16898.67,Bx,Min,2024-01-10,2024-01-11
pg2,2024-01-11,bx_min,16926.92,Bx,Min,2024-01-11,2024-01-12
pg2,2024-01-12,bx_min,17003.45,Bx,Min,2024-01-12,2024-01-13
pg2,2024-01-13,bx_min,16897.22,Bx,Min,2024-01-13,2024-01-14
pg2,2024-01-14,bx_min,16655.69,Bx,Min,2024-01-14,2024-01-15
pg2,2024-01-15,bx_min,15371.74,Bx,Min,2024-01-15,2024-01-16
pg2,2024-01-16,bx_min,17053.88,Bx,Min,2024-01-16,2024-01-17
pg2,2024-01-17,bx_min,17083.46,Bx,Min,2024-01-17,2024-01-18
pg2,2024-01-18,bx_min,16867.81,Bx,Min,2024-01-18,2024-01-19
pg2,2024-01-19,bx_min,16939.37,Bx,Min,2024-01-19,2024-01-20
pg2,2024-01-20,bx_min,17016.83,Bx,Min,2024-01-20,2024-01-21
pg2,2024-01-21,bx_min,15371.74,Bx,Min,2024-01-21,2024-01-22
pg2,2024-01-22,bx_min,17001.43,Bx,Min,2024-01-22,2024-01-23
pg2,2024-01-23,bx_min,16842.86,Bx,Min,2024-01-23,2024-01-24
pg2,2024-01-24,bx_min,17125.32,Bx,Min,2024-01-24,2024-01-25
pg2,2024-01-25,bx_min,17121.21,Bx,Min,2024-01-25,2024-01-26
pg2,2024-01-26,bx_min,17162.6,Bx,Min,2024-01-26,2024-01-27
pg2,2024-01-27,bx_min,17126.65,Bx,Min,2024-01-27,2024-01-28
pg2,2024-01-28,bx_min,17062.85,Bx,Min,2024-01-28,2024-01-29
pg2,2024-01-29,bx_min,17131.4,Bx,Min,2024-01-29,2024-01-30
pg2,2024-01-30,bx_min,17122.6,Bx,Min,2024-01-30,2024-01-31
pg2,2024-01-31,bx_min,17141.07,Bx,Min,2024-01-31,2024-02-01
pg2,2024-02-01,bx_min,17197.45,Bx,Min,2024-02-01,2024-02-02
pg2,2024-02-02,bx_min,17105.11,Bx,Min,2024-02-02,2024-02-03
pg2,2024-02-03,bx_min,17107.02,Bx,Min,2024-02-03,2024-02-04
pg2,2024-02-04,bx_min,17157.86,Bx,Min,2024-02-04,2024-02-05
pg2,2024-02-05,bx_min,17082.48,Bx,Min,2024-02-05,2024-02-06
pg2,2024-02-06,bx_min,16727.71,Bx,Min,2024-02-06,2024-02-07
pg2,2024-02-07,bx_min,17130.41,Bx,Min,2024-02-07,2024-02-08
pg2,2024-02-08,bx_min,17032.34,Bx,Min,2024-02-08,2024-02-09
pg2,2024-02-09,bx_min,17097.76,Bx,Min,2024-02-09,2024-02-10
pg2,2024-02-10,bx_min,15371.74,Bx,Min,2024-02-10,2024-02-11
pg2,2024-02-11,bx_min,16572.33,Bx,Min,2024-02-11,2024-02-12
pg2,2024-02-12,bx_min,17100.77,Bx,Min,2024-02-12,2024-02-13
pg2,2024-02-13,bx_min,16952.91,Bx,Min,2024-02-13,2024-02-14
pg2,2024-02-14,bx_min,16722.56,Bx,Min,2024-02-14,2024-02-15
pg2,2024-02-15,bx_min,17025.74,Bx,Min,2024-02-15,2024-02-16
pg2,2024-02-16,bx_min,16993.27,Bx,Min,2024-02-16,2024-02-17
pg2,2024-02-17,bx_min,16823.93,Bx,Min,2024-02-17,2024-02-18
pg2,2024-02-18,bx_min,17087.69,Bx,Min,2024-02-18,2024-02-19
pg2,2024-02-19,bx_min,16836.37,Bx,Min,2024-02-19,2024-02-20
pg2,2024-02-20,bx_min,16982.79,Bx,Min,2024-02-20,2024-02-21
pg2,2024-02-21,bx_min,17181.53,Bx,Min,2024-02-21,2024-02-22
pg2,2024-02-22,bx_min,17053.13,Bx,Min,2024-02-22,2024-02-23
pg2,2024-02-23,bx_min,17125.03,Bx,Min,2024-02-23,2024-02-24
pg2,2024-02-24,bx_min,17159.82,Bx,Min,2024-02-24,2024-02-25
pg2,2024-02-25,bx_min,17097.76,Bx,Min,2024-02-25,2024-02-26
pg2,2024-02-26,bx_min,17156.75,Bx,Min,2024-02-26,2024-02-27
pg2,2024-02-27,bx_min,17053.42,Bx,Min,2024-02-27,2024-02-28
pg2,2024-02-28,bx_min,17109.51,Bx,Min,2024-02-28,2024-02-29
pg2,2024-02-29,bx_min,17093.42,Bx,Min,2024-02-29,2024-03-01
pg2,2024-03-01,bx_min,17068.24,Bx,Min,2024-03-01,2024-03-02
pg2,2024-03-02,bx_min,17153.45,Bx,Min,2024-03-02,2024-03-03
pg2,2024-03-03,bx_min,17013.93,Bx,Min,2024-03-03,2024-03-04
pg2,2024-03-04,bx_min,17140.2,Bx,Min,2024-03-04,2024-03-05
pg2,2024-03-05,bx_min,17147.61,Bx,Min,2024-03-05,2024-03-06
pg2,2024-03-06,bx_min,16921.82,Bx,Min,2024-03-06,2024-03-07
pg2,2024-03-07,bx_min,17102.1,Bx,Min,2024-03-07,2024-03-08
pg2,2024-03-08,bx_min,16717.58,Bx,Min,2024-03-08,2024-03-09
pg2,2024-03-09,bx_min,16820.22,Bx,Min,2024-03-09,2024-03-10
pg2,2024-03-10,bx_min,17119.12,Bx,Min,2024-03-10,2024-03-11
pg2,2024-03-11,bx_min,17132.85,Bx,Min,2024-03-11,2024-03-12
pg2,2024-03-12,bx_min,17116.35,Bx,Min,2024-03-12,2024-03-13
pg2,2024-03-13,bx_min,16985.8,Bx,Min,2024-03-13,2024-03-14
pg2,2024-03-14,bx_min,17106.27,Bx,Min,2024-03-14,2024-03-15
pg2,2024-03-15,bx_min,17097.65,Bx,Min,2024-03-15,2024-03-16
pg2,2024-03-16,bx_min,16788.5,Bx,Min,2024-03-16,2024-03-17
pg2,2024-03-17,bx_min,17226.8,Bx,Min,2024-03-17,2024-03-18
pg2,2024-03-18,bx_min,17194.04,Bx,Min,2024-03-18,2024-03-19
pg2,2024-03-19,bx_min,17143.21,Bx,Min,2024-03-19,2024-03-20
pg2,2024-03-20,bx_min,17183.67,Bx,Min,2024-03-20,2024-03-21
pg2,2024-03-21,bx_min,16801.93,Bx,Min,2024-03-21,2024-03-22
pg2,2024-03-22,bx_min,17063.78,Bx,Min,2024-03-22,2024-03-23
pg2,2024-03-23,bx_min,15371.74,Bx,Min,2024-03-23,2024-03-24
pg2,2024-03-24,bx_min,15371.74,Bx,Min,2024-03-24,2024-03-25
pg2,2024-03-25,bx_min,17063.02,Bx,Min,2024-03-25,2024-03-26
pg2,2024-03-26,bx_min,17041.2,Bx,Min,2024-03-26,2024-03-27
pg2,2024-03-27,bx_min,17061.93,Bx,Min,2024-03-27,2024-03-28
pg2,2024-03-28,bx_min,17125.49,Bx,Min,2024-03-28,2024-03-29
pg2,2024-03-29,bx_min,17139.33,Bx,Min,2024-03-29,2024-03-30
pg2,2024-03-30,bx_min,16798.51,Bx,Min,2024-03-30,2024-03-31
pg2,2024-03-31,bx_min,16774.02,Bx,Min,2024-03-31,2024-04-01
pg2,2024-04-01,bx_min,17154.79,Bx,Min,2024-04-01,2024-04-02
pg2,2024-04-02,bx_min,17056.08,Bx,Min,2024-04-02,2024-04-03
pg2,2024-04-03,bx_min,17169.37,Bx,Min,2024-04-03,2024-04-04
pg2,2024-04-04,bx_min,16719.89,Bx,Min,2024-04-04,2024-04-05
pg2,2024-04-05,bx_min,17148.01,Bx,Min,2024-04-05,2024-04-06
pg2,2024-04-06,bx_min,16990.31,Bx,Min,2024-04-06,2024-04-07
pg2,2024-04-07,bx_min,15371.74,Bx,Min,2024-04-07,2024-04-08
pg2,2024-04-08,bx_min,16980.47,Bx,Min,2024-04-08,2024-04-09
pg2,2024-04-09,bx_min,16928.02,Bx,Min,2024-04-09,2024-04-10
pg2,2024-04-10,bx_min,17009.36,Bx,Min,2024-04-10,2024-04-11
pg2,2024-04-11,bx_min,15371.74,Bx,Min,2024-04-11,2024-04-12
pg2,2024-04-12,bx_min,17018.56,Bx,Min,2024-04-12,2024-04-13
pg2,2024-04-13,bx_min,16792.09,Bx,Min,2024-04-13,2024-04-14
pg2,2024-04-14,bx_min,17033.1,Bx,Min,2024-04-14,2024-04-15
pg2,2024-04-15,bx_min,17049.6,Bx,Min,2024-04-15,2024-04-16
pg2,2024-04-16,bx_min,16862.48,Bx,Min,2024-04-16,2024-04-17
pg2,2024-04-17,bx_min,17121.61,Bx,Min,2024-04-17,2024-04-18
pg2,2024-04-18,bx_min,17027.42,Bx,Min,2024-04-18,2024-04-19
pg2,2024-04-19,bx_min,17032.81,Bx,Min,2024-04-19,2024-04-20
pg2,2024-04-20,bx_min,16798.28,Bx,Min,2024-04-20,2024-04-21
pg2,2024-04-21,bx_min,17036.8,Bx,Min,2024-04-21,2024-04-22
pg2,2024-04-22,bx_min,16817.39,Bx,Min,2024-04-22,2024-04-23
pg2,2024-04-23,bx_min,17096.55,Bx,Min,2024-04-23,2024-04-24
pg2,2024-04-24,bx_min,16781.61,Bx,Min,2024-04-24,2024-04-25
pg2,2024-04-25,bx_min,16968.37,Bx,Min,2024-04-25,2024-04-26
pg2,2024-04-26,bx_min,15371.74,Bx,Min,2024-04-26,2024-04-27
pg2,2024-04-27,bx_min,17035.18,Bx,Min,2024-04-27,2024-04-28
pg2,2024-04-28,bx_min,17015.78,Bx,Min,2024-04-28,2024-04-29
pg2,2024-04-29,bx_min,16787.28,Bx,Min,2024-04-29,2024-04-30
pg2,2024-04-30,bx_min,16633.35,Bx,Min,2024-04-30,2024-05-01
pg2,2024-05-01,bx_min,17027.71,Bx,Min,2024-05-01,2024-05-02
pg2,2024-05-02,bx_min,16766.96,Bx,Min,2024-05-02,2024-05-03
pg2,2024-05-03,bx_min,16778.54,Bx,Min,2024-05-03,2024-05-04
pg2,2024-05-04,bx_min,15371.74,Bx,Min,2024-05-04,2024-05-05
pg2,2024-05-05,bx_min,17008.55,Bx,Min,2024-05-05,2024-05-06
pg2,2024-05-06,bx_min,17134.87,Bx,Min,2024-05-06,2024-05-07
pg2,2024-05-07,bx_min,16792.38,Bx,Min,2024-05-07,2024-05-08
pg2,2024-05-08,bx_min,16792.78,Bx,Min,2024-05-08,2024-05-09
pg2,2024-05-09,bx_min,16787.34,Bx,Min,2024-05-09,2024-05-10
pg2,2024-05-10,bx_min,16655.17,Bx,Min,2024-05-10,2024-05-11
pg2,2024-05-11,bx_min,15714.87,Bx,Min,2024-05-11,2024-05-12
pg2,2024-05-12,bx_min,16200.83,Bx,Min,2024-05-12,2024-05-13
pg2,2024-05-13,bx_min,15371.74,Bx,Min,2024-05-13,2024-05-14
pg2,2024-05-14,bx_min,16764.7,Bx,Min,2024-05-14,2024-05-15
pg2,2024-05-15,bx_min,16967.44,Bx,Min,2024-05-15,2024-05-16
pg2,2024-05-16,bx_min,16380.53,Bx,Min,2024-05-16,2024-05-17
pg2,2024-05-17,bx_min,16971.21,Bx,Min,2024-05-17,2024-05-18
pg2,2024-05-18,bx_min,17019.26,Bx,Min,2024-05-18,2024-05-19
pg2,2024-05-19,bx_min,16940.87,Bx,Min,2024-05-19,2024-05-20
pg2,2024-05-20,bx_min,16784.68,Bx,Min,2024-05-20,2024-05-21
pg2,2024-05-21,bx_min,16789.48,Bx,Min,2024-05-21,2024-05-22
pg2,2024-05-22,bx_min,16789.42,Bx,Min,2024-05-22,2024-05-23
pg2,2024-05-23,bx_min,16967.91,Bx,Min,2024-05-23,2024-05-24
pg2,2024-05-24,bx_min,17019.55,Bx,Min,2024-05-24,2024-05-25
pg2,2024-05-25,bx_min,17197.05,Bx,Min,2024-05-25,2024-05-26
pg2,2024-05-26,bx_min,16783.63,Bx,Min,2024-05-26,2024-05-27
pg2,2024-05-27,bx_min,17063.61,Bx,Min,2024-05-27,2024-05-28
pg2,2024-05-28,bx_min,17219.45,Bx,Min,2024-05-28,2024-05-29
pg2,2024-05-29,bx_min,16985.45,Bx,Min,2024-05-29,2024-05-30
pg2,2024-05-30,bx_min,16945.79,Bx,Min,2024-05-30,2024-05-31
pg2,2024-05-31,bx_min,16837.77,Bx,Min,2024-05-31,2024-06-01
pg2,2024-06-01,bx_min,17022.38,Bx,Min,2024-06-01,2024-06-02
pg2,2024-06-02,bx_min,17112.64,Bx,Min,2024-06-02,2024-06-03
pg2,2024-06-03,bx_min,16998.01,Bx,Min,2024-06-03,2024-06-04
pg2,2024-06-04,bx_min,15371.74,Bx,Min,2024-06-04,2024-06-05
pg2,2024-06-05,bx_min,17010.52,Bx,Min,2024-06-05,2024-06-06
pg2,2024-06-06,bx_min,17097.3,Bx,Min,2024-06-06,2024-06-07
pg2,2024-06-07,bx_min,16880.49,Bx,Min,2024-06-07,2024-06-08
pg2,2024-06-08,bx_min,16967.27,Bx,Min,2024-06-08,2024-06-09
pg2,2024-06-09,bx_min,17005.36,Bx,Min,2024-06-09,2024-06-10
pg2,2024-06-10,bx_min,16760.65,Bx,Min,2024-06-10,2024-06-11
pg2,2024-06-11,bx_min,17125.67,Bx,Min,2024-06-11,2024-06-12
pg2,2024-06-12,bx_min,17020.01,Bx,Min,2024-06-12,2024-06-13
pg2,2024-06-13,bx_min,15371.74,Bx,Min,2024-06-13,2024-06-14
pg2,2024-06-14,bx_min,17021.75,Bx,Min,2024-06-14,2024-06-15
pg2,2024-06-15,bx_min,16962.0,Bx,Min,2024-06-15,2024-06-16
pg2,2024-06-16,bx_min,16748.61,Bx,Min,2024-06-16,2024-06-17
pg2,2024-06-17,bx_min,17020.76,Bx,Min,2024-06-17,2024-06-18
pg2,2024-06-18,bx_min,16913.95,Bx,Min,2024-06-18,2024-06-19
pg2,2024-06-19,bx_min,16984.52,Bx,Min,2024-06-19,2024-06-20
pg2,2024-06-20,bx_min,16910.42,Bx,Min,2024-06-20,2024-06-21
pg2,2024-06-21,bx_min,17015.55,Bx,Min,2024-06-21,2024-06-22
pg2,2024-06-22,bx_min,17199.07,Bx,Min,2024-06-22,2024-06-23
pg2,2024-06-23,bx_min,17003.34,Bx,Min,2024-06-23,2024-06-24
pg2,2024-06-24,bx_min,17253.9,Bx,Min,2024-06-24,2024-06-25
pg3,2024-01-01,bx_min,17153.49,Bx,Min,2024-01-01,2024-01-02
pg3,2024-01-02,bx_min,17206.4,Bx,Min,2024-01-02,2024-01-03
pg3,2024-01-03,bx_min,17164.14,Bx,Min,2024-01-03,2024-01-04
pg3,2024-01-04,bx_min,17176.0,Bx,Min,2024-01-04,2024-01-05
pg3,2024-01-05,bx_min,17111.57,Bx,Min,2024-01-05,2024-01-06
pg3,2024-01-06,bx_min,17081.86,Bx,Min,2024-01-06,2024-01-07
pg3,2024-01-07,bx_min,17238.07,Bx,Min,2024-01-07,2024-01-08
pg3,2024-01-08,bx_min,15099.28,Bx,Min,2024-01-08,2024-01-09
pg3,2024-01-09,bx_min,17127.58,Bx,Min,2024-01-09,2024-01-10
pg3,2024-01-10,bx_min,16717.79,Bx,Min,2024-01-10,2024-01-11
pg3,2024-01-11,bx_min,17078.81,Bx,Min,2024-01-11,2024-01-12
pg3,2024-01-12,bx_min,17134.2,Bx,Min,2024-01-12,2024-01-13
pg3,2024-01-13,bx_min,17215.5,Bx,Min,2024-01-13,2024-01-14
pg3,2024-01-14,bx_min,16974.88,Bx,Min,2024-01-14,2024-01-15
pg3,2024-01-15,bx_min,17054.16,Bx,Min,2024-01-15,2024-01-16
pg3,2024-01-16,bx_min,17295.3,Bx,Min,2024-01-16,2024-01-17
pg3,2024-01-17,bx_min,17274.23,Bx,Min,2024-01-17,2024-01-18
pg3,2024-01-18,bx_min,17057.62,Bx,Min,2024-01-18,2024-01-19
pg3,2024-01-19,bx_min,17097.18,Bx,Min,2024-01-19,2024-01-20
pg3,2024-01-20,bx_min,17040.0,Bx,Min,2024-01-20,2024-01-21
pg3,2024-01-21,bx_min,16968.78,Bx,Min,2024-01-21,2024-01-22
pg3,2024-01-22,bx_min,17106.44,Bx,Min,2024-01-22,2024-01-23
pg3,2024-01-23,bx_min,17182.1,Bx,Min,2024-01-23,2024-01-24
pg3,2024-01-24,bx_min,17203.41,Bx,Min,2024-01-24,2024-01-25
pg3,2024-01-25,bx_min,17240.95,Bx,Min,2024-01-25,2024-01-26
pg3,2024-01-26,bx_min,17265.94,Bx,Min,2024-01-26,2024-01-27
pg3,2024-01-27,bx_min,17209.8,Bx,Min,2024-01-27,2024-01-28
pg3,2024-01-28,bx_min,17151.64,Bx,Min,2024-01-28,2024-01-29
pg3,2024-01-29,bx_min,17244.52,Bx,Min,2024-01-29,2024-01-30
pg3,2024-01-30,bx_min,17194.6,Bx,Min,2024-01-30,2024-01-31
pg3,2024-01-31,bx_min,17207.67,Bx,Min,2024-01-31,2024-02-01
pg3,2024-02-01,bx_min,17211.35,Bx,Min,2024-02-01,2024-02-02
pg3,2024-02-02,bx_min,17211.47,Bx,Min,2024-02-02,2024-02-03
pg3,2024-02-03,bx_min,17230.81,Bx,Min,2024-02-03,2024-02-04
pg3,2024-02-04,bx_min,17271.87,Bx,Min,2024-02-04,2024-02-05
pg3,2024-02-05,bx_min,17220.33,Bx,Min,2024-02-05,2024-02-06
pg3,2024-02-06,bx_min,17079.5,Bx,Min,2024-02-06,2024-02-07
pg3,2024-02-07,bx_min,17128.5,Bx,Min,2024-02-07,2024-02-08
pg3,2024-02-08,bx_min,17131.55,Bx,Min,2024-02-08,2024-02-09
pg3,2024-02-09,bx_min,17068.9,Bx,Min,2024-02-09,2024-02-10
pg3,2024-02-10,bx_min,17258.57,Bx,Min,2024-02-10,2024-02-11
pg3,2024-02-11,bx_min,16800.13,Bx,Min,2024-02-11,2024-02-12
pg3,2024-02-12,bx_min,17320.06,Bx,Min,2024-02-12,2024-02-13
pg3,2024-02-13,bx_min,17085.95,Bx,Min,2024-02-13,2024-02-14
pg3,2024-02-14,bx_min,17181.87,Bx,Min,2024-02-14,2024-02-15
pg3,2024-02-15,bx_min,17173.52,Bx,Min,2024-02-15,2024-02-16
pg3,2024-02-16,bx_min,17257.99,Bx,Min,2024-02-16,2024-02-17
pg3,2024-02-17,bx_min,17241.12,Bx,Min,2024-02-17,2024-02-18
pg3,2024-02-18,bx_min,17183.25,Bx,Min,2024-02-18,2024-02-19
pg3,2024-02-19,bx_min,17277.22,Bx,Min,2024-02-19,2024-02-20
pg3,2024-02-20,bx_min,17112.95,Bx,Min,2024-02-20,2024-02-21
pg3,2024-02-21,bx_min,17301.17,Bx,Min,2024-02-21,2024-02-22
pg3,2024-02-22,bx_min,17205.59,Bx,Min,2024-02-22,2024-02-23
pg3,2024-02-23,bx_min,17246.13,Bx,Min,2024-02-23,2024-02-24
pg3,2024-02-24,bx_min,17114.62,Bx,Min,2024-02-24,2024-02-25
pg3,2024-02-25,bx_min,17102.47,Bx,Min,2024-02-25,2024-02-26
pg3,2024-02-26,bx_min,17179.63,Bx,Min,2024-02-26,2024-02-27
pg3,2024-02-27,bx_min,17013.11,Bx,Min,2024-02-27,2024-02-28
pg3,2024-02-28,bx_min,17187.46,Bx,Min,2024-02-28,2024-02-29
pg3,2024-02-29,bx_min,17196.27,Bx,Min,2024-02-29,2024-03-01
pg3,2024-03-01,bx_min,17177.96,Bx,Min,2024-03-01,2024-03-02
pg3,2024-03-02,bx_min,17198.28,Bx,Min,2024-03-02,2024-03-03
pg3,2024-03-03,bx_min,17156.48,Bx,Min,2024-03-03,2024-03-04
pg3,2024-03-04,bx_min,17164.48,Bx,Min,2024-03-04,2024-03-05
pg3,2024-03-05,bx_min,17181.99,Bx,Min,2024-03-05,2024-03-06
pg3,2024-03-06,bx_min,17188.49,Bx,Min,2024-03-06,2024-03-07
pg3,2024-03-07,bx_min,17179.17,Bx,Min,2024-03-07,2024-03-08
pg3,2024-03-08,bx_min,16342.1,Bx,Min,2024-03-08,2024-03-09
pg3,2024-03-09,bx_min,17190.28,Bx,Min,2024-03-09,2024-03-10
pg3,2024-03-10,bx_min,17163.04,Bx,Min,2024-03-10,2024-03-11
pg3,2024-03-11,bx_min,17208.19,Bx,Min,2024-03-11,2024-03-12
pg3,2024-03-12,bx_min,17252.69,Bx,Min,2024-03-12,2024-03-13
pg3,2024-03-13,bx_min,16964.0,Bx,Min,2024-03-13,2024-03-14
pg3,2024-03-14,bx_min,17204.85,Bx,Min,2024-03-14,2024-03-15
pg3,2024-03-15,bx_min,17144.04,Bx,Min,2024-03-15,2024-03-16
pg3,2024-03-16,bx_min,17318.5,Bx,Min,2024-03-16,2024-03-17
pg3,2024-03-17,bx_min,17347.7,Bx,Min,2024-03-17,2024-03-18
pg3,2024-03-18,bx_min,17074.55,Bx,Min,2024-03-18,2024-03-19
pg3,2024-03-19,bx_min,17273.77,Bx,Min,2024-03-19,2024-03-20
pg3,2024-03-20,bx_min,17154.12,Bx,Min,2024-03-20,2024-03-21
pg3,2024-03-21,bx_min,16988.76,Bx,Min,2024-03-21,2024-03-22
pg3,2024-03-22,bx_min,17227.3,Bx,Min,2024-03-22,2024-03-23
pg3,2024-03-23,bx_min,17147.27,Bx,Min,2024-03-23,2024-03-24
pg3,2024-03-24,bx_min,16553.06,Bx,Min,2024-03-24,2024-03-25
pg3,2024-03-25,bx_min,17110.65,Bx,Min,2024-03-25,2024-03-26
pg3,2024-03-26,bx_min,17192.93,Bx,Min,2024-03-26,2024-03-27
pg3,2024-03-27,bx_min,17166.44,Bx,Min,2024-03-27,2024-03-28
pg3,2024-03-28,bx_min,17218.55,Bx,Min,2024-03-28,2024-03-29
pg3,2024-03-29,bx_min,17265.82,Bx,Min,2024-03-29,2024-03-30
pg3,2024-03-30,bx_min,17328.29,Bx,Min,2024-03-30,2024-03-31
pg3,2024-03-31,bx_min,17290.35,Bx,Min,2024-03-31,2024-04-01
pg3,2024-04-01,bx_min,17263.75,Bx,Min,2024-04-01,2024-04-02
pg3,2024-04-02,bx_min,17132.82,Bx,Min,2024-04-02,2024-04-03
pg3,2024-04-03,bx_min,17233.4,Bx,Min,2024-04-03,2024-04-04
pg3,2024-04-04,bx_min,16616.69,Bx,Min,2024-04-04,2024-04-05
pg3,2024-04-05,bx_min,17048.23,Bx,Min,2024-04-05,2024-04-06
pg3,2024-04-06,bx_min,17205.08,Bx,Min,2024-04-06,2024-04-07
pg3,2024-04-07,bx_min,17229.14,Bx,Min,2024-04-07,2024-04-08
pg3,2024-04-08,bx_min,17155.1,Bx,Min,2024-04-08,2024-04-09
pg3,2024-04-09,bx_min,16873.31,Bx,Min,2024-04-09,2024-04-10
pg3,2024-04-10,bx_min,17256.03,Bx,Min,2024-04-10,2024-04-11
pg3,2024-04-11,bx_min,17300.14,Bx,Min,2024-04-11,2024-04-12
pg3,2024-04-12,bx_min,17269.27,Bx,Min,2024-04-12,2024-04-13
pg3,2024-04-13,bx_min,17280.73,Bx,Min,2024-04-13,2024-04-14
pg3,2024-04-14,bx_min,17302.61,Bx,Min,2024-04-14,2024-04-15
pg3,2024-04-15,bx_min,17193.85,Bx,Min,2024-04-15,2024-04-16
pg3,2024-04-16,bx_min,17140.7,Bx,Min,2024-04-16,2024-04-17
pg3,2024-04-17,bx_min,17269.16,Bx,Min,2024-04-17,2024-04-18
pg3,2024-04-18,bx_min,17337.16,Bx,Min,2024-04-18,2024-04-19
pg3,2024-04-19,bx_min,17137.48,Bx,Min,2024-04-19,2024-04-20
pg3,2024-04-20,bx_min,17083.64,Bx,Min,2024-04-20,2024-04-21
pg3,2024-04-21,bx_min,17171.34,Bx,Min,2024-04-21,2024-04-22
pg3,2024-04-22,bx_min,17176.98,Bx,Min,2024-04-22,2024-04-23
pg3,2024-04-23,bx_min,17006.84,Bx,Min,2024-04-23,2024-04-24
pg3,2024-04-24,bx_min,17319.31,Bx,Min,2024-04-24,2024-04-25
pg3,2024-04-25,bx_min,17225.69,Bx,Min,2024-04-25,2024-04-26
pg3,2024-04-26,bx_min,17230.99,Bx,Min,2024-04-26,2024-04-27
pg3,2024-04-27,bx_min,17212.27,Bx,Min,2024-04-27,2024-04-28
pg3,2024-04-28,bx_min,17244.46,Bx,Min,2024-04-28,2024-04-29
pg3,2024-04-29,bx_min,17271.0,Bx,Min,2024-04-29,2024-04-30
pg3,2024-04-30,bx_min,16399.56,Bx,Min,2024-04-30,2024-05-01
pg3,2024-05-01,bx_min,16983.4,Bx,Min,2024-05-01,2024-05-02
pg3,2024-05-02,bx_min,16697.76,Bx,Min,2024-05-02,2024-05-03
pg3,2024-05-03,bx_min,16888.86,Bx,Min,2024-05-03,2024-05-04
pg3,2024-05-04,bx_min,16479.48,Bx,Min,2024-05-04,2024-05-05
pg3,2024-05-05,bx_min,17211.24,Bx,Min,2024-05-05,2024-05-06
pg3,2024-05-06,bx_min,17221.54,Bx,Min,2024-05-06,2024-05-07
pg3,2024-05-07,bx_min,17228.28,Bx,Min,2024-05-07,2024-05-08
pg3,2024-05-08,bx_min,17230.47,Bx,Min,2024-05-08,2024-05-09
pg3,2024-05-09,bx_min,17281.19,Bx,Min,2024-05-09,2024-05-10
pg3,2024-05-10,bx_min,16723.15,Bx,Min,2024-05-10,2024-05-11
pg3,2024-05-11,bx_min,14685.59,Bx,Min,2024-05-11,2024-05-12
pg3,2024-05-12,bx_min,15726.49,Bx,Min,2024-05-12,2024-05-13
pg3,2024-05-13,bx_min,16892.68,Bx,Min,2024-05-13,2024-05-14
pg3,2024-05-14,bx_min,17240.68,Bx,Min,2024-05-14,2024-05-15
pg3,2024-05-15,bx_min,17095.0,Bx,Min,2024-05-15,2024-05-16
pg3,2024-05-16,bx_min,16303.36,Bx,Min,2024-05-16,2024-05-17
pg3,2024-05-17,bx_min,17063.97,Bx,Min,2024-05-17,2024-05-18
pg3,2024-05-18,bx_min,16941.1,Bx,Min,2024-05-18,2024-05-19
pg3,2024-05-19,bx_min,17198.41,Bx,Min,2024-05-19,2024-05-20
pg3,2024-05-20,bx_min,17253.05,Bx,Min,2024-05-20,2024-05-21
pg3,2024-05-21,bx_min,17175.67,Bx,Min,2024-05-21,2024-05-22
pg3,2024-05-22,bx_min,17310.06,Bx,Min,2024-05-22,2024-05-23
pg3,2024-05-23,bx_min,16753.39,Bx,Min,2024-05-23,2024-05-24
pg3,2024-05-24,bx_min,17161.62,Bx,Min,2024-05-24,2024-05-25
pg3,2024-05-25,bx_min,17084.35,Bx,Min,2024-05-25,2024-05-26
pg3,2024-05-26,bx_min,17020.38,Bx,Min,2024-05-26,2024-05-27
pg3,2024-05-27,bx_min,17085.39,Bx,Min,2024-05-27,2024-05-28
pg3,2024-05-28,bx_min,17307.41,Bx,Min,2024-05-28,2024-05-29
pg3,2024-05-29,bx_min,17273.38,Bx,Min,2024-05-29,2024-05-30
pg3,2024-05-30,bx_min,16996.89,Bx,Min,2024-05-30,2024-05-31
pg3,2024-05-31,bx_min,16855.83,Bx,Min,2024-05-31,2024-06-01
pg3,2024-06-01,bx_min,17173.14,Bx,Min,2024-06-01,2024-06-02
pg3,2024-06-02,bx_min,16847.59,Bx,Min,2024-06-02,2024-06-03
pg3,2024-06-03,bx_min,17151.6,Bx,Min,2024-06-03,2024-06-04
pg3,2024-06-04,bx_min,17042.78,Bx,Min,2024-06-04,2024-06-05
pg3,2024-06-05,bx_min,17243.73,Bx,Min,2024-06-05,2024-06-06
pg3,2024-06-06,bx_min,17077.96,Bx,Min,2024-06-06,2024-06-07
pg3,2024-06-07,bx_min,17015.09,Bx,Min,2024-06-07,2024-06-08
pg3,2024-06-08,bx_min,16808.32,Bx,Min,2024-06-08,2024-06-09
pg3,2024-06-09,bx_min,17184.6,Bx,Min,2024-06-09,2024-06-10
pg3,2024-06-10,bx_min,17234.23,Bx,Min,2024-06-10,2024-06-11
pg3,2024-06-11,bx_min,17166.05,Bx,Min,2024-06-11,2024-06-12
pg3,2024-06-12,bx_min,17204.57,Bx,Min,2024-06-12,2024-06-13
pg3,2024-06-13,bx_min,17335.51,Bx,Min,2024-06-13,2024-06-14
pg3,2024-06-14,bx_min,17221.04,Bx,Min,2024-06-14,2024-06-15
pg3,2024-06-15,bx_min,17060.11,Bx,Min,2024-06-15,2024-06-16
pg3,2024-06-16,bx_min,17035.93,Bx,Min,2024-06-16,2024-06-17
pg3,2024-06-17,bx_min,17266.47,Bx,Min,2024-06-17,2024-06-18
pg3,2024-06-18,bx_min,17040.88,Bx,Min,2024-06-18,2024-06-19
pg3,2024-06-19,bx_min,16859.22,Bx,Min,2024-06-19,2024-06-20
pg3,2024-06-20,bx_min,17082.05,Bx,Min,2024-06-20,2024-06-21
pg3,2024-06-21,bx_min,17292.38,Bx,Min,2024-06-21,2024-06-22
pg3,2024-06-22,bx_min,17210.45,Bx,Min,2024-06-22,2024-06-23
pg3,2024-06-23,bx_min,16914.78,Bx,Min,2024-06-23,2024-06-24
pg3,2024-06-24,bx_min,17310.69,Bx,Min,2024-06-24,2024-06-25
pg3,2024-06-25,bx_min,17106.17,Bx,Min,2024-06-25,2024-06-26
pg3,2024-06-26,bx_min,17143.2,Bx,Min,2024-06-26,2024-06-27
pg3,2024-06-27,bx_min,17194.44,Bx,Min,2024-06-27,2024-06-28
pg3,2024-06-28,bx_min,17096.56,Bx,Min,2024-06-28,2024-06-29
pg3,2024-06-29,bx_min,16666.8,Bx,Min,2024-06-29,2024-06-30
pg3,2024-06-30,bx_min,17165.65,Bx,Min,2024-06-30,2024-07-01
pg3,2024-07-01,bx_min,17216.72,Bx,Min,2024-07-01,2024-07-02
pg3,2024-07-02,bx_min,17169.39,Bx,Min,2024-07-02,2024-07-03
pg3,2024-07-03,bx_min,17134.9,Bx,Min,2024-07-03,2024-07-04
pg3,2024-07-04,bx_min,17108.65,Bx,Min,2024-07-04,2024-07-05
pg3,2024-07-05,bx_min,17328.08,Bx,Min,2024-07-05,2024-07-06
pg3,2024-10-19,bx_min,16668.64,Bx,Min,2024-10-19,2024-10-20
pg3,2024-10-20,bx_min,17079.52,Bx,Min,2024-10-20,2024-10-21
pg3,2024-10-21,bx_min,17167.95,Bx,Min,2024-10-21,2024-10-22
pg3,2024-10-22,bx_min,17168.47,Bx,Min,2024-10-22,2024-10-23
pg3,2024-10-23,bx_min,17166.92,Bx,Min,2024-10-23,2024-10-24
pg3,2024-10-24,bx_min,17133.24,Bx,Min,2024-10-24,2024-10-25
pg3,2024-10-25,bx_min,17305.39,Bx,Min,2024-10-25,2024-10-26
pg3,2024-10-26,bx_min,17154.08,Bx,Min,2024-10-26,2024-10-27
pg3,2024-10-27,bx_min,17179.87,Bx,Min,2024-10-27,2024-10-28
pg3,2024-10-28,bx_min,17185.63,Bx,Min,2024-10-28,2024-10-29
pg3,2024-10-29,bx_min,16662.59,Bx,Min,2024-10-29,2024-10-30
pg3,2024-10-30,bx_min,17191.79,Bx,Min,2024-10-30,2024-10-31
pg3,2024-10-31,bx_min,17208.26,Bx,Min,2024-10-31,2024-11-01
pg3,2024-11-01,bx_min,17214.36,Bx,Min,2024-11-01,2024-11-02
pg3,2024-11-02,bx_min,17152.47,Bx,Min,2024-11-02,2024-11-03
pg3,2024-11-03,bx_min,17259.33,Bx,Min,2024-11-03,2024-11-04
pg3,2024-11-04,bx_min,17069.21,Bx,Min,2024-11-04,2024-11-05
pg3,2024-11-05,bx_min,17157.71,Bx,Min,2024-11-05,2024-11-06
pg3,2024-11-06,bx_min,17078.42,Bx,Min,2024-11-06,2024-11-07
pg3,2024-11-07,bx_min,17062.7,Bx,Min,2024-11-07,2024-11-08
pg3,2024-11-08,bx_min,16826.29,Bx,Min,2024-11-08,2024-11-09
pg3,2024-11-09,bx_min,16866.3,Bx,Min,2024-11-09,2024-11-10
pg3,2024-11-10,bx_min,16661.15,Bx,Min,2024-11-10,2024-11-11
pg3,2024-11-11,bx_min,17067.83,Bx,Min,2024-11-11,2024-11-12
pg3,2024-12-12,bx_min,17228.47,Bx,Min,2024-12-12,2024-12-13
pg3,2024-12-13,bx_min,17050.09,Bx,Min,2024-12-13,2024-12-14
pg3,2024-12-14,bx_min,15095.04,Bx,Min,2024-12-14,2024-12-15
pg3,2024-12-15,bx_min,17022.28,Bx,Min,2024-12-15,2024-12-16
pg3,2024-12-16,bx_min,16998.85,Bx,Min,2024-12-16,2024-12-17
pg3,2024-12-17,bx_min,16773.66,Bx,Min,2024-12-17,2024-12-18
pg3,2024-12-18,bx_min,17060.86,Bx,Min,2024-12-18,2024-12-19
pg3,2024-12-19,bx_min,17217.07,Bx,Min,2024-12-19,2024-12-20
pg3,2024-12-20,bx_min,17176.82,Bx,Min,2024-12-20,2024-12-21
pg3,2024-12-21,bx_min,17029.36,Bx,Min,2024-12-21,2024-12-22
pg3,2024-12-22,bx_min,17163.64,Bx,Min,2024-12-22,2024-12-23
pg3,2024-12-23,bx_min,16978.29,Bx,Min,2024-12-23,2024-12-24
pg3,2024-12-24,bx_min,17236.7,Bx,Min,2024-12-24,2024-12-25
pg3,2024-12-25,bx_min,17117.75,Bx,Min,2024-12-25,2024-12-26
pg3,2024-12-26,bx_min,17146.82,Bx,Min,2024-12-26,2024-12-27
pg3,2024-12-27,bx_min,17204.63,Bx,Min,2024-12-27,2024-12-28
pg3,2024-12-28,bx_min,17205.55,Bx,Min,2024-12-28,2024-12-29
pg3,2024-12-29,bx_min,17026.89,Bx,Min,2024-12-29,2024-12-30
pg3,2024-12-30,bx_min,17097.48,Bx,Min,2024-12-30,2024-12-31
pg3,2024-12-31,bx_min,16961.19,Bx,Min,2024-12-31,2025-01-01
pg4,2024-01-01,bx_min,18368.24,Bx,Min,2024-01-01,2024-01-02
pg4,2024-01-02,bx_min,18481.7,Bx,Min,2024-01-02,2024-01-03
pg4,2024-01-03,bx_min,16803.7,Bx,Min,2024-01-03,2024-01-04
pg4,2024-01-04,bx_min,18400.51,Bx,Min,2024-01-04,2024-01-05
pg4,2024-01-05,bx_min,18149.69,Bx,Min,2024-01-05,2024-01-06
pg4,2024-01-06,bx_min,18533.41,Bx,Min,2024-01-06,2024-01-07
pg4,2024-01-07,bx_min,18530.16,Bx,Min,2024-01-07,2024-01-08
pg4,2024-01-08,bx_min,18509.15,Bx,Min,2024-01-08,2024-01-09
pg4,2024-01-09,bx_min,18338.82,Bx,Min,2024-01-09,2024-01-10
pg4,2024-01-10,bx_min,18431.15,Bx,Min,2024-01-10,2024-01-11
pg4,2024-01-11,bx_min,18237.37,Bx,Min,2024-01-11,2024-01-12
pg4,2024-01-12,bx_min,18447.28,Bx,Min,2024-01-12,2024-01-13
pg4,2024-01-13,bx_min,18453.49,Bx,Min,2024-01-13,2024-01-14
pg4,2024-01-14,bx_min,18360.87,Bx,Min,2024-01-14,2024-01-15
pg4,2024-01-15,bx_min,18173.19,Bx,Min,2024-01-15,2024-01-16
pg4,2024-01-16,bx_min,18379.04,Bx,Min,2024-01-16,2024-01-17
pg4,2024-01-17,bx_min,18432.54,Bx,Min,2024-01-17,2024-01-18
pg4,2024-01-18,bx_min,18212.01,Bx,Min,2024-01-18,2024-01-19
pg4,2024-01-19,bx_min,18214.63,Bx,Min,2024-01-19,2024-01-20
pg4,2024-01-20,bx_min,18295.0,Bx,Min,2024-01-20,2024-01-21
pg4,2024-01-21,bx_min,18195.94,Bx,Min,2024-01-21,2024-01-22
pg4,2024-01-22,bx_min,18332.09,Bx,Min,2024-01-22,2024-01-23
pg4,2024-01-23,bx_min,18356.0,Bx,Min,2024-01-23,2024-01-24
pg4,2024-01-24,bx_min,18351.06,Bx,Min,2024-01-24,2024-01-25
pg4,2024-01-25,bx_min,18510.43,Bx,Min,2024-01-25,2024-01-26
pg4,2024-01-26,bx_min,18518.03,Bx,Min,2024-01-26,2024-01-27
pg4,2024-01-27,bx_min,18437.82,Bx,Min,2024-01-27,2024-01-28
pg4,2024-01-28,bx_min,18319.67,Bx,Min,2024-01-28,2024-01-29
pg4,2024-01-29,bx_min,18510.25,Bx,Min,2024-01-29,2024-01-30
pg4,2024-01-30,bx_min,18327.62,Bx,Min,2024-01-30,2024-01-31
pg4,2024-01-31,bx_min,18437.82,Bx,Min,2024-01-31,2024-02-01
pg4,2024-02-01,bx_min,18452.86,Bx,Min,2024-02-01,2024-02-02
pg4,2024-02-02,bx_min,18407.76,Bx,Min,2024-02-02,2024-02-03
pg4,2024-02-03,bx_min,18449.78,Bx,Min,2024-02-03,2024-02-04
pg4,2024-02-04,bx_min,18460.75,Bx,Min,2024-02-04,2024-02-05
pg4,2024-02-05,bx_min,18140.23,Bx,Min,2024-02-05,2024-02-06
pg4,2024-02-06,bx_min,18343.75,Bx,Min,2024-02-06,2024-02-07
pg4,2024-02-07,bx_min,18483.15,Bx,Min,2024-02-07,2024-02-08
pg4,2024-02-08,bx_min,18164.66,Bx,Min,2024-02-08,2024-02-09
pg4,2024-02-09,bx_min,18467.71,Bx,Min,2024-02-09,2024-02-10
pg4,2024-02-10,bx_min,18533.64,Bx,Min,2024-02-10,2024-02-11
pg4,2024-02-11,bx_min,18152.82,Bx,Min,2024-02-11,2024-02-12
pg4,2024-02-12,bx_min,18483.27,Bx,Min,2024-02-12,2024-02-13
pg4,2024-02-13,bx_min,18365.28,Bx,Min,2024-02-13,2024-02-14
pg4,2024-02-14,bx_min,18388.61,Bx,Min,2024-02-14,2024-02-15
pg4,2024-02-15,bx_min,18390.99,Bx,Min,2024-02-15,2024-02-16
pg4,2024-02-16,bx_min,18507.35,Bx,Min,2024-02-16,2024-02-17
pg4,2024-02-17,bx_min,18519.83,Bx,Min,2024-02-17,2024-02-18
pg4,2024-02-18,bx_min,18421.98,Bx,Min,2024-02-18,2024-02-19
pg4,2024-02-19,bx_min,18541.36,Bx,Min,2024-02-19,2024-02-20
pg4,2024-02-20,bx_min,18372.77,Bx,Min,2024-02-20,2024-02-21
pg4,2024-02-21,bx_min,18546.41,Bx,Min,2024-02-21,2024-02-22
pg4,2024-02-22,bx_min,18413.45,Bx,Min,2024-02-22,2024-02-23
pg4,2024-02-23,bx_min,18503.23,Bx,Min,2024-02-23,2024-02-24
pg4,2024-02-24,bx_min,18445.43,Bx,Min,2024-02-24,2024-02-25
pg4,2024-02-25,bx_min,18219.44,Bx,Min,2024-02-25,2024-02-26
pg4,2024-02-26,bx_min,18353.85,Bx,Min,2024-02-26,2024-02-27
pg4,2024-02-27,bx_min,18396.68,Bx,Min,2024-02-27,2024-02-28
pg4,2024-02-28,bx_min,18497.66,Bx,Min,2024-02-28,2024-02-29
pg4,2024-02-29,bx_min,18435.91,Bx,Min,2024-02-29,2024-03-01
pg4,2024-03-01,bx_min,18271.27,Bx,Min,2024-03-01,2024-03-02
pg4,2024-03-02,bx_min,18378.34,Bx,Min,2024-03-02,2024-03-03
pg4,2024-03-03,bx_min,18542.34,Bx,Min,2024-03-03,2024-03-04
pg4,2024-03-04,bx_min,18408.75,Bx,Min,2024-03-04,2024-03-05
pg4,2024-03-05,bx_min,18163.56,Bx,Min,2024-03-05,2024-03-06
pg4,2024-03-06,bx_min,18472.88,Bx,Min,2024-03-06,2024-03-07
pg4,2024-03-07,bx_min,18337.6,Bx,Min,2024-03-07,2024-03-08
pg4,2024-03-08,bx_min,18333.71,Bx,Min,2024-03-08,2024-03-09
pg4,2024-03-09,bx_min,18385.25,Bx,Min,2024-03-09,2024-03-10
pg4,2024-03-10,bx_min,18316.82,Bx,Min,2024-03-10,2024-03-11
pg4,2024-03-11,bx_min,18458.14,Bx,Min,2024-03-11,2024-03-12
pg4,2024-03-12,bx_min,18526.5,Bx,Min,2024-03-12,2024-03-13
pg4,2024-03-13,bx_min,18092.58,Bx,Min,2024-03-13,2024-03-14
pg4,2024-03-14,bx_min,18464.58,Bx,Min,2024-03-14,2024-03-15
pg4,2024-03-15,bx_min,18342.47,Bx,Min,2024-03-15,2024-03-16
pg4,2024-03-16,bx_min,18565.21,Bx,Min,2024-03-16,2024-03-17
pg4,2024-03-17,bx_min,18577.74,Bx,Min,2024-03-17,2024-03-18
pg4,2024-03-18,bx_min,18592.54,Bx,Min,2024-03-18,2024-03-19
pg4,2024-03-19,bx_min,18470.73,Bx,Min,2024-03-19,2024-03-20
pg4,2024-03-20,bx_min,18519.94,Bx,Min,2024-03-20,2024-03-21
pg4,2024-03-21,bx_min,18150.96,Bx,Min,2024-03-21,2024-03-22
pg4,2024-03-22,bx_min,18397.37,Bx,Min,2024-03-22,2024-03-23
pg4,2024-03-23,bx_min,18385.94,Bx,Min,2024-03-23,2024-03-24
pg4,2024-03-24,bx_min,18118.99,Bx,Min,2024-03-24,2024-03-25
pg4,2024-03-25,bx_min,18452.97,Bx,Min,2024-03-25,2024-03-26
pg4,2024-03-26,bx_min,18414.09,Bx,Min,2024-03-26,2024-03-27
pg4,2024-03-27,bx_min,18466.96,Bx,Min,2024-03-27,2024-03-28
pg4,2024-03-28,bx_min,18520.87,Bx,Min,2024-03-28,2024-03-29
pg4,2024-03-29,bx_min,18520.41,Bx,Min,2024-03-29,2024-03-30
pg4,2024-03-30,bx_min,18594.63,Bx,Min,2024-03-30,2024-03-31
pg4,2024-03-31,bx_min,18449.72,Bx,Min,2024-03-31,2024-04-01
pg4,2024-04-01,bx_min,18344.22,Bx,Min,2024-04-01,2024-04-02
pg4,2024-04-02,bx_min,18447.34,Bx,Min,2024-04-02,2024-04-03
pg4,2024-04-03,bx_min,18411.83,Bx,Min,2024-04-03,2024-04-04
pg4,2024-04-04,bx_min,18544.43,Bx,Min,2024-04-04,2024-04-05
pg4,2024-04-05,bx_min,18286.82,Bx,Min,2024-04-05,2024-04-06
pg4,2024-04-06,bx_min,18379.21,Bx,Min,2024-04-06,2024-04-07
pg4,2024-04-07,bx_min,18435.74,Bx,Min,2024-04-07,2024-04-08
pg4,2024-04-08,bx_min,18380.6,Bx,Min,2024-04-08,2024-04-09
pg4,2024-04-09,bx_min,18371.55,Bx,Min,2024-04-09,2024-04-10
pg4,2024-04-10,bx_min,18608.33,Bx,Min,2024-04-10,2024-04-11
pg4,2024-04-30,bx_min,17956.66,Bx,Min,2024-04-30,2024-05-01
pg4,2024-05-01,bx_min,18355.36,Bx,Min,2024-05-01,2024-05-02
pg4,2024-05-02,bx_min,17498.31,Bx,Min,2024-05-02,2024-05-03
pg4,2024-05-03,bx_min,18064.32,Bx,Min,2024-05-03,2024-05-04
pg4,2024-05-04,bx_min,18082.13,Bx,Min,2024-05-04,2024-05-05
pg4,2024-05-05,bx_min,18474.15,Bx,Min,2024-05-05,2024-05-06
pg4,2024-05-06,bx_min,18224.26,Bx,Min,2024-05-06,2024-05-07
pg4,2024-05-07,bx_min,18489.36,Bx,Min,2024-05-07,2024-05-08
pg4,2024-05-08,bx_min,18523.77,Bx,Min,2024-05-08,2024-05-09
pg4,2024-05-09,bx_min,18491.1,Bx,Min,2024-05-09,2024-05-10
pg4,2024-05-10,bx_min,17925.15,Bx,Min,2024-05-10,2024-05-11
pg4,2024-05-11,bx_min,16578.05,Bx,Min,2024-05-11,2024-05-12
pg4,2024-05-12,bx_min,16959.97,Bx,Min,2024-05-12,2024-05-13
pg4,2024-05-13,bx_min,18126.84,Bx,Min,2024-05-13,2024-05-14
pg4,2024-05-14,bx_min,18552.52,Bx,Min,2024-05-14,2024-05-15
pg4,2024-05-15,bx_min,18203.85,Bx,Min,2024-05-15,2024-05-16
pg4,2024-05-16,bx_min,17001.73,Bx,Min,2024-05-16,2024-05-17
pg4,2024-05-17,bx_min,18178.95,Bx,Min,2024-05-17,2024-05-18
pg4,2024-05-18,bx_min,18205.76,Bx,Min,2024-05-18,2024-05-19
pg4,2024-05-19,bx_min,18372.96,Bx,Min,2024-05-19,2024-05-20
pg4,2024-05-20,bx_min,18442.71,Bx,Min,2024-05-20,2024-05-21
pg4,2024-05-21,bx_min,18495.29,Bx,Min,2024-05-21,2024-05-22
pg4,2024-05-22,bx_min,18458.61,Bx,Min,2024-05-22,2024-05-23
pg4,2024-05-23,bx_min,18371.91,Bx,Min,2024-05-23,2024-05-24
pg4,2024-05-24,bx_min,18290.2,Bx,Min,2024-05-24,2024-05-25
pg4,2024-05-25,bx_min,16799.42,Bx,Min,2024-05-25,2024-05-26
pg4,2024-05-26,bx_min,18182.72,Bx,Min,2024-05-26,2024-05-27
pg4,2024-05-27,bx_min,18358.1,Bx,Min,2024-05-27,2024-05-28
pg4,2024-05-28,bx_min,18409.46,Bx,Min,2024-05-28,2024-05-29
pg4,2024-05-29,bx_min,18483.16,Bx,Min,2024-05-29,2024-05-30
pg4,2024-05-30,bx_min,18347.48,Bx,Min,2024-05-30,2024-05-31
pg4,2024-05-31,bx_min,18032.36,Bx,Min,2024-05-31,2024-06-01
pg4,2024-06-01,bx_min,18394.78,Bx,Min,2024-06-01,2024-06-02
pg4,2024-06-02,bx_min,18069.44,Bx,Min,2024-06-02,2024-06-03
pg4,2024-06-03,bx_min,18404.35,Bx,Min,2024-06-03,2024-06-04
pg4,2024-06-04,bx_min,18345.16,Bx,Min,2024-06-04,2024-06-05
pg4,2024-06-05,bx_min,18522.11,Bx,Min,2024-06-05,2024-06-06
pg4,2024-06-06,bx_min,18289.21,Bx,Min,2024-06-06,2024-06-07
pg4,2024-06-07,bx_min,18196.24,Bx,Min,2024-06-07,2024-06-08
pg4,2024-06-08,bx_min,17965.96,Bx,Min,2024-06-08,2024-06-09
pg4,2024-06-09,bx_min,18420.6,Bx,Min,2024-06-09,2024-06-10
pg4,2024-06-10,bx_min,18532.26,Bx,Min,2024-06-10,2024-06-11
pg4,2024-06-11,bx_min,18469.06,Bx,Min,2024-06-11,2024-06-12
pg4,2024-06-12,bx_min,18561.39,Bx,Min,2024-06-12,2024-06-13
pg4,2024-06-13,bx_min,18611.94,Bx,Min,2024-06-13,2024-06-14
pg4,2024-06-14,bx_min,18454.61,Bx,Min,2024-06-14,2024-06-15
pg4,2024-06-15,bx_min,18209.19,Bx,Min,2024-06-15,2024-06-16
pg4,2024-06-16,bx_min,18271.63,Bx,Min,2024-06-16,2024-06-17
pg4,2024-06-17,bx_min,18543.46,Bx,Min,2024-06-17,2024-06-18
pg4,2024-06-18,bx_min,18405.8,Bx,Min,2024-06-18,2024-06-19
pg4,2024-06-19,bx_min,18219.46,Bx,Min,2024-06-19,2024-06-20
pg4,2024-06-20,bx_min,18292.93,Bx,Min,2024-06-20,2024-06-21
pg4,2024-06-21,bx_min,18435.29,Bx,Min,2024-06-21,2024-06-22
pg4,2024-06-22,bx_min,18510.27,Bx,Min,2024-06-22,2024-06-23
pg4,2024-06-23,bx_min,18237.56,Bx,Min,2024-06-23,2024-06-24
pg4,2024-06-24,bx_min,18277.43,Bx,Min,2024-06-24,2024-06-25
pg4,2024-06-25,bx_min,18247.66,Bx,Min,2024-06-25,2024-06-26
pg4,2024-06-26,bx_min,18200.36,Bx,Min,2024-06-26,2024-06-27
pg4,2024-06-27,bx_min,18267.63,Bx,Min,2024-06-27,2024-06-28
pg4,2024-06-28,bx_min,18139.78,Bx,Min,2024-06-28,2024-06-29
pg4,2024-06-29,bx_min,18079.94,Bx,Min,2024-06-29,2024-06-30
pg4,2024-06-30,bx_min,18416.08,Bx,Min,2024-06-30,2024-07-01
pg4,2024-07-01,bx_min,18477.3,Bx,Min,2024-07-01,2024-07-02
pg4,2024-07-02,bx_min,18487.4,Bx,Min,2024-07-02,2024-07-03
pg4,2024-07-03,bx_min,18450.14,Bx,Min,2024-07-03,2024-07-04
pg4,2024-07-04,bx_min,18516.53,Bx,Min,2024-07-04,2024-07-05
pg4,2024-07-05,bx_min,18608.17,Bx,Min,2024-07-05,2024-07-06
pg4,2024-10-20,bx_min,18538.7,Bx,Min,2024-10-20,2024-10-21
pg4,2024-10-21,bx_min,18464.07,Bx,Min,2024-10-21,2024-10-22
pg4,2024-10-22,bx_min,18236.52,Bx,Min,2024-10-22,2024-10-23
pg4,2024-10-23,bx_min,18476.66,Bx,Min,2024-10-23,2024-10-24
pg4,2024-10-24,bx_min,18235.07,Bx,Min,2024-10-24,2024-10-25
pg4,2024-10-25,bx_min,18606.72,Bx,Min,2024-10-25,2024-10-26
pg4,2024-10-26,bx_min,18528.14,Bx,Min,2024-10-26,2024-10-27
pg4,2024-10-27,bx_min,18525.94,Bx,Min,2024-10-27,2024-10-28
pg4,2024-10-28,bx_min,18305.06,Bx,Min,2024-10-28,2024-10-29
pg4,2024-10-29,bx_min,18247.66,Bx,Min,2024-10-29,2024-10-30
pg4,2024-10-30,bx_min,18365.24,Bx,Min,2024-10-30,2024-10-31
pg4,2024-10-31,bx_min,18530.46,Bx,Min,2024-10-31,2024-11-01
pg4,2024-11-01,bx_min,18556.0,Bx,Min,2024-11-01,2024-11-02
pg4,2024-11-02,bx_min,18130.37,Bx,Min,2024-11-02,2024-11-03
pg4,2024-11-03,bx_min,18519.73,Bx,Min,2024-11-03,2024-11-04
pg4,2024-11-04,bx_min,18301.11,Bx,Min,2024-11-04,2024-11-05
pg4,2024-11-05,bx_min,18388.45,Bx,Min,2024-11-05,2024-11-06
pg4,2024-11-06,bx_min,18411.96,Bx,Min,2024-11-06,2024-11-07
pg4,2024-11-07,bx_min,18289.74,Bx,Min,2024-11-07,2024-11-08
pg4,2024-11-08,bx_min,18400.29,Bx,Min,2024-11-08,2024-11-09
pg4,2024-11-09,bx_min,18143.43,Bx,Min,2024-11-09,2024-11-10
pg4,2024-11-10,bx_min,17765.86,Bx,Min,2024-11-10,2024-11-11
pg4,2024-11-11,bx_min,18054.47,Bx,Min,2024-11-11,2024-11-12
pg4,2024-11-12,bx_min,18356.88,Bx,Min,2024-11-12,2024-11-13
pg4,2024-11-13,bx_min,18515.66,Bx,Min,2024-11-13,2024-11-14
pg4,2024-11-14,bx_min,18347.54,Bx,Min,2024-11-14,2024-11-15
pg4,2024-11-15,bx_min,18249.93,Bx,Min,2024-11-15,2024-11-16
pg4,2024-11-16,bx_min,18388.16,Bx,Min,2024-11-16,2024-11-17
pg4,2024-11-17,bx_min,18459.89,Bx,Min,2024-11-17,2024-11-18
pg4,2024-11-18,bx_min,18361.41,Bx,Min,2024-11-18,2024-11-19
pg4,2024-11-19,bx_min,18345.97,Bx,Min,2024-11-19,2024-11-20
pg4,2024-11-20,bx_min,18304.71,Bx,Min,2024-11-20,2024-11-21
pg4,2024-11-21,bx_min,18342.43,Bx,Min,2024-11-21,2024-11-22
pg4,2024-11-22,bx_min,18487.46,Bx,Min,2024-11-22,2024-11-23
pg4,2024-11-23,bx_min,18456.35,Bx,Min,2024-11-23,2024-11-24
pg4,2024-11-24,bx_min,18495.41,Bx,Min,2024-11-24,2024-11-25
pg4,2024-11-25,bx_min,18496.8,Bx,Min,2024-11-25,2024-11-26
pg4,2024-11-26,bx_min,18526.46,Bx,Min,2024-11-26,2024-11-27
pg4,2024-11-27,bx_min,18518.97,Bx,Min,2024-11-27,2024-11-28
pg4,2024-11-28,bx_min,18556.11,Bx,Min,2024-11-28,2024-11-29
pg4,2024-11-29,bx_min,18516.88,Bx,Min,2024-11-29,2024-11-30
pg4,2024-11-30,bx_min,18517.0,Bx,Min,2024-11-30,2024-12-01
pg4,2024-12-01,bx_min,18414.8,Bx,Min,2024-12-01,2024-12-02
pg4,2024-12-02,bx_min,18470.4,Bx,Min,2024-12-02,2024-12-03
pg4,2024-12-03,bx_min,18386.25,Bx,Min,2024-12-03,2024-12-04
pg4,2024-12-04,bx_min,18450.61,Bx,Min,2024-12-04,2024-12-05
pg4,2024-12-05,bx_min,18506.9,Bx,Min,2024-12-05,2024-12-06
pg4,2024-12-06,bx_min,18448.46,Bx,Min,2024-12-06,2024-12-07
pg4,2024-12-07,bx_min,18466.04,Bx,Min,2024-12-07,2024-12-08
pg4,2024-12-08,bx_min,18228.39,Bx,Min,2024-12-08,2024-12-09
pg4,2024-12-09,bx_min,18147.73,Bx,Min,2024-12-09,2024-12-10
pg4,2024-12-10,bx_min,18121.9,Bx,Min,2024-12-10,2024-12-11
pg4,2024-12-11,bx_min,18251.55,Bx,Min,2024-12-11,2024-12-12
pg4,2024-12-12,bx_min,18395.3,Bx,Min,2024-12-12,2024-12-13
pg4,2024-12-13,bx_min,18274.36,Bx,Min,2024-12-13,2024-12-14
pg4,2024-12-14,bx_min,18309.06,Bx,Min,2024-12-14,2024-12-15
pg4,2024-12-15,bx_min,18329.32,Bx,Min,2024-12-15,2024-12-16
pg4,2024-12-16,bx_min,18132.87,Bx,Min,2024-12-16,2024-12-17
pg4,2024-12-17,bx_min,18301.87,Bx,Min,2024-12-17,2024-12-18
pg4,2024-12-18,bx_min,18261.59,Bx,Min,2024-12-18,2024-12-19
pg4,2024-12-19,bx_min,18387.64,Bx,Min,2024-12-19,2024-12-20
pg4,2024-12-20,bx_min,18476.43,Bx,Min,2024-12-20,2024-12-21
pg4,2024-12-21,bx_min,18254.69,Bx,Min,2024-12-21,2024-12-22
pg4,2024-12-22,bx_min,18258.98,Bx,Min,2024-12-22,2024-12-23
pg4,2024-12-23,bx_min,18258.46,Bx,Min,2024-12-23,2024-12-24
pg4,2024-12-24,bx_min,18520.13,Bx,Min,2024-12-24,2024-12-25
pg4,2024-12-25,bx_min,18295.48,Bx,Min,2024-12-25,2024-12-26
pg4,2024-12-26,bx_min,18518.56,Bx,Min,2024-12-26,2024-12-27
pg4,2024-12-27,bx_min,18525.18,Bx,Min,2024-12-27,2024-12-28
pg4,2024-12-28,bx_min,18368.37,Bx,Min,2024-12-28,2024-12-29
pg4,2024-12-29,bx_min,18146.45,Bx,Min,2024-12-29,2024-12-30
pg4,2024-12-30,bx_min,18306.16,Bx,Min,2024-12-30,2024-12-31
pg4,2024-12-31,bx_min,18209.48,Bx,Min,2024-12-31,2025-01-01
pg5,2024-01-01,bx_min,17658.16,Bx,Min,2024-01-01,2024-01-02
pg5,2024-01-02,bx_min,17820.66,Bx,Min,2024-01-02,2024-01-03
pg5,2024-01-03,bx_min,17684.42,Bx,Min,2024-01-03,2024-01-04
pg5,2024-01-04,bx_min,17491.43,Bx,Min,2024-01-04,2024-01-05
pg5,2024-01-05,bx_min,16275.98,Bx,Min,2024-01-05,2024-01-06
pg5,2024-01-06,bx_min,17658.7,Bx,Min,2024-01-06,2024-01-07
pg5,2024-01-07,bx_min,17720.33,Bx,Min,2024-01-07,2024-01-08
pg5,2024-01-08,bx_min,17492.46,Bx,Min,2024-01-08,2024-01-09
pg5,2024-01-09,bx_min,17665.94,Bx,Min,2024-01-09,2024-01-10
pg5,2024-01-10,bx_min,17590.67,Bx,Min,2024-01-10,2024-01-11
pg5,2024-01-11,bx_min,17581.92,Bx,Min,2024-01-11,2024-01-12
pg5,2024-01-12,bx_min,17505.07,Bx,Min,2024-01-12,2024-01-13
pg5,2024-01-13,bx_min,17764.76,Bx,Min,2024-01-13,2024-01-14
pg5,2024-01-14,bx_min,17647.23,Bx,Min,2024-01-14,2024-01-15
pg5,2024-01-15,bx_min,17542.26,Bx,Min,2024-01-15,2024-01-16
pg5,2024-01-16,bx_min,16275.98,Bx,Min,2024-01-16,2024-01-17
pg5,2024-01-17,bx_min,17588.13,Bx,Min,2024-01-17,2024-01-18
pg5,2024-01-18,bx_min,17569.42,Bx,Min,2024-01-18,2024-01-19
pg5,2024-01-19,bx_min,17527.53,Bx,Min,2024-01-19,2024-01-20
pg5,2024-01-20,bx_min,17509.0,Bx,Min,2024-01-20,2024-01-21
pg5,2024-01-21,bx_min,17520.1,Bx,Min,2024-01-21,2024-01-22
pg5,2024-01-22,bx_min,16275.98,Bx,Min,2024-01-22,2024-01-23
pg5,2024-01-23,bx_min,17651.03,Bx,Min,2024-01-23,2024-01-24
pg5,2024-01-24,bx_min,17502.05,Bx,Min,2024-01-24,2024-01-25
pg5,2024-01-25,bx_min,17785.41,Bx,Min,2024-01-25,2024-01-26
pg5,2024-01-26,bx_min,17847.1,Bx,Min,2024-01-26,2024-01-27
pg5,2024-01-27,bx_min,17763.74,Bx,Min,2024-01-27,2024-01-28
pg5,2024-01-28,bx_min,17731.86,Bx,Min,2024-01-28,2024-01-29
pg5,2024-01-29,bx_min,17835.69,Bx,Min,2024-01-29,2024-01-30
pg5,2024-01-30,bx_min,17594.53,Bx,Min,2024-01-30,2024-01-31
pg5,2024-01-31,bx_min,17771.77,Bx,Min,2024-01-31,2024-02-01
pg5,2024-02-01,bx_min,17825.73,Bx,Min,2024-02-01,2024-02-02
pg5,2024-02-02,bx_min,17726.07,Bx,Min,2024-02-02,2024-02-03
pg5,2024-02-03,bx_min,17814.32,Bx,Min,2024-02-03,2024-02-04
pg5,2024-02-04,bx_min,17776.23,Bx,Min,2024-02-04,2024-02-05
pg5,2024-02-05,bx_min,17751.24,Bx,Min,2024-02-05,2024-02-06
pg5,2024-02-06,bx_min,17492.94,Bx,Min,2024-02-06,2024-02-07
pg5,2024-02-07,bx_min,16275.98,Bx,Min,2024-02-07,2024-02-08
pg5,2024-02-08,bx_min,17715.08,Bx,Min,2024-02-08,2024-02-09
pg5,2024-02-09,bx_min,17804.72,Bx,Min,2024-02-09,2024-02-10
pg5,2024-02-10,bx_min,17839.44,Bx,Min,2024-02-10,2024-02-11
pg5,2024-02-11,bx_min,17462.82,Bx,Min,2024-02-11,2024-02-12
pg5,2024-02-12,bx_min,17762.71,Bx,Min,2024-02-12,2024-02-13
pg5,2024-02-13,bx_min,17456.0,Bx,Min,2024-02-13,2024-02-14
pg5,2024-02-14,bx_min,17637.33,Bx,Min,2024-02-14,2024-02-15
pg5,2024-02-15,bx_min,17687.86,Bx,Min,2024-02-15,2024-02-16
pg5,2024-02-16,bx_min,17782.63,Bx,Min,2024-02-16,2024-02-17
pg5,2024-02-17,bx_min,17783.36,Bx,Min,2024-02-17,2024-02-18
pg5,2024-02-18,bx_min,17706.09,Bx,Min,2024-02-18,2024-02-19
pg5,2024-02-19,bx_min,17855.73,Bx,Min,2024-02-19,2024-02-20
pg5,2024-02-20,bx_min,17572.44,Bx,Min,2024-02-20,2024-02-21
pg5,2024-02-21,bx_min,17855.49,Bx,Min,2024-02-21,2024-02-22
pg5,2024-02-22,bx_min,17697.21,Bx,Min,2024-02-22,2024-02-23
pg5,2024-02-23,bx_min,17820.36,Bx,Min,2024-02-23,2024-02-24
pg5,2024-02-24,bx_min,17807.2,Bx,Min,2024-02-24,2024-02-25
pg5,2024-02-25,bx_min,17545.58,Bx,Min,2024-02-25,2024-02-26
pg5,2024-02-26,bx_min,17641.74,Bx,Min,2024-02-26,2024-02-27
pg5,2024-02-27,bx_min,17478.87,Bx,Min,2024-02-27,2024-02-28
pg5,2024-02-28,bx_min,17742.31,Bx,Min,2024-02-28,2024-02-29
pg5,2024-02-29,bx_min,17751.66,Bx,Min,2024-02-29,2024-03-01
pg5,2024-03-01,bx_min,17555.3,Bx,Min,2024-03-01,2024-03-02
pg5,2024-03-02,bx_min,17708.38,Bx,Min,2024-03-02,2024-03-03
pg5,2024-03-03,bx_min,17626.83,Bx,Min,2024-03-03,2024-03-04
pg5,2024-03-04,bx_min,17685.62,Bx,Min,2024-03-04,2024-03-05
pg5,2024-03-05,bx_min,17492.09,Bx,Min,2024-03-05,2024-03-06
pg5,2024-03-06,bx_min,17660.87,Bx,Min,2024-03-06,2024-03-07
pg5,2024-03-07,bx_min,17591.58,Bx,Min,2024-03-07,2024-03-08
pg5,2024-03-08,bx_min,16720.39,Bx,Min,2024-03-08,2024-03-09
pg5,2024-03-09,bx_min,17557.17,Bx,Min,2024-03-09,2024-03-10
pg5,2024-03-10,bx_min,17624.35,Bx,Min,2024-03-10,2024-03-11
pg5,2024-03-11,bx_min,17670.47,Bx,Min,2024-03-11,2024-03-12
pg5,2024-03-12,bx_min,17482.86,Bx,Min,2024-03-12,2024-03-13
pg5,2024-03-13,bx_min,17293.92,Bx,Min,2024-03-13,2024-03-14
pg5,2024-03-14,bx_min,17568.82,Bx,Min,2024-03-14,2024-03-15
pg5,2024-03-15,bx_min,17557.41,Bx,Min,2024-03-15,2024-03-16
pg5,2024-03-16,bx_min,17850.66,Bx,Min,2024-03-16,2024-03-17
pg5,2024-03-17,bx_min,17834.18,Bx,Min,2024-03-17,2024-03-18
pg5,2024-03-18,bx_min,17774.0,Bx,Min,2024-03-18,2024-03-19
pg5,2024-03-19,bx_min,17641.02,Bx,Min,2024-03-19,2024-03-20
pg5,2024-03-20,bx_min,17737.06,Bx,Min,2024-03-20,2024-03-21
pg5,2024-03-21,bx_min,17376.74,Bx,Min,2024-03-21,2024-03-22
pg5,2024-03-22,bx_min,17648.44,Bx,Min,2024-03-22,2024-03-23
pg5,2024-03-23,bx_min,17523.97,Bx,Min,2024-03-23,2024-03-24
pg5,2024-03-24,bx_min,17159.18,Bx,Min,2024-03-24,2024-03-25
pg5,2024-03-25,bx_min,17631.9,Bx,Min,2024-03-25,2024-03-26
pg5,2024-03-26,bx_min,17565.08,Bx,Min,2024-03-26,2024-03-27
pg5,2024-03-27,bx_min,17487.51,Bx,Min,2024-03-27,2024-03-28
pg5,2024-03-28,bx_min,17608.11,Bx,Min,2024-03-28,2024-03-29
pg5,2024-03-29,bx_min,17592.3,Bx,Min,2024-03-29,2024-03-30
pg5,2024-03-30,bx_min,17819.94,Bx,Min,2024-03-30,2024-03-31
pg5,2024-03-31,bx_min,17534.29,Bx,Min,2024-03-31,2024-04-01
pg5,2024-04-01,bx_min,17522.16,Bx,Min,2024-04-01,2024-04-02
pg5,2024-04-02,bx_min,17742.07,Bx,Min,2024-04-02,2024-04-03
pg5,2024-04-03,bx_min,17700.66,Bx,Min,2024-04-03,2024-04-04
pg5,2024-04-04,bx_min,17314.44,Bx,Min,2024-04-04,2024-04-05
pg5,2024-04-05,bx_min,17509.42,Bx,Min,2024-04-05,2024-04-06
pg5,2024-04-06,bx_min,17517.27,Bx,Min,2024-04-06,2024-04-07
pg5,2024-04-07,bx_min,17650.91,Bx,Min,2024-04-07,2024-04-08
pg5,2024-04-08,bx_min,17141.25,Bx,Min,2024-04-08,2024-04-09
pg5,2024-04-09,bx_min,17319.81,Bx,Min,2024-04-09,2024-04-10
pg5,2024-04-10,bx_min,17716.95,Bx,Min,2024-04-10,2024-04-11
pg5,2024-04-11,bx_min,17633.59,Bx,Min,2024-04-11,2024-04-12
pg5,2024-04-12,bx_min,17653.39,Bx,Min,2024-04-12,2024-04-13
pg5,2024-04-13,bx_min,17683.03,Bx,Min,2024-04-13,2024-04-14
pg5,2024-04-14,bx_min,17753.9,Bx,Min,2024-04-14,2024-04-15
pg5,2024-04-15,bx_min,17672.71,Bx,Min,2024-04-15,2024-04-16
pg5,2024-04-16,bx_min,17336.11,Bx,Min,2024-04-16,2024-04-17
pg5,2024-04-17,bx_min,17811.49,Bx,Min,2024-04-17,2024-04-18
pg5,2024-04-18,bx_min,17846.62,Bx,Min,2024-04-18,2024-04-19
pg5,2024-04-19,bx_min,17298.69,Bx,Min,2024-04-19,2024-04-20
pg5,2024-04-20,bx_min,17598.88,Bx,Min,2024-04-20,2024-04-21
pg5,2024-04-21,bx_min,17406.74,Bx,Min,2024-04-21,2024-04-22
pg5,2024-04-22,bx_min,17454.12,Bx,Min,2024-04-22,2024-04-23
pg5,2024-04-23,bx_min,17505.25,Bx,Min,2024-04-23,2024-04-24
pg5,2024-04-24,bx_min,17756.73,Bx,Min,2024-04-24,2024-04-25
pg5,2024-04-25,bx_min,17824.64,Bx,Min,2024-04-25,2024-04-26
pg5,2024-04-26,bx_min,17493.0,Bx,Min,2024-04-26,2024-04-27
pg5,2024-04-27,bx_min,17576.61,Bx,Min,2024-04-27,2024-04-28
pg5,2024-04-28,bx_min,17377.34,Bx,Min,2024-04-28,2024-04-29
pg5,2024-04-29,bx_min,17763.8,Bx,Min,2024-04-29,2024-04-30
pg5,2024-04-30,bx_min,17157.91,Bx,Min,2024-04-30,2024-05-01
pg5,2024-05-01,bx_min,17516.48,Bx,Min,2024-05-01,2024-05-02
pg5,2024-05-02,bx_min,16694.37,Bx,Min,2024-05-02,2024-05-03
pg5,2024-05-03,bx_min,17295.24,Bx,Min,2024-05-03,2024-05-04
pg5,2024-05-04,bx_min,17349.27,Bx,Min,2024-05-04,2024-05-05
pg5,2024-05-05,bx_min,17688.94,Bx,Min,2024-05-05,2024-05-06
pg5,2024-05-06,bx_min,17533.08,Bx,Min,2024-05-06,2024-05-07
pg5,2024-05-07,bx_min,17687.5,Bx,Min,2024-05-07,2024-05-08
pg5,2024-05-08,bx_min,17724.56,Bx,Min,2024-05-08,2024-05-09
pg5,2024-05-09,bx_min,17694.68,Bx,Min,2024-05-09,2024-05-10
pg5,2024-05-10,bx_min,16955.69,Bx,Min,2024-05-10,2024-05-11
pg5,2024-05-11,bx_min,16318.78,Bx,Min,2024-05-11,2024-05-12
pg5,2024-05-12,bx_min,16103.33,Bx,Min,2024-05-12,2024-05-13
pg5,2024-05-13,bx_min,17311.42,Bx,Min,2024-05-13,2024-05-14
pg5,2024-05-14,bx_min,17793.25,Bx,Min,2024-05-14,2024-05-15
pg5,2024-05-15,bx_min,17464.26,Bx,Min,2024-05-15,2024-05-16
pg5,2024-05-16,bx_min,16464.01,Bx,Min,2024-05-16,2024-05-17
pg5,2024-05-17,bx_min,17025.41,Bx,Min,2024-05-17,2024-05-18
pg5,2024-05-18,bx_min,17384.1,Bx,Min,2024-05-18,2024-05-19
pg5,2024-05-19,bx_min,17613.54,Bx,Min,2024-05-19,2024-05-20
pg5,2024-05-20,bx_min,17655.19,Bx,Min,2024-05-20,2024-05-21
pg5,2024-05-21,bx_min,17756.13,Bx,Min,2024-05-21,2024-05-22
pg5,2024-05-22,bx_min,17771.16,Bx,Min,2024-05-22,2024-05-23
pg5,2024-05-23,bx_min,17629.54,Bx,Min,2024-05-23,2024-05-24
pg5,2024-05-24,bx_min,14368.86,Bx,Min,2024-05-24,2024-05-25
pg5,2024-05-25,bx_min,14272.22,Bx,Min,2024-05-25,2024-05-26
pg5,2024-05-26,bx_min,17399.73,Bx,Min,2024-05-26,2024-05-27
pg5,2024-05-27,bx_min,14361.5,Bx,Min,2024-05-27,2024-05-28
pg5,2024-05-28,bx_min,17421.1,Bx,Min,2024-05-28,2024-05-29
pg5,2024-05-29,bx_min,17834.36,Bx,Min,2024-05-29,2024-05-30
pg5,2024-05-30,bx_min,17658.76,Bx,Min,2024-05-30,2024-05-31
pg5,2024-05-31,bx_min,17205.05,Bx,Min,2024-05-31,2024-06-01
pg5,2024-06-01,bx_min,17561.75,Bx,Min,2024-06-01,2024-06-02
pg5,2024-06-02,bx_min,17381.14,Bx,Min,2024-06-02,2024-06-03
pg5,2024-06-03,bx_min,17627.25,Bx,Min,2024-06-03,2024-06-04
pg5,2024-06-04,bx_min,17550.22,Bx,Min,2024-06-04,2024-06-05
pg5,2024-06-05,bx_min,17719.24,Bx,Min,2024-06-05,2024-06-06
pg5,2024-06-06,bx_min,17478.93,Bx,Min,2024-06-06,2024-06-07
pg5,2024-06-07,bx_min,17469.45,Bx,Min,2024-06-07,2024-06-08
pg5,2024-06-08,bx_min,17262.1,Bx,Min,2024-06-08,2024-06-09
pg5,2024-06-09,bx_min,17664.61,Bx,Min,2024-06-09,2024-06-10
pg5,2024-06-10,bx_min,17767.35,Bx,Min,2024-06-10,2024-06-11
pg5,2024-06-11,bx_min,17593.74,Bx,Min,2024-06-11,2024-06-12
pg5,2024-06-12,bx_min,17814.5,Bx,Min,2024-06-12,2024-06-13
pg5,2024-06-13,bx_min,17829.53,Bx,Min,2024-06-13,2024-06-14
pg5,2024-06-14,bx_min,17662.8,Bx,Min,2024-06-14,2024-06-15
pg5,2024-06-15,bx_min,17338.1,Bx,Min,2024-06-15,2024-06-16
pg5,2024-06-16,bx_min,17516.11,Bx,Min,2024-06-16,2024-06-17
pg5,2024-06-17,bx_min,17800.25,Bx,Min,2024-06-17,2024-06-18
pg5,2024-06-18,bx_min,17537.85,Bx,Min,2024-06-18,2024-06-19
pg5,2024-06-19,bx_min,17443.07,Bx,Min,2024-06-19,2024-06-20
pg5,2024-06-20,bx_min,17623.08,Bx,Min,2024-06-20,2024-06-21
pg5,2024-06-21,bx_min,17586.56,Bx,Min,2024-06-21,2024-06-22
pg5,2024-06-22,bx_min,17731.86,Bx,Min,2024-06-22,2024-06-23
pg5,2024-06-23,bx_min,17503.92,Bx,Min,2024-06-23,2024-06-24
pg5,2024-06-24,bx_min,17515.03,Bx,Min,2024-06-24,2024-06-25
pg5,2024-06-25,bx_min,17489.31,Bx,Min,2024-06-25,2024-06-26
pg5,2024-06-26,bx_min,17426.95,Bx,Min,2024-06-26,2024-06-27
pg5,2024-06-27,bx_min,17518.41,Bx,Min,2024-06-27,2024-06-28
pg5,2024-06-28,bx_min,17327.71,Bx,Min,2024-06-28,2024-06-29
pg5,2024-06-29,bx_min,17381.68,Bx,Min,2024-06-29,2024-06-30
pg5,2024-06-30,bx_min,17459.25,Bx,Min,2024-06-30,2024-07-01
pg5,2024-07-01,bx_min,17731.13,Bx,Min,2024-07-01,2024-07-02
pg5,2024-07-02,bx_min,17689.0,Bx,Min,2024-07-02,2024-07-03
pg5,2024-07-03,bx_min,17619.82,Bx,Min,2024-07-03,2024-07-04
pg5,2024-07-04,bx_min,17678.98,Bx,Min,2024-07-04,2024-07-05
pg5,2024-07-05,bx_min,17643.18,Bx,Min,2024-07-05,2024-07-06
pg5,2024-07-06,bx_min,17800.98,Bx,Min,2024-07-06,2024-07-07
pg5,2024-07-07,bx_min,17704.69,Bx,Min,2024-07-07,2024-07-08
pg5,2024-07-08,bx_min,17450.5,Bx,Min,2024-07-08,2024-07-09
pg5,2024-07-09,bx_min,17737.35,Bx,Min,2024-07-09,2024-07-10
pg5,2024-10-23,bx_min,17839.31,Bx,Min,2024-10-23,2024-10-24
pg5,2024-10-24,bx_min,17089.45,Bx,Min,2024-10-24,2024-10-25
pg5,2024-10-25,bx_min,17839.31,Bx,Min,2024-10-25,2024-10-26
pg5,2024-10-26,bx_min,17806.05,Bx,Min,2024-10-26,2024-10-27
pg5,2024-10-27,bx_min,17799.29,Bx,Min,2024-10-27,2024-10-28
pg5,2024-10-28,bx_min,17465.89,Bx,Min,2024-10-28,2024-10-29
pg5,2024-10-29,bx_min,17406.61,Bx,Min,2024-10-29,2024-10-30
pg5,2024-10-30,bx_min,17564.59,Bx,Min,2024-10-30,2024-10-31
pg5,2024-10-31,bx_min,17771.7,Bx,Min,2024-10-31,2024-11-01
pg5,2024-11-01,bx_min,17808.7,Bx,Min,2024-11-01,2024-11-02
pg5,2024-11-02,bx_min,17348.24,Bx,Min,2024-11-02,2024-11-03
pg5,2024-11-03,bx_min,17415.18,Bx,Min,2024-11-03,2024-11-04
pg5,2024-11-04,bx_min,17581.73,Bx,Min,2024-11-04,2024-11-05
pg5,2024-11-05,bx_min,17622.3,Bx,Min,2024-11-05,2024-11-06
pg5,2024-11-06,bx_min,17740.79,Bx,Min,2024-11-06,2024-11-07
pg5,2024-11-07,bx_min,17522.27,Bx,Min,2024-11-07,2024-11-08
pg5,2024-11-08,bx_min,17779.85,Bx,Min,2024-11-08,2024-11-09
pg5,2024-11-09,bx_min,17409.99,Bx,Min,2024-11-09,2024-11-10
pg5,2024-11-10,bx_min,17056.92,Bx,Min,2024-11-10,2024-11-11
pg5,2024-11-11,bx_min,17376.19,Bx,Min,2024-11-11,2024-11-12
pg5,2024-11-12,bx_min,17630.02,Bx,Min,2024-11-12,2024-11-13
pg5,2024-11-13,bx_min,14392.17,Bx,Min,2024-11-13,2024-11-14
pg5,2024-11-14,bx_min,17536.94,Bx,Min,2024-11-14,2024-11-15
pg5,2024-11-15,bx_min,14414.14,Bx,Min,2024-11-15,2024-11-16
pg5,2024-11-16,bx_min,17609.5,Bx,Min,2024-11-16,2024-11-17
pg5,2024-11-17,bx_min,14372.85,Bx,Min,2024-11-17,2024-11-18
pg5,2024-11-18,bx_min,17358.56,Bx,Min,2024-11-18,2024-11-19
pg5,2024-11-19,bx_min,17672.88,Bx,Min,2024-11-19,2024-11-20
pg5,2024-11-20,bx_min,17617.41,Bx,Min,2024-11-20,2024-11-21
pg5,2024-11-21,bx_min,14305.84,Bx,Min,2024-11-21,2024-11-22
pg5,2024-11-22,bx_min,17023.29,Bx,Min,2024-11-22,2024-11-23
pg5,2024-11-23,bx_min,17693.35,Bx,Min,2024-11-23,2024-11-24
pg5,2024-11-24,bx_min,17708.44,Bx,Min,2024-11-24,2024-11-25
pg5,2024-11-25,bx_min,17753.05,Bx,Min,2024-11-25,2024-11-26
pg5,2024-11-26,bx_min,14272.22,Bx,Min,2024-11-26,2024-11-27
pg5,2024-11-27,bx_min,14348.82,Bx,Min,2024-11-27,2024-11-28
pg5,2024-11-28,bx_min,14354.68,Bx,Min,2024-11-28,2024-11-29
pg5,2024-11-29,bx_min,14348.7,Bx,Min,2024-11-29,2024-11-30
pg5,2024-11-30,bx_min,14356.91,Bx,Min,2024-11-30,2024-12-01
pg5,2024-12-01,bx_min,14558.53,Bx,Min,2024-12-01,2024-12-02
pg5,2024-12-02,bx_min,14272.22,Bx,Min,2024-12-02,2024-12-03
pg5,2024-12-03,bx_min,14272.22,Bx,Min,2024-12-03,2024-12-04
pg5,2024-12-04,bx_min,14432.91,Bx,Min,2024-12-04,2024-12-05
pg5,2024-12-05,bx_min,14340.86,Bx,Min,2024-12-05,2024-12-06
pg5,2024-12-06,bx_min,14274.94,Bx,Min,2024-12-06,2024-12-07
pg5,2024-12-07,bx_min,14423.25,Bx,Min,2024-12-07,2024-12-08
pg5,2024-12-08,bx_min,14477.58,Bx,Min,2024-12-08,2024-12-09
pg5,2024-12-09,bx_min,14272.22,Bx,Min,2024-12-09,2024-12-10
pg5,2024-12-10,bx_min,14375.08,Bx,Min,2024-12-10,2024-12-11
pg5,2024-12-11,bx_min,14338.86,Bx,Min,2024-12-11,2024-12-12
pg5,2024-12-12,bx_min,14508.25,Bx,Min,2024-12-12,2024-12-13
pg5,2024-12-13,bx_min,14400.98,Bx,Min,2024-12-13,2024-12-14
pg5,2024-12-14,bx_min,14280.25,Bx,Min,2024-12-14,2024-12-15
pg5,2024-12-15,bx_min,14400.5,Bx,Min,2024-12-15,2024-12-16
pg5,2024-12-16,bx_min,17389.35,Bx,Min,2024-12-16,2024-12-17
pg5,2024-12-17,bx_min,17320.11,Bx,Min,2024-12-17,2024-12-18
pg5,2024-12-18,bx_min,17425.86,Bx,Min,2024-12-18,2024-12-19
pg5,2024-12-19,bx_min,17540.25,Bx,Min,2024-12-19,2024-12-20
pg5,2024-12-20,bx_min,17716.33,Bx,Min,2024-12-20,2024-12-21
pg5,2024-12-21,bx_min,17606.77,Bx,Min,2024-12-21,2024-12-22
pg5,2024-12-22,bx_min,17550.57,Bx,Min,2024-12-22,2024-12-23
pg5,2024-12-23,bx_min,17672.57,Bx,Min,2024-12-23,2024-12-24
pg5,2024-12-24,bx_min,17567.83,Bx,Min,2024-12-24,2024-12-25
pg5,2024-12-25,bx_min,17452.9,Bx,Min,2024-12-25,2024-12-26
pg5,2024-12-26,bx_min,17687.24,Bx,Min,2024-12-26,2024-12-27
pg5,2024-12-27,bx_min,17704.2,Bx,Min,2024-12-27,2024-12-28
pg5,2024-12-28,bx_min,17516.95,Bx,Min,2024-12-28,2024-12-29
pg5,2024-12-29,bx_min,17459.0,Bx,Min,2024-12-29,2024-12-30
pg5,2024-12-30,bx_min,17538.32,Bx,Min,2024-12-30,2024-12-31
pg5,2024-12-31,bx_min,17406.42,Bx,Min,2024-12-31,2025-01-01
pg0,2020-01-08,bx_min,14731.38,Bx,Min,2020-01-08,2020-01-09
pg0,2020-01-09,bx_min,14727.68,Bx,Min,2020-01-09,2020-01-10
pg0,2020-01-10,bx_min,14638.61,Bx,Min,2020-01-10,2020-01-11
pg0,2020-01-11,bx_min,14744.45,Bx,Min,2020-01-11,2020-01-12
pg0,2020-01-12,bx_min,14692.91,Bx,Min,2020-01-12,2020-01-13
pg0,2020-01-13,bx_min,14729.97,Bx,Min,2020-01-13,2020-01-14
pg0,2020-01-14,bx_min,14603.72,Bx,Min,2020-01-14,2020-01-15
pg0,2020-01-15,bx_min,14690.56,Bx,Min,2020-01-15,2020-01-16
pg0,2020-01-16,bx_min,14664.65,Bx,Min,2020-01-16,2020-01-17
pg0,2020-01-17,bx_min,14662.77,Bx,Min,2020-01-17,2020-01-18
pg0,2020-01-18,bx_min,14695.72,Bx,Min,2020-01-18,2020-01-19
pg0,2020-01-19,bx_min,14731.49,Bx,Min,2020-01-19,2020-01-20
pg0,2020-01-20,bx_min,14736.77,Bx,Min,2020-01-20,2020-01-21
pg0,2020-01-21,bx_min,14726.63,Bx,Min,2020-01-21,2020-01-22
pg0,2020-01-22,bx_min,14657.2,Bx,Min,2020-01-22,2020-01-23
pg0,2020-01-23,bx_min,14735.25,Bx,Min,2020-01-23,2020-01-24
pg0,2020-01-24,bx_min,14736.89,Bx,Min,2020-01-24,2020-01-25
pg0,2020-01-25,bx_min,14728.97,Bx,Min,2020-01-25,2020-01-26
pg0,2020-01-26,bx_min,14706.51,Bx,Min,2020-01-26,2020-01-27
pg0,2020-01-27,bx_min,14748.44,Bx,Min,2020-01-27,2020-01-28
pg0,2020-01-28,bx_min,14714.08,Bx,Min,2020-01-28,2020-01-29
pg0,2020-01-29,bx_min,14685.58,Bx,Min,2020-01-29,2020-01-30
pg0,2020-01-30,bx_min,14597.39,Bx,Min,2020-01-30,2020-01-31
pg0,2020-01-31,bx_min,14712.85,Bx,Min,2020-01-31,2020-02-01
pg0,2020-02-01,bx_min,14639.55,Bx,Min,2020-02-01,2020-02-02
pg0,2020-02-02,bx_min,14704.87,Bx,Min,2020-02-02,2020-02-03
pg0,2020-02-03,bx_min,14729.03,Bx,Min,2020-02-03,2020-02-04
pg0,2020-02-04,bx_min,14661.13,Bx,Min,2020-02-04,2020-02-05
pg0,2020-02-05,bx_min,14687.75,Bx,Min,2020-02-05,2020-02-06
pg0,2020-02-06,bx_min,14549.3,Bx,Min,2020-02-06,2020-02-07
pg0,2020-02-07,bx_min,14660.95,Bx,Min,2020-02-07,2020-02-08
pg0,2020-02-08,bx_min,14706.4,Bx,Min,2020-02-08,2020-02-09
pg0,2020-02-09,bx_min,14674.09,Bx,Min,2020-02-09,2020-02-10
pg0,2020-02-10,bx_min,14705.63,Bx,Min,2020-02-10,2020-02-11
pg0,2020-02-11,bx_min,14682.0,Bx,Min,2020-02-11,2020-02-12
pg0,2020-02-12,bx_min,14661.83,Bx,Min,2020-02-12,2020-02-13
pg0,2020-02-13,bx_min,14700.24,Bx,Min,2020-02-13,2020-02-14
pg0,2020-02-14,bx_min,14732.37,Bx,Min,2020-02-14,2020-02-15
pg0,2020-02-15,bx_min,14686.11,Bx,Min,2020-02-15,2020-02-16
pg0,2020-02-16,bx_min,14706.75,Bx,Min,2020-02-16,2020-02-17
pg0,2020-02-17,bx_min,14702.17,Bx,Min,2020-02-17,2020-02-18
pg0,2020-02-18,bx_min,14582.9,Bx,Min,2020-02-18,2020-02-19
pg0,2020-02-19,bx_min,14683.0,Bx,Min,2020-02-19,2020-02-20
pg0,2020-02-20,bx_min,14692.09,Bx,Min,2020-02-20,2020-02-21
pg0,2020-02-21,bx_min,14651.92,Bx,Min,2020-02-21,2020-02-22
pg0,2020-02-22,bx_min,14680.6,Bx,Min,2020-02-22,2020-02-23
pg0,2020-02-23,bx_min,14789.14,Bx,Min,2020-02-23,2020-02-24
pg0,2020-02-27,bx_min,14767.79,Bx,Min,2020-02-27,2020-02-28
pg0,2020-02-28,bx_min,14653.44,Bx,Min,2020-02-28,2020-02-29
pg0,2020-02-29,bx_min,14702.29,Bx,Min,2020-02-29,2020-03-01
pg0,2020-03-01,bx_min,14714.96,Bx,Min,2020-03-01,2020-03-02
pg0,2020-03-02,bx_min,14690.51,Bx,Min,2020-03-02,2020-03-03
pg0,2020-03-03,bx_min,14698.6,Bx,Min,2020-03-03,2020-03-04
pg0,2020-03-04,bx_min,14635.62,Bx,Min,2020-03-04,2020-03-05
pg0,2020-03-05,bx_min,14687.51,Bx,Min,2020-03-05,2020-03-06
pg0,2020-03-06,bx_min,14673.97,Bx,Min,2020-03-06,2020-03-07
pg0,2020-03-07,bx_min,14675.79,Bx,Min,2020-03-07,2020-03-08
pg0,2020-03-08,bx_min,14694.02,Bx,Min,2020-03-08,2020-03-09
pg0,2020-03-09,bx_min,14698.71,Bx,Min,2020-03-09,2020-03-10
pg0,2020-03-10,bx_min,14719.24,Bx,Min,2020-03-10,2020-03-11
pg0,2020-03-11,bx_min,14745.22,Bx,Min,2020-03-11,2020-03-12
pg0,2020-03-12,bx_min,14694.73,Bx,Min,2020-03-12,2020-03-13
pg0,2020-03-13,bx_min,14720.94,Bx,Min,2020-03-13,2020-03-14
pg0,2020-03-14,bx_min,14719.3,Bx,Min,2020-03-14,2020-03-15
pg0,2020-03-15,bx_min,14704.64,Bx,Min,2020-03-15,2020-03-16
pg0,2020-03-16,bx_min,14694.08,Bx,Min,2020-03-16,2020-03-17
pg0,2020-03-17,bx_min,14692.44,Bx,Min,2020-03-17,2020-03-18
pg0,2020-03-18,bx_min,14693.97,Bx,Min,2020-03-18,2020-03-19
pg0,2020-03-19,bx_min,14693.14,Bx,Min,2020-03-19,2020-03-20
pg0,2020-03-20,bx_min,14717.01,Bx,Min,2020-03-20,2020-03-21
pg0,2020-03-21,bx_min,14698.6,Bx,Min,2020-03-21,2020-03-22
pg0,2020-03-22,bx_min,14737.06,Bx,Min,2020-03-22,2020-03-23
pg0,2020-03-23,bx_min,14669.16,Bx,Min,2020-03-23,2020-03-24
pg0,2020-03-24,bx_min,14729.68,Bx,Min,2020-03-24,2020-03-25
pg0,2020-03-25,bx_min,14719.94,Bx,Min,2020-03-25,2020-03-26
pg0,2020-03-26,bx_min,14732.73,Bx,Min,2020-03-26,2020-03-27
pg0,2020-03-27,bx_min,14714.2,Bx,Min,2020-03-27,2020-03-28
pg0,2020-03-28,bx_min,14718.3,Bx,Min,2020-03-28,2020-03-29
pg0,2020-03-29,bx_min,14658.31,Bx,Min,2020-03-29,2020-03-30
pg0,2020-03-30,bx_min,14645.82,Bx,Min,2020-03-30,2020-03-31
pg0,2020-03-31,bx_min,14668.4,Bx,Min,2020-03-31,2020-04-01
pg0,2020-04-01,bx_min,14727.57,Bx,Min,2020-04-01,2020-04-02
pg0,2020-04-02,bx_min,14713.84,Bx,Min,2020-04-02,2020-04-03
pg0,2020-04-03,bx_min,14706.34,Bx,Min,2020-04-03,2020-04-04
pg0,2020-04-04,bx_min,14740.82,Bx,Min,2020-04-04,2020-04-05
pg0,2020-04-05,bx_min,14728.74,Bx,Min,2020-04-05,2020-04-06
pg0,2020-04-06,bx_min,14749.67,Bx,Min,2020-04-06,2020-04-07
pg0,2020-04-07,bx_min,14742.34,Bx,Min,2020-04-07,2020-04-08
pg0,2020-04-08,bx_min,14656.44,Bx,Min,2020-04-08,2020-04-09
pg0,2020-04-09,bx_min,14758.12,Bx,Min,2020-04-09,2020-04-10
pg0,2020-04-11,bx_min,14791.89,Bx,Min,2020-04-11,2020-04-12
pg0,2020-04-12,bx_min,14684.58,Bx,Min,2020-04-12,2020-04-13
pg0,2020-04-13,bx_min,14726.04,Bx,Min,2020-04-13,2020-04-14
pg0,2020-04-14,bx_min,14721.88,Bx,Min,2020-04-14,2020-04-15
pg0,2020-04-15,bx_min,14704.87,Bx,Min,2020-04-15,2020-04-16
pg0,2020-04-16,bx_min,14746.21,Bx,Min,2020-04-16,2020-04-17
pg0,2020-04-21,bx_min,14682.71,Bx,Min,2020-04-21,2020-04-22
pg0,2020-04-22,bx_min,14719.18,Bx,Min,2020-04-22,2020-04-23
pg0,2020-04-23,bx_min,14747.68,Bx,Min,2020-04-23,2020-04-24
pg0,2020-04-24,bx_min,14716.07,Bx,Min,2020-04-24,2020-04-25
pg0,2020-04-25,bx_min,14742.11,Bx,Min,2020-04-25,2020-04-26
pg0,2020-04-26,bx_min,14714.66,Bx,Min,2020-04-26,2020-04-27
pg0,2020-04-27,bx_min,14718.24,Bx,Min,2020-04-27,2020-04-28
pg0,2020-04-28,bx_min,14727.62,Bx,Min,2020-04-28,2020-04-29
pg0,2020-04-29,bx_min,14743.87,Bx,Min,2020-04-29,2020-04-30
pg0,2020-04-30,bx_min,14740.23,Bx,Min,2020-04-30,2020-05-01
pg0,2020-05-01,bx_min,14682.77,Bx,Min,2020-05-01,2020-05-02
pg0,2020-05-02,bx_min,14712.38,Bx,Min,2020-05-02,2020-05-03
pg0,2020-05-03,bx_min,14754.48,Bx,Min,2020-05-03,2020-05-04
pg0,2020-05-04,bx_min,14738.53,Bx,Min,2020-05-04,2020-05-05
pg0,2020-05-05,bx_min,14720.53,Bx,Min,2020-05-05,2020-05-06
pg0,2020-05-06,bx_min,14753.25,Bx,Min,2020-05-06,2020-05-07
pg0,2020-05-07,bx_min,14728.27,Bx,Min,2020-05-07,2020-05-08
pg0,2020-05-08,bx_min,14736.13,Bx,Min,2020-05-08,2020-05-09
pg0,2020-05-09,bx_min,14758.53,Bx,Min,2020-05-09,2020-05-10
pg0,2020-05-10,bx_min,14746.51,Bx,Min,2020-05-10,2020-05-11
pg0,2020-05-11,bx_min,14668.57,Bx,Min,2020-05-11,2020-05-12
pg0,2020-05-12,bx_min,14759.64,Bx,Min,2020-05-12,2020-05-13
pg0,2020-05-13,bx_min,14735.54,Bx,Min,2020-05-13,2020-05-14
pg0,2020-05-14,bx_min,14765.74,Bx,Min,2020-05-14,2020-05-15
pg0,2020-05-15,bx_min,14747.8,Bx,Min,2020-05-15,2020-05-16
pg0,2020-05-16,bx_min,14711.32,Bx,Min,2020-05-16,2020-05-17
pg0,2020-05-17,bx_min,14748.15,Bx,Min,2020-05-17,2020-05-18
pg0,2020-05-18,bx_min,14759.41,Bx,Min,2020-05-18,2020-05-19
pg0,2020-05-19,bx_min,14670.92,Bx,Min,2020-05-19,2020-05-20
pg0,2020-05-20,bx_min,14766.33,Bx,Min,2020-05-20,2020-05-21
pg0,2020-05-21,bx_min,14735.48,Bx,Min,2020-05-21,2020-05-22
pg0,2020-05-22,bx_min,14720.7,Bx,Min,2020-05-22,2020-05-23
pg0,2020-05-23,bx_min,14750.2,Bx,Min,2020-05-23,2020-05-24
pg0,2020-05-24,bx_min,14721.41,Bx,Min,2020-05-24,2020-05-25
pg0,2020-05-25,bx_min,14753.07,Bx,Min,2020-05-25,2020-05-26
pg0,2020-05-26,bx_min,14758.94,Bx,Min,2020-05-26,2020-05-27
pg0,2020-05-27,bx_min,14735.54,Bx,Min,2020-05-27,2020-05-28
pg0,2020-05-28,bx_min,14737.71,Bx,Min,2020-05-28,2020-05-29
pg0,2020-05-29,bx_min,14758.7,Bx,Min,2020-05-29,2020-05-30
pg0,2020-05-30,bx_min,14685.17,Bx,Min,2020-05-30,2020-05-31
pg0,2020-05-31,bx_min,14736.19,Bx,Min,2020-05-31,2020-06-01
pg0,2020-06-01,bx_min,14695.02,Bx,Min,2020-06-01,2020-06-02
pg0,2020-06-02,bx_min,14703.76,Bx,Min,2020-06-02,2020-06-03
pg0,2020-06-03,bx_min,14754.36,Bx,Min,2020-06-03,2020-06-04
pg0,2020-06-04,bx_min,14761.46,Bx,Min,2020-06-04,2020-06-05
pg0,2020-11-06,bx_min,14592.81,Bx,Min,2020-11-06,2020-11-07
pg0,2020-11-07,bx_min,14710.03,Bx,Min,2020-11-07,2020-11-08
pg0,2020-11-08,bx_min,14716.89,Bx,Min,2020-11-08,2020-11-09
pg0,2020-11-09,bx_min,14723.81,Bx,Min,2020-11-09,2020-11-10
pg0,2020-11-10,bx_min,14755.48,Bx,Min,2020-11-10,2020-11-11
pg0,2020-11-11,bx_min,14726.22,Bx,Min,2020-11-11,2020-11-12
pg0,2020-11-12,bx_min,14713.84,Bx,Min,2020-11-12,2020-11-13
pg0,2020-11-13,bx_min,14718.65,Bx,Min,2020-11-13,2020-11-14
pg0,2020-11-14,bx_min,14723.93,Bx,Min,2020-11-14,2020-11-15
pg0,2020-11-15,bx_min,14734.66,Bx,Min,2020-11-15,2020-11-16
pg0,2020-11-16,bx_min,14734.48,Bx,Min,2020-11-16,2020-11-17
pg0,2020-11-17,bx_min,14700.94,Bx,Min,2020-11-17,2020-11-18
pg0,2020-11-18,bx_min,14689.51,Bx,Min,2020-11-18,2020-11-19
pg0,2020-11-19,bx_min,14644.0,Bx,Min,2020-11-19,2020-11-20
pg0,2020-11-20,bx_min,14671.33,Bx,Min,2020-11-20,2020-11-21
pg0,2020-11-21,bx_min,14587.83,Bx,Min,2020-11-21,2020-11-22
pg0,2020-11-22,bx_min,14403.23,Bx,Min,2020-11-22,2020-11-23
pg0,2020-12-18,bx_min,14657.14,Bx,Min,2020-12-18,2020-12-19
pg0,2020-12-19,bx_min,14560.44,Bx,Min,2020-12-19,2020-12-20
pg0,2020-12-20,bx_min,14625.71,Bx,Min,2020-12-20,2020-12-21
pg0,2020-12-21,bx_min,14676.73,Bx,Min,2020-12-21,2020-12-22
pg0,2020-12-22,bx_min,14473.6,Bx,Min,2020-12-22,2020-12-23
pg0,2020-12-23,bx_min,14425.69,Bx,Min,2020-12-23,2020-12-24
pg0,2020-12-24,bx_min,14549.36,Bx,Min,2020-12-24,2020-12-25
pg0,2020-12-25,bx_min,14539.16,Bx,Min,2020-12-25,2020-12-26
pg0,2020-12-26,bx_min,14683.0,Bx,Min,2020-12-26,2020-12-27
pg0,2020-12-27,bx_min,14665.76,Bx,Min,2020-12-27,2020-12-28
pg0,2020-12-28,bx_min,14696.08,Bx,Min,2020-12-28,2020-12-29
pg0,2020-12-29,bx_min,14695.2,Bx,Min,2020-12-29,2020-12-30
pg0,2020-12-30,bx_min,14697.66,Bx,Min,2020-12-30,2020-12-31
pg0,2020-12-31,bx_min,14636.03,Bx,Min,2020-12-31,2021-01-01
pg0,2021-01-01,bx_min,14666.76,Bx,Min,2021-01-01,2021-01-02
pg0,2021-01-02,bx_min,14691.03,Bx,Min,2021-01-02,2021-01-03
pg0,2021-01-03,bx_min,14697.01,Bx,Min,2021-01-03,2021-01-04
pg0,2021-01-04,bx_min,14589.7,Bx,Min,2021-01-04,2021-01-05
pg0,2021-01-05,bx_min,14436.18,Bx,Min,2021-01-05,2021-01-06
pg0,2021-01-06,bx_min,14550.65,Bx,Min,2021-01-06,2021-01-07
pg0,2021-01-07,bx_min,14674.15,Bx,Min,2021-01-07,2021-01-08
pg0,2021-01-08,bx_min,14692.79,Bx,Min,2021-01-08,2021-01-09
pg0,2021-01-09,bx_min,14683.76,Bx,Min,2021-01-09,2021-01-10
pg0,2021-01-10,bx_min,14728.5,Bx,Min,2021-01-10,2021-01-11
pg0,2021-01-11,bx_min,14517.46,Bx,Min,2021-01-11,2021-01-12
pg0,2021-01-12,bx_min,14577.62,Bx,Min,2021-01-12,2021-01-13
pg0,2021-01-13,bx_min,14409.97,Bx,Min,2021-01-13,2021-01-14
pg0,2021-01-14,bx_min,14687.81,Bx,Min,2021-01-14,2021-01-15
pg0,2021-01-15,bx_min,14699.77,Bx,Min,2021-01-15,2021-01-16
pg0,2021-01-16,bx_min,14696.55,Bx,Min,2021-01-16,2021-01-17
pg0,2021-01-17,bx_min,14683.0,Bx,Min,2021-01-17,2021-01-18
pg0,2021-01-18,bx_min,14668.63,Bx,Min,2021-01-18,2021-01-19
pg0,2021-01-19,bx_min,14668.63,Bx,Min,2021-01-19,2021-01-20
pg0,2021-01-20,bx_min,14468.49,Bx,Min,2021-01-20,2021-01-21
pg0,2021-01-21,bx_min,14698.42,Bx,Min,2021-01-21,2021-01-22
pg0,2021-01-22,bx_min,14645.76,Bx,Min,2021-01-22,2021-01-23
pg0,2021-01-23,bx_min,14569.18,Bx,Min,2021-01-23,2021-01-24
pg0,2021-01-24,bx_min,14633.21,Bx,Min,2021-01-24,2021-01-25
pg0,2021-01-25,bx_min,14607.41,Bx,Min,2021-01-25,2021-01-26
pg0,2021-01-26,bx_min,14605.07,Bx,Min,2021-01-26,2021-01-27
pg0,2021-01-27,bx_min,14606.06,Bx,Min,2021-01-27,2021-01-28
pg0,2021-01-28,bx_min,14705.28,Bx,Min,2021-01-28,2021-01-29
pg0,2021-01-29,bx_min,14698.77,Bx,Min,2021-01-29,2021-01-30
pg0,2021-01-30,bx_min,14708.98,Bx,Min,2021-01-30,2021-01-31
pg0,2021-01-31,bx_min,14696.13,Bx,Min,2021-01-31,2021-02-01
pg0,2021-02-01,bx_min,14610.99,Bx,Min,2021-02-01,2021-02-02
pg0,2021-02-02,bx_min,14603.78,Bx,Min,2021-02-02,2021-02-03
pg0,2021-02-03,bx_min,14601.49,Bx,Min,2021-02-03,2021-02-04
pg0,2021-02-04,bx_min,14689.51,Bx,Min,2021-02-04,2021-02-05
pg0,2021-02-05,bx_min,14566.72,Bx,Min,2021-02-05,2021-02-06
pg0,2021-02-06,bx_min,14554.69,Bx,Min,2021-02-06,2021-02-07
pg0,2021-02-07,bx_min,14495.0,Bx,Min,2021-02-07,2021-02-08
pg0,2021-02-08,bx_min,14590.93,Bx,Min,2021-02-08,2021-02-09
pg0,2021-02-09,bx_min,14577.39,Bx,Min,2021-02-09,2021-02-10
pg0,2021-02-10,bx_min,14688.8,Bx,Min,2021-02-10,2021-02-11
pg0,2021-02-11,bx_min,14640.95,Bx,Min,2021-02-11,2021-02-12
pg0,2021-02-12,bx_min,14641.25,Bx,Min,2021-02-12,2021-02-13
pg0,2021-02-13,bx_min,14452.6,Bx,Min,2021-02-13,2021-02-14
pg0,2021-02-14,bx_min,14642.89,Bx,Min,2021-02-14,2021-02-15
pg0,2021-02-15,bx_min,14667.23,Bx,Min,2021-02-15,2021-02-16
pg0,2021-02-16,bx_min,14377.25,Bx,Min,2021-02-16,2021-02-17
pg0,2021-02-17,bx_min,14692.15,Bx,Min,2021-02-17,2021-02-18
pg0,2021-02-18,bx_min,14679.54,Bx,Min,2021-02-18,2021-02-19
pg0,2021-02-19,bx_min,14563.67,Bx,Min,2021-02-19,2021-02-20
pg0,2021-02-20,bx_min,14540.91,Bx,Min,2021-02-20,2021-02-21
pg0,2021-02-21,bx_min,14539.04,Bx,Min,2021-02-21,2021-02-22
pg0,2021-02-22,bx_min,14487.67,Bx,Min,2021-02-22,2021-02-23
pg0,2021-02-23,bx_min,14653.5,Bx,Min,2021-02-23,2021-02-24
pg0,2021-02-24,bx_min,14552.29,Bx,Min,2021-02-24,2021-02-25
pg0,2021-02-25,bx_min,14626.12,Bx,Min,2021-02-25,2021-02-26
pg0,2021-02-26,bx_min,14562.67,Bx,Min,2021-02-26,2021-02-27
pg0,2021-02-27,bx_min,14662.36,Bx,Min,2021-02-27,2021-02-28
pg0,2021-02-28,bx_min,14674.97,Bx,Min,2021-02-28,2021-03-01
pg0,2021-03-01,bx_min,14573.46,Bx,Min,2021-03-01,2021-03-02
pg0,2021-03-02,bx_min,14591.52,Bx,Min,2021-03-02,2021-03-03
pg0,2021-03-03,bx_min,14628.52,Bx,Min,2021-03-03,2021-03-04
pg0,2021-03-04,bx_min,14666.35,Bx,Min,2021-03-04,2021-03-05
pg0,2021-03-05,bx_min,14646.0,Bx,Min,2021-03-05,2021-03-06
pg0,2021-03-06,bx_min,14547.6,Bx,Min,2021-03-06,2021-03-07
pg0,2021-03-07,bx_min,14590.29,Bx,Min,2021-03-07,2021-03-08
pg0,2021-03-08,bx_min,14611.58,Bx,Min,2021-03-08,2021-03-09
pg0,2021-03-09,bx_min,14681.24,Bx,Min,2021-03-09,2021-03-10
pg0,2021-03-10,bx_min,14689.74,Bx,Min,2021-03-10,2021-03-11
pg0,2021-03-11,bx_min,14698.48,Bx,Min,2021-03-11,2021-03-12
pg0,2021-03-12,bx_min,14543.32,Bx,Min,2021-03-12,2021-03-13
pg0,2021-03-13,bx_min,14600.96,Bx,Min,2021-03-13,2021-03-14
pg0,2021-03-14,bx_min,14621.84,Bx,Min,2021-03-14,2021-03-15
pg0,2021-03-15,bx_min,14639.72,Bx,Min,2021-03-15,2021-03-16
pg0,2021-03-16,bx_min,14696.37,Bx,Min,2021-03-16,2021-03-17
pg0,2021-03-17,bx_min,14644.0,Bx,Min,2021-03-17,2021-03-18
pg0,2021-03-18,bx_min,14698.01,Bx,Min,2021-03-18,2021-03-19
pg0,2021-03-19,bx_min,14679.6,Bx,Min,2021-03-19,2021-03-20
pg0,2021-03-20,bx_min,14375.73,Bx,Min,2021-03-20,2021-03-21
pg0,2021-03-21,bx_min,14477.99,Bx,Min,2021-03-21,2021-03-22
pg0,2021-03-22,bx_min,14598.56,Bx,Min,2021-03-22,2021-03-23
pg0,2021-03-23,bx_min,14644.88,Bx,Min,2021-03-23,2021-03-24
pg0,2021-03-24,bx_min,14552.11,Bx,Min,2021-03-24,2021-03-25
pg0,2021-03-25,bx_min,14596.1,Bx,Min,2021-03-25,2021-03-26
pg0,2021-03-26,bx_min,14556.04,Bx,Min,2021-03-26,2021-03-27
pg0,2021-03-27,bx_min,14699.95,Bx,Min,2021-03-27,2021-03-28
pg0,2021-03-28,bx_min,14704.11,Bx,Min,2021-03-28,2021-03-29
pg0,2021-03-29,bx_min,14667.64,Bx,Min,2021-03-29,2021-03-30
pg0,2021-03-30,bx_min,14694.55,Bx,Min,2021-03-30,2021-03-31
pg0,2021-03-31,bx_min,14631.86,Bx,Min,2021-03-31,2021-04-01
pg0,2021-04-01,bx_min,14691.44,Bx,Min,2021-04-01,2021-04-02
pg0,2021-04-02,bx_min,14640.48,Bx,Min,2021-04-02,2021-04-03
pg0,2021-04-03,bx_min,14693.44,Bx,Min,2021-04-03,2021-04-04
pg0,2021-04-04,bx_min,14690.62,Bx,Min,2021-04-04,2021-04-05
pg0,2021-04-05,bx_min,14625.12,Bx,Min,2021-04-05,2021-04-06
pg0,2021-04-06,bx_min,14711.67,Bx,Min,2021-04-06,2021-04-07
pg0,2021-04-07,bx_min,14463.1,Bx,Min,2021-04-07,2021-04-08
pg0,2021-04-08,bx_min,14701.59,Bx,Min,2021-04-08,2021-04-09
pg0,2021-04-09,bx_min,14711.21,Bx,Min,2021-04-09,2021-04-10
pg0,2021-04-10,bx_min,14692.26,Bx,Min,2021-04-10,2021-04-11
pg0,2021-04-11,bx_min,14692.56,Bx,Min,2021-04-11,2021-04-12
pg0,2021-04-12,bx_min,14685.87,Bx,Min,2021-04-12,2021-04-13
pg0,2021-04-13,bx_min,14619.49,Bx,Min,2021-04-13,2021-04-14
pg0,2021-04-14,bx_min,14657.43,Bx,Min,2021-04-14,2021-04-15
pg0,2021-04-15,bx_min,14439.41,Bx,Min,2021-04-15,2021-04-16
pg0,2021-04-16,bx_min,14531.59,Bx,Min,2021-04-16,2021-04-17
pg0,2021-04-17,bx_min,14241.73,Bx,Min,2021-04-17,2021-04-18
pg0,2021-04-18,bx_min,14564.25,Bx,Min,2021-04-18,2021-04-19
pg0,2021-04-19,bx_min,14343.24,Bx,Min,2021-04-19,2021-04-20
pg0,2021-04-20,bx_min,14595.57,Bx,Min,2021-04-20,2021-04-21
pg0,2021-04-21,bx_min,14681.01,Bx,Min,2021-04-21,2021-04-22
pg0,2021-04-22,bx_min,14655.15,Bx,Min,2021-04-22,2021-04-23
pg0,2021-04-23,bx_min,14639.66,Bx,Min,2021-04-23,2021-04-24
pg0,2021-04-24,bx_min,14374.32,Bx,Min,2021-04-24,2021-04-25
pg0,2021-04-25,bx_min,14336.44,Bx,Min,2021-04-25,2021-04-26
pg0,2021-04-26,bx_min,14539.1,Bx,Min,2021-04-26,2021-04-27
pg0,2021-04-27,bx_min,14685.52,Bx,Min,2021-04-27,2021-04-28
pg0,2021-04-28,bx_min,14723.93,Bx,Min,2021-04-28,2021-04-29
pg0,2021-04-29,bx_min,14663.77,Bx,Min,2021-04-29,2021-04-30
pg0,2021-04-30,bx_min,14683.23,Bx,Min,2021-04-30,2021-05-01
pg0,2021-05-01,bx_min,14688.16,Bx,Min,2021-05-01,2021-05-02
pg0,2021-05-02,bx_min,14659.72,Bx,Min,2021-05-02,2021-05-03
pg0,2021-05-03,bx_min,14648.93,Bx,Min,2021-05-03,2021-05-04
pg0,2021-05-04,bx_min,14699.83,Bx,Min,2021-05-04,2021-05-05
pg0,2021-05-05,bx_min,14719.36,Bx,Min,2021-05-05,2021-05-06
pg0,2021-05-06,bx_min,14654.68,Bx,Min,2021-05-06,2021-05-07
pg0,2021-05-07,bx_min,14699.77,Bx,Min,2021-05-07,2021-05-08
pg0,2021-05-08,bx_min,14699.48,Bx,Min,2021-05-08,2021-05-09
pg0,2021-05-09,bx_min,14684.52,Bx,Min,2021-05-09,2021-05-10
pg0,2021-05-10,bx_min,14705.87,Bx,Min,2021-05-10,2021-05-11
pg0,2021-05-11,bx_min,14727.45,Bx,Min,2021-05-11,2021-05-12
pg0,2021-05-12,bx_min,14530.71,Bx,Min,2021-05-12,2021-05-13
pg0,2021-05-13,bx_min,14692.32,Bx,Min,2021-05-13,2021-05-14
pg0,2021-05-14,bx_min,14423.34,Bx,Min,2021-05-14,2021-05-15
pg0,2021-05-15,bx_min,14363.06,Bx,Min,2021-05-15,2021-05-16
pg0,2021-05-16,bx_min,14524.55,Bx,Min,2021-05-16,2021-05-17
pg0,2021-05-17,bx_min,14680.42,Bx,Min,2021-05-17,2021-05-18
pg0,2021-05-18,bx_min,14660.36,Bx,Min,2021-05-18,2021-05-19
pg0,2021-05-19,bx_min,14467.73,Bx,Min,2021-05-19,2021-05-20
pg0,2021-05-20,bx_min,14286.77,Bx,Min,2021-05-20,2021-05-21
pg0,2021-05-21,bx_min,14676.43,Bx,Min,2021-05-21,2021-05-22
pg0,2021-05-22,bx_min,14686.52,Bx,Min,2021-05-22,2021-05-23
pg0,2021-05-23,bx_min,14692.5,Bx,Min,2021-05-23,2021-05-24
pg0,2021-05-24,bx_min,14701.65,Bx,Min,2021-05-24,2021-05-25
pg0,2021-05-25,bx_min,14703.64,Bx,Min,2021-05-25,2021-05-26
pg0,2021-05-26,bx_min,14649.69,Bx,Min,2021-05-26,2021-05-27
pg0,2021-05-27,bx_min,14585.66,Bx,Min,2021-05-27,2021-05-28
pg0,2021-05-28,bx_min,14698.89,Bx,Min,2021-05-28,2021-05-29
pg0,2021-05-29,bx_min,14645.94,Bx,Min,2021-05-29,2021-05-30
pg0,2021-05-30,bx_min,14702.82,Bx,Min,2021-05-30,2021-05-31
pg0,2021-05-31,bx_min,14721.82,Bx,Min,2021-05-31,2021-06-01
pg0,2021-06-01,bx_min,14723.05,Bx,Min,2021-06-01,2021-06-02
pg0,2021-06-02,bx_min,14696.31,Bx,Min,2021-06-02,2021-06-03
pg0,2021-06-03,bx_min,14681.53,Bx,Min,2021-06-03,2021-06-04
pg0,2021-06-04,bx_min,14657.08,Bx,Min,2021-06-04,2021-06-05
pg0,2021-06-05,bx_min,14708.98,Bx,Min,2021-06-05,2021-06-06
pg0,2021-06-06,bx_min,14723.87,Bx,Min,2021-06-06,2021-06-07
pg0,2021-06-07,bx_min,14680.71,Bx,Min,2021-06-07,2021-06-08
pg0,2021-06-08,bx_min,14705.58,Bx,Min,2021-06-08,2021-06-09
pg0,2021-06-09,bx_min,14711.26,Bx,Min,2021-06-09,2021-06-10
pg0,2021-06-10,bx_min,14718.71,Bx,Min,2021-06-10,2021-06-11
pg0,2021-06-11,bx_min,14625.71,Bx,Min,2021-06-11,2021-06-12
pg0,2021-06-12,bx_min,14701.24,Bx,Min,2021-06-12,2021-06-13
pg0,2021-06-13,bx_min,14714.02,Bx,Min,2021-06-13,2021-06-14
pg0,2021-06-14,bx_min,14672.56,Bx,Min,2021-06-14,2021-06-15
pg0,2021-06-15,bx_min,14746.8,Bx,Min,2021-06-15,2021-06-16
pg0,2024-01-01,bx_max,15011.91,Bx,Max,2024-01-01,2024-01-02
pg0,2024-01-02,bx_max,15088.03,Bx,Max,2024-01-02,2024-01-03
pg0,2024-01-03,bx_max,15059.7,Bx,Max,2024-01-03,2024-01-04
pg0,2024-01-04,bx_max,14946.88,Bx,Max,2024-01-04,2024-01-05
pg0,2024-01-05,bx_max,14847.25,Bx,Max,2024-01-05,2024-01-06
pg0,2024-01-06,bx_max,14908.76,Bx,Max,2024-01-06,2024-01-07
pg0,2024-01-07,bx_max,14972.39,Bx,Max,2024-01-07,2024-01-08
pg0,2024-01-08,bx_max,14813.3,Bx,Max,2024-01-08,2024-01-09
pg0,2024-01-09,bx_max,14920.2,Bx,Max,2024-01-09,2024-01-10
pg0,2024-01-10,bx_max,14735.31,Bx,Max,2024-01-10,2024-01-11
pg0,2024-01-11,bx_max,14771.02,Bx,Max,2024-01-11,2024-01-12
pg0,2024-01-12,bx_max,14724.28,Bx,Max,2024-01-12,2024-01-13
pg0,2024-01-13,bx_max,14760.64,Bx,Max,2024-01-13,2024-01-14
pg0,2024-01-14,bx_max,14766.39,Bx,Max,2024-01-14,2024-01-15
pg0,2024-01-15,bx_max,14850.89,Bx,Max,2024-01-15,2024-01-16
pg0,2024-01-16,bx_max,14864.37,Bx,Max,2024-01-16,2024-01-17
pg0,2024-01-17,bx_max,14806.91,Bx,Max,2024-01-17,2024-01-18
pg0,2024-01-18,bx_max,14798.99,Bx,Max,2024-01-18,2024-01-19
pg0,2024-01-19,bx_max,14870.94,Bx,Max,2024-01-19,2024-01-20
pg0,2024-01-20,bx_max,14824.15,Bx,Max,2024-01-20,2024-01-21
pg0,2024-01-21,bx_max,14781.05,Bx,Max,2024-01-21,2024-01-22
pg0,2024-01-22,bx_max,14786.44,Bx,Max,2024-01-22,2024-01-23
pg0,2024-01-23,bx_max,14793.65,Bx,Max,2024-01-23,2024-01-24
pg0,2024-01-24,bx_max,14965.29,Bx,Max,2024-01-24,2024-01-25
pg0,2024-01-25,bx_max,14867.54,Bx,Max,2024-01-25,2024-01-26
pg0,2024-01-26,bx_max,14850.06,Bx,Max,2024-01-26,2024-01-27
pg0,2024-01-27,bx_max,14722.52,Bx,Max,2024-01-27,2024-01-28
pg0,2024-01-28,bx_max,14811.36,Bx,Max,2024-01-28,2024-01-29
pg0,2024-01-29,bx_max,14872.64,Bx,Max,2024-01-29,2024-01-30
pg0,2024-01-30,bx_max,14876.69,Bx,Max,2024-01-30,2024-01-31
pg0,2024-01-31,bx_max,14833.29,Bx,Max,2024-01-31,2024-02-01
pg0,2024-02-01,bx_max,14864.9,Bx,Max,2024-02-01,2024-02-02
pg0,2024-02-02,bx_max,14832.41,Bx,Max,2024-02-02,2024-02-03
pg0,2024-02-03,bx_max,14800.69,Bx,Max,2024-02-03,2024-02-04
pg0,2024-02-04,bx_max,14813.47,Bx,Max,2024-02-04,2024-02-05
pg0,2024-02-05,bx_max,14731.14,Bx,Max,2024-02-05,2024-02-06
pg0,2024-02-06,bx_max,14777.12,Bx,Max,2024-02-06,2024-02-07
pg0,2024-02-07,bx_max,14844.96,Bx,Max,2024-02-07,2024-02-08
pg0,2024-02-08,bx_max,14724.81,Bx,Max,2024-02-08,2024-02-09
pg0,2024-02-09,bx_max,14792.42,Bx,Max,2024-02-09,2024-02-10
pg0,2024-02-10,bx_max,14857.51,Bx,Max,2024-02-10,2024-02-11
pg0,2024-02-11,bx_max,14956.44,Bx,Max,2024-02-11,2024-02-12
pg0,2024-02-12,bx_max,14906.07,Bx,Max,2024-02-12,2024-02-13
pg0,2024-02-13,bx_max,14907.94,Bx,Max,2024-02-13,2024-02-14
pg0,2024-02-14,bx_max,14774.07,Bx,Max,2024-02-14,2024-02-15
pg0,2024-02-15,bx_max,14793.77,Bx,Max,2024-02-15,2024-02-16
pg0,2024-02-16,bx_max,14764.39,Bx,Max,2024-02-16,2024-02-17
pg0,2024-02-17,bx_max,14777.82,Bx,Max,2024-02-17,2024-02-18
pg0,2024-02-18,bx_max,14787.26,Bx,Max,2024-02-18,2024-02-19
pg0,2024-02-19,bx_max,14710.56,Bx,Max,2024-02-19,2024-02-20
pg0,2024-02-20,bx_max,14774.24,Bx,Max,2024-02-20,2024-02-21
pg0,2024-02-21,bx_max,14699.89,Bx,Max,2024-02-21,2024-02-22
pg0,2024-02-22,bx_max,14875.1,Bx,Max,2024-02-22,2024-02-23
pg0,2024-02-23,bx_max,14732.14,Bx,Max,2024-02-23,2024-02-24
pg0,2024-02-24,bx_max,14788.96,Bx,Max,2024-02-24,2024-02-25
pg0,2024-02-25,bx_max,14934.45,Bx,Max,2024-02-25,2024-02-26
pg0,2024-02-26,bx_max,14857.98,Bx,Max,2024-02-26,2024-02-27
pg0,2024-02-27,bx_max,14923.19,Bx,Max,2024-02-27,2024-02-28
pg0,2024-02-28,bx_max,14928.58,Bx,Max,2024-02-28,2024-02-29
pg0,2024-02-29,bx_max,14778.06,Bx,Max,2024-02-29,2024-03-01
pg0,2024-03-01,bx_max,14848.95,Bx,Max,2024-03-01,2024-03-02
pg0,2024-03-02,bx_max,14861.38,Bx,Max,2024-03-02,2024-03-03
pg0,2024-03-03,bx_max,14921.08,Bx,Max,2024-03-03,2024-03-04
pg0,2024-03-04,bx_max,14738.94,Bx,Max,2024-03-04,2024-03-05
pg0,2024-03-05,bx_max,14761.93,Bx,Max,2024-03-05,2024-03-06
pg0,2024-03-06,bx_max,14765.74,Bx,Max,2024-03-06,2024-03-07
pg0,2024-03-07,bx_max,14739.41,Bx,Max,2024-03-07,2024-03-08
pg0,2024-03-08,bx_max,14844.2,Bx,Max,2024-03-08,2024-03-09
pg0,2024-03-09,bx_max,14848.13,Bx,Max,2024-03-09,2024-03-10
pg0,2024-03-10,bx_max,14780.64,Bx,Max,2024-03-10,2024-03-11
pg0,2024-03-11,bx_max,14778.82,Bx,Max,2024-03-11,2024-03-12
pg0,2024-03-12,bx_max,14730.5,Bx,Max,2024-03-12,2024-03-13
pg0,2024-03-13,bx_max,14765.27,Bx,Max,2024-03-13,2024-03-14
pg0,2024-03-14,bx_max,14792.77,Bx,Max,2024-03-14,2024-03-15
pg0,2024-03-15,bx_max,14763.69,Bx,Max,2024-03-15,2024-03-16
pg0,2024-03-16,bx_max,14696.78,Bx,Max,2024-03-16,2024-03-17
pg0,2024-03-17,bx_max,14856.81,Bx,Max,2024-03-17,2024-03-18
pg0,2024-03-18,bx_max,14970.75,Bx,Max,2024-03-18,2024-03-19
pg0,2024-03-19,bx_max,15008.98,Bx,Max,2024-03-19,2024-03-20
pg0,2024-03-20,bx_max,14751.08,Bx,Max,2024-03-20,2024-03-21
pg0,2024-03-21,bx_max,14767.73,Bx,Max,2024-03-21,2024-03-22
pg0,2024-03-22,bx_max,14835.99,Bx,Max,2024-03-22,2024-03-23
pg0,2024-03-23,bx_max,14870.18,Bx,Max,2024-03-23,2024-03-24
pg0,2024-03-24,bx_max,14955.38,Bx,Max,2024-03-24,2024-03-25
pg0,2024-03-25,bx_max,14893.99,Bx,Max,2024-03-25,2024-03-26
pg0,2024-03-26,bx_max,14845.96,Bx,Max,2024-03-26,2024-03-27
pg0,2024-03-27,bx_max,14855.99,Bx,Max,2024-03-27,2024-03-28
pg0,2024-03-28,bx_max,14908.53,Bx,Max,2024-03-28,2024-03-29
pg0,2024-03-29,bx_max,14928.41,Bx,Max,2024-03-29,2024-03-30
pg0,2024-03-30,bx_max,14710.85,Bx,Max,2024-03-30,2024-03-31
pg0,2024-03-31,bx_max,14816.82,Bx,Max,2024-03-31,2024-04-01
pg0,2024-04-01,bx_max,14776.24,Bx,Max,2024-04-01,2024-04-02
pg0,2024-04-02,bx_max,14712.5,Bx,Max,2024-04-02,2024-04-03
pg0,2024-04-03,bx_max,14717.3,Bx,Max,2024-04-03,2024-04-04
pg0,2024-04-04,bx_max,14758.06,Bx,Max,2024-04-04,2024-04-05
pg0,2024-04-05,bx_max,14783.1,Bx,Max,2024-04-05,2024-04-06
pg0,2024-04-06,bx_max,14841.5,Bx,Max,2024-04-06,2024-04-07
pg0,2024-04-07,bx_max,14806.38,Bx,Max,2024-04-07,2024-04-08
pg0,2024-04-08,bx_max,14847.02,Bx,Max,2024-04-08,2024-04-09
pg0,2024-04-09,bx_max,14761.64,Bx,Max,2024-04-09,2024-04-10
pg0,2024-04-10,bx_max,14719.36,Bx,Max,2024-04-10,2024-04-11
pg0,2024-04-11,bx_max,14733.37,Bx,Max,2024-04-11,2024-04-12
pg0,2024-04-12,bx_max,14881.85,Bx,Max,2024-04-12,2024-04-13
pg0,2024-04-13,bx_max,14889.0,Bx,Max,2024-04-13,2024-04-14
pg0,2024-04-14,bx_max,14702.76,Bx,Max,2024-04-14,2024-04-15
pg0,2024-04-15,bx_max,14743.05,Bx,Max,2024-04-15,2024-04-16
pg0,2024-04-16,bx_max,14818.81,Bx,Max,2024-04-16,2024-04-17
pg0,2024-04-17,bx_max,14720.35,Bx,Max,2024-04-17,2024-04-18
pg0,2024-04-18,bx_max,14692.62,Bx,Max,2024-04-18,2024-04-19
pg0,2024-04-19,bx_max,14740.47,Bx,Max,2024-04-19,2024-04-20
pg0,2024-04-20,bx_max,14732.14,Bx,Max,2024-04-20,2024-04-21
pg0,2024-04-21,bx_max,14803.09,Bx,Max,2024-04-21,2024-04-22
pg0,2024-04-22,bx_max,14762.16,Bx,Max,2024-04-22,2024-04-23
pg0,2024-04-23,bx_max,14723.23,Bx,Max,2024-04-23,2024-04-24
pg0,2024-04-24,bx_max,14712.08,Bx,Max,2024-04-24,2024-04-25
pg0,2024-04-25,bx_max,14866.25,Bx,Max,2024-04-25,2024-04-26
pg0,2024-04-26,bx_max,14778.06,Bx,Max,2024-04-26,2024-04-27
pg0,2024-04-27,bx_max,14732.84,Bx,Max,2024-04-27,2024-04-28
pg0,2024-04-28,bx_max,14762.05,Bx,Max,2024-04-28,2024-04-29
pg0,2024-04-29,bx_max,14833.29,Bx,Max,2024-04-29,2024-04-30
pg0,2024-04-30,bx_max,14747.33,Bx,Max,2024-04-30,2024-05-01
pg0,2024-05-01,bx_max,14789.31,Bx,Max,2024-05-01,2024-05-02
pg0,2024-05-02,bx_max,14737.12,Bx,Max,2024-05-02,2024-05-03
pg0,2024-05-03,bx_max,14835.17,Bx,Max,2024-05-03,2024-05-04
pg0,2024-05-04,bx_max,14703.99,Bx,Max,2024-05-04,2024-05-05
pg0,2024-05-05,bx_max,14732.78,Bx,Max,2024-05-05,2024-05-06
pg0,2024-05-06,bx_max,14820.69,Bx,Max,2024-05-06,2024-05-07
pg0,2024-05-07,bx_max,14847.19,Bx,Max,2024-05-07,2024-05-08
pg0,2024-05-08,bx_max,14868.36,Bx,Max,2024-05-08,2024-05-09
pg0,2024-05-09,bx_max,14701.41,Bx,Max,2024-05-09,2024-05-10
pg0,2024-05-10,bx_max,14824.38,Bx,Max,2024-05-10,2024-05-11
pg0,2024-05-11,bx_max,15135.58,Bx,Max,2024-05-11,2024-05-12
pg0,2024-05-12,bx_max,14936.85,Bx,Max,2024-05-12,2024-05-13
pg0,2024-05-13,bx_max,14866.6,Bx,Max,2024-05-13,2024-05-14
pg0,2024-05-14,bx_max,14696.78,Bx,Max,2024-05-14,2024-05-15
pg0,2024-05-15,bx_max,14906.59,Bx,Max,2024-05-15,2024-05-16
pg0,2024-05-16,bx_max,14786.79,Bx,Max,2024-05-16,2024-05-17
pg0,2024-05-17,bx_max,14732.49,Bx,Max,2024-05-17,2024-05-18
pg0,2024-05-18,bx_max,14781.46,Bx,Max,2024-05-18,2024-05-19
pg0,2024-05-19,bx_max,14758.47,Bx,Max,2024-05-19,2024-05-20
pg0,2024-05-20,bx_max,14720.24,Bx,Max,2024-05-20,2024-05-21
pg0,2024-05-21,bx_max,14709.68,Bx,Max,2024-05-21,2024-05-22
pg0,2024-05-22,bx_max,14684.11,Bx,Max,2024-05-22,2024-05-23
pg0,2024-05-23,bx_max,14688.1,Bx,Max,2024-05-23,2024-05-24
pg0,2024-05-24,bx_max,14845.78,Bx,Max,2024-05-24,2024-05-25
pg0,2024-05-25,bx_max,14794.53,Bx,Max,2024-05-25,2024-05-26
pg0,2024-05-26,bx_max,14856.75,Bx,Max,2024-05-26,2024-05-27
pg0,2024-05-27,bx_max,14842.38,Bx,Max,2024-05-27,2024-05-28
pg0,2024-05-28,bx_max,14694.96,Bx,Max,2024-05-28,2024-05-29
pg0,2024-05-29,bx_max,14670.69,Bx,Max,2024-05-29,2024-05-30
pg0,2024-05-30,bx_max,14707.16,Bx,Max,2024-05-30,2024-05-31
pg0,2024-05-31,bx_max,14778.47,Bx,Max,2024-05-31,2024-06-01
pg0,2024-06-01,bx_max,14745.69,Bx,Max,2024-06-01,2024-06-02
pg0,2024-06-02,bx_max,14692.44,Bx,Max,2024-06-02,2024-06-03
pg0,2024-06-03,bx_max,14694.73,Bx,Max,2024-06-03,2024-06-04
pg0,2024-06-04,bx_max,14706.4,Bx,Max,2024-06-04,2024-06-05
pg0,2024-06-05,bx_max,14700.12,Bx,Max,2024-06-05,2024-06-06
pg0,2024-06-06,bx_max,14704.29,Bx,Max,2024-06-06,2024-06-07
pg0,2024-06-07,bx_max,14722.29,Bx,Max,2024-06-07,2024-06-08
pg0,2024-06-08,bx_max,14779.29,Bx,Max,2024-06-08,2024-06-09
pg0,2024-06-09,bx_max,14707.8,Bx,Max,2024-06-09,2024-06-10
pg0,2024-06-10,bx_max,14686.11,Bx,Max,2024-06-10,2024-06-11
pg0,2024-06-11,bx_max,14783.51,Bx,Max,2024-06-11,2024-06-12
pg0,2024-06-12,bx_max,14680.42,Bx,Max,2024-06-12,2024-06-13
pg0,2024-06-13,bx_max,14675.55,Bx,Max,2024-06-13,2024-06-14
pg0,2024-06-14,bx_max,14695.49,Bx,Max,2024-06-14,2024-06-15
pg0,2024-06-15,bx_max,14799.46,Bx,Max,2024-06-15,2024-06-16
pg0,2024-06-16,bx_max,14792.66,Bx,Max,2024-06-16,2024-06-17
pg0,2024-06-17,bx_max,14690.62,Bx,Max,2024-06-17,2024-06-18
pg0,2024-06-18,bx_max,14752.25,Bx,Max,2024-06-18,2024-06-19
pg0,2024-06-19,bx_max,14735.54,Bx,Max,2024-06-19,2024-06-20
pg0,2024-06-20,bx_max,14727.8,Bx,Max,2024-06-20,2024-06-21
pg0,2024-06-21,bx_max,14696.13,Bx,Max,2024-06-21,2024-06-22
pg0,2024-06-22,bx_max,14680.01,Bx,Max,2024-06-22,2024-06-23
pg0,2024-06-23,bx_max,14693.97,Bx,Max,2024-06-23,2024-06-24
pg0,2024-06-24,bx_max,14836.34,Bx,Max,2024-06-24,2024-06-25
pg0,2024-06-25,bx_max,14691.68,Bx,Max,2024-06-25,2024-06-26
pg0,2024-06-26,bx_max,14674.26,Bx,Max,2024-06-26,2024-06-27
pg0,2024-06-27,bx_max,14696.84,Bx,Max,2024-06-27,2024-06-28
pg0,2024-10-08,bx_max,14667.99,Bx,Max,2024-10-08,2024-10-09
pg0,2024-10-09,bx_max,14835.35,Bx,Max,2024-10-09,2024-10-10
pg0,2024-10-10,bx_max,15152.0,Bx,Max,2024-10-10,2024-10-11
pg0,2024-10-11,bx_max,15110.66,Bx,Max,2024-10-11,2024-10-12
pg0,2024-10-12,bx_max,14810.25,Bx,Max,2024-10-12,2024-10-13
pg0,2024-10-13,bx_max,14722.17,Bx,Max,2024-10-13,2024-10-14
pg0,2024-10-14,bx_max,14736.36,Bx,Max,2024-10-14,2024-10-15
pg0,2024-10-15,bx_max,14775.94,Bx,Max,2024-10-15,2024-10-16
pg0,2024-10-16,bx_max,14866.19,Bx,Max,2024-10-16,2024-10-17
pg0,2024-10-17,bx_max,14842.27,Bx,Max,2024-10-17,2024-10-18
pg0,2024-10-18,bx_max,14769.02,Bx,Max,2024-10-18,2024-10-19
pg0,2024-10-19,bx_max,14901.55,Bx,Max,2024-10-19,2024-10-20
pg0,2024-10-20,bx_max,14798.87,Bx,Max,2024-10-20,2024-10-21
pg0,2024-10-21,bx_max,14791.95,Bx,Max,2024-10-21,2024-10-22
pg0,2024-10-22,bx_max,14811.24,Bx,Max,2024-10-22,2024-10-23
pg0,2024-10-23,bx_max,14746.62,Bx,Max,2024-10-23,2024-10-24
pg0,2024-10-24,bx_max,14942.6,Bx,Max,2024-10-24,2024-10-25
pg0,2024-10-25,bx_max,14771.08,Bx,Max,2024-10-25,2024-10-26
pg0,2024-10-26,bx_max,14906.59,Bx,Max,2024-10-26,2024-10-27
pg0,2024-10-27,bx_max,14941.54,Bx,Max,2024-10-27,2024-10-28
pg0,2024-10-28,bx_max,15162.38,Bx,Max,2024-10-28,2024-10-29
pg0,2024-10-29,bx_max,14963.53,Bx,Max,2024-10-29,2024-10-30
pg0,2024-10-30,bx_max,14856.34,Bx,Max,2024-10-30,2024-10-31
pg0,2024-10-31,bx_max,14817.87,Bx,Max,2024-10-31,2024-11-01
pg0,2024-11-01,bx_max,14915.1,Bx,Max,2024-11-01,2024-11-02
pg0,2024-11-02,bx_max,14858.51,Bx,Max,2024-11-02,2024-11-03
pg0,2024-11-03,bx_max,14859.15,Bx,Max,2024-11-03,2024-11-04
pg0,2024-11-04,bx_max,14958.02,Bx,Max,2024-11-04,2024-11-05
pg0,2024-11-05,bx_max,14719.53,Bx,Max,2024-11-05,2024-11-06
pg0,2024-11-06,bx_max,14932.28,Bx,Max,2024-11-06,2024-11-07
pg0,2024-11-07,bx_max,14823.15,Bx,Max,2024-11-07,2024-11-08
pg0,2024-11-08,bx_max,14830.77,Bx,Max,2024-11-08,2024-11-09
pg0,2024-11-09,bx_max,14983.29,Bx,Max,2024-11-09,2024-11-10
pg0,2024-11-10,bx_max,14881.55,Bx,Max,2024-11-10,2024-11-11
pg0,2024-11-11,bx_max,14822.8,Bx,Max,2024-11-11,2024-11-12
pg0,2024-11-12,bx_max,14796.29,Bx,Max,2024-11-12,2024-11-13
pg0,2024-11-13,bx_max,14755.77,Bx,Max,2024-11-13,2024-11-14
pg0,2024-11-14,bx_max,14862.26,Bx,Max,2024-11-14,2024-11-15
pg0,2024-11-15,bx_max,14858.74,Bx,Max,2024-11-15,2024-11-16
pg0,2024-11-16,bx_max,14830.24,Bx,Max,2024-11-16,2024-11-17
pg0,2024-11-17,bx_max,14710.5,Bx,Max,2024-11-17,2024-11-18
pg0,2024-11-18,bx_max,14768.44,Bx,Max,2024-11-18,2024-11-19
pg0,2024-11-19,bx_max,14764.69,Bx,Max,2024-11-19,2024-11-20
pg0,2024-11-20,bx_max,14781.93,Bx,Max,2024-11-20,2024-11-21
pg0,2024-11-21,bx_max,14882.43,Bx,Max,2024-11-21,2024-11-22
pg0,2024-11-22,bx_max,14883.02,Bx,Max,2024-11-22,2024-11-23
pg0,2024-11-23,bx_max,14875.46,Bx,Max,2024-11-23,2024-11-24
pg0,2024-11-24,bx_max,14879.21,Bx,Max,2024-11-24,2024-11-25
pg0,2024-11-25,bx_max,14893.52,Bx,Max,2024-11-25,2024-11-26
pg0,2024-11-26,bx_max,14813.88,Bx,Max,2024-11-26,2024-11-27
pg0,2024-11-27,bx_max,14839.04,Bx,Max,2024-11-27,2024-11-28
pg0,2024-11-28,bx_max,14846.84,Bx,Max,2024-11-28,2024-11-29
pg0,2024-11-29,bx_max,14969.28,Bx,Max,2024-11-29,2024-11-30
pg0,2024-11-30,bx_max,14918.73,Bx,Max,2024-11-30,2024-12-01
pg0,2024-12-01,bx_max,14782.75,Bx,Max,2024-12-01,2024-12-02
pg0,2024-12-02,bx_max,14778.11,Bx,Max,2024-12-02,2024-12-03
pg0,2024-12-03,bx_max,14920.26,Bx,Max,2024-12-03,2024-12-04
pg0,2024-12-04,bx_max,14920.02,Bx,Max,2024-12-04,2024-12-05
pg0,2024-12-05,bx_max,14902.14,Bx,Max,2024-12-05,2024-12-06
pg0,2024-12-06,bx_max,14905.13,Bx,Max,2024-12-06,2024-12-07
pg0,2024-12-07,bx_max,14921.37,Bx,Max,2024-12-07,2024-12-08
pg0,2024-12-08,bx_max,14750.38,Bx,Max,2024-12-08,2024-12-09
pg0,2024-12-09,bx_max,14832.88,Bx,Max,2024-12-09,2024-12-10
pg0,2024-12-10,bx_max,14864.61,Bx,Max,2024-12-10,2024-12-11
pg0,2024-12-11,bx_max,14825.55,Bx,Max,2024-12-11,2024-12-12
pg0,2024-12-12,bx_max,14892.64,Bx,Max,2024-12-12,2024-12-13
pg0,2024-12-13,bx_max,14813.18,Bx,Max,2024-12-13,2024-12-14
pg0,2024-12-14,bx_max,14729.74,Bx,Max,2024-12-14,2024-12-15
pg0,2024-12-15,bx_max,14713.49,Bx,Max,2024-12-15,2024-12-16
pg0,2024-12-16,bx_max,14810.25,Bx,Max,2024-12-16,2024-12-17
pg0,2024-12-17,bx_max,15146.08,Bx,Max,2024-12-17,2024-12-18
pg0,2024-12-18,bx_max,14961.31,Bx,Max,2024-12-18,2024-12-19
pg0,2024-12-19,bx_max,14897.91,Bx,Max,2024-12-19,2024-12-20
pg0,2024-12-20,bx_max,14883.67,Bx,Max,2024-12-20,2024-12-21
pg0,2024-12-21,bx_max,14980.48,Bx,Max,2024-12-21,2024-12-22
pg0,2024-12-22,bx_max,14949.05,Bx,Max,2024-12-22,2024-12-23
pg0,2024-12-23,bx_max,14926.36,Bx,Max,2024-12-23,2024-12-24
pg0,2024-12-24,bx_max,14861.62,Bx,Max,2024-12-24,2024-12-25
pg0,2024-12-25,bx_max,14917.68,Bx,Max,2024-12-25,2024-12-26
pg0,2024-12-26,bx_max,14816.17,Bx,Max,2024-12-26,2024-12-27
pg0,2024-12-27,bx_max,14818.75,Bx,Max,2024-12-27,2024-12-28
pg0,2024-12-28,bx_max,14765.8,Bx,Max,2024-12-28,2024-12-29
pg0,2024-12-29,bx_max,14921.78,Bx,Max,2024-12-29,2024-12-30
pg0,2024-12-30,bx_max,14856.05,Bx,Max,2024-12-30,2024-12-31
pg0,2024-12-31,bx_max,14813.47,Bx,Max,2024-12-31,2025-01-01
pg1,2024-01-01,bx_max,142.68,Bx,Max,2024-01-01,2024-01-02
pg1,2024-01-02,bx_max,252.98,Bx,Max,2024-01-02,2024-01-03
pg1,2024-01-03,bx_max,196.06,Bx,Max,2024-01-03,2024-01-04
pg1,2024-01-04,bx_max,224.4,Bx,Max,2024-01-04,2024-01-05
pg1,2024-01-05,bx_max,69.57,Bx,Max,2024-01-05,2024-01-06
pg1,2024-01-06,bx_max,99.17,Bx,Max,2024-01-06,2024-01-07
pg1,2024-01-07,bx_max,74.88,Bx,Max,2024-01-07,2024-01-08
pg1,2024-01-08,bx_max,22.52,Bx,Max,2024-01-08,2024-01-09
pg1,2024-01-09,bx_max,40.86,Bx,Max,2024-01-09,2024-01-10
pg1,2024-01-10,bx_max,3.16,Bx,Max,2024-01-10,2024-01-11
pg1,2024-01-11,bx_max,16.57,Bx,Max,2024-01-11,2024-01-12
pg1,2024-01-12,bx_max,24.54,Bx,Max,2024-01-12,2024-01-13
pg1,2024-01-13,bx_max,63.5,Bx,Max,2024-01-13,2024-01-14
pg1,2024-01-14,bx_max,71.85,Bx,Max,2024-01-14,2024-01-15
pg1,2024-01-15,bx_max,149.26,Bx,Max,2024-01-15,2024-01-16
pg1,2024-01-16,bx_max,172.03,Bx,Max,2024-01-16,2024-01-17
pg1,2024-01-17,bx_max,90.69,Bx,Max,2024-01-17,2024-01-18
pg1,2024-01-18,bx_max,126.74,Bx,Max,2024-01-18,2024-01-19
pg1,2024-01-19,bx_max,263.48,Bx,Max,2024-01-19,2024-01-20
pg1,2024-01-20,bx_max,212.25,Bx,Max,2024-01-20,2024-01-21
pg1,2024-01-21,bx_max,152.68,Bx,Max,2024-01-21,2024-01-22
pg1,2024-01-22,bx_max,181.26,Bx,Max,2024-01-22,2024-01-23
pg1,2024-01-23,bx_max,200.87,Bx,Max,2024-01-23,2024-01-24
pg1,2024-01-24,bx_max,374.29,Bx,Max,2024-01-24,2024-01-25
pg1,2024-01-25,bx_max,234.39,Bx,Max,2024-01-25,2024-01-26
pg1,2024-01-26,bx_max,209.47,Bx,Max,2024-01-26,2024-01-27
pg1,2024-01-27,bx_max,38.07,Bx,Max,2024-01-27,2024-01-28
pg1,2024-01-28,bx_max,128.14,Bx,Max,2024-01-28,2024-01-29
pg1,2024-01-29,bx_max,190.88,Bx,Max,2024-01-29,2024-01-30
pg1,2024-01-30,bx_max,189.36,Bx,Max,2024-01-30,2024-01-31
pg1,2024-01-31,bx_max,139.52,Bx,Max,2024-01-31,2024-02-01
pg1,2024-02-01,bx_max,180.63,Bx,Max,2024-02-01,2024-02-02
pg1,2024-02-02,bx_max,143.06,Bx,Max,2024-02-02,2024-02-03
pg1,2024-02-03,bx_max,124.09,Bx,Max,2024-02-03,2024-02-04
pg1,2024-02-04,bx_max,144.2,Bx,Max,2024-02-04,2024-02-05
pg1,2024-02-05,bx_max,76.27,Bx,Max,2024-02-05,2024-02-06
pg1,2024-02-06,bx_max,104.36,Bx,Max,2024-02-06,2024-02-07
pg1,2024-02-07,bx_max,57.81,Bx,Max,2024-02-07,2024-02-08
pg1,2024-02-08,bx_max,55.28,Bx,Max,2024-02-08,2024-02-09
pg1,2024-02-09,bx_max,95.25,Bx,Max,2024-02-09,2024-02-10
pg1,2024-02-10,bx_max,65.14,Bx,Max,2024-02-10,2024-02-11
pg1,2024-02-11,bx_max,317.24,Bx,Max,2024-02-11,2024-02-12
pg1,2024-02-12,bx_max,227.31,Bx,Max,2024-02-12,2024-02-13
pg1,2024-02-13,bx_max,224.78,Bx,Max,2024-02-13,2024-02-14
pg1,2024-02-14,bx_max,96.64,Bx,Max,2024-02-14,2024-02-15
pg1,2024-02-15,bx_max,119.53,Bx,Max,2024-02-15,2024-02-16
pg1,2024-02-16,bx_max,111.19,Bx,Max,2024-02-16,2024-02-17
pg1,2024-02-17,bx_max,122.7,Bx,Max,2024-02-17,2024-02-18
pg1,2024-02-18,bx_max,131.05,Bx,Max,2024-02-18,2024-02-19
pg1,2024-02-19,bx_max,53.51,Bx,Max,2024-02-19,2024-02-20
pg1,2024-02-20,bx_max,116.88,Bx,Max,2024-02-20,2024-02-21
pg1,2024-02-21,bx_max,64.64,Bx,Max,2024-02-21,2024-02-22
pg1,2024-02-22,bx_max,79.31,Bx,Max,2024-02-22,2024-02-23
pg1,2024-02-23,bx_max,78.3,Bx,Max,2024-02-23,2024-02-24
pg1,2024-02-24,bx_max,128.39,Bx,Max,2024-02-24,2024-02-25
pg1,2024-02-25,bx_max,272.59,Bx,Max,2024-02-25,2024-02-26
pg1,2024-02-26,bx_max,198.59,Bx,Max,2024-02-26,2024-02-27
pg1,2024-04-30,bx_max,77.67,Bx,Max,2024-04-30,2024-05-01
pg1,2024-05-01,bx_max,120.17,Bx,Max,2024-05-01,2024-05-02
pg1,2024-05-02,bx_max,66.16,Bx,Max,2024-05-02,2024-05-03
pg1,2024-05-03,bx_max,134.46,Bx,Max,2024-05-03,2024-05-04
pg1,2024-05-04,bx_max,3.42,Bx,Max,2024-05-04,2024-05-05
pg1,2024-05-05,bx_max,40.98,Bx,Max,2024-05-05,2024-05-06
pg1,2024-05-06,bx_max,129.78,Bx,Max,2024-05-06,2024-05-07
pg1,2024-05-07,bx_max,1.52,Bx,Max,2024-05-07,2024-05-08
pg1,2024-05-08,bx_max,0.51,Bx,Max,2024-05-08,2024-05-09
pg1,2024-05-09,bx_max,9.87,Bx,Max,2024-05-09,2024-05-10
pg1,2024-05-10,bx_max,136.61,Bx,Max,2024-05-10,2024-05-11
pg1,2024-05-11,bx_max,490.41,Bx,Max,2024-05-11,2024-05-12
pg1,2024-05-12,bx_max,232.37,Bx,Max,2024-05-12,2024-05-13
pg1,2024-05-13,bx_max,164.82,Bx,Max,2024-05-13,2024-05-14
pg1,2024-05-14,bx_max,42.37,Bx,Max,2024-05-14,2024-05-15
pg1,2024-05-15,bx_max,55.28,Bx,Max,2024-05-15,2024-05-16
pg1,2024-05-16,bx_max,82.98,Bx,Max,2024-05-16,2024-05-17
pg1,2024-05-17,bx_max,67.29,Bx,Max,2024-05-17,2024-05-18
pg1,2024-05-18,bx_max,125.73,Bx,Max,2024-05-18,2024-05-19
pg1,2024-05-19,bx_max,96.39,Bx,Max,2024-05-19,2024-05-20
pg1,2024-05-20,bx_max,59.83,Bx,Max,2024-05-20,2024-05-21
pg1,2024-05-21,bx_max,50.98,Bx,Max,2024-05-21,2024-05-22
pg1,2024-05-22,bx_max,25.8,Bx,Max,2024-05-22,2024-05-23
pg1,2024-05-23,bx_max,86.14,Bx,Max,2024-05-23,2024-05-24
pg1,2024-05-24,bx_max,153.81,Bx,Max,2024-05-24,2024-05-25
pg1,2024-05-25,bx_max,110.17,Bx,Max,2024-05-25,2024-05-26
pg1,2024-05-26,bx_max,109.54,Bx,Max,2024-05-26,2024-05-27
pg1,2024-05-27,bx_max,86.9,Bx,Max,2024-05-27,2024-05-28
pg1,2024-05-28,bx_max,94.24,Bx,Max,2024-05-28,2024-05-29
pg1,2024-05-29,bx_max,70.08,Bx,Max,2024-05-29,2024-05-30
pg1,2024-05-30,bx_max,107.77,Bx,Max,2024-05-30,2024-05-31
pg1,2024-05-31,bx_max,158.24,Bx,Max,2024-05-31,2024-06-01
pg1,2024-06-01,bx_max,140.28,Bx,Max,2024-06-01,2024-06-02
pg1,2024-06-02,bx_max,89.18,Bx,Max,2024-06-02,2024-06-03
pg1,2024-06-03,bx_max,97.53,Bx,Max,2024-06-03,2024-06-04
pg1,2024-06-04,bx_max,103.47,Bx,Max,2024-06-04,2024-06-05
pg1,2024-06-05,bx_max,98.66,Bx,Max,2024-06-05,2024-06-06
pg1,2024-06-06,bx_max,106.0,Bx,Max,2024-06-06,2024-06-07
pg1,2024-06-07,bx_max,62.11,Bx,Max,2024-06-07,2024-06-08
pg1,2024-06-08,bx_max,116.5,Bx,Max,2024-06-08,2024-06-09
pg1,2024-06-09,bx_max,45.41,Bx,Max,2024-06-09,2024-06-10
pg1,2024-06-10,bx_max,29.09,Bx,Max,2024-06-10,2024-06-11
pg1,2024-06-11,bx_max,126.24,Bx,Max,2024-06-11,2024-06-12
pg1,2024-06-12,bx_max,23.15,Bx,Max,2024-06-12,2024-06-13
pg1,2024-06-13,bx_max,16.57,Bx,Max,2024-06-13,2024-06-14
pg1,2024-06-14,bx_max,24.03,Bx,Max,2024-06-14,2024-06-15
pg1,2024-06-15,bx_max,130.16,Bx,Max,2024-06-15,2024-06-16
pg1,2024-06-16,bx_max,124.59,Bx,Max,2024-06-16,2024-06-17
pg1,2024-06-17,bx_max,23.53,Bx,Max,2024-06-17,2024-06-18
pg1,2024-06-18,bx_max,102.46,Bx,Max,2024-06-18,2024-06-19
pg1,2024-06-19,bx_max,62.87,Bx,Max,2024-06-19,2024-06-20
pg1,2024-06-20,bx_max,59.07,Bx,Max,2024-06-20,2024-06-21
pg1,2024-06-21,bx_max,47.69,Bx,Max,2024-06-21,2024-06-22
pg1,2024-06-22,bx_max,31.24,Bx,Max,2024-06-22,2024-06-23
pg1,2024-06-23,bx_max,49.96,Bx,Max,2024-06-23,2024-06-24
pg1,2024-06-24,bx_max,43.64,Bx,Max,2024-06-24,2024-06-25
pg1,2024-06-25,bx_max,49.96,Bx,Max,2024-06-25,2024-06-26
pg1,2024-06-26,bx_max,55.4,Bx,Max,2024-06-26,2024-06-27
pg1,2024-06-27,bx_max,66.16,Bx,Max,2024-06-27,2024-06-28
pg1,2024-06-28,bx_max,101.83,Bx,Max,2024-06-28,2024-06-29
pg1,2024-06-29,bx_max,42.0,Bx,Max,2024-06-29,2024-06-30
pg1,2024-06-30,bx_max,30.99,Bx,Max,2024-06-30,2024-07-01
pg1,2024-07-01,bx_max,20.62,Bx,Max,2024-07-01,2024-07-02
pg1,2024-07-02,bx_max,16.57,Bx,Max,2024-07-02,2024-07-03
pg1,2024-07-03,bx_max,12.4,Bx,Max,2024-07-03,2024-07-04
pg1,2024-07-04,bx_max,25.17,Bx,Max,2024-07-04,2024-07-05
pg1,2024-07-05,bx_max,33.14,Bx,Max,2024-07-05,2024-07-06
pg1,2024-07-06,bx_max,-1.64,Bx,Max,2024-07-06,2024-07-07
pg1,2024-11-01,bx_max,303.33,Bx,Max,2024-11-01,2024-11-02
pg1,2024-11-02,bx_max,269.81,Bx,Max,2024-11-02,2024-11-03
pg1,2024-11-03,bx_max,282.2,Bx,Max,2024-11-03,2024-11-04
pg1,2024-11-04,bx_max,380.87,Bx,Max,2024-11-04,2024-11-05
pg1,2024-11-05,bx_max,134.59,Bx,Max,2024-11-05,2024-11-06
pg1,2024-11-06,bx_max,373.78,Bx,Max,2024-11-06,2024-11-07
pg1,2024-11-07,bx_max,259.94,Bx,Max,2024-11-07,2024-11-08
pg1,2024-11-08,bx_max,261.96,Bx,Max,2024-11-08,2024-11-09
pg1,2024-11-09,bx_max,424.0,Bx,Max,2024-11-09,2024-11-10
pg1,2024-11-10,bx_max,344.56,Bx,Max,2024-11-10,2024-11-11
pg1,2024-11-11,bx_max,251.09,Bx,Max,2024-11-11,2024-11-12
pg1,2024-11-12,bx_max,248.56,Bx,Max,2024-11-12,2024-11-13
pg1,2024-11-13,bx_max,89.18,Bx,Max,2024-11-13,2024-11-14
pg1,2024-11-14,bx_max,194.54,Bx,Max,2024-11-14,2024-11-15
pg1,2024-11-15,bx_max,190.75,Bx,Max,2024-11-15,2024-11-16
pg1,2024-11-16,bx_max,163.17,Bx,Max,2024-11-16,2024-11-17
pg1,2024-11-17,bx_max,63.88,Bx,Max,2024-11-17,2024-11-18
pg1,2024-11-18,bx_max,100.56,Bx,Max,2024-11-18,2024-11-19
pg1,2024-11-19,bx_max,116.37,Bx,Max,2024-11-19,2024-11-20
pg1,2024-11-20,bx_max,115.49,Bx,Max,2024-11-20,2024-11-21
pg1,2024-11-21,bx_max,251.59,Bx,Max,2024-11-21,2024-11-22
pg1,2024-11-22,bx_max,228.07,Bx,Max,2024-11-22,2024-11-23
pg1,2024-11-23,bx_max,263.61,Bx,Max,2024-11-23,2024-11-24
pg1,2024-11-24,bx_max,231.48,Bx,Max,2024-11-24,2024-11-25
pg1,2024-11-25,bx_max,264.87,Bx,Max,2024-11-25,2024-11-26
pg1,2024-11-26,bx_max,185.94,Bx,Max,2024-11-26,2024-11-27
pg1,2024-11-27,bx_max,160.39,Bx,Max,2024-11-27,2024-11-28
pg1,2024-11-28,bx_max,168.36,Bx,Max,2024-11-28,2024-11-29
pg1,2024-11-29,bx_max,320.78,Bx,Max,2024-11-29,2024-11-30
pg1,2024-11-30,bx_max,244.64,Bx,Max,2024-11-30,2024-12-01
pg1,2024-12-01,bx_max,106.63,Bx,Max,2024-12-01,2024-12-02
pg1,2024-12-02,bx_max,96.39,Bx,Max,2024-12-02,2024-12-03
pg1,2024-12-03,bx_max,167.85,Bx,Max,2024-12-03,2024-12-04
pg1,2024-12-04,bx_max,205.93,Bx,Max,2024-12-04,2024-12-05
pg1,2024-12-05,bx_max,170.64,Bx,Max,2024-12-05,2024-12-06
pg1,2024-12-06,bx_max,181.01,Bx,Max,2024-12-06,2024-12-07
pg1,2024-12-07,bx_max,199.73,Bx,Max,2024-12-07,2024-12-08
pg1,2024-12-08,bx_max,20.37,Bx,Max,2024-12-08,2024-12-09
pg1,2024-12-09,bx_max,102.33,Bx,Max,2024-12-09,2024-12-10
pg1,2024-12-10,bx_max,154.83,Bx,Max,2024-12-10,2024-12-11
pg1,2024-12-11,bx_max,186.96,Bx,Max,2024-12-11,2024-12-12
pg1,2024-12-12,bx_max,272.34,Bx,Max,2024-12-12,2024-12-13
pg1,2024-12-13,bx_max,188.35,Bx,Max,2024-12-13,2024-12-14
pg1,2024-12-14,bx_max,105.37,Bx,Max,2024-12-14,2024-12-15
pg1,2024-12-15,bx_max,89.68,Bx,Max,2024-12-15,2024-12-16
pg1,2024-12-16,bx_max,183.41,Bx,Max,2024-12-16,2024-12-17
pg1,2024-12-17,bx_max,522.41,Bx,Max,2024-12-17,2024-12-18
pg1,2024-12-18,bx_max,264.75,Bx,Max,2024-12-18,2024-12-19
pg1,2024-12-19,bx_max,189.61,Bx,Max,2024-12-19,2024-12-20
pg1,2024-12-20,bx_max,178.86,Bx,Max,2024-12-20,2024-12-21
pg1,2024-12-21,bx_max,282.2,Bx,Max,2024-12-21,2024-12-22
pg1,2024-12-22,bx_max,258.8,Bx,Max,2024-12-22,2024-12-23
pg1,2024-12-23,bx_max,217.69,Bx,Max,2024-12-23,2024-12-24
pg1,2024-12-24,bx_max,157.1,Bx,Max,2024-12-24,2024-12-25
pg1,2024-12-25,bx_max,193.53,Bx,Max,2024-12-25,2024-12-26
pg1,2024-12-26,bx_max,96.64,Bx,Max,2024-12-26,2024-12-27
pg1,2024-12-27,bx_max,99.17,Bx,Max,2024-12-27,2024-12-28
pg1,2024-12-28,bx_max,52.75,Bx,Max,2024-12-28,2024-12-29
pg1,2024-12-29,bx_max,201.88,Bx,Max,2024-12-29,2024-12-30
pg1,2024-12-30,bx_max,116.37,Bx,Max,2024-12-30,2024-12-31
pg1,2024-12-31,bx_max,132.18,Bx,Max,2024-12-31,2025-01-01
pg2,2024-01-01,bx_max,17597.49,Bx,Max,2024-01-01,2024-01-02
pg2,2024-01-02,bx_max,17533.58,Bx,Max,2024-01-02,2024-01-03
pg2,2024-01-03,bx_max,17510.65,Bx,Max,2024-01-03,2024-01-04
pg2,2024-01-04,bx_max,17530.57,Bx,Max,2024-01-04,2024-01-05
pg2,2024-01-05,bx_max,17600.21,Bx,Max,2024-01-05,2024-01-06
pg2,2024-01-06,bx_max,17594.25,Bx,Max,2024-01-06,2024-01-07
pg2,2024-01-07,bx_max,17543.77,Bx,Max,2024-01-07,2024-01-08
pg2,2024-01-08,bx_max,17542.32,Bx,Max,2024-01-08,2024-01-09
pg2,2024-01-09,bx_max,17539.66,Bx,Max,2024-01-09,2024-01-10
pg2,2024-01-10,bx_max,17540.01,Bx,Max,2024-01-10,2024-01-11
pg2,2024-01-11,bx_max,17508.63,Bx,Max,2024-01-11,2024-01-12
pg2,2024-01-12,bx_max,17556.39,Bx,Max,2024-01-12,2024-01-13
pg2,2024-01-13,bx_max,17561.71,Bx,Max,2024-01-13,2024-01-14
pg2,2024-01-14,bx_max,17540.58,Bx,Max,2024-01-14,2024-01-15
pg2,2024-01-15,bx_max,17424.62,Bx,Max,2024-01-15,2024-01-16
pg2,2024-01-16,bx_max,17591.18,Bx,Max,2024-01-16,2024-01-17
pg2,2024-01-17,bx_max,17426.71,Bx,Max,2024-01-17,2024-01-18
pg2,2024-01-18,bx_max,17586.61,Bx,Max,2024-01-18,2024-01-19
pg2,2024-01-19,bx_max,17426.53,Bx,Max,2024-01-19,2024-01-20
pg2,2024-01-20,bx_max,17584.12,Bx,Max,2024-01-20,2024-01-21
pg2,2024-01-21,bx_max,17418.08,Bx,Max,2024-01-21,2024-01-22
pg2,2024-01-22,bx_max,17372.81,Bx,Max,2024-01-22,2024-01-23
pg2,2024-01-23,bx_max,17403.84,Bx,Max,2024-01-23,2024-01-24
pg2,2024-01-24,bx_max,17564.38,Bx,Max,2024-01-24,2024-01-25
pg2,2024-01-25,bx_max,17434.93,Bx,Max,2024-01-25,2024-01-26
pg2,2024-01-26,bx_max,17466.6,Bx,Max,2024-01-26,2024-01-27
pg2,2024-01-27,bx_max,17322.68,Bx,Max,2024-01-27,2024-01-28
pg2,2024-01-28,bx_max,17404.19,Bx,Max,2024-01-28,2024-01-29
pg2,2024-01-29,bx_max,17466.42,Bx,Max,2024-01-29,2024-01-30
pg2,2024-01-30,bx_max,17459.53,Bx,Max,2024-01-30,2024-01-31
pg2,2024-01-31,bx_max,17405.29,Bx,Max,2024-01-31,2024-02-01
pg2,2024-02-01,bx_max,17454.73,Bx,Max,2024-02-01,2024-02-02
pg2,2024-02-02,bx_max,17394.11,Bx,Max,2024-02-02,2024-02-03
pg2,2024-02-03,bx_max,17383.23,Bx,Max,2024-02-03,2024-02-04
pg2,2024-02-04,bx_max,17409.75,Bx,Max,2024-02-04,2024-02-05
pg2,2024-02-05,bx_max,17377.27,Bx,Max,2024-02-05,2024-02-06
pg2,2024-02-06,bx_max,17453.45,Bx,Max,2024-02-06,2024-02-07
pg2,2024-02-07,bx_max,17478.99,Bx,Max,2024-02-07,2024-02-08
pg2,2024-02-08,bx_max,17507.82,Bx,Max,2024-02-08,2024-02-09
pg2,2024-02-09,bx_max,17367.95,Bx,Max,2024-02-09,2024-02-10
pg2,2024-02-10,bx_max,17553.09,Bx,Max,2024-02-10,2024-02-11
pg2,2024-02-11,bx_max,17563.51,Bx,Max,2024-02-11,2024-02-12
pg2,2024-02-12,bx_max,17552.45,Bx,Max,2024-02-12,2024-02-13
pg2,2024-02-13,bx_max,17657.36,Bx,Max,2024-02-13,2024-02-14
pg2,2024-02-14,bx_max,17534.04,Bx,Max,2024-02-14,2024-02-15
pg2,2024-02-15,bx_max,17541.45,Bx,Max,2024-02-15,2024-02-16
pg2,2024-02-16,bx_max,17483.73,Bx,Max,2024-02-16,2024-02-17
pg2,2024-02-17,bx_max,17526.86,Bx,Max,2024-02-17,2024-02-18
pg2,2024-02-18,bx_max,17369.11,Bx,Max,2024-02-18,2024-02-19
pg2,2024-02-19,bx_max,17549.04,Bx,Max,2024-02-19,2024-02-20
pg2,2024-02-20,bx_max,17348.67,Bx,Max,2024-02-20,2024-02-21
pg2,2024-02-21,bx_max,17320.82,Bx,Max,2024-02-21,2024-02-22
pg2,2024-02-22,bx_max,17318.04,Bx,Max,2024-02-22,2024-02-23
pg2,2024-02-23,bx_max,17324.41,Bx,Max,2024-02-23,2024-02-24
pg2,2024-02-24,bx_max,17343.23,Bx,Max,2024-02-24,2024-02-25
pg2,2024-02-25,bx_max,17495.6,Bx,Max,2024-02-25,2024-02-26
pg2,2024-02-26,bx_max,17433.48,Bx,Max,2024-02-26,2024-02-27
pg2,2024-02-27,bx_max,17504.86,Bx,Max,2024-02-27,2024-02-28
pg2,2024-02-28,bx_max,17335.59,Bx,Max,2024-02-28,2024-02-29
pg2,2024-02-29,bx_max,17455.48,Bx,Max,2024-02-29,2024-03-01
pg2,2024-03-01,bx_max,17438.0,Bx,Max,2024-03-01,2024-03-02
pg2,2024-03-02,bx_max,17601.66,Bx,Max,2024-03-02,2024-03-03
pg2,2024-03-03,bx_max,17370.9,Bx,Max,2024-03-03,2024-03-04
pg2,2024-03-04,bx_max,17321.75,Bx,Max,2024-03-04,2024-03-05
pg2,2024-03-05,bx_max,17332.11,Bx,Max,2024-03-05,2024-03-06
pg2,2024-03-06,bx_max,17344.27,Bx,Max,2024-03-06,2024-03-07
pg2,2024-03-07,bx_max,17348.67,Bx,Max,2024-03-07,2024-03-08
pg2,2024-03-08,bx_max,17391.22,Bx,Max,2024-03-08,2024-03-09
pg2,2024-03-09,bx_max,17410.44,Bx,Max,2024-03-09,2024-03-10
pg2,2024-03-10,bx_max,17365.52,Bx,Max,2024-03-10,2024-03-11
pg2,2024-03-11,bx_max,17512.1,Bx,Max,2024-03-11,2024-03-12
pg2,2024-03-12,bx_max,17330.2,Bx,Max,2024-03-12,2024-03-13
pg2,2024-03-13,bx_max,17528.77,Bx,Max,2024-03-13,2024-03-14
pg2,2024-03-14,bx_max,17352.84,Bx,Max,2024-03-14,2024-03-15
pg2,2024-03-15,bx_max,17331.88,Bx,Max,2024-03-15,2024-03-16
pg2,2024-03-16,bx_max,17284.18,Bx,Max,2024-03-16,2024-03-17
pg2,2024-03-17,bx_max,17300.85,Bx,Max,2024-03-17,2024-03-18
pg2,2024-03-18,bx_max,17369.97,Bx,Max,2024-03-18,2024-03-19
pg2,2024-03-19,bx_max,17413.97,Bx,Max,2024-03-19,2024-03-20
pg2,2024-03-20,bx_max,17489.23,Bx,Max,2024-03-20,2024-03-21
pg2,2024-03-21,bx_max,17348.73,Bx,Max,2024-03-21,2024-03-22
pg2,2024-03-22,bx_max,17387.63,Bx,Max,2024-03-22,2024-03-23
pg2,2024-03-23,bx_max,17511.81,Bx,Max,2024-03-23,2024-03-24
pg2,2024-03-24,bx_max,17595.52,Bx,Max,2024-03-24,2024-03-25
pg2,2024-03-25,bx_max,17632.46,Bx,Max,2024-03-25,2024-03-26
pg2,2024-03-26,bx_max,17402.57,Bx,Max,2024-03-26,2024-03-27
pg2,2024-03-27,bx_max,17329.91,Bx,Max,2024-03-27,2024-03-28
pg2,2024-03-28,bx_max,17318.8,Bx,Max,2024-03-28,2024-03-29
pg2,2024-03-29,bx_max,17501.85,Bx,Max,2024-03-29,2024-03-30
pg2,2024-03-30,bx_max,17516.27,Bx,Max,2024-03-30,2024-03-31
pg2,2024-03-31,bx_max,17517.72,Bx,Max,2024-03-31,2024-04-01
pg2,2024-04-01,bx_max,17354.34,Bx,Max,2024-04-01,2024-04-02
pg2,2024-04-02,bx_max,17286.95,Bx,Max,2024-04-02,2024-04-03
pg2,2024-04-03,bx_max,17291.59,Bx,Max,2024-04-03,2024-04-04
pg2,2024-04-04,bx_max,17320.36,Bx,Max,2024-04-04,2024-04-05
pg2,2024-04-05,bx_max,17333.27,Bx,Max,2024-04-05,2024-04-06
pg2,2024-04-06,bx_max,17582.67,Bx,Max,2024-04-06,2024-04-07
pg2,2024-04-07,bx_max,17454.61,Bx,Max,2024-04-07,2024-04-08
pg2,2024-04-08,bx_max,17555.29,Bx,Max,2024-04-08,2024-04-09
pg2,2024-04-09,bx_max,17517.14,Bx,Max,2024-04-09,2024-04-10
pg2,2024-04-10,bx_max,17548.34,Bx,Max,2024-04-10,2024-04-11
pg2,2024-04-11,bx_max,17513.37,Bx,Max,2024-04-11,2024-04-12
pg2,2024-04-12,bx_max,17498.32,Bx,Max,2024-04-12,2024-04-13
pg2,2024-04-13,bx_max,17303.57,Bx,Max,2024-04-13,2024-04-14
pg2,2024-04-14,bx_max,17484.37,Bx,Max,2024-04-14,2024-04-15
pg2,2024-04-15,bx_max,17492.53,Bx,Max,2024-04-15,2024-04-16
pg2,2024-04-16,bx_max,17529.06,Bx,Max,2024-04-16,2024-04-17
pg2,2024-04-17,bx_max,17307.1,Bx,Max,2024-04-17,2024-04-18
pg2,2024-04-18,bx_max,17275.9,Bx,Max,2024-04-18,2024-04-19
pg2,2024-04-19,bx_max,17331.07,Bx,Max,2024-04-19,2024-04-20
pg2,2024-04-20,bx_max,17459.82,Bx,Max,2024-04-20,2024-04-21
pg2,2024-04-21,bx_max,17562.7,Bx,Max,2024-04-21,2024-04-22
pg2,2024-04-22,bx_max,17493.46,Bx,Max,2024-04-22,2024-04-23
pg2,2024-04-23,bx_max,17517.02,Bx,Max,2024-04-23,2024-04-24
pg2,2024-04-24,bx_max,17502.26,Bx,Max,2024-04-24,2024-04-25
pg2,2024-04-25,bx_max,17490.91,Bx,Max,2024-04-25,2024-04-26
pg2,2024-04-26,bx_max,17477.94,Bx,Max,2024-04-26,2024-04-27
pg2,2024-04-27,bx_max,17541.39,Bx,Max,2024-04-27,2024-04-28
pg2,2024-04-28,bx_max,17564.03,Bx,Max,2024-04-28,2024-04-29
pg2,2024-04-29,bx_max,17287.01,Bx,Max,2024-04-29,2024-04-30
pg2,2024-04-30,bx_max,17490.8,Bx,Max,2024-04-30,2024-05-01
pg2,2024-05-01,bx_max,17594.94,Bx,Max,2024-05-01,2024-05-02
pg2,2024-05-02,bx_max,17513.03,Bx,Max,2024-05-02,2024-05-03
pg2,2024-05-03,bx_max,17443.73,Bx,Max,2024-05-03,2024-05-04
pg2,2024-05-04,bx_max,17497.51,Bx,Max,2024-05-04,2024-05-05
pg2,2024-05-05,bx_max,17450.56,Bx,Max,2024-05-05,2024-05-06
pg2,2024-05-06,bx_max,17488.42,Bx,Max,2024-05-06,2024-05-07
pg2,2024-05-07,bx_max,17508.22,Bx,Max,2024-05-07,2024-05-08
pg2,2024-05-08,bx_max,17488.02,Bx,Max,2024-05-08,2024-05-09
pg2,2024-05-09,bx_max,17510.6,Bx,Max,2024-05-09,2024-05-10
pg2,2024-05-10,bx_max,17504.75,Bx,Max,2024-05-10,2024-05-11
pg2,2024-05-11,bx_max,17733.54,Bx,Max,2024-05-11,2024-05-12
pg2,2024-05-12,bx_max,17475.22,Bx,Max,2024-05-12,2024-05-13
pg2,2024-05-13,bx_max,17483.27,Bx,Max,2024-05-13,2024-05-14
pg2,2024-05-14,bx_max,17469.95,Bx,Max,2024-05-14,2024-05-15
pg2,2024-05-15,bx_max,17304.61,Bx,Max,2024-05-15,2024-05-16
pg2,2024-05-16,bx_max,17338.42,Bx,Max,2024-05-16,2024-05-17
pg2,2024-05-17,bx_max,17316.54,Bx,Max,2024-05-17,2024-05-18
pg2,2024-05-18,bx_max,17486.86,Bx,Max,2024-05-18,2024-05-19
pg2,2024-05-19,bx_max,17484.49,Bx,Max,2024-05-19,2024-05-20
pg2,2024-05-20,bx_max,17494.04,Bx,Max,2024-05-20,2024-05-21
pg2,2024-05-21,bx_max,17479.33,Bx,Max,2024-05-21,2024-05-22
pg2,2024-05-22,bx_max,17276.42,Bx,Max,2024-05-22,2024-05-23
pg2,2024-05-23,bx_max,17491.32,Bx,Max,2024-05-23,2024-05-24
pg2,2024-05-24,bx_max,17469.32,Bx,Max,2024-05-24,2024-05-25
pg2,2024-05-25,bx_max,17482.29,Bx,Max,2024-05-25,2024-05-26
pg2,2024-05-26,bx_max,17502.09,Bx,Max,2024-05-26,2024-05-27
pg2,2024-05-27,bx_max,17493.63,Bx,Max,2024-05-27,2024-05-28
pg2,2024-05-28,bx_max,17482.58,Bx,Max,2024-05-28,2024-05-29
pg2,2024-05-29,bx_max,17273.18,Bx,Max,2024-05-29,2024-05-30
pg2,2024-05-30,bx_max,17282.32,Bx,Max,2024-05-30,2024-05-31
pg2,2024-05-31,bx_max,17337.84,Bx,Max,2024-05-31,2024-06-01
pg2,2024-06-01,bx_max,17526.98,Bx,Max,2024-06-01,2024-06-02
pg2,2024-06-02,bx_max,17517.83,Bx,Max,2024-06-02,2024-06-03
pg2,2024-06-03,bx_max,17460.0,Bx,Max,2024-06-03,2024-06-04
pg2,2024-06-04,bx_max,17283.6,Bx,Max,2024-06-04,2024-06-05
pg2,2024-06-05,bx_max,17476.32,Bx,Max,2024-06-05,2024-06-06
pg2,2024-06-06,bx_max,17492.36,Bx,Max,2024-06-06,2024-06-07
pg2,2024-06-07,bx_max,17490.33,Bx,Max,2024-06-07,2024-06-08
pg2,2024-06-08,bx_max,17389.6,Bx,Max,2024-06-08,2024-06-09
pg2,2024-06-09,bx_max,17490.39,Bx,Max,2024-06-09,2024-06-10
pg2,2024-06-10,bx_max,17445.23,Bx,Max,2024-06-10,2024-06-11
pg2,2024-06-11,bx_max,17567.21,Bx,Max,2024-06-11,2024-06-12
pg2,2024-06-12,bx_max,17267.27,Bx,Max,2024-06-12,2024-06-13
pg2,2024-06-13,bx_max,17273.29,Bx,Max,2024-06-13,2024-06-14
pg2,2024-06-14,bx_max,17478.58,Bx,Max,2024-06-14,2024-06-15
pg2,2024-06-15,bx_max,17499.6,Bx,Max,2024-06-15,2024-06-16
pg2,2024-06-16,bx_max,17485.93,Bx,Max,2024-06-16,2024-06-17
pg2,2024-06-17,bx_max,17505.33,Bx,Max,2024-06-17,2024-06-18
pg2,2024-06-18,bx_max,17521.88,Bx,Max,2024-06-18,2024-06-19
pg2,2024-06-19,bx_max,17427.69,Bx,Max,2024-06-19,2024-06-20
pg2,2024-06-20,bx_max,17517.02,Bx,Max,2024-06-20,2024-06-21
pg2,2024-06-21,bx_max,17501.62,Bx,Max,2024-06-21,2024-06-22
pg2,2024-06-22,bx_max,17286.03,Bx,Max,2024-06-22,2024-06-23
pg2,2024-06-23,bx_max,17499.25,Bx,Max,2024-06-23,2024-06-24
pg2,2024-06-24,bx_max,17269.99,Bx,Max,2024-06-24,2024-06-25
pg3,2024-01-01,bx_max,17543.4,Bx,Max,2024-01-01,2024-01-02
pg3,2024-01-02,bx_max,17834.57,Bx,Max,2024-01-02,2024-01-03
pg3,2024-01-03,bx_max,17759.2,Bx,Max,2024-01-03,2024-01-04
pg3,2024-01-04,bx_max,17657.58,Bx,Max,2024-01-04,2024-01-05
pg3,2024-01-05,bx_max,17726.67,Bx,Max,2024-01-05,2024-01-06
pg3,2024-01-06,bx_max,17637.95,Bx,Max,2024-01-06,2024-01-07
pg3,2024-01-07,bx_max,17489.4,Bx,Max,2024-01-07,2024-01-08
pg3,2024-01-08,bx_max,17502.06,Bx,Max,2024-01-08,2024-01-09
pg3,2024-01-09,bx_max,17466.94,Bx,Max,2024-01-09,2024-01-10
pg3,2024-01-10,bx_max,17508.28,Bx,Max,2024-01-10,2024-01-11
pg3,2024-01-11,bx_max,17479.95,Bx,Max,2024-01-11,2024-01-12
pg3,2024-01-12,bx_max,17476.04,Bx,Max,2024-01-12,2024-01-13
pg3,2024-01-13,bx_max,17681.59,Bx,Max,2024-01-13,2024-01-14
pg3,2024-01-14,bx_max,17497.86,Bx,Max,2024-01-14,2024-01-15
pg3,2024-01-15,bx_max,17758.23,Bx,Max,2024-01-15,2024-01-16
pg3,2024-01-16,bx_max,17543.63,Bx,Max,2024-01-16,2024-01-17
pg3,2024-01-17,bx_max,17465.27,Bx,Max,2024-01-17,2024-01-18
pg3,2024-01-18,bx_max,17477.82,Bx,Max,2024-01-18,2024-01-19
pg3,2024-01-19,bx_max,17462.91,Bx,Max,2024-01-19,2024-01-20
pg3,2024-01-20,bx_max,17486.06,Bx,Max,2024-01-20,2024-01-21
pg3,2024-01-21,bx_max,17486.57,Bx,Max,2024-01-21,2024-01-22
pg3,2024-01-22,bx_max,17532.29,Bx,Max,2024-01-22,2024-01-23
pg3,2024-01-23,bx_max,17496.19,Bx,Max,2024-01-23,2024-01-24
pg3,2024-01-24,bx_max,17643.36,Bx,Max,2024-01-24,2024-01-25
pg3,2024-01-25,bx_max,17486.46,Bx,Max,2024-01-25,2024-01-26
pg3,2024-01-26,bx_max,17499.24,Bx,Max,2024-01-26,2024-01-27
pg3,2024-01-27,bx_max,17437.98,Bx,Max,2024-01-27,2024-01-28
pg3,2024-01-28,bx_max,17503.62,Bx,Max,2024-01-28,2024-01-29
pg3,2024-01-29,bx_max,17547.61,Bx,Max,2024-01-29,2024-01-30
pg3,2024-01-30,bx_max,17523.37,Bx,Max,2024-01-30,2024-01-31
pg3,2024-01-31,bx_max,17496.25,Bx,Max,2024-01-31,2024-02-01
pg3,2024-02-01,bx_max,17478.63,Bx,Max,2024-02-01,2024-02-02
pg3,2024-02-02,bx_max,17479.89,Bx,Max,2024-02-02,2024-02-03
pg3,2024-02-03,bx_max,17464.64,Bx,Max,2024-02-03,2024-02-04
pg3,2024-02-04,bx_max,17501.89,Bx,Max,2024-02-04,2024-02-05
pg3,2024-02-05,bx_max,17519.91,Bx,Max,2024-02-05,2024-02-06
pg3,2024-02-06,bx_max,17552.39,Bx,Max,2024-02-06,2024-02-07
pg3,2024-02-07,bx_max,17577.03,Bx,Max,2024-02-07,2024-02-08
pg3,2024-02-08,bx_max,17674.62,Bx,Max,2024-02-08,2024-02-09
pg3,2024-02-09,bx_max,17440.11,Bx,Max,2024-02-09,2024-02-10
pg3,2024-02-10,bx_max,17430.78,Bx,Max,2024-02-10,2024-02-11
pg3,2024-02-11,bx_max,17587.05,Bx,Max,2024-02-11,2024-02-12
pg3,2024-02-12,bx_max,17698.35,Bx,Max,2024-02-12,2024-02-13
pg3,2024-02-13,bx_max,17517.2,Bx,Max,2024-02-13,2024-02-14
pg3,2024-02-14,bx_max,17670.3,Bx,Max,2024-02-14,2024-02-15
pg3,2024-02-15,bx_max,17707.04,Bx,Max,2024-02-15,2024-02-16
pg3,2024-02-16,bx_max,17642.95,Bx,Max,2024-02-16,2024-02-17
pg3,2024-02-17,bx_max,17462.74,Bx,Max,2024-02-17,2024-02-18
pg3,2024-02-18,bx_max,17504.08,Bx,Max,2024-02-18,2024-02-19
pg3,2024-02-19,bx_max,17449.61,Bx,Max,2024-02-19,2024-02-20
pg3,2024-02-20,bx_max,17477.65,Bx,Max,2024-02-20,2024-02-21
pg3,2024-02-21,bx_max,18597.65,Bx,Max,2024-02-21,2024-02-22
pg3,2024-02-22,bx_max,17420.65,Bx,Max,2024-02-22,2024-02-23
pg3,2024-02-23,bx_max,17422.61,Bx,Max,2024-02-23,2024-02-24
pg3,2024-02-24,bx_max,17461.59,Bx,Max,2024-02-24,2024-02-25
pg3,2024-02-25,bx_max,17540.87,Bx,Max,2024-02-25,2024-02-26
pg3,2024-02-26,bx_max,17514.85,Bx,Max,2024-02-26,2024-02-27
pg3,2024-02-27,bx_max,17562.81,Bx,Max,2024-02-27,2024-02-28
pg3,2024-02-28,bx_max,17423.3,Bx,Max,2024-02-28,2024-02-29
pg3,2024-02-29,bx_max,17459.86,Bx,Max,2024-02-29,2024-03-01
pg3,2024-03-01,bx_max,17496.25,Bx,Max,2024-03-01,2024-03-02
pg3,2024-03-02,bx_max,17478.74,Bx,Max,2024-03-02,2024-03-03
pg3,2024-03-03,bx_max,17479.49,Bx,Max,2024-03-03,2024-03-04
pg3,2024-03-04,bx_max,17424.85,Bx,Max,2024-03-04,2024-03-05
pg3,2024-03-05,bx_max,17469.88,Bx,Max,2024-03-05,2024-03-06
pg3,2024-03-06,bx_max,17432.62,Bx,Max,2024-03-06,2024-03-07
pg3,2024-03-07,bx_max,17445.41,Bx,Max,2024-03-07,2024-03-08
pg3,2024-03-08,bx_max,17479.49,Bx,Max,2024-03-08,2024-03-09
pg3,2024-03-09,bx_max,17510.93,Bx,Max,2024-03-09,2024-03-10
pg3,2024-03-10,bx_max,17456.23,Bx,Max,2024-03-10,2024-03-11
pg3,2024-03-11,bx_max,17449.95,Bx,Max,2024-03-11,2024-03-12
pg3,2024-03-12,bx_max,17545.59,Bx,Max,2024-03-12,2024-03-13
pg3,2024-03-13,bx_max,17440.8,Bx,Max,2024-03-13,2024-03-14
pg3,2024-03-14,bx_max,17468.61,Bx,Max,2024-03-14,2024-03-15
pg3,2024-03-15,bx_max,17431.53,Bx,Max,2024-03-15,2024-03-16
pg3,2024-03-16,bx_max,17402.17,Bx,Max,2024-03-16,2024-03-17
pg3,2024-03-17,bx_max,17413.22,Bx,Max,2024-03-17,2024-03-18
pg3,2024-03-18,bx_max,17480.99,Bx,Max,2024-03-18,2024-03-19
pg3,2024-03-19,bx_max,17609.1,Bx,Max,2024-03-19,2024-03-20
pg3,2024-03-20,bx_max,17440.51,Bx,Max,2024-03-20,2024-03-21
pg3,2024-03-21,bx_max,17458.42,Bx,Max,2024-03-21,2024-03-22
pg3,2024-03-22,bx_max,17620.27,Bx,Max,2024-03-22,2024-03-23
pg3,2024-03-23,bx_max,17557.45,Bx,Max,2024-03-23,2024-03-24
pg3,2024-03-24,bx_max,17688.61,Bx,Max,2024-03-24,2024-03-25
pg3,2024-03-25,bx_max,17512.02,Bx,Max,2024-03-25,2024-03-26
pg3,2024-03-26,bx_max,17492.73,Bx,Max,2024-03-26,2024-03-27
pg3,2024-03-27,bx_max,17436.37,Bx,Max,2024-03-27,2024-03-28
pg3,2024-03-28,bx_max,17433.43,Bx,Max,2024-03-28,2024-03-29
pg3,2024-03-29,bx_max,17446.9,Bx,Max,2024-03-29,2024-03-30
pg3,2024-03-30,bx_max,17433.66,Bx,Max,2024-03-30,2024-03-31
pg3,2024-03-31,bx_max,17468.95,Bx,Max,2024-03-31,2024-04-01
pg3,2024-04-01,bx_max,17450.59,Bx,Max,2024-04-01,2024-04-02
pg3,2024-04-02,bx_max,17423.47,Bx,Max,2024-04-02,2024-04-03
pg3,2024-04-03,bx_max,17646.7,Bx,Max,2024-04-03,2024-04-04
pg3,2024-04-04,bx_max,17420.36,Bx,Max,2024-04-04,2024-04-05
pg3,2024-04-05,bx_max,17433.6,Bx,Max,2024-04-05,2024-04-06
pg3,2024-04-06,bx_max,17455.65,Bx,Max,2024-04-06,2024-04-07
pg3,2024-04-07,bx_max,17419.67,Bx,Max,2024-04-07,2024-04-08
pg3,2024-04-08,bx_max,17707.04,Bx,Max,2024-04-08,2024-04-09
pg3,2024-04-09,bx_max,17414.02,Bx,Max,2024-04-09,2024-04-10
pg3,2024-04-10,bx_max,17423.53,Bx,Max,2024-04-10,2024-04-11
pg3,2024-04-11,bx_max,17424.16,Bx,Max,2024-04-11,2024-04-12
pg3,2024-04-12,bx_max,17391.86,Bx,Max,2024-04-12,2024-04-13
pg3,2024-04-13,bx_max,17394.45,Bx,Max,2024-04-13,2024-04-14
pg3,2024-04-14,bx_max,17396.98,Bx,Max,2024-04-14,2024-04-15
pg3,2024-04-15,bx_max,17425.6,Bx,Max,2024-04-15,2024-04-16
pg3,2024-04-16,bx_max,17481.33,Bx,Max,2024-04-16,2024-04-17
pg3,2024-04-17,bx_max,17414.14,Bx,Max,2024-04-17,2024-04-18
pg3,2024-04-18,bx_max,17386.56,Bx,Max,2024-04-18,2024-04-19
pg3,2024-04-19,bx_max,17430.78,Bx,Max,2024-04-19,2024-04-20
pg3,2024-04-20,bx_max,17406.25,Bx,Max,2024-04-20,2024-04-21
pg3,2024-04-21,bx_max,17452.09,Bx,Max,2024-04-21,2024-04-22
pg3,2024-04-22,bx_max,17427.04,Bx,Max,2024-04-22,2024-04-23
pg3,2024-04-23,bx_max,17404.52,Bx,Max,2024-04-23,2024-04-24
pg3,2024-04-24,bx_max,17397.9,Bx,Max,2024-04-24,2024-04-25
pg3,2024-04-25,bx_max,17374.18,Bx,Max,2024-04-25,2024-04-26
pg3,2024-04-26,bx_max,17427.9,Bx,Max,2024-04-26,2024-04-27
pg3,2024-04-27,bx_max,17408.9,Bx,Max,2024-04-27,2024-04-28
pg3,2024-04-28,bx_max,17424.16,Bx,Max,2024-04-28,2024-04-29
pg3,2024-04-29,bx_max,17403.2,Bx,Max,2024-04-29,2024-04-30
pg3,2024-04-30,bx_max,17380.05,Bx,Max,2024-04-30,2024-05-01
pg3,2024-05-01,bx_max,17430.67,Bx,Max,2024-05-01,2024-05-02
pg3,2024-05-02,bx_max,17399.57,Bx,Max,2024-05-02,2024-05-03
pg3,2024-05-03,bx_max,17477.42,Bx,Max,2024-05-03,2024-05-04
pg3,2024-05-04,bx_max,17380.4,Bx,Max,2024-05-04,2024-05-05
pg3,2024-05-05,bx_max,17403.83,Bx,Max,2024-05-05,2024-05-06
pg3,2024-05-06,bx_max,17468.67,Bx,Max,2024-05-06,2024-05-07
pg3,2024-05-07,bx_max,17438.78,Bx,Max,2024-05-07,2024-05-08
pg3,2024-05-08,bx_max,17457.5,Bx,Max,2024-05-08,2024-05-09
pg3,2024-05-09,bx_max,17449.78,Bx,Max,2024-05-09,2024-05-10
pg3,2024-05-10,bx_max,17597.18,Bx,Max,2024-05-10,2024-05-11
pg3,2024-05-11,bx_max,17778.32,Bx,Max,2024-05-11,2024-05-12
pg3,2024-05-12,bx_max,17554.36,Bx,Max,2024-05-12,2024-05-13
pg3,2024-05-13,bx_max,17497.59,Bx,Max,2024-05-13,2024-05-14
pg3,2024-05-14,bx_max,17440.36,Bx,Max,2024-05-14,2024-05-15
pg3,2024-05-15,bx_max,17405.35,Bx,Max,2024-05-15,2024-05-16
pg3,2024-05-16,bx_max,17426.42,Bx,Max,2024-05-16,2024-05-17
pg3,2024-05-17,bx_max,17406.67,Bx,Max,2024-05-17,2024-05-18
pg3,2024-05-18,bx_max,17459.93,Bx,Max,2024-05-18,2024-05-19
pg3,2024-05-19,bx_max,17397.58,Bx,Max,2024-05-19,2024-05-20
pg3,2024-05-20,bx_max,17423.43,Bx,Max,2024-05-20,2024-05-21
pg3,2024-05-21,bx_max,17396.37,Bx,Max,2024-05-21,2024-05-22
pg3,2024-05-22,bx_max,17383.35,Bx,Max,2024-05-22,2024-05-23
pg3,2024-05-23,bx_max,17391.18,Bx,Max,2024-05-23,2024-05-24
pg3,2024-05-24,bx_max,17620.46,Bx,Max,2024-05-24,2024-05-25
pg3,2024-05-25,bx_max,17643.95,Bx,Max,2024-05-25,2024-05-26
pg3,2024-05-26,bx_max,17637.44,Bx,Max,2024-05-26,2024-05-27
pg3,2024-05-27,bx_max,17427.34,Bx,Max,2024-05-27,2024-05-28
pg3,2024-05-28,bx_max,17639.86,Bx,Max,2024-05-28,2024-05-29
pg3,2024-05-29,bx_max,17371.26,Bx,Max,2024-05-29,2024-05-30
pg3,2024-05-30,bx_max,17371.84,Bx,Max,2024-05-30,2024-05-31
pg3,2024-05-31,bx_max,17427.86,Bx,Max,2024-05-31,2024-06-01
pg3,2024-06-01,bx_max,17395.21,Bx,Max,2024-06-01,2024-06-02
pg3,2024-06-02,bx_max,17383.64,Bx,Max,2024-06-02,2024-06-03
pg3,2024-06-03,bx_max,17384.79,Bx,Max,2024-06-03,2024-06-04
pg3,2024-06-04,bx_max,17383.81,Bx,Max,2024-06-04,2024-06-05
pg3,2024-06-05,bx_max,17393.72,Bx,Max,2024-06-05,2024-06-06
pg3,2024-06-06,bx_max,17384.16,Bx,Max,2024-06-06,2024-06-07
pg3,2024-06-07,bx_max,17419.17,Bx,Max,2024-06-07,2024-06-08
pg3,2024-06-08,bx_max,17455.5,Bx,Max,2024-06-08,2024-06-09
pg3,2024-06-09,bx_max,17419.69,Bx,Max,2024-06-09,2024-06-10
pg3,2024-06-10,bx_max,17456.53,Bx,Max,2024-06-10,2024-06-11
pg3,2024-06-11,bx_max,17439.32,Bx,Max,2024-06-11,2024-06-12
pg3,2024-06-12,bx_max,17384.68,Bx,Max,2024-06-12,2024-06-13
pg3,2024-06-13,bx_max,17376.67,Bx,Max,2024-06-13,2024-06-14
pg3,2024-06-14,bx_max,17384.16,Bx,Max,2024-06-14,2024-06-15
pg3,2024-06-15,bx_max,17447.03,Bx,Max,2024-06-15,2024-06-16
pg3,2024-06-16,bx_max,17408.11,Bx,Max,2024-06-16,2024-06-17
pg3,2024-06-17,bx_max,17406.15,Bx,Max,2024-06-17,2024-06-18
pg3,2024-06-18,bx_max,17537.26,Bx,Max,2024-06-18,2024-06-19
pg3,2024-06-19,bx_max,17406.1,Bx,Max,2024-06-19,2024-06-20
pg3,2024-06-20,bx_max,17420.66,Bx,Max,2024-06-20,2024-06-21
pg3,2024-06-21,bx_max,17379.67,Bx,Max,2024-06-21,2024-06-22
pg3,2024-06-22,bx_max,17373.62,Bx,Max,2024-06-22,2024-06-23
pg3,2024-06-23,bx_max,17372.3,Bx,Max,2024-06-23,2024-06-24
pg3,2024-06-24,bx_max,17367.12,Bx,Max,2024-06-24,2024-06-25
pg3,2024-06-25,bx_max,17380.36,Bx,Max,2024-06-25,2024-06-26
pg3,2024-06-26,bx_max,17386.46,Bx,Max,2024-06-26,2024-06-27
pg3,2024-06-27,bx_max,17391.82,Bx,Max,2024-06-27,2024-06-28
pg3,2024-06-28,bx_max,17447.21,Bx,Max,2024-06-28,2024-06-29
pg3,2024-06-29,bx_max,17401.2,Bx,Max,2024-06-29,2024-06-30
pg3,2024-06-30,bx_max,17389.17,Bx,Max,2024-06-30,2024-07-01
pg3,2024-07-01,bx_max,17399.76,Bx,Max,2024-07-01,2024-07-02
pg3,2024-07-02,bx_max,17389.34,Bx,Max,2024-07-02,2024-07-03
pg3,2024-07-03,bx_max,17376.27,Bx,Max,2024-07-03,2024-07-04
pg3,2024-07-04,bx_max,17397.92,Bx,Max,2024-07-04,2024-07-05
pg3,2024-07-05,bx_max,17394.18,Bx,Max,2024-07-05,2024-07-06
pg3,2024-10-19,bx_max,17209.35,Bx,Max,2024-10-19,2024-10-20
pg3,2024-10-20,bx_max,17446.46,Bx,Max,2024-10-20,2024-10-21
pg3,2024-10-21,bx_max,17420.32,Bx,Max,2024-10-21,2024-10-22
pg3,2024-10-22,bx_max,17463.04,Bx,Max,2024-10-22,2024-10-23
pg3,2024-10-23,bx_max,17437.82,Bx,Max,2024-10-23,2024-10-24
pg3,2024-10-24,bx_max,17526.67,Bx,Max,2024-10-24,2024-10-25
pg3,2024-10-25,bx_max,17441.85,Bx,Max,2024-10-25,2024-10-26
pg3,2024-10-26,bx_max,17576.01,Bx,Max,2024-10-26,2024-10-27
pg3,2024-10-27,bx_max,17598.35,Bx,Max,2024-10-27,2024-10-28
pg3,2024-10-28,bx_max,17699.86,Bx,Max,2024-10-28,2024-10-29
pg3,2024-10-29,bx_max,17572.21,Bx,Max,2024-10-29,2024-10-30
pg3,2024-10-30,bx_max,17531.44,Bx,Max,2024-10-30,2024-10-31
pg3,2024-10-31,bx_max,17495.57,Bx,Max,2024-10-31,2024-11-01
pg3,2024-11-01,bx_max,17518.78,Bx,Max,2024-11-01,2024-11-02
pg3,2024-11-02,bx_max,17567.31,Bx,Max,2024-11-02,2024-11-03
pg3,2024-11-03,bx_max,17524.36,Bx,Max,2024-11-03,2024-11-04
pg3,2024-11-04,bx_max,17581.88,Bx,Max,2024-11-04,2024-11-05
pg3,2024-11-05,bx_max,17434.6,Bx,Max,2024-11-05,2024-11-06
pg3,2024-11-06,bx_max,17582.4,Bx,Max,2024-11-06,2024-11-07
pg3,2024-11-07,bx_max,17445.13,Bx,Max,2024-11-07,2024-11-08
pg3,2024-11-08,bx_max,17531.44,Bx,Max,2024-11-08,2024-11-09
pg3,2024-11-09,bx_max,17649.42,Bx,Max,2024-11-09,2024-11-10
pg3,2024-11-10,bx_max,17622.01,Bx,Max,2024-11-10,2024-11-11
pg3,2024-11-11,bx_max,17597.89,Bx,Max,2024-11-11,2024-11-12
pg3,2024-12-12,bx_max,17590.69,Bx,Max,2024-12-12,2024-12-13
pg3,2024-12-13,bx_max,17457.8,Bx,Max,2024-12-13,2024-12-14
pg3,2024-12-14,bx_max,17431.55,Bx,Max,2024-12-14,2024-12-15
pg3,2024-12-15,bx_max,17676.43,Bx,Max,2024-12-15,2024-12-16
pg3,2024-12-16,bx_max,17474.96,Bx,Max,2024-12-16,2024-12-17
pg3,2024-12-17,bx_max,17655.58,Bx,Max,2024-12-17,2024-12-18
pg3,2024-12-18,bx_max,17526.09,Bx,Max,2024-12-18,2024-12-19
pg3,2024-12-19,bx_max,17523.04,Bx,Max,2024-12-19,2024-12-20
pg3,2024-12-20,bx_max,17546.64,Bx,Max,2024-12-20,2024-12-21
pg3,2024-12-21,bx_max,17602.15,Bx,Max,2024-12-21,2024-12-22
pg3,2024-12-22,bx_max,17631.0,Bx,Max,2024-12-22,2024-12-23
pg3,2024-12-23,bx_max,17543.3,Bx,Max,2024-12-23,2024-12-24
pg3,2024-12-24,bx_max,17489.76,Bx,Max,2024-12-24,2024-12-25
pg3,2024-12-25,bx_max,17523.33,Bx,Max,2024-12-25,2024-12-26
pg3,2024-12-26,bx_max,17462.87,Bx,Max,2024-12-26,2024-12-27
pg3,2024-12-27,bx_max,17454.17,Bx,Max,2024-12-27,2024-12-28
pg3,2024-12-28,bx_max,17448.42,Bx,Max,2024-12-28,2024-12-29
pg3,2024-12-29,bx_max,17559.6,Bx,Max,2024-12-29,2024-12-30
pg3,2024-12-30,bx_max,17517.11,Bx,Max,2024-12-30,2024-12-31
pg3,2024-12-31,bx_max,17477.03,Bx,Max,2024-12-31,2025-01-01
pg4,2024-01-01,bx_max,18884.51,Bx,Max,2024-01-01,2024-01-02
pg4,2024-01-02,bx_max,18754.11,Bx,Max,2024-01-02,2024-01-03
pg4,2024-01-03,bx_max,18914.46,Bx,Max,2024-01-03,2024-01-04
pg4,2024-01-04,bx_max,18977.71,Bx,Max,2024-01-04,2024-01-05
pg4,2024-01-05,bx_max,18764.61,Bx,Max,2024-01-05,2024-01-06
pg4,2024-01-06,bx_max,18774.77,Bx,Max,2024-01-06,2024-01-07
pg4,2024-01-07,bx_max,18723.12,Bx,Max,2024-01-07,2024-01-08
pg4,2024-01-08,bx_max,18767.05,Bx,Max,2024-01-08,2024-01-09
pg4,2024-01-09,bx_max,18729.27,Bx,Max,2024-01-09,2024-01-10
pg4,2024-01-10,bx_max,18776.16,Bx,Max,2024-01-10,2024-01-11
pg4,2024-01-11,bx_max,18711.98,Bx,Max,2024-01-11,2024-01-12
pg4,2024-01-12,bx_max,18719.58,Bx,Max,2024-01-12,2024-01-13
pg4,2024-01-13,bx_max,18746.22,Bx,Max,2024-01-13,2024-01-14
pg4,2024-01-14,bx_max,18781.68,Bx,Max,2024-01-14,2024-01-15
pg4,2024-01-15,bx_max,18770.07,Bx,Max,2024-01-15,2024-01-16
pg4,2024-01-16,bx_max,18761.31,Bx,Max,2024-01-16,2024-01-17
pg4,2024-01-17,bx_max,18695.73,Bx,Max,2024-01-17,2024-01-18
pg4,2024-01-18,bx_max,18769.37,Bx,Max,2024-01-18,2024-01-19
pg4,2024-01-19,bx_max,18740.94,Bx,Max,2024-01-19,2024-01-20
pg4,2024-01-20,bx_max,18787.65,Bx,Max,2024-01-20,2024-01-21
pg4,2024-01-21,bx_max,18701.24,Bx,Max,2024-01-21,2024-01-22
pg4,2024-01-22,bx_max,18799.43,Bx,Max,2024-01-22,2024-01-23
pg4,2024-01-23,bx_max,18977.95,Bx,Max,2024-01-23,2024-01-24
pg4,2024-01-24,bx_max,18771.58,Bx,Max,2024-01-24,2024-01-25
pg4,2024-01-25,bx_max,18714.07,Bx,Max,2024-01-25,2024-01-26
pg4,2024-01-26,bx_max,18743.55,Bx,Max,2024-01-26,2024-01-27
pg4,2024-01-27,bx_max,18707.16,Bx,Max,2024-01-27,2024-01-28
pg4,2024-01-28,bx_max,18817.48,Bx,Max,2024-01-28,2024-01-29
pg4,2024-01-29,bx_max,18774.02,Bx,Max,2024-01-29,2024-01-30
pg4,2024-01-30,bx_max,18751.27,Bx,Max,2024-01-30,2024-01-31
pg4,2024-01-31,bx_max,18719.81,Bx,Max,2024-01-31,2024-02-01
pg4,2024-02-01,bx_max,18738.32,Bx,Max,2024-02-01,2024-02-02
pg4,2024-02-02,bx_max,18696.19,Bx,Max,2024-02-02,2024-02-03
pg4,2024-02-03,bx_max,18703.97,Bx,Max,2024-02-03,2024-02-04
pg4,2024-02-04,bx_max,18744.71,Bx,Max,2024-02-04,2024-02-05
pg4,2024-02-05,bx_max,18745.17,Bx,Max,2024-02-05,2024-02-06
pg4,2024-02-06,bx_max,18710.29,Bx,Max,2024-02-06,2024-02-07
pg4,2024-02-07,bx_max,18736.12,Bx,Max,2024-02-07,2024-02-08
pg4,2024-02-08,bx_max,18681.45,Bx,Max,2024-02-08,2024-02-09
pg4,2024-02-09,bx_max,18666.83,Bx,Max,2024-02-09,2024-02-10
pg4,2024-02-10,bx_max,18653.19,Bx,Max,2024-02-10,2024-02-11
pg4,2024-02-11,bx_max,18833.96,Bx,Max,2024-02-11,2024-02-12
pg4,2024-02-12,bx_max,18654.99,Bx,Max,2024-02-12,2024-02-13
pg4,2024-02-13,bx_max,18937.09,Bx,Max,2024-02-13,2024-02-14
pg4,2024-02-14,bx_max,18779.36,Bx,Max,2024-02-14,2024-02-15
pg4,2024-02-15,bx_max,18812.03,Bx,Max,2024-02-15,2024-02-16
pg4,2024-02-16,bx_max,18671.41,Bx,Max,2024-02-16,2024-02-17
pg4,2024-02-17,bx_max,18718.88,Bx,Max,2024-02-17,2024-02-18
pg4,2024-02-18,bx_max,18745.06,Bx,Max,2024-02-18,2024-02-19
pg4,2024-02-19,bx_max,18775.47,Bx,Max,2024-02-19,2024-02-20
pg4,2024-02-20,bx_max,18729.85,Bx,Max,2024-02-20,2024-02-21
pg4,2024-02-21,bx_max,18687.31,Bx,Max,2024-02-21,2024-02-22
pg4,2024-02-22,bx_max,18645.35,Bx,Max,2024-02-22,2024-02-23
pg4,2024-02-23,bx_max,18611.69,Bx,Max,2024-02-23,2024-02-24
pg4,2024-02-24,bx_max,18625.39,Bx,Max,2024-02-24,2024-02-25
pg4,2024-02-25,bx_max,18668.92,Bx,Max,2024-02-25,2024-02-26
pg4,2024-02-26,bx_max,18690.21,Bx,Max,2024-02-26,2024-02-27
pg4,2024-02-27,bx_max,18632.53,Bx,Max,2024-02-27,2024-02-28
pg4,2024-02-28,bx_max,18615.23,Bx,Max,2024-02-28,2024-02-29
pg4,2024-02-29,bx_max,18641.99,Bx,Max,2024-02-29,2024-03-01
pg4,2024-03-01,bx_max,18651.56,Bx,Max,2024-03-01,2024-03-02
pg4,2024-03-02,bx_max,18655.22,Bx,Max,2024-03-02,2024-03-03
pg4,2024-03-03,bx_max,18664.56,Bx,Max,2024-03-03,2024-03-04
pg4,2024-03-04,bx_max,18595.21,Bx,Max,2024-03-04,2024-03-05
pg4,2024-03-05,bx_max,18606.88,Bx,Max,2024-03-05,2024-03-06
pg4,2024-03-06,bx_max,18626.72,Bx,Max,2024-03-06,2024-03-07
pg4,2024-03-07,bx_max,18636.24,Bx,Max,2024-03-07,2024-03-08
pg4,2024-03-08,bx_max,18676.75,Bx,Max,2024-03-08,2024-03-09
pg4,2024-03-09,bx_max,18681.16,Bx,Max,2024-03-09,2024-03-10
pg4,2024-03-10,bx_max,18660.62,Bx,Max,2024-03-10,2024-03-11
pg4,2024-03-11,bx_max,18598.69,Bx,Max,2024-03-11,2024-03-12
pg4,2024-03-12,bx_max,18805.12,Bx,Max,2024-03-12,2024-03-13
pg4,2024-03-13,bx_max,18624.17,Bx,Max,2024-03-13,2024-03-14
pg4,2024-03-14,bx_max,18657.54,Bx,Max,2024-03-14,2024-03-15
pg4,2024-03-15,bx_max,18649.59,Bx,Max,2024-03-15,2024-03-16
pg4,2024-03-16,bx_max,18618.31,Bx,Max,2024-03-16,2024-03-17
pg4,2024-03-17,bx_max,18619.88,Bx,Max,2024-03-17,2024-03-18
pg4,2024-03-18,bx_max,18624.93,Bx,Max,2024-03-18,2024-03-19
pg4,2024-03-19,bx_max,18656.15,Bx,Max,2024-03-19,2024-03-20
pg4,2024-03-20,bx_max,18631.6,Bx,Max,2024-03-20,2024-03-21
pg4,2024-03-21,bx_max,18640.77,Bx,Max,2024-03-21,2024-03-22
pg4,2024-03-22,bx_max,18670.37,Bx,Max,2024-03-22,2024-03-23
pg4,2024-03-23,bx_max,18723.29,Bx,Max,2024-03-23,2024-03-24
pg4,2024-03-24,bx_max,18768.04,Bx,Max,2024-03-24,2024-03-25
pg4,2024-03-25,bx_max,18727.59,Bx,Max,2024-03-25,2024-03-26
pg4,2024-03-26,bx_max,18664.56,Bx,Max,2024-03-26,2024-03-27
pg4,2024-03-27,bx_max,18608.44,Bx,Max,2024-03-27,2024-03-28
pg4,2024-03-28,bx_max,18637.63,Bx,Max,2024-03-28,2024-03-29
pg4,2024-03-29,bx_max,18658.18,Bx,Max,2024-03-29,2024-03-30
pg4,2024-03-30,bx_max,18630.9,Bx,Max,2024-03-30,2024-03-31
pg4,2024-03-31,bx_max,18651.51,Bx,Max,2024-03-31,2024-04-01
pg4,2024-04-01,bx_max,18710.58,Bx,Max,2024-04-01,2024-04-02
pg4,2024-04-02,bx_max,18624.64,Bx,Max,2024-04-02,2024-04-03
pg4,2024-04-03,bx_max,18619.64,Bx,Max,2024-04-03,2024-04-04
pg4,2024-04-04,bx_max,18656.61,Bx,Max,2024-04-04,2024-04-05
pg4,2024-04-05,bx_max,18622.49,Bx,Max,2024-04-05,2024-04-06
pg4,2024-04-06,bx_max,18663.58,Bx,Max,2024-04-06,2024-04-07
pg4,2024-04-07,bx_max,18631.48,Bx,Max,2024-04-07,2024-04-08
pg4,2024-04-08,bx_max,18711.45,Bx,Max,2024-04-08,2024-04-09
pg4,2024-04-09,bx_max,18641.23,Bx,Max,2024-04-09,2024-04-10
pg4,2024-04-10,bx_max,18648.66,Bx,Max,2024-04-10,2024-04-11
pg4,2024-04-30,bx_max,18694.45,Bx,Max,2024-04-30,2024-05-01
pg4,2024-05-01,bx_max,18680.29,Bx,Max,2024-05-01,2024-05-02
pg4,2024-05-02,bx_max,18712.91,Bx,Max,2024-05-02,2024-05-03
pg4,2024-05-03,bx_max,18743.14,Bx,Max,2024-05-03,2024-05-04
pg4,2024-05-04,bx_max,18702.23,Bx,Max,2024-05-04,2024-05-05
pg4,2024-05-05,bx_max,18677.45,Bx,Max,2024-05-05,2024-05-06
pg4,2024-05-06,bx_max,18736.99,Bx,Max,2024-05-06,2024-05-07
pg4,2024-05-07,bx_max,18719.11,Bx,Max,2024-05-07,2024-05-08
pg4,2024-05-08,bx_max,18710.41,Bx,Max,2024-05-08,2024-05-09
pg4,2024-05-09,bx_max,18704.37,Bx,Max,2024-05-09,2024-05-10
pg4,2024-05-10,bx_max,19223.37,Bx,Max,2024-05-10,2024-05-11
pg4,2024-05-11,bx_max,18970.34,Bx,Max,2024-05-11,2024-05-12
pg4,2024-05-12,bx_max,18830.85,Bx,Max,2024-05-12,2024-05-13
pg4,2024-05-13,bx_max,18747.16,Bx,Max,2024-05-13,2024-05-14
pg4,2024-05-14,bx_max,18718.55,Bx,Max,2024-05-14,2024-05-15
pg4,2024-05-15,bx_max,18708.68,Bx,Max,2024-05-15,2024-05-16
pg4,2024-05-16,bx_max,18679.38,Bx,Max,2024-05-16,2024-05-17
pg4,2024-05-17,bx_max,18667.89,Bx,Max,2024-05-17,2024-05-18
pg4,2024-05-18,bx_max,18712.75,Bx,Max,2024-05-18,2024-05-19
pg4,2024-05-19,bx_max,18686.17,Bx,Max,2024-05-19,2024-05-20
pg4,2024-05-20,bx_max,18694.47,Bx,Max,2024-05-20,2024-05-21
pg4,2024-05-21,bx_max,18699.69,Bx,Max,2024-05-21,2024-05-22
pg4,2024-05-22,bx_max,18663.19,Bx,Max,2024-05-22,2024-05-23
pg4,2024-05-23,bx_max,18884.82,Bx,Max,2024-05-23,2024-05-24
pg4,2024-05-24,bx_max,18883.54,Bx,Max,2024-05-24,2024-05-25
pg4,2024-05-25,bx_max,18674.27,Bx,Max,2024-05-25,2024-05-26
pg4,2024-05-26,bx_max,18828.52,Bx,Max,2024-05-26,2024-05-27
pg4,2024-05-27,bx_max,18881.22,Bx,Max,2024-05-27,2024-05-28
pg4,2024-05-28,bx_max,18860.96,Bx,Max,2024-05-28,2024-05-29
pg4,2024-05-29,bx_max,18701.43,Bx,Max,2024-05-29,2024-05-30
pg4,2024-05-30,bx_max,18720.81,Bx,Max,2024-05-30,2024-05-31
pg4,2024-05-31,bx_max,18696.73,Bx,Max,2024-05-31,2024-06-01
pg4,2024-06-01,bx_max,18665.04,Bx,Max,2024-06-01,2024-06-02
pg4,2024-06-02,bx_max,18673.81,Bx,Max,2024-06-02,2024-06-03
pg4,2024-06-03,bx_max,18689.19,Bx,Max,2024-06-03,2024-06-04
pg4,2024-06-04,bx_max,18665.39,Bx,Max,2024-06-04,2024-06-05
pg4,2024-06-05,bx_max,18738.17,Bx,Max,2024-06-05,2024-06-06
pg4,2024-06-06,bx_max,18673.57,Bx,Max,2024-06-06,2024-06-07
pg4,2024-06-07,bx_max,18796.9,Bx,Max,2024-06-07,2024-06-08
pg4,2024-06-08,bx_max,18733.81,Bx,Max,2024-06-08,2024-06-09
pg4,2024-06-09,bx_max,18720.18,Bx,Max,2024-06-09,2024-06-10
pg4,2024-06-10,bx_max,18759.23,Bx,Max,2024-06-10,2024-06-11
pg4,2024-06-11,bx_max,18706.54,Bx,Max,2024-06-11,2024-06-12
pg4,2024-06-12,bx_max,18689.13,Bx,Max,2024-06-12,2024-06-13
pg4,2024-06-13,bx_max,18664.46,Bx,Max,2024-06-13,2024-06-14
pg4,2024-06-14,bx_max,18682.92,Bx,Max,2024-06-14,2024-06-15
pg4,2024-06-15,bx_max,18774.67,Bx,Max,2024-06-15,2024-06-16
pg4,2024-06-16,bx_max,18723.37,Bx,Max,2024-06-16,2024-06-17
pg4,2024-06-17,bx_max,18722.09,Bx,Max,2024-06-17,2024-06-18
pg4,2024-06-18,bx_max,18857.66,Bx,Max,2024-06-18,2024-06-19
pg4,2024-06-19,bx_max,18745.94,Bx,Max,2024-06-19,2024-06-20
pg4,2024-06-20,bx_max,18721.92,Bx,Max,2024-06-20,2024-06-21
pg4,2024-06-21,bx_max,18665.16,Bx,Max,2024-06-21,2024-06-22
pg4,2024-06-22,bx_max,18665.33,Bx,Max,2024-06-22,2024-06-23
pg4,2024-06-23,bx_max,18719.6,Bx,Max,2024-06-23,2024-06-24
pg4,2024-06-24,bx_max,18654.02,Bx,Max,2024-06-24,2024-06-25
pg4,2024-06-25,bx_max,18682.57,Bx,Max,2024-06-25,2024-06-26
pg4,2024-06-26,bx_max,18698.76,Bx,Max,2024-06-26,2024-06-27
pg4,2024-06-27,bx_max,18733.7,Bx,Max,2024-06-27,2024-06-28
pg4,2024-06-28,bx_max,18725.92,Bx,Max,2024-06-28,2024-06-29
pg4,2024-06-29,bx_max,18730.91,Bx,Max,2024-06-29,2024-06-30
pg4,2024-06-30,bx_max,18694.41,Bx,Max,2024-06-30,2024-07-01
pg4,2024-07-01,bx_max,18703.75,Bx,Max,2024-07-01,2024-07-02
pg4,2024-07-02,bx_max,18676.71,Bx,Max,2024-07-02,2024-07-03
pg4,2024-07-03,bx_max,18672.76,Bx,Max,2024-07-03,2024-07-04
pg4,2024-07-04,bx_max,18684.72,Bx,Max,2024-07-04,2024-07-05
pg4,2024-07-05,bx_max,18609.16,Bx,Max,2024-07-05,2024-07-06
pg4,2024-10-20,bx_max,18713.1,Bx,Max,2024-10-20,2024-10-21
pg4,2024-10-21,bx_max,18711.53,Bx,Max,2024-10-21,2024-10-22
pg4,2024-10-22,bx_max,18741.65,Bx,Max,2024-10-22,2024-10-23
pg4,2024-10-23,bx_max,18749.02,Bx,Max,2024-10-23,2024-10-24
pg4,2024-10-24,bx_max,18781.92,Bx,Max,2024-10-24,2024-10-25
pg4,2024-10-25,bx_max,18740.49,Bx,Max,2024-10-25,2024-10-26
pg4,2024-10-26,bx_max,18859.22,Bx,Max,2024-10-26,2024-10-27
pg4,2024-10-27,bx_max,18891.67,Bx,Max,2024-10-27,2024-10-28
pg4,2024-10-28,bx_max,19001.99,Bx,Max,2024-10-28,2024-10-29
pg4,2024-10-29,bx_max,18864.85,Bx,Max,2024-10-29,2024-10-30
pg4,2024-10-30,bx_max,18783.9,Bx,Max,2024-10-30,2024-10-31
pg4,2024-10-31,bx_max,18830.56,Bx,Max,2024-10-31,2024-11-01
pg4,2024-11-01,bx_max,18791.38,Bx,Max,2024-11-01,2024-11-02
pg4,2024-11-02,bx_max,18834.97,Bx,Max,2024-11-02,2024-11-03
pg4,2024-11-03,bx_max,18869.15,Bx,Max,2024-11-03,2024-11-04
pg4,2024-11-04,bx_max,18819.41,Bx,Max,2024-11-04,2024-11-05
pg4,2024-11-05,bx_max,18835.78,Bx,Max,2024-11-05,2024-11-06
pg4,2024-11-06,bx_max,18837.4,Bx,Max,2024-11-06,2024-11-07
pg4,2024-11-07,bx_max,18779.54,Bx,Max,2024-11-07,2024-11-08
pg4,2024-11-08,bx_max,18855.1,Bx,Max,2024-11-08,2024-11-09
pg4,2024-11-09,bx_max,18917.32,Bx,Max,2024-11-09,2024-11-10
pg4,2024-11-10,bx_max,18823.42,Bx,Max,2024-11-10,2024-11-11
pg4,2024-11-11,bx_max,18749.42,Bx,Max,2024-11-11,2024-11-12
pg4,2024-11-12,bx_max,18736.13,Bx,Max,2024-11-12,2024-11-13
pg4,2024-11-13,bx_max,18758.48,Bx,Max,2024-11-13,2024-11-14
pg4,2024-11-14,bx_max,18824.17,Bx,Max,2024-11-14,2024-11-15
pg4,2024-11-15,bx_max,18744.37,Bx,Max,2024-11-15,2024-11-16
pg4,2024-11-16,bx_max,18867.99,Bx,Max,2024-11-16,2024-11-17
pg4,2024-11-17,bx_max,18797.13,Bx,Max,2024-11-17,2024-11-18
pg4,2024-11-18,bx_max,18787.55,Bx,Max,2024-11-18,2024-11-19
pg4,2024-11-19,bx_max,18892.19,Bx,Max,2024-11-19,2024-11-20
pg4,2024-11-20,bx_max,18742.87,Bx,Max,2024-11-20,2024-11-21
pg4,2024-11-21,bx_max,18797.88,Bx,Max,2024-11-21,2024-11-22
pg4,2024-11-22,bx_max,18796.32,Bx,Max,2024-11-22,2024-11-23
pg4,2024-11-23,bx_max,18850.17,Bx,Max,2024-11-23,2024-11-24
pg4,2024-11-24,bx_max,18805.83,Bx,Max,2024-11-24,2024-11-25
pg4,2024-11-25,bx_max,18812.62,Bx,Max,2024-11-25,2024-11-26
pg4,2024-11-26,bx_max,18777.8,Bx,Max,2024-11-26,2024-11-27
pg4,2024-11-27,bx_max,18819.41,Bx,Max,2024-11-27,2024-11-28
pg4,2024-11-28,bx_max,18771.48,Bx,Max,2024-11-28,2024-11-29
pg4,2024-11-29,bx_max,18823.65,Bx,Max,2024-11-29,2024-11-30
pg4,2024-11-30,bx_max,19035.88,Bx,Max,2024-11-30,2024-12-01
pg4,2024-12-01,bx_max,18795.04,Bx,Max,2024-12-01,2024-12-02
pg4,2024-12-02,bx_max,18759.11,Bx,Max,2024-12-02,2024-12-03
pg4,2024-12-03,bx_max,18779.95,Bx,Max,2024-12-03,2024-12-04
pg4,2024-12-04,bx_max,18850.4,Bx,Max,2024-12-04,2024-12-05
pg4,2024-12-05,bx_max,18800.49,Bx,Max,2024-12-05,2024-12-06
pg4,2024-12-06,bx_max,18777.45,Bx,Max,2024-12-06,2024-12-07
pg4,2024-12-07,bx_max,18765.27,Bx,Max,2024-12-07,2024-12-08
pg4,2024-12-08,bx_max,18770.14,Bx,Max,2024-12-08,2024-12-09
pg4,2024-12-09,bx_max,18809.02,Bx,Max,2024-12-09,2024-12-10
pg4,2024-12-10,bx_max,18782.21,Bx,Max,2024-12-10,2024-12-11
pg4,2024-12-11,bx_max,18724.29,Bx,Max,2024-12-11,2024-12-12
pg4,2024-12-12,bx_max,18812.39,Bx,Max,2024-12-12,2024-12-13
pg4,2024-12-13,bx_max,18796.43,Bx,Max,2024-12-13,2024-12-14
pg4,2024-12-14,bx_max,18798.58,Bx,Max,2024-12-14,2024-12-15
pg4,2024-12-15,bx_max,18816.92,Bx,Max,2024-12-15,2024-12-16
pg4,2024-12-16,bx_max,18738.63,Bx,Max,2024-12-16,2024-12-17
pg4,2024-12-17,bx_max,18973.2,Bx,Max,2024-12-17,2024-12-18
pg4,2024-12-18,bx_max,18830.96,Bx,Max,2024-12-18,2024-12-19
pg4,2024-12-19,bx_max,18751.69,Bx,Max,2024-12-19,2024-12-20
pg4,2024-12-20,bx_max,18854.64,Bx,Max,2024-12-20,2024-12-21
pg4,2024-12-21,bx_max,18832.94,Bx,Max,2024-12-21,2024-12-22
pg4,2024-12-22,bx_max,18892.77,Bx,Max,2024-12-22,2024-12-23
pg4,2024-12-23,bx_max,18789.0,Bx,Max,2024-12-23,2024-12-24
pg4,2024-12-24,bx_max,18834.27,Bx,Max,2024-12-24,2024-12-25
pg4,2024-12-25,bx_max,18717.45,Bx,Max,2024-12-25,2024-12-26
pg4,2024-12-26,bx_max,18713.91,Bx,Max,2024-12-26,2024-12-27
pg4,2024-12-27,bx_max,18838.27,Bx,Max,2024-12-27,2024-12-28
pg4,2024-12-28,bx_max,18741.36,Bx,Max,2024-12-28,2024-12-29
pg4,2024-12-29,bx_max,18767.65,Bx,Max,2024-12-29,2024-12-30
pg4,2024-12-30,bx_max,18763.41,Bx,Max,2024-12-30,2024-12-31
pg4,2024-12-31,bx_max,18878.2,Bx,Max,2024-12-31,2025-01-01
pg5,2024-01-01,bx_max,18204.58,Bx,Max,2024-01-01,2024-01-02
pg5,2024-01-02,bx_max,18179.35,Bx,Max,2024-01-02,2024-01-03
pg5,2024-01-03,bx_max,18198.36,Bx,Max,2024-01-03,2024-01-04
pg5,2024-01-04,bx_max,18148.56,Bx,Max,2024-01-04,2024-01-05
pg5,2024-01-05,bx_max,18185.69,Bx,Max,2024-01-05,2024-01-06
pg5,2024-01-06,bx_max,18095.02,Bx,Max,2024-01-06,2024-01-07
pg5,2024-01-07,bx_max,18083.31,Bx,Max,2024-01-07,2024-01-08
pg5,2024-01-08,bx_max,18080.65,Bx,Max,2024-01-08,2024-01-09
pg5,2024-01-09,bx_max,18041.54,Bx,Max,2024-01-09,2024-01-10
pg5,2024-01-10,bx_max,18208.99,Bx,Max,2024-01-10,2024-01-11
pg5,2024-01-11,bx_max,18094.78,Bx,Max,2024-01-11,2024-01-12
pg5,2024-01-12,bx_max,18005.5,Bx,Max,2024-01-12,2024-01-13
pg5,2024-01-13,bx_max,18227.76,Bx,Max,2024-01-13,2024-01-14
pg5,2024-01-14,bx_max,18224.32,Bx,Max,2024-01-14,2024-01-15
pg5,2024-01-15,bx_max,18288.73,Bx,Max,2024-01-15,2024-01-16
pg5,2024-01-16,bx_max,18033.81,Bx,Max,2024-01-16,2024-01-17
pg5,2024-01-17,bx_max,18203.01,Bx,Max,2024-01-17,2024-01-18
pg5,2024-01-18,bx_max,18078.48,Bx,Max,2024-01-18,2024-01-19
pg5,2024-01-19,bx_max,18047.57,Bx,Max,2024-01-19,2024-01-20
pg5,2024-01-20,bx_max,18186.29,Bx,Max,2024-01-20,2024-01-21
pg5,2024-01-21,bx_max,18132.75,Bx,Max,2024-01-21,2024-01-22
pg5,2024-01-22,bx_max,18198.55,Bx,Max,2024-01-22,2024-01-23
pg5,2024-01-23,bx_max,18052.58,Bx,Max,2024-01-23,2024-01-24
pg5,2024-01-24,bx_max,18083.49,Bx,Max,2024-01-24,2024-01-25
pg5,2024-01-25,bx_max,18046.0,Bx,Max,2024-01-25,2024-01-26
pg5,2024-01-26,bx_max,18057.11,Bx,Max,2024-01-26,2024-01-27
pg5,2024-01-27,bx_max,18015.46,Bx,Max,2024-01-27,2024-01-28
pg5,2024-01-28,bx_max,18123.51,Bx,Max,2024-01-28,2024-01-29
pg5,2024-01-29,bx_max,18079.2,Bx,Max,2024-01-29,2024-01-30
pg5,2024-01-30,bx_max,18073.29,Bx,Max,2024-01-30,2024-01-31
pg5,2024-01-31,bx_max,18072.14,Bx,Max,2024-01-31,2024-02-01
pg5,2024-02-01,bx_max,18026.57,Bx,Max,2024-02-01,2024-02-02
pg5,2024-02-02,bx_max,17979.84,Bx,Max,2024-02-02,2024-02-03
pg5,2024-02-03,bx_max,18090.01,Bx,Max,2024-02-03,2024-02-04
pg5,2024-02-04,bx_max,18054.27,Bx,Max,2024-02-04,2024-02-05
pg5,2024-02-05,bx_max,18021.25,Bx,Max,2024-02-05,2024-02-06
pg5,2024-02-06,bx_max,17995.48,Bx,Max,2024-02-06,2024-02-07
pg5,2024-02-07,bx_max,17949.42,Bx,Max,2024-02-07,2024-02-08
pg5,2024-02-08,bx_max,18097.86,Bx,Max,2024-02-08,2024-02-09
pg5,2024-02-09,bx_max,17946.52,Bx,Max,2024-02-09,2024-02-10
pg5,2024-02-10,bx_max,17955.21,Bx,Max,2024-02-10,2024-02-11
pg5,2024-02-11,bx_max,18047.45,Bx,Max,2024-02-11,2024-02-12
pg5,2024-02-12,bx_max,17955.03,Bx,Max,2024-02-12,2024-02-13
pg5,2024-02-13,bx_max,18258.73,Bx,Max,2024-02-13,2024-02-14
pg5,2024-02-14,bx_max,17990.71,Bx,Max,2024-02-14,2024-02-15
pg5,2024-02-15,bx_max,18064.9,Bx,Max,2024-02-15,2024-02-16
pg5,2024-02-16,bx_max,17964.93,Bx,Max,2024-02-16,2024-02-17
pg5,2024-02-17,bx_max,18063.69,Bx,Max,2024-02-17,2024-02-18
pg5,2024-02-18,bx_max,18136.85,Bx,Max,2024-02-18,2024-02-19
pg5,2024-02-19,bx_max,18019.8,Bx,Max,2024-02-19,2024-02-20
pg5,2024-02-20,bx_max,18017.69,Bx,Max,2024-02-20,2024-02-21
pg5,2024-02-21,bx_max,18073.05,Bx,Max,2024-02-21,2024-02-22
pg5,2024-02-22,bx_max,18074.37,Bx,Max,2024-02-22,2024-02-23
pg5,2024-02-23,bx_max,17952.26,Bx,Max,2024-02-23,2024-02-24
pg5,2024-02-24,bx_max,18036.22,Bx,Max,2024-02-24,2024-02-25
pg5,2024-02-25,bx_max,17973.75,Bx,Max,2024-02-25,2024-02-26
pg5,2024-02-26,bx_max,17984.73,Bx,Max,2024-02-26,2024-02-27
pg5,2024-02-27,bx_max,18003.99,Bx,Max,2024-02-27,2024-02-28
pg5,2024-02-28,bx_max,18064.9,Bx,Max,2024-02-28,2024-02-29
pg5,2024-02-29,bx_max,17950.75,Bx,Max,2024-02-29,2024-03-01
pg5,2024-03-01,bx_max,18248.53,Bx,Max,2024-03-01,2024-03-02
pg5,2024-03-02,bx_max,17980.69,Bx,Max,2024-03-02,2024-03-03
pg5,2024-03-03,bx_max,18019.26,Bx,Max,2024-03-03,2024-03-04
pg5,2024-03-04,bx_max,17970.79,Bx,Max,2024-03-04,2024-03-05
pg5,2024-03-05,bx_max,17957.45,Bx,Max,2024-03-05,2024-03-06
pg5,2024-03-06,bx_max,17918.69,Bx,Max,2024-03-06,2024-03-07
pg5,2024-03-07,bx_max,18003.63,Bx,Max,2024-03-07,2024-03-08
pg5,2024-03-08,bx_max,17987.81,Bx,Max,2024-03-08,2024-03-09
pg5,2024-03-09,bx_max,17968.19,Bx,Max,2024-03-09,2024-03-10
pg5,2024-03-10,bx_max,17962.16,Bx,Max,2024-03-10,2024-03-11
pg5,2024-03-11,bx_max,17933.91,Bx,Max,2024-03-11,2024-03-12
pg5,2024-03-12,bx_max,17937.95,Bx,Max,2024-03-12,2024-03-13
pg5,2024-03-13,bx_max,17991.61,Bx,Max,2024-03-13,2024-03-14
pg5,2024-03-14,bx_max,17964.27,Bx,Max,2024-03-14,2024-03-15
pg5,2024-03-15,bx_max,17930.1,Bx,Max,2024-03-15,2024-03-16
pg5,2024-03-16,bx_max,18071.9,Bx,Max,2024-03-16,2024-03-17
pg5,2024-03-17,bx_max,17895.82,Bx,Max,2024-03-17,2024-03-18
pg5,2024-03-18,bx_max,18060.31,Bx,Max,2024-03-18,2024-03-19
pg5,2024-03-19,bx_max,17967.35,Bx,Max,2024-03-19,2024-03-20
pg5,2024-03-20,bx_max,18074.74,Bx,Max,2024-03-20,2024-03-21
pg5,2024-03-21,bx_max,17957.45,Bx,Max,2024-03-21,2024-03-22
pg5,2024-03-22,bx_max,17942.48,Bx,Max,2024-03-22,2024-03-23
pg5,2024-03-23,bx_max,18102.87,Bx,Max,2024-03-23,2024-03-24
pg5,2024-03-24,bx_max,18699.09,Bx,Max,2024-03-24,2024-03-25
pg5,2024-03-25,bx_max,18049.75,Bx,Max,2024-03-25,2024-03-26
pg5,2024-03-26,bx_max,17986.06,Bx,Max,2024-03-26,2024-03-27
pg5,2024-03-27,bx_max,18028.38,Bx,Max,2024-03-27,2024-03-28
pg5,2024-03-28,bx_max,17918.75,Bx,Max,2024-03-28,2024-03-29
pg5,2024-03-29,bx_max,17926.84,Bx,Max,2024-03-29,2024-03-30
pg5,2024-03-30,bx_max,17949.78,Bx,Max,2024-03-30,2024-03-31
pg5,2024-03-31,bx_max,17947.25,Bx,Max,2024-03-31,2024-04-01
pg5,2024-04-01,bx_max,17944.89,Bx,Max,2024-04-01,2024-04-02
pg5,2024-04-02,bx_max,17946.22,Bx,Max,2024-04-02,2024-04-03
pg5,2024-04-03,bx_max,17907.59,Bx,Max,2024-04-03,2024-04-04
pg5,2024-04-04,bx_max,17971.81,Bx,Max,2024-04-04,2024-04-05
pg5,2024-04-05,bx_max,17957.75,Bx,Max,2024-04-05,2024-04-06
pg5,2024-04-06,bx_max,17925.64,Bx,Max,2024-04-06,2024-04-07
pg5,2024-04-07,bx_max,17965.96,Bx,Max,2024-04-07,2024-04-08
pg5,2024-04-08,bx_max,18059.95,Bx,Max,2024-04-08,2024-04-09
pg5,2024-04-09,bx_max,17940.3,Bx,Max,2024-04-09,2024-04-10
pg5,2024-04-10,bx_max,17971.69,Bx,Max,2024-04-10,2024-04-11
pg5,2024-04-11,bx_max,17918.09,Bx,Max,2024-04-11,2024-04-12
pg5,2024-04-12,bx_max,17895.57,Bx,Max,2024-04-12,2024-04-13
pg5,2024-04-13,bx_max,17901.49,Bx,Max,2024-04-13,2024-04-14
pg5,2024-04-14,bx_max,17899.74,Bx,Max,2024-04-14,2024-04-15
pg5,2024-04-15,bx_max,17984.67,Bx,Max,2024-04-15,2024-04-16
pg5,2024-04-16,bx_max,17964.03,Bx,Max,2024-04-16,2024-04-17
pg5,2024-04-17,bx_max,17926.6,Bx,Max,2024-04-17,2024-04-18
pg5,2024-04-18,bx_max,17893.28,Bx,Max,2024-04-18,2024-04-19
pg5,2024-04-19,bx_max,17907.95,Bx,Max,2024-04-19,2024-04-20
pg5,2024-04-20,bx_max,17986.12,Bx,Max,2024-04-20,2024-04-21
pg5,2024-04-21,bx_max,17947.25,Bx,Max,2024-04-21,2024-04-22
pg5,2024-04-22,bx_max,17917.49,Bx,Max,2024-04-22,2024-04-23
pg5,2024-04-23,bx_max,17911.33,Bx,Max,2024-04-23,2024-04-24
pg5,2024-04-24,bx_max,17886.4,Bx,Max,2024-04-24,2024-04-25
pg5,2024-04-25,bx_max,17960.22,Bx,Max,2024-04-25,2024-04-26
pg5,2024-04-26,bx_max,17972.84,Bx,Max,2024-04-26,2024-04-27
pg5,2024-04-27,bx_max,17930.59,Bx,Max,2024-04-27,2024-04-28
pg5,2024-04-28,bx_max,17900.4,Bx,Max,2024-04-28,2024-04-29
pg5,2024-04-29,bx_max,17939.7,Bx,Max,2024-04-29,2024-04-30
pg5,2024-04-30,bx_max,17980.27,Bx,Max,2024-04-30,2024-05-01
pg5,2024-05-01,bx_max,17917.85,Bx,Max,2024-05-01,2024-05-02
pg5,2024-05-02,bx_max,18022.46,Bx,Max,2024-05-02,2024-05-03
pg5,2024-05-03,bx_max,17940.24,Bx,Max,2024-05-03,2024-05-04
pg5,2024-05-04,bx_max,17927.63,Bx,Max,2024-05-04,2024-05-05
pg5,2024-05-05,bx_max,17943.5,Bx,Max,2024-05-05,2024-05-06
pg5,2024-05-06,bx_max,17934.99,Bx,Max,2024-05-06,2024-05-07
pg5,2024-05-07,bx_max,17933.97,Bx,Max,2024-05-07,2024-05-08
pg5,2024-05-08,bx_max,17926.66,Bx,Max,2024-05-08,2024-05-09
pg5,2024-05-09,bx_max,17934.57,Bx,Max,2024-05-09,2024-05-10
pg5,2024-05-10,bx_max,18584.1,Bx,Max,2024-05-10,2024-05-11
pg5,2024-05-11,bx_max,18092.06,Bx,Max,2024-05-11,2024-05-12
pg5,2024-05-12,bx_max,18088.01,Bx,Max,2024-05-12,2024-05-13
pg5,2024-05-13,bx_max,18016.6,Bx,Max,2024-05-13,2024-05-14
pg5,2024-05-14,bx_max,17957.44,Bx,Max,2024-05-14,2024-05-15
pg5,2024-05-15,bx_max,17959.25,Bx,Max,2024-05-15,2024-05-16
pg5,2024-05-16,bx_max,17931.18,Bx,Max,2024-05-16,2024-05-17
pg5,2024-05-17,bx_max,17915.01,Bx,Max,2024-05-17,2024-05-18
pg5,2024-05-18,bx_max,17918.15,Bx,Max,2024-05-18,2024-05-19
pg5,2024-05-19,bx_max,17939.21,Bx,Max,2024-05-19,2024-05-20
pg5,2024-05-20,bx_max,17913.44,Bx,Max,2024-05-20,2024-05-21
pg5,2024-05-21,bx_max,17929.43,Bx,Max,2024-05-21,2024-05-22
pg5,2024-05-22,bx_max,17908.25,Bx,Max,2024-05-22,2024-05-23
pg5,2024-05-23,bx_max,17978.09,Bx,Max,2024-05-23,2024-05-24
pg5,2024-05-24,bx_max,18016.78,Bx,Max,2024-05-24,2024-05-25
pg5,2024-05-25,bx_max,17909.27,Bx,Max,2024-05-25,2024-05-26
pg5,2024-05-26,bx_max,17969.45,Bx,Max,2024-05-26,2024-05-27
pg5,2024-05-27,bx_max,18218.4,Bx,Max,2024-05-27,2024-05-28
pg5,2024-05-28,bx_max,17911.87,Bx,Max,2024-05-28,2024-05-29
pg5,2024-05-29,bx_max,17929.74,Bx,Max,2024-05-29,2024-05-30
pg5,2024-05-30,bx_max,17968.55,Bx,Max,2024-05-30,2024-05-31
pg5,2024-05-31,bx_max,17927.08,Bx,Max,2024-05-31,2024-06-01
pg5,2024-06-01,bx_max,17900.16,Bx,Max,2024-06-01,2024-06-02
pg5,2024-06-02,bx_max,17901.85,Bx,Max,2024-06-02,2024-06-03
pg5,2024-06-03,bx_max,17925.87,Bx,Max,2024-06-03,2024-06-04
pg5,2024-06-04,bx_max,17904.8,Bx,Max,2024-06-04,2024-06-05
pg5,2024-06-05,bx_max,17964.32,Bx,Max,2024-06-05,2024-06-06
pg5,2024-06-06,bx_max,17898.89,Bx,Max,2024-06-06,2024-06-07
pg5,2024-06-07,bx_max,18067.79,Bx,Max,2024-06-07,2024-06-08
pg5,2024-06-08,bx_max,17953.64,Bx,Max,2024-06-08,2024-06-09
pg5,2024-06-09,bx_max,17948.27,Bx,Max,2024-06-09,2024-06-10
pg5,2024-06-10,bx_max,17995.35,Bx,Max,2024-06-10,2024-06-11
pg5,2024-06-11,bx_max,17917.66,Bx,Max,2024-06-11,2024-06-12
pg5,2024-06-12,bx_max,17912.29,Bx,Max,2024-06-12,2024-06-13
pg5,2024-06-13,bx_max,17901.12,Bx,Max,2024-06-13,2024-06-14
pg5,2024-06-14,bx_max,17906.5,Bx,Max,2024-06-14,2024-06-15
pg5,2024-06-15,bx_max,17970.96,Bx,Max,2024-06-15,2024-06-16
pg5,2024-06-16,bx_max,17979.42,Bx,Max,2024-06-16,2024-06-17
pg5,2024-06-17,bx_max,17966.14,Bx,Max,2024-06-17,2024-06-18
pg5,2024-06-18,bx_max,18085.48,Bx,Max,2024-06-18,2024-06-19
pg5,2024-06-19,bx_max,17977.48,Bx,Max,2024-06-19,2024-06-20
pg5,2024-06-20,bx_max,17968.55,Bx,Max,2024-06-20,2024-06-21
pg5,2024-06-21,bx_max,17890.5,Bx,Max,2024-06-21,2024-06-22
pg5,2024-06-22,bx_max,17923.46,Bx,Max,2024-06-22,2024-06-23
pg5,2024-06-23,bx_max,17945.61,Bx,Max,2024-06-23,2024-06-24
pg5,2024-06-24,bx_max,17877.16,Bx,Max,2024-06-24,2024-06-25
pg5,2024-06-25,bx_max,17910.3,Bx,Max,2024-06-25,2024-06-26
pg5,2024-06-26,bx_max,17948.45,Bx,Max,2024-06-26,2024-06-27
pg5,2024-06-27,bx_max,17968.85,Bx,Max,2024-06-27,2024-06-28
pg5,2024-06-28,bx_max,18041.89,Bx,Max,2024-06-28,2024-06-29
pg5,2024-06-29,bx_max,17939.94,Bx,Max,2024-06-29,2024-06-30
pg5,2024-06-30,bx_max,17942.41,Bx,Max,2024-06-30,2024-07-01
pg5,2024-07-01,bx_max,17931.12,Bx,Max,2024-07-01,2024-07-02
pg5,2024-07-02,bx_max,17934.26,Bx,Max,2024-07-02,2024-07-03
pg5,2024-07-03,bx_max,17907.88,Bx,Max,2024-07-03,2024-07-04
pg5,2024-07-04,bx_max,17936.13,Bx,Max,2024-07-04,2024-07-05
pg5,2024-07-05,bx_max,17905.41,Bx,Max,2024-07-05,2024-07-06
pg5,2024-07-06,bx_max,17881.69,Bx,Max,2024-07-06,2024-07-07
pg5,2024-07-07,bx_max,17910.84,Bx,Max,2024-07-07,2024-07-08
pg5,2024-07-08,bx_max,17968.31,Bx,Max,2024-07-08,2024-07-09
pg5,2024-07-09,bx_max,17896.78,Bx,Max,2024-07-09,2024-07-10
pg5,2024-10-23,bx_max,17925.63,Bx,Max,2024-10-23,2024-10-24
pg5,2024-10-24,bx_max,17988.53,Bx,Max,2024-10-24,2024-10-25
pg5,2024-10-25,bx_max,17962.82,Bx,Max,2024-10-25,2024-10-26
pg5,2024-10-26,bx_max,18116.2,Bx,Max,2024-10-26,2024-10-27
pg5,2024-10-27,bx_max,18158.46,Bx,Max,2024-10-27,2024-10-28
pg5,2024-10-28,bx_max,18159.54,Bx,Max,2024-10-28,2024-10-29
pg5,2024-10-29,bx_max,18143.25,Bx,Max,2024-10-29,2024-10-30
pg5,2024-10-30,bx_max,18004.71,Bx,Max,2024-10-30,2024-10-31
pg5,2024-10-31,bx_max,18040.38,Bx,Max,2024-10-31,2024-11-01
pg5,2024-11-01,bx_max,17997.16,Bx,Max,2024-11-01,2024-11-02
pg5,2024-11-02,bx_max,18073.89,Bx,Max,2024-11-02,2024-11-03
pg5,2024-11-03,bx_max,18055.48,Bx,Max,2024-11-03,2024-11-04
pg5,2024-11-04,bx_max,18016.36,Bx,Max,2024-11-04,2024-11-05
pg5,2024-11-05,bx_max,18106.24,Bx,Max,2024-11-05,2024-11-06
pg5,2024-11-06,bx_max,18029.22,Bx,Max,2024-11-06,2024-11-07
pg5,2024-11-07,bx_max,18073.52,Bx,Max,2024-11-07,2024-11-08
pg5,2024-11-08,bx_max,18119.58,Bx,Max,2024-11-08,2024-11-09
pg5,2024-11-09,bx_max,18143.97,Bx,Max,2024-11-09,2024-11-10
pg5,2024-11-10,bx_max,18075.03,Bx,Max,2024-11-10,2024-11-11
pg5,2024-11-11,bx_max,18143.37,Bx,Max,2024-11-11,2024-11-12
pg5,2024-11-12,bx_max,17965.17,Bx,Max,2024-11-12,2024-11-13
pg5,2024-11-13,bx_max,17998.19,Bx,Max,2024-11-13,2024-11-14
pg5,2024-11-14,bx_max,18057.23,Bx,Max,2024-11-14,2024-11-15
pg5,2024-11-15,bx_max,18009.78,Bx,Max,2024-11-15,2024-11-16
pg5,2024-11-16,bx_max,17940.36,Bx,Max,2024-11-16,2024-11-17
pg5,2024-11-17,bx_max,18040.44,Bx,Max,2024-11-17,2024-11-18
pg5,2024-11-18,bx_max,18023.72,Bx,Max,2024-11-18,2024-11-19
pg5,2024-11-19,bx_max,18052.52,Bx,Max,2024-11-19,2024-11-20
pg5,2024-11-20,bx_max,17979.54,Bx,Max,2024-11-20,2024-11-21
pg5,2024-11-21,bx_max,18077.51,Bx,Max,2024-11-21,2024-11-22
pg5,2024-11-22,bx_max,18144.51,Bx,Max,2024-11-22,2024-11-23
pg5,2024-11-23,bx_max,18115.54,Bx,Max,2024-11-23,2024-11-24
pg5,2024-11-24,bx_max,18098.76,Bx,Max,2024-11-24,2024-11-25
pg5,2024-11-25,bx_max,18071.47,Bx,Max,2024-11-25,2024-11-26
pg5,2024-11-26,bx_max,18011.83,Bx,Max,2024-11-26,2024-11-27
pg5,2024-11-27,bx_max,18065.68,Bx,Max,2024-11-27,2024-11-28
pg5,2024-11-28,bx_max,17992.7,Bx,Max,2024-11-28,2024-11-29
pg5,2024-11-29,bx_max,18097.43,Bx,Max,2024-11-29,2024-11-30
pg5,2024-11-30,bx_max,18092.84,Bx,Max,2024-11-30,2024-12-01
pg5,2024-12-01,bx_max,18061.15,Bx,Max,2024-12-01,2024-12-02
pg5,2024-12-02,bx_max,18050.04,Bx,Max,2024-12-02,2024-12-03
pg5,2024-12-03,bx_max,18088.8,Bx,Max,2024-12-03,2024-12-04
pg5,2024-12-04,bx_max,18116.51,Bx,Max,2024-12-04,2024-12-05
pg5,2024-12-05,bx_max,18000.97,Bx,Max,2024-12-05,2024-12-06
pg5,2024-12-06,bx_max,18205.66,Bx,Max,2024-12-06,2024-12-07
pg5,2024-12-07,bx_max,18013.88,Bx,Max,2024-12-07,2024-12-08
pg5,2024-12-08,bx_max,18090.55,Bx,Max,2024-12-08,2024-12-09
pg5,2024-12-09,bx_max,18112.58,Bx,Max,2024-12-09,2024-12-10
pg5,2024-12-10,bx_max,18099.72,Bx,Max,2024-12-10,2024-12-11
pg5,2024-12-11,bx_max,17999.27,Bx,Max,2024-12-11,2024-12-12
pg5,2024-12-12,bx_max,18085.42,Bx,Max,2024-12-12,2024-12-13
pg5,2024-12-13,bx_max,18068.21,Bx,Max,2024-12-13,2024-12-14
pg5,2024-12-14,bx_max,18167.76,Bx,Max,2024-12-14,2024-12-15
pg5,2024-12-15,bx_max,18213.09,Bx,Max,2024-12-15,2024-12-16
pg5,2024-12-16,bx_max,18075.4,Bx,Max,2024-12-16,2024-12-17
pg5,2024-12-17,bx_max,18316.3,Bx,Max,2024-12-17,2024-12-18
pg5,2024-12-18,bx_max,18181.51,Bx,Max,2024-12-18,2024-12-19
pg5,2024-12-19,bx_max,18090.41,Bx,Max,2024-12-19,2024-12-20
pg5,2024-12-20,bx_max,18222.01,Bx,Max,2024-12-20,2024-12-21
pg5,2024-12-21,bx_max,18362.78,Bx,Max,2024-12-21,2024-12-22
pg5,2024-12-22,bx_max,18190.38,Bx,Max,2024-12-22,2024-12-23
pg5,2024-12-23,bx_max,18152.47,Bx,Max,2024-12-23,2024-12-24
pg5,2024-12-24,bx_max,18109.91,Bx,Max,2024-12-24,2024-12-25
pg5,2024-12-25,bx_max,18091.02,Bx,Max,2024-12-25,2024-12-26
pg5,2024-12-26,bx_max,18225.45,Bx,Max,2024-12-26,2024-12-27
pg5,2024-12-27,bx_max,18179.81,Bx,Max,2024-12-27,2024-12-28
pg5,2024-12-28,bx_max,18075.26,Bx,Max,2024-12-28,2024-12-29
pg5,2024-12-29,bx_max,18137.74,Bx,Max,2024-12-29,2024-12-30
pg5,2024-12-30,bx_max,18138.04,Bx,Max,2024-12-30,2024-12-31
pg5,2024-12-31,bx_max,18168.77,Bx,Max,2024-12-31,2025-01-01
pg0,2020-01-08,bx_max,14822.74,Bx,Max,2020-01-08,2020-01-09
pg0,2020-01-09,bx_max,14963.12,Bx,Max,2020-01-09,2020-01-10
pg0,2020-01-10,bx_max,14946.47,Bx,Max,2020-01-10,2020-01-11
pg0,2020-01-11,bx_max,14888.06,Bx,Max,2020-01-11,2020-01-12
pg0,2020-01-12,bx_max,14910.82,Bx,Max,2020-01-12,2020-01-13
pg0,2020-01-13,bx_max,14899.44,Bx,Max,2020-01-13,2020-01-14
pg0,2020-01-14,bx_max,14855.87,Bx,Max,2020-01-14,2020-01-15
pg0,2020-01-15,bx_max,14857.04,Bx,Max,2020-01-15,2020-01-16
pg0,2020-01-16,bx_max,14879.85,Bx,Max,2020-01-16,2020-01-17
pg0,2020-01-17,bx_max,14839.74,Bx,Max,2020-01-17,2020-01-18
pg0,2020-01-18,bx_max,14844.44,Bx,Max,2020-01-18,2020-01-19
pg0,2020-01-19,bx_max,14888.94,Bx,Max,2020-01-19,2020-01-20
pg0,2020-01-20,bx_max,14866.48,Bx,Max,2020-01-20,2020-01-21
pg0,2020-01-21,bx_max,14866.37,Bx,Max,2020-01-21,2020-01-22
pg0,2020-01-22,bx_max,14934.68,Bx,Max,2020-01-22,2020-01-23
pg0,2020-01-23,bx_max,14935.03,Bx,Max,2020-01-23,2020-01-24
pg0,2020-01-24,bx_max,14896.57,Bx,Max,2020-01-24,2020-01-25
pg0,2020-01-25,bx_max,14894.4,Bx,Max,2020-01-25,2020-01-26
pg0,2020-01-26,bx_max,14888.0,Bx,Max,2020-01-26,2020-01-27
pg0,2020-01-27,bx_max,14844.79,Bx,Max,2020-01-27,2020-01-28
pg0,2020-01-28,bx_max,14920.84,Bx,Max,2020-01-28,2020-01-29
pg0,2020-01-29,bx_max,14961.66,Bx,Max,2020-01-29,2020-01-30
pg0,2020-01-30,bx_max,14917.38,Bx,Max,2020-01-30,2020-01-31
pg0,2020-01-31,bx_max,15039.94,Bx,Max,2020-01-31,2020-02-01
pg0,2020-02-01,bx_max,14907.24,Bx,Max,2020-02-01,2020-02-02
pg0,2020-02-02,bx_max,14880.91,Bx,Max,2020-02-02,2020-02-03
pg0,2020-02-03,bx_max,14893.63,Bx,Max,2020-02-03,2020-02-04
pg0,2020-02-04,bx_max,14927.47,Bx,Max,2020-02-04,2020-02-05
pg0,2020-02-05,bx_max,14905.36,Bx,Max,2020-02-05,2020-02-06
pg0,2020-02-06,bx_max,15010.5,Bx,Max,2020-02-06,2020-02-07
pg0,2020-02-07,bx_max,14970.98,Bx,Max,2020-02-07,2020-02-08
pg0,2020-02-08,bx_max,14901.14,Bx,Max,2020-02-08,2020-02-09
pg0,2020-02-09,bx_max,14923.25,Bx,Max,2020-02-09,2020-02-10
pg0,2020-02-10,bx_max,14894.87,Bx,Max,2020-02-10,2020-02-11
pg0,2020-02-11,bx_max,14878.97,Bx,Max,2020-02-11,2020-02-12
pg0,2020-02-12,bx_max,14905.13,Bx,Max,2020-02-12,2020-02-13
pg0,2020-02-13,bx_max,14834.47,Bx,Max,2020-02-13,2020-02-14
pg0,2020-02-14,bx_max,14893.22,Bx,Max,2020-02-14,2020-02-15
pg0,2020-02-15,bx_max,14840.27,Bx,Max,2020-02-15,2020-02-16
pg0,2020-02-16,bx_max,14888.18,Bx,Max,2020-02-16,2020-02-17
pg0,2020-02-17,bx_max,14863.02,Bx,Max,2020-02-17,2020-02-18
pg0,2020-02-18,bx_max,14940.78,Bx,Max,2020-02-18,2020-02-19
pg0,2020-02-19,bx_max,14976.02,Bx,Max,2020-02-19,2020-02-20
pg0,2020-02-20,bx_max,14967.52,Bx,Max,2020-02-20,2020-02-21
pg0,2020-02-21,bx_max,14970.45,Bx,Max,2020-02-21,2020-02-22
pg0,2020-02-22,bx_max,14886.19,Bx,Max,2020-02-22,2020-02-23
pg0,2020-02-23,bx_max,14860.62,Bx,Max,2020-02-23,2020-02-24
pg0,2020-02-27,bx_max,14835.29,Bx,Max,2020-02-27,2020-02-28
pg0,2020-02-28,bx_max,14858.22,Bx,Max,2020-02-28,2020-02-29
pg0,2020-02-29,bx_max,14874.46,Bx,Max,2020-02-29,2020-03-01
pg0,2020-03-01,bx_max,14905.07,Bx,Max,2020-03-01,2020-03-02
pg0,2020-03-02,bx_max,14867.83,Bx,Max,2020-03-02,2020-03-03
pg0,2020-03-03,bx_max,14857.4,Bx,Max,2020-03-03,2020-03-04
pg0,2020-03-04,bx_max,14857.45,Bx,Max,2020-03-04,2020-03-05
pg0,2020-03-05,bx_max,14817.05,Bx,Max,2020-03-05,2020-03-06
pg0,2020-03-06,bx_max,14852.23,Bx,Max,2020-03-06,2020-03-07
pg0,2020-03-07,bx_max,14851.77,Bx,Max,2020-03-07,2020-03-08
pg0,2020-03-08,bx_max,14846.19,Bx,Max,2020-03-08,2020-03-09
pg0,2020-03-09,bx_max,14844.32,Bx,Max,2020-03-09,2020-03-10
pg0,2020-03-10,bx_max,14854.64,Bx,Max,2020-03-10,2020-03-11
pg0,2020-03-11,bx_max,14825.44,Bx,Max,2020-03-11,2020-03-12
pg0,2020-03-12,bx_max,14859.39,Bx,Max,2020-03-12,2020-03-13
pg0,2020-03-13,bx_max,14904.6,Bx,Max,2020-03-13,2020-03-14
pg0,2020-03-14,bx_max,14831.48,Bx,Max,2020-03-14,2020-03-15
pg0,2020-03-15,bx_max,14846.14,Bx,Max,2020-03-15,2020-03-16
pg0,2020-03-16,bx_max,14859.62,Bx,Max,2020-03-16,2020-03-17
pg0,2020-03-17,bx_max,14885.89,Bx,Max,2020-03-17,2020-03-18
pg0,2020-03-18,bx_max,14862.67,Bx,Max,2020-03-18,2020-03-19
pg0,2020-03-19,bx_max,14947.94,Bx,Max,2020-03-19,2020-03-20
pg0,2020-03-20,bx_max,14854.17,Bx,Max,2020-03-20,2020-03-21
pg0,2020-03-21,bx_max,14861.15,Bx,Max,2020-03-21,2020-03-22
pg0,2020-03-22,bx_max,14906.59,Bx,Max,2020-03-22,2020-03-23
pg0,2020-03-23,bx_max,14914.8,Bx,Max,2020-03-23,2020-03-24
pg0,2020-03-24,bx_max,14890.0,Bx,Max,2020-03-24,2020-03-25
pg0,2020-03-25,bx_max,14888.83,Bx,Max,2020-03-25,2020-03-26
pg0,2020-03-26,bx_max,14830.83,Bx,Max,2020-03-26,2020-03-27
pg0,2020-03-27,bx_max,14848.07,Bx,Max,2020-03-27,2020-03-28
pg0,2020-03-28,bx_max,14831.53,Bx,Max,2020-03-28,2020-03-29
pg0,2020-03-29,bx_max,14858.1,Bx,Max,2020-03-29,2020-03-30
pg0,2020-03-30,bx_max,14889.41,Bx,Max,2020-03-30,2020-03-31
pg0,2020-03-31,bx_max,14930.81,Bx,Max,2020-03-31,2020-04-01
pg0,2020-04-01,bx_max,14889.47,Bx,Max,2020-04-01,2020-04-02
pg0,2020-04-02,bx_max,14889.29,Bx,Max,2020-04-02,2020-04-03
pg0,2020-04-03,bx_max,14862.32,Bx,Max,2020-04-03,2020-04-04
pg0,2020-04-04,bx_max,14848.66,Bx,Max,2020-04-04,2020-04-05
pg0,2020-04-05,bx_max,14825.73,Bx,Max,2020-04-05,2020-04-06
pg0,2020-04-06,bx_max,14822.44,Bx,Max,2020-04-06,2020-04-07
pg0,2020-04-07,bx_max,14831.42,Bx,Max,2020-04-07,2020-04-08
pg0,2020-04-08,bx_max,14871.88,Bx,Max,2020-04-08,2020-04-09
pg0,2020-04-09,bx_max,14841.97,Bx,Max,2020-04-09,2020-04-10
pg0,2020-04-11,bx_max,14802.86,Bx,Max,2020-04-11,2020-04-12
pg0,2020-04-12,bx_max,14835.46,Bx,Max,2020-04-12,2020-04-13
pg0,2020-04-13,bx_max,14818.63,Bx,Max,2020-04-13,2020-04-14
pg0,2020-04-14,bx_max,14872.52,Bx,Max,2020-04-14,2020-04-15
pg0,2020-04-15,bx_max,14901.2,Bx,Max,2020-04-15,2020-04-16
pg0,2020-04-16,bx_max,14867.72,Bx,Max,2020-04-16,2020-04-17
pg0,2020-04-21,bx_max,14815.11,Bx,Max,2020-04-21,2020-04-22
pg0,2020-04-22,bx_max,14856.63,Bx,Max,2020-04-22,2020-04-23
pg0,2020-04-23,bx_max,14831.77,Bx,Max,2020-04-23,2020-04-24
pg0,2020-04-24,bx_max,14818.81,Bx,Max,2020-04-24,2020-04-25
pg0,2020-04-25,bx_max,14844.67,Bx,Max,2020-04-25,2020-04-26
pg0,2020-04-26,bx_max,14824.85,Bx,Max,2020-04-26,2020-04-27
pg0,2020-04-27,bx_max,14865.84,Bx,Max,2020-04-27,2020-04-28
pg0,2020-04-28,bx_max,14869.59,Bx,Max,2020-04-28,2020-04-29
pg0,2020-04-29,bx_max,14840.56,Bx,Max,2020-04-29,2020-04-30
pg0,2020-04-30,bx_max,14824.32,Bx,Max,2020-04-30,2020-05-01
pg0,2020-05-01,bx_max,14803.21,Bx,Max,2020-05-01,2020-05-02
pg0,2020-05-02,bx_max,14814.18,Bx,Max,2020-05-02,2020-05-03
pg0,2020-05-03,bx_max,14814.88,Bx,Max,2020-05-03,2020-05-04
pg0,2020-05-04,bx_max,14826.26,Bx,Max,2020-05-04,2020-05-05
pg0,2020-05-05,bx_max,14835.76,Bx,Max,2020-05-05,2020-05-06
pg0,2020-05-06,bx_max,14876.63,Bx,Max,2020-05-06,2020-05-07
pg0,2020-05-07,bx_max,14814.41,Bx,Max,2020-05-07,2020-05-08
pg0,2020-05-08,bx_max,14812.3,Bx,Max,2020-05-08,2020-05-09
pg0,2020-05-09,bx_max,14800.92,Bx,Max,2020-05-09,2020-05-10
pg0,2020-05-10,bx_max,14814.7,Bx,Max,2020-05-10,2020-05-11
pg0,2020-05-11,bx_max,14842.56,Bx,Max,2020-05-11,2020-05-12
pg0,2020-05-12,bx_max,14814.65,Bx,Max,2020-05-12,2020-05-13
pg0,2020-05-13,bx_max,14817.93,Bx,Max,2020-05-13,2020-05-14
pg0,2020-05-14,bx_max,14818.46,Bx,Max,2020-05-14,2020-05-15
pg0,2020-05-15,bx_max,14801.45,Bx,Max,2020-05-15,2020-05-16
pg0,2020-05-16,bx_max,14789.84,Bx,Max,2020-05-16,2020-05-17
pg0,2020-05-17,bx_max,14789.72,Bx,Max,2020-05-17,2020-05-18
pg0,2020-05-18,bx_max,14796.7,Bx,Max,2020-05-18,2020-05-19
pg0,2020-05-19,bx_max,14812.42,Bx,Max,2020-05-19,2020-05-20
pg0,2020-05-20,bx_max,14817.7,Bx,Max,2020-05-20,2020-05-21
pg0,2020-05-21,bx_max,14833.59,Bx,Max,2020-05-21,2020-05-22
pg0,2020-05-22,bx_max,14811.13,Bx,Max,2020-05-22,2020-05-23
pg0,2020-05-23,bx_max,14851.41,Bx,Max,2020-05-23,2020-05-24
pg0,2020-05-24,bx_max,14818.57,Bx,Max,2020-05-24,2020-05-25
pg0,2020-05-25,bx_max,14844.67,Bx,Max,2020-05-25,2020-05-26
pg0,2020-05-26,bx_max,14813.47,Bx,Max,2020-05-26,2020-05-27
pg0,2020-05-27,bx_max,14822.21,Bx,Max,2020-05-27,2020-05-28
pg0,2020-05-28,bx_max,14789.49,Bx,Max,2020-05-28,2020-05-29
pg0,2020-05-29,bx_max,14794.06,Bx,Max,2020-05-29,2020-05-30
pg0,2020-05-30,bx_max,14832.3,Bx,Max,2020-05-30,2020-05-31
pg0,2020-05-31,bx_max,14819.98,Bx,Max,2020-05-31,2020-06-01
pg0,2020-06-01,bx_max,14826.67,Bx,Max,2020-06-01,2020-06-02
pg0,2020-06-02,bx_max,14856.75,Bx,Max,2020-06-02,2020-06-03
pg0,2020-06-03,bx_max,14821.68,Bx,Max,2020-06-03,2020-06-04
pg0,2020-06-04,bx_max,14801.86,Bx,Max,2020-06-04,2020-06-05
pg0,2020-11-06,bx_max,14905.71,Bx,Max,2020-11-06,2020-11-07
pg0,2020-11-07,bx_max,14903.25,Bx,Max,2020-11-07,2020-11-08
pg0,2020-11-08,bx_max,14903.6,Bx,Max,2020-11-08,2020-11-09
pg0,2020-11-09,bx_max,14859.15,Bx,Max,2020-11-09,2020-11-10
pg0,2020-11-10,bx_max,14880.56,Bx,Max,2020-11-10,2020-11-11
pg0,2020-11-11,bx_max,14882.43,Bx,Max,2020-11-11,2020-11-12
pg0,2020-11-12,bx_max,14942.48,Bx,Max,2020-11-12,2020-11-13
pg0,2020-11-13,bx_max,14888.71,Bx,Max,2020-11-13,2020-11-14
pg0,2020-11-14,bx_max,14884.02,Bx,Max,2020-11-14,2020-11-15
pg0,2020-11-15,bx_max,14863.67,Bx,Max,2020-11-15,2020-11-16
pg0,2020-11-16,bx_max,14849.77,Bx,Max,2020-11-16,2020-11-17
pg0,2020-11-17,bx_max,14839.86,Bx,Max,2020-11-17,2020-11-18
pg0,2020-11-18,bx_max,14860.91,Bx,Max,2020-11-18,2020-11-19
pg0,2020-11-19,bx_max,14879.33,Bx,Max,2020-11-19,2020-11-20
pg0,2020-11-20,bx_max,14909.06,Bx,Max,2020-11-20,2020-11-21
pg0,2020-11-21,bx_max,14899.26,Bx,Max,2020-11-21,2020-11-22
pg0,2020-11-22,bx_max,14959.49,Bx,Max,2020-11-22,2020-11-23
pg0,2020-12-18,bx_max,14844.61,Bx,Max,2020-12-18,2020-12-19
pg0,2020-12-19,bx_max,14829.42,Bx,Max,2020-12-19,2020-12-20
pg0,2020-12-20,bx_max,14841.15,Bx,Max,2020-12-20,2020-12-21
pg0,2020-12-21,bx_max,14959.14,Bx,Max,2020-12-21,2020-12-22
pg0,2020-12-22,bx_max,14915.27,Bx,Max,2020-12-22,2020-12-23
pg0,2020-12-23,bx_max,15002.82,Bx,Max,2020-12-23,2020-12-24
pg0,2020-12-24,bx_max,14841.56,Bx,Max,2020-12-24,2020-12-25
pg0,2020-12-25,bx_max,14891.82,Bx,Max,2020-12-25,2020-12-26
pg0,2020-12-26,bx_max,14847.84,Bx,Max,2020-12-26,2020-12-27
pg0,2020-12-27,bx_max,14948.29,Bx,Max,2020-12-27,2020-12-28
pg0,2020-12-28,bx_max,14945.36,Bx,Max,2020-12-28,2020-12-29
pg0,2020-12-29,bx_max,14961.31,Bx,Max,2020-12-29,2020-12-30
pg0,2020-12-30,bx_max,14979.6,Bx,Max,2020-12-30,2020-12-31
pg0,2020-12-31,bx_max,14882.96,Bx,Max,2020-12-31,2021-01-01
pg0,2021-01-01,bx_max,14842.68,Bx,Max,2021-01-01,2021-01-02
pg0,2021-01-02,bx_max,14849.13,Bx,Max,2021-01-02,2021-01-03
pg0,2021-01-03,bx_max,14829.42,Bx,Max,2021-01-03,2021-01-04
pg0,2021-01-04,bx_max,14805.15,Bx,Max,2021-01-04,2021-01-05
pg0,2021-01-05,bx_max,14914.86,Bx,Max,2021-01-05,2021-01-06
pg0,2021-01-06,bx_max,15020.65,Bx,Max,2021-01-06,2021-01-07
pg0,2021-01-07,bx_max,14902.37,Bx,Max,2021-01-07,2021-01-08
pg0,2021-01-08,bx_max,14864.2,Bx,Max,2021-01-08,2021-01-09
pg0,2021-01-09,bx_max,14904.13,Bx,Max,2021-01-09,2021-01-10
pg0,2021-01-10,bx_max,14868.83,Bx,Max,2021-01-10,2021-01-11
pg0,2021-01-11,bx_max,14904.78,Bx,Max,2021-01-11,2021-01-12
pg0,2021-01-12,bx_max,14909.88,Bx,Max,2021-01-12,2021-01-13
pg0,2021-01-13,bx_max,14819.86,Bx,Max,2021-01-13,2021-01-14
pg0,2021-01-14,bx_max,14810.31,Bx,Max,2021-01-14,2021-01-15
pg0,2021-01-15,bx_max,14802.62,Bx,Max,2021-01-15,2021-01-16
pg0,2021-01-16,bx_max,14857.22,Bx,Max,2021-01-16,2021-01-17
pg0,2021-01-17,bx_max,14890.17,Bx,Max,2021-01-17,2021-01-18
pg0,2021-01-18,bx_max,14875.87,Bx,Max,2021-01-18,2021-01-19
pg0,2021-01-19,bx_max,14914.8,Bx,Max,2021-01-19,2021-01-20
pg0,2021-01-20,bx_max,14913.4,Bx,Max,2021-01-20,2021-01-21
pg0,2021-01-21,bx_max,14831.65,Bx,Max,2021-01-21,2021-01-22
pg0,2021-01-22,bx_max,14847.48,Bx,Max,2021-01-22,2021-01-23
pg0,2021-01-23,bx_max,14797.41,Bx,Max,2021-01-23,2021-01-24
pg0,2021-01-24,bx_max,14840.04,Bx,Max,2021-01-24,2021-01-25
pg0,2021-01-25,bx_max,14935.39,Bx,Max,2021-01-25,2021-01-26
pg0,2021-01-26,bx_max,14959.19,Bx,Max,2021-01-26,2021-01-27
pg0,2021-01-27,bx_max,14932.22,Bx,Max,2021-01-27,2021-01-28
pg0,2021-01-28,bx_max,14896.57,Bx,Max,2021-01-28,2021-01-29
pg0,2021-01-29,bx_max,14841.68,Bx,Max,2021-01-29,2021-01-30
pg0,2021-01-30,bx_max,14842.15,Bx,Max,2021-01-30,2021-01-31
pg0,2021-01-31,bx_max,14835.81,Bx,Max,2021-01-31,2021-02-01
pg0,2021-02-01,bx_max,14827.61,Bx,Max,2021-02-01,2021-02-02
pg0,2021-02-02,bx_max,15028.04,Bx,Max,2021-02-02,2021-02-03
pg0,2021-02-03,bx_max,14945.77,Bx,Max,2021-02-03,2021-02-04
pg0,2021-02-04,bx_max,14910.87,Bx,Max,2021-02-04,2021-02-05
pg0,2021-02-05,bx_max,14880.79,Bx,Max,2021-02-05,2021-02-06
pg0,2021-02-06,bx_max,14844.96,Bx,Max,2021-02-06,2021-02-07
pg0,2021-02-07,bx_max,14948.64,Bx,Max,2021-02-07,2021-02-08
pg0,2021-02-08,bx_max,14815.17,Bx,Max,2021-02-08,2021-02-09
pg0,2021-02-09,bx_max,14832.12,Bx,Max,2021-02-09,2021-02-10
pg0,2021-02-10,bx_max,14795.0,Bx,Max,2021-02-10,2021-02-11
pg0,2021-02-11,bx_max,14807.2,Bx,Max,2021-02-11,2021-02-12
pg0,2021-02-12,bx_max,14826.37,Bx,Max,2021-02-12,2021-02-13
pg0,2021-02-13,bx_max,14955.68,Bx,Max,2021-02-13,2021-02-14
pg0,2021-02-14,bx_max,14851.94,Bx,Max,2021-02-14,2021-02-15
pg0,2021-02-15,bx_max,14826.61,Bx,Max,2021-02-15,2021-02-16
pg0,2021-02-16,bx_max,14916.86,Bx,Max,2021-02-16,2021-02-17
pg0,2021-02-17,bx_max,14881.5,Bx,Max,2021-02-17,2021-02-18
pg0,2021-02-18,bx_max,14866.6,Bx,Max,2021-02-18,2021-02-19
pg0,2021-02-19,bx_max,14880.85,Bx,Max,2021-02-19,2021-02-20
pg0,2021-02-20,bx_max,14906.48,Bx,Max,2021-02-20,2021-02-21
pg0,2021-02-21,bx_max,14971.57,Bx,Max,2021-02-21,2021-02-22
pg0,2021-02-22,bx_max,14940.96,Bx,Max,2021-02-22,2021-02-23
pg0,2021-02-23,bx_max,14913.04,Bx,Max,2021-02-23,2021-02-24
pg0,2021-02-24,bx_max,14892.52,Bx,Max,2021-02-24,2021-02-25
pg0,2021-02-25,bx_max,14930.75,Bx,Max,2021-02-25,2021-02-26
pg0,2021-02-26,bx_max,14864.08,Bx,Max,2021-02-26,2021-02-27
pg0,2021-02-27,bx_max,14801.86,Bx,Max,2021-02-27,2021-02-28
pg0,2021-02-28,bx_max,14803.33,Bx,Max,2021-02-28,2021-03-01
pg0,2021-03-01,bx_max,15078.06,Bx,Max,2021-03-01,2021-03-02
pg0,2021-03-02,bx_max,14867.01,Bx,Max,2021-03-02,2021-03-03
pg0,2021-03-03,bx_max,14980.83,Bx,Max,2021-03-03,2021-03-04
pg0,2021-03-04,bx_max,14882.49,Bx,Max,2021-03-04,2021-03-05
pg0,2021-03-05,bx_max,14822.44,Bx,Max,2021-03-05,2021-03-06
pg0,2021-03-06,bx_max,14934.33,Bx,Max,2021-03-06,2021-03-07
pg0,2021-03-07,bx_max,14793.18,Bx,Max,2021-03-07,2021-03-08
pg0,2021-03-08,bx_max,14804.85,Bx,Max,2021-03-08,2021-03-09
pg0,2021-03-09,bx_max,14775.71,Bx,Max,2021-03-09,2021-03-10
pg0,2021-03-10,bx_max,14771.49,Bx,Max,2021-03-10,2021-03-11
pg0,2021-03-11,bx_max,14773.31,Bx,Max,2021-03-11,2021-03-12
pg0,2021-03-12,bx_max,14881.38,Bx,Max,2021-03-12,2021-03-13
pg0,2021-03-13,bx_max,14954.03,Bx,Max,2021-03-13,2021-03-14
pg0,2021-03-14,bx_max,14952.8,Bx,Max,2021-03-14,2021-03-15
pg0,2021-03-15,bx_max,14905.36,Bx,Max,2021-03-15,2021-03-16
pg0,2021-03-16,bx_max,14799.05,Bx,Max,2021-03-16,2021-03-17
pg0,2021-03-17,bx_max,14820.69,Bx,Max,2021-03-17,2021-03-18
pg0,2021-03-18,bx_max,14824.44,Bx,Max,2021-03-18,2021-03-19
pg0,2021-03-19,bx_max,14837.4,Bx,Max,2021-03-19,2021-03-20
pg0,2021-03-20,bx_max,14942.89,Bx,Max,2021-03-20,2021-03-21
pg0,2021-03-21,bx_max,14877.04,Bx,Max,2021-03-21,2021-03-22
pg0,2021-03-22,bx_max,14842.21,Bx,Max,2021-03-22,2021-03-23
pg0,2021-03-23,bx_max,14855.69,Bx,Max,2021-03-23,2021-03-24
pg0,2021-03-24,bx_max,14877.51,Bx,Max,2021-03-24,2021-03-25
pg0,2021-03-25,bx_max,14906.65,Bx,Max,2021-03-25,2021-03-26
pg0,2021-03-26,bx_max,14873.29,Bx,Max,2021-03-26,2021-03-27
pg0,2021-03-27,bx_max,14829.72,Bx,Max,2021-03-27,2021-03-28
pg0,2021-03-28,bx_max,14896.27,Bx,Max,2021-03-28,2021-03-29
pg0,2021-03-29,bx_max,14827.78,Bx,Max,2021-03-29,2021-03-30
pg0,2021-03-30,bx_max,14816.76,Bx,Max,2021-03-30,2021-03-31
pg0,2021-03-31,bx_max,14858.57,Bx,Max,2021-03-31,2021-04-01
pg0,2021-04-01,bx_max,14824.79,Bx,Max,2021-04-01,2021-04-02
pg0,2021-04-02,bx_max,14787.67,Bx,Max,2021-04-02,2021-04-03
pg0,2021-04-03,bx_max,14809.78,Bx,Max,2021-04-03,2021-04-04
pg0,2021-04-04,bx_max,14780.75,Bx,Max,2021-04-04,2021-04-05
pg0,2021-04-05,bx_max,14773.42,Bx,Max,2021-04-05,2021-04-06
pg0,2021-04-06,bx_max,14775.24,Bx,Max,2021-04-06,2021-04-07
pg0,2021-04-07,bx_max,14791.07,Bx,Max,2021-04-07,2021-04-08
pg0,2021-04-08,bx_max,14768.15,Bx,Max,2021-04-08,2021-04-09
pg0,2021-04-09,bx_max,14798.7,Bx,Max,2021-04-09,2021-04-10
pg0,2021-04-10,bx_max,14775.18,Bx,Max,2021-04-10,2021-04-11
pg0,2021-04-11,bx_max,14807.67,Bx,Max,2021-04-11,2021-04-12
pg0,2021-04-12,bx_max,14793.54,Bx,Max,2021-04-12,2021-04-13
pg0,2021-04-13,bx_max,14778.76,Bx,Max,2021-04-13,2021-04-14
pg0,2021-04-14,bx_max,14781.81,Bx,Max,2021-04-14,2021-04-15
pg0,2021-04-15,bx_max,14802.92,Bx,Max,2021-04-15,2021-04-16
pg0,2021-04-16,bx_max,14844.02,Bx,Max,2021-04-16,2021-04-17
pg0,2021-04-17,bx_max,14907.71,Bx,Max,2021-04-17,2021-04-18
pg0,2021-04-18,bx_max,14880.32,Bx,Max,2021-04-18,2021-04-19
pg0,2021-04-19,bx_max,14888.83,Bx,Max,2021-04-19,2021-04-20
pg0,2021-04-20,bx_max,14890.7,Bx,Max,2021-04-20,2021-04-21
pg0,2021-04-21,bx_max,14808.31,Bx,Max,2021-04-21,2021-04-22
pg0,2021-04-22,bx_max,14810.13,Bx,Max,2021-04-22,2021-04-23
pg0,2021-04-23,bx_max,14834.23,Bx,Max,2021-04-23,2021-04-24
pg0,2021-04-24,bx_max,14918.56,Bx,Max,2021-04-24,2021-04-25
pg0,2021-04-25,bx_max,14895.45,Bx,Max,2021-04-25,2021-04-26
pg0,2021-04-26,bx_max,14891.87,Bx,Max,2021-04-26,2021-04-27
pg0,2021-04-27,bx_max,14840.51,Bx,Max,2021-04-27,2021-04-28
pg0,2021-04-28,bx_max,14785.27,Bx,Max,2021-04-28,2021-04-29
pg0,2021-04-29,bx_max,14792.71,Bx,Max,2021-04-29,2021-04-30
pg0,2021-04-30,bx_max,14764.51,Bx,Max,2021-04-30,2021-05-01
pg0,2021-05-01,bx_max,14778.11,Bx,Max,2021-05-01,2021-05-02
pg0,2021-05-02,bx_max,14840.56,Bx,Max,2021-05-02,2021-05-03
pg0,2021-05-03,bx_max,14784.04,Bx,Max,2021-05-03,2021-05-04
pg0,2021-05-04,bx_max,14767.03,Bx,Max,2021-05-04,2021-05-05
pg0,2021-05-05,bx_max,14754.25,Bx,Max,2021-05-05,2021-05-06
pg0,2021-05-06,bx_max,14770.31,Bx,Max,2021-05-06,2021-05-07
pg0,2021-05-07,bx_max,14752.19,Bx,Max,2021-05-07,2021-05-08
pg0,2021-05-08,bx_max,14759.35,Bx,Max,2021-05-08,2021-05-09
pg0,2021-05-09,bx_max,14752.55,Bx,Max,2021-05-09,2021-05-10
pg0,2021-05-10,bx_max,14767.91,Bx,Max,2021-05-10,2021-05-11
pg0,2021-05-11,bx_max,14775.77,Bx,Max,2021-05-11,2021-05-12
pg0,2021-05-12,bx_max,14805.2,Bx,Max,2021-05-12,2021-05-13
pg0,2021-05-13,bx_max,14822.68,Bx,Max,2021-05-13,2021-05-14
pg0,2021-05-14,bx_max,14808.55,Bx,Max,2021-05-14,2021-05-15
pg0,2021-05-15,bx_max,14794.42,Bx,Max,2021-05-15,2021-05-16
pg0,2021-05-16,bx_max,14769.26,Bx,Max,2021-05-16,2021-05-17
pg0,2021-05-17,bx_max,14784.09,Bx,Max,2021-05-17,2021-05-18
pg0,2021-05-18,bx_max,14840.68,Bx,Max,2021-05-18,2021-05-19
pg0,2021-05-19,bx_max,14826.49,Bx,Max,2021-05-19,2021-05-20
pg0,2021-05-20,bx_max,14831.83,Bx,Max,2021-05-20,2021-05-21
pg0,2021-05-21,bx_max,14818.28,Bx,Max,2021-05-21,2021-05-22
pg0,2021-05-22,bx_max,14784.27,Bx,Max,2021-05-22,2021-05-23
pg0,2021-05-23,bx_max,14800.4,Bx,Max,2021-05-23,2021-05-24
pg0,2021-05-24,bx_max,14793.77,Bx,Max,2021-05-24,2021-05-25
pg0,2021-05-25,bx_max,14771.49,Bx,Max,2021-05-25,2021-05-26
pg0,2021-05-26,bx_max,14779.4,Bx,Max,2021-05-26,2021-05-27
pg0,2021-05-27,bx_max,14850.83,Bx,Max,2021-05-27,2021-05-28
pg0,2021-05-28,bx_max,14763.4,Bx,Max,2021-05-28,2021-05-29
pg0,2021-05-29,bx_max,14764.74,Bx,Max,2021-05-29,2021-05-30
pg0,2021-05-30,bx_max,14761.64,Bx,Max,2021-05-30,2021-05-31
pg0,2021-05-31,bx_max,14765.51,Bx,Max,2021-05-31,2021-06-01
pg0,2021-06-01,bx_max,14765.68,Bx,Max,2021-06-01,2021-06-02
pg0,2021-06-02,bx_max,14760.99,Bx,Max,2021-06-02,2021-06-03
pg0,2021-06-03,bx_max,14764.63,Bx,Max,2021-06-03,2021-06-04
pg0,2021-06-04,bx_max,14765.68,Bx,Max,2021-06-04,2021-06-05
pg0,2021-06-05,bx_max,14772.72,Bx,Max,2021-06-05,2021-06-06
pg0,2021-06-06,bx_max,14779.93,Bx,Max,2021-06-06,2021-06-07
pg0,2021-06-07,bx_max,14798.93,Bx,Max,2021-06-07,2021-06-08
pg0,2021-06-08,bx_max,14807.26,Bx,Max,2021-06-08,2021-06-09
pg0,2021-06-09,bx_max,14773.66,Bx,Max,2021-06-09,2021-06-10
pg0,2021-06-10,bx_max,14769.44,Bx,Max,2021-06-10,2021-06-11
pg0,2021-06-11,bx_max,14818.99,Bx,Max,2021-06-11,2021-06-12
pg0,2021-06-12,bx_max,14836.46,Bx,Max,2021-06-12,2021-06-13
pg0,2021-06-13,bx_max,14825.14,Bx,Max,2021-06-13,2021-06-14
pg0,2021-06-14,bx_max,14759.29,Bx,Max,2021-06-14,2021-06-15
pg0,2021-06-15,bx_max,14775.24,Bx,Max,2021-06-15,2021-06-16
pg0,2024-01-01,bx_mean,14742.65294865612,Bx,Mean,2024-01-01,2024-01-02
pg0,2024-01-02,bx_mean,14720.358853900576,Bx,Mean,2024-01-02,2024-01-03
pg0,2024-01-03,bx_mean,14707.415316388637,Bx,Mean,2024-01-03,2024-01-04
pg0,2024-01-04,bx_mean,14744.19608657856,Bx,Mean,2024-01-04,2024-01-05
pg0,2024-01-05,bx_mean,14674.84256029488,Bx,Mean,2024-01-05,2024-01-06
pg0,2024-01-06,bx_mean,14712.070973315913,Bx,Mean,2024-01-06,2024-01-07
pg0,2024-01-07,bx_mean,14717.8065927327,Bx,Mean,2024-01-07,2024-01-08
pg0,2024-01-08,bx_mean,14648.532037171926,Bx,Mean,2024-01-08,2024-01-09
pg0,2024-01-09,bx_mean,14662.931421821506,Bx,Mean,2024-01-09,2024-01-10
pg0,2024-01-10,bx_mean,14610.83515011574,Bx,Mean,2024-01-10,2024-01-11
pg0,2024-01-11,bx_mean,14618.682129050929,Bx,Mean,2024-01-11,2024-01-12
pg0,2024-01-12,bx_mean,14641.391254861112,Bx,Mean,2024-01-12,2024-01-13
pg0,2024-01-13,bx_mean,14643.956347685184,Bx,Mean,2024-01-13,2024-01-14
pg0,2024-01-14,bx_mean,14638.160821412035,Bx,Mean,2024-01-14,2024-01-15
pg0,2024-01-15,bx_mean,14733.696472800926,Bx,Mean,2024-01-15,2024-01-16
pg0,2024-01-16,bx_mean,14731.8161962963,Bx,Mean,2024-01-16,2024-01-17
pg0,2024-01-17,bx_mean,14684.039061689817,Bx,Mean,2024-01-17,2024-01-18
pg0,2024-01-18,bx_mean,14655.176538078706,Bx,Mean,2024-01-18,2024-01-19
pg0,2024-01-19,bx_mean,14664.716681481485,Bx,Mean,2024-01-19,2024-01-20
pg0,2024-01-20,bx_mean,14654.166683796297,Bx,Mean,2024-01-20,2024-01-21
pg0,2024-01-21,bx_mean,14652.378600462962,Bx,Mean,2024-01-21,2024-01-22
pg0,2024-01-22,bx_mean,14598.377620833337,Bx,Mean,2024-01-22,2024-01-23
pg0,2024-01-23,bx_mean,14663.859146412036,Bx,Mean,2024-01-23,2024-01-24
pg0,2024-01-24,bx_mean,14728.423415046296,Bx,Mean,2024-01-24,2024-01-25
pg0,2024-01-25,bx_mean,14726.73425601852,Bx,Mean,2024-01-25,2024-01-26
pg0,2024-01-26,bx_mean,14734.127767708334,Bx,Mean,2024-01-26,2024-01-27
pg0,2024-01-27,bx_mean,14657.629175925927,Bx,Mean,2024-01-27,2024-01-28
pg0,2024-01-28,bx_mean,14671.867580324077,Bx,Mean,2024-01-28,2024-01-29
pg0,2024-01-29,bx_mean,14727.853998611112,Bx,Mean,2024-01-29,2024-01-30
pg0,2024-01-30,bx_mean,14734.59756226852,Bx,Mean,2024-01-30,2024-01-31
pg0,2024-01-31,bx_mean,14707.272036921291,Bx,Mean,2024-01-31,2024-02-01
pg0,2024-02-01,bx_mean,14723.323151041666,Bx,Mean,2024-02-01,2024-02-02
pg0,2024-02-02,bx_mean,14709.58738263889,Bx,Mean,2024-02-02,2024-02-03
pg0,2024-02-03,bx_mean,14712.526436226854,Bx,Mean,2024-02-03,2024-02-04
pg0,2024-02-04,bx_mean,14674.53107766204,Bx,Mean,2024-02-04,2024-02-05
pg0,2024-02-05,bx_mean,14649.386893171297,Bx,Mean,2024-02-05,2024-02-06
pg0,2024-02-06,bx_mean,14634.26122045814,Bx,Mean,2024-02-06,2024-02-07
pg0,2024-02-07,bx_mean,14648.382096128957,Bx,Mean,2024-02-07,2024-02-08
pg0,2024-02-08,bx_mean,14649.972304954124,Bx,Mean,2024-02-08,2024-02-09
pg0,2024-02-09,bx_mean,14672.720398758274,Bx,Mean,2024-02-09,2024-02-10
pg0,2024-02-10,bx_mean,14691.17570965856,Bx,Mean,2024-02-10,2024-02-11
pg0,2024-02-11,bx_mean,14719.461931050522,Bx,Mean,2024-02-11,2024-02-12
pg0,2024-02-12,bx_mean,14719.505663078704,Bx,Mean,2024-02-12,2024-02-13
pg0,2024-02-13,bx_mean,14700.88900321767,Bx,Mean,2024-02-13,2024-02-14
pg0,2024-02-14,bx_mean,14657.58192962963,Bx,Mean,2024-02-14,2024-02-15
pg0,2024-02-15,bx_mean,14658.897319560185,Bx,Mean,2024-02-15,2024-02-16
pg0,2024-02-16,bx_mean,14664.445075462963,Bx,Mean,2024-02-16,2024-02-17
pg0,2024-02-17,bx_mean,14660.28870960648,Bx,Mean,2024-02-17,2024-02-18
pg0,2024-02-18,bx_mean,14659.54790335648,Bx,Mean,2024-02-18,2024-02-19
pg0,2024-02-19,bx_mean,14654.000689583332,Bx,Mean,2024-02-19,2024-02-20
pg0,2024-02-20,bx_mean,14666.839560648148,Bx,Mean,2024-02-20,2024-02-21
pg0,2024-02-21,bx_mean,14650.619228819443,Bx,Mean,2024-02-21,2024-02-22
pg0,2024-02-22,bx_mean,14643.806240477015,Bx,Mean,2024-02-22,2024-02-23
pg0,2024-02-23,bx_mean,14670.392568237065,Bx,Mean,2024-02-23,2024-02-24
pg0,2024-02-24,bx_mean,14690.618477314816,Bx,Mean,2024-02-24,2024-02-25
pg0,2024-02-25,bx_mean,14708.30002488426,Bx,Mean,2024-02-25,2024-02-26
pg0,2024-02-26,bx_mean,14714.229108912035,Bx,Mean,2024-02-26,2024-02-27
pg0,2024-02-27,bx_mean,14703.602191211538,Bx,Mean,2024-02-27,2024-02-28
pg0,2024-02-28,bx_mean,14683.992420419028,Bx,Mean,2024-02-28,2024-02-29
pg0,2024-02-29,bx_mean,14682.06364834834,Bx,Mean,2024-02-29,2024-03-01
pg0,2024-03-01,bx_mean,14695.360146180554,Bx,Mean,2024-03-01,2024-03-02
pg0,2024-03-02,bx_mean,14698.381919649057,Bx,Mean,2024-03-02,2024-03-03
pg0,2024-03-03,bx_mean,14645.22302921905,Bx,Mean,2024-03-03,2024-03-04
pg0,2024-03-04,bx_mean,14652.402128703705,Bx,Mean,2024-03-04,2024-03-05
pg0,2024-03-05,bx_mean,14656.785748379629,Bx,Mean,2024-03-05,2024-03-06
pg0,2024-03-06,bx_mean,14658.029264583334,Bx,Mean,2024-03-06,2024-03-07
pg0,2024-03-07,bx_mean,14667.658013773147,Bx,Mean,2024-03-07,2024-03-08
pg0,2024-03-08,bx_mean,14698.45792511574,Bx,Mean,2024-03-08,2024-03-09
pg0,2024-03-09,bx_mean,14690.281129050923,Bx,Mean,2024-03-09,2024-03-10
pg0,2024-03-10,bx_mean,14674.312351388888,Bx,Mean,2024-03-10,2024-03-11
pg0,2024-03-11,bx_mean,14687.36488414352,Bx,Mean,2024-03-11,2024-03-12
pg0,2024-03-12,bx_mean,14661.905896412034,Bx,Mean,2024-03-12,2024-03-13
pg0,2024-03-13,bx_mean,14647.245663773148,Bx,Mean,2024-03-13,2024-03-14
pg0,2024-03-14,bx_mean,14658.714402662035,Bx,Mean,2024-03-14,2024-03-15
pg0,2024-03-15,bx_mean,14673.270790411814,Bx,Mean,2024-03-15,2024-03-16
pg0,2024-03-16,bx_mean,14660.940135763887,Bx,Mean,2024-03-16,2024-03-17
pg0,2024-03-17,bx_mean,14668.664312120927,Bx,Mean,2024-03-17,2024-03-18
pg0,2024-03-18,bx_mean,14660.93106509493,Bx,Mean,2024-03-18,2024-03-19
pg0,2024-03-19,bx_mean,14682.299796585714,Bx,Mean,2024-03-19,2024-03-20
pg0,2024-03-20,bx_mean,14686.701997453703,Bx,Mean,2024-03-20,2024-03-21
pg0,2024-03-21,bx_mean,14647.267233796296,Bx,Mean,2024-03-21,2024-03-22
pg0,2024-03-22,bx_mean,14688.51720833044,Bx,Mean,2024-03-22,2024-03-23
pg0,2024-03-23,bx_mean,14696.98411261574,Bx,Mean,2024-03-23,2024-03-24
pg0,2024-03-24,bx_mean,14639.782664312996,Bx,Mean,2024-03-24,2024-03-25
pg0,2024-03-25,bx_mean,14683.703379673574,Bx,Mean,2024-03-25,2024-03-26
pg0,2024-03-26,bx_mean,14666.403679020346,Bx,Mean,2024-03-26,2024-03-27
pg0,2024-03-27,bx_mean,14684.388123046649,Bx,Mean,2024-03-27,2024-03-28
pg0,2024-03-28,bx_mean,14674.043600399902,Bx,Mean,2024-03-28,2024-03-29
pg0,2024-03-29,bx_mean,14678.845801732725,Bx,Mean,2024-03-29,2024-03-30
pg0,2024-03-30,bx_mean,14660.959876967594,Bx,Mean,2024-03-30,2024-03-31
pg0,2024-03-31,bx_mean,14665.842388481213,Bx,Mean,2024-03-31,2024-04-01
pg0,2024-04-01,bx_mean,14656.607876157408,Bx,Mean,2024-04-01,2024-04-02
pg0,2024-04-02,bx_mean,14651.833310879632,Bx,Mean,2024-04-02,2024-04-03
pg0,2024-04-03,bx_mean,14662.491388310184,Bx,Mean,2024-04-03,2024-04-04
pg0,2024-04-04,bx_mean,14650.55026296296,Bx,Mean,2024-04-04,2024-04-05
pg0,2024-04-05,bx_mean,14669.396616666663,Bx,Mean,2024-04-05,2024-04-06
pg0,2024-04-06,bx_mean,14687.502295939628,Bx,Mean,2024-04-06,2024-04-07
pg0,2024-04-07,bx_mean,14670.449515673476,Bx,Mean,2024-04-07,2024-04-08
pg0,2024-04-08,bx_mean,14673.526815635343,Bx,Mean,2024-04-08,2024-04-09
pg0,2024-04-09,bx_mean,14653.589381539956,Bx,Mean,2024-04-09,2024-04-10
pg0,2024-04-10,bx_mean,14652.581460300928,Bx,Mean,2024-04-10,2024-04-11
pg0,2024-04-11,bx_mean,14665.097325578705,Bx,Mean,2024-04-11,2024-04-12
pg0,2024-04-12,bx_mean,14661.985445574372,Bx,Mean,2024-04-12,2024-04-13
pg0,2024-04-13,bx_mean,14667.585267826127,Bx,Mean,2024-04-13,2024-04-14
pg0,2024-04-14,bx_mean,14663.939234375002,Bx,Mean,2024-04-14,2024-04-15
pg0,2024-04-15,bx_mean,14669.241229455069,Bx,Mean,2024-04-15,2024-04-16
pg0,2024-04-16,bx_mean,14656.212206828704,Bx,Mean,2024-04-16,2024-04-17
pg0,2024-04-17,bx_mean,14656.730423958335,Bx,Mean,2024-04-17,2024-04-18
pg0,2024-04-18,bx_mean,14667.108809606483,Bx,Mean,2024-04-18,2024-04-19
pg0,2024-04-19,bx_mean,14633.33876863426,Bx,Mean,2024-04-19,2024-04-20
pg0,2024-04-20,bx_mean,14645.431778587965,Bx,Mean,2024-04-20,2024-04-21
pg0,2024-04-21,bx_mean,14660.74889664352,Bx,Mean,2024-04-21,2024-04-22
pg0,2024-04-22,bx_mean,14676.822603703704,Bx,Mean,2024-04-22,2024-04-23
pg0,2024-04-23,bx_mean,14666.12408912037,Bx,Mean,2024-04-23,2024-04-24
pg0,2024-04-24,bx_mean,14667.186721643518,Bx,Mean,2024-04-24,2024-04-25
pg0,2024-04-25,bx_mean,14659.78969328422,Bx,Mean,2024-04-25,2024-04-26
pg0,2024-04-26,bx_mean,14647.65131103137,Bx,Mean,2024-04-26,2024-04-27
pg0,2024-04-27,bx_mean,14658.82758425926,Bx,Mean,2024-04-27,2024-04-28
pg0,2024-04-28,bx_mean,14670.939059606482,Bx,Mean,2024-04-28,2024-04-29
pg0,2024-04-29,bx_mean,14662.1357459024,Bx,Mean,2024-04-29,2024-04-30
pg0,2024-04-30,bx_mean,14657.47039595824,Bx,Mean,2024-04-30,2024-05-01
pg0,2024-05-01,bx_mean,14667.74753576389,Bx,Mean,2024-05-01,2024-05-02
pg0,2024-05-02,bx_mean,14617.36327627315,Bx,Mean,2024-05-02,2024-05-03
pg0,2024-05-03,bx_mean,14678.72015949074,Bx,Mean,2024-05-03,2024-05-04
pg0,2024-05-04,bx_mean,14664.109726388888,Bx,Mean,2024-05-04,2024-05-05
pg0,2024-05-05,bx_mean,14668.576358333336,Bx,Mean,2024-05-05,2024-05-06
pg0,2024-05-06,bx_mean,14647.619983217592,Bx,Mean,2024-05-06,2024-05-07
pg0,2024-05-07,bx_mean,14653.173887267503,Bx,Mean,2024-05-07,2024-05-08
pg0,2024-05-08,bx_mean,14661.191014680831,Bx,Mean,2024-05-08,2024-05-09
pg0,2024-05-09,bx_mean,14656.460586574074,Bx,Mean,2024-05-09,2024-05-10
pg0,2024-05-10,bx_mean,14600.986620833331,Bx,Mean,2024-05-10,2024-05-11
pg0,2024-05-11,bx_mean,14604.935852199076,Bx,Mean,2024-05-11,2024-05-12
pg0,2024-05-12,bx_mean,14602.37987465278,Bx,Mean,2024-05-12,2024-05-13
pg0,2024-05-13,bx_mean,14671.830061921297,Bx,Mean,2024-05-13,2024-05-14
pg0,2024-05-14,bx_mean,14655.591430671297,Bx,Mean,2024-05-14,2024-05-15
pg0,2024-05-15,bx_mean,14647.632909088788,Bx,Mean,2024-05-15,2024-05-16
pg0,2024-05-16,bx_mean,14656.758598611112,Bx,Mean,2024-05-16,2024-05-17
pg0,2024-05-17,bx_mean,14639.004010300929,Bx,Mean,2024-05-17,2024-05-18
pg0,2024-05-18,bx_mean,14664.250383912038,Bx,Mean,2024-05-18,2024-05-19
pg0,2024-05-19,bx_mean,14658.42587858796,Bx,Mean,2024-05-19,2024-05-20
pg0,2024-05-20,bx_mean,14661.62053414352,Bx,Mean,2024-05-20,2024-05-21
pg0,2024-05-21,bx_mean,14650.530956481483,Bx,Mean,2024-05-21,2024-05-22
pg0,2024-05-22,bx_mean,14661.506033912035,Bx,Mean,2024-05-22,2024-05-23
pg0,2024-05-23,bx_mean,14636.865016769536,Bx,Mean,2024-05-23,2024-05-24
pg0,2024-05-24,bx_mean,14663.146976432556,Bx,Mean,2024-05-24,2024-05-25
pg0,2024-05-25,bx_mean,14662.87066118038,Bx,Mean,2024-05-25,2024-05-26
pg0,2024-05-26,bx_mean,14659.238261694132,Bx,Mean,2024-05-26,2024-05-27
pg0,2024-05-27,bx_mean,14654.742897469096,Bx,Mean,2024-05-27,2024-05-28
pg0,2024-05-28,bx_mean,14664.697461819796,Bx,Mean,2024-05-28,2024-05-29
pg0,2024-05-29,bx_mean,14654.643892824077,Bx,Mean,2024-05-29,2024-05-30
pg0,2024-05-30,bx_mean,14641.37485011574,Bx,Mean,2024-05-30,2024-05-31
pg0,2024-05-31,bx_mean,14666.41259537037,Bx,Mean,2024-05-31,2024-06-01
pg0,2024-06-01,bx_mean,14668.902738888888,Bx,Mean,2024-06-01,2024-06-02
pg0,2024-06-02,bx_mean,14662.869217476851,Bx,Mean,2024-06-02,2024-06-03
pg0,2024-06-03,bx_mean,14658.255349768518,Bx,Mean,2024-06-03,2024-06-04
pg0,2024-06-04,bx_mean,14659.646916319443,Bx,Mean,2024-06-04,2024-06-05
pg0,2024-06-05,bx_mean,14652.915560763886,Bx,Mean,2024-06-05,2024-06-06
pg0,2024-06-06,bx_mean,14667.196598495371,Bx,Mean,2024-06-06,2024-06-07
pg0,2024-06-07,bx_mean,14646.052129282409,Bx,Mean,2024-06-07,2024-06-08
pg0,2024-06-08,bx_mean,14645.863479861113,Bx,Mean,2024-06-08,2024-06-09
pg0,2024-06-09,bx_mean,14646.111209837964,Bx,Mean,2024-06-09,2024-06-10
pg0,2024-06-10,bx_mean,14647.555363078704,Bx,Mean,2024-06-10,2024-06-11
pg0,2024-06-11,bx_mean,14659.098843749998,Bx,Mean,2024-06-11,2024-06-12
pg0,2024-06-12,bx_mean,14653.445861342594,Bx,Mean,2024-06-12,2024-06-13
pg0,2024-06-13,bx_mean,14661.515821064811,Bx,Mean,2024-06-13,2024-06-14
pg0,2024-06-14,bx_mean,14658.79163877315,Bx,Mean,2024-06-14,2024-06-15
pg0,2024-06-15,bx_mean,14652.910360069443,Bx,Mean,2024-06-15,2024-06-16
pg0,2024-06-16,bx_mean,14652.628540856482,Bx,Mean,2024-06-16,2024-06-17
pg0,2024-06-17,bx_mean,14647.987059837964,Bx,Mean,2024-06-17,2024-06-18
pg0,2024-06-18,bx_mean,14650.933451967592,Bx,Mean,2024-06-18,2024-06-19
pg0,2024-06-19,bx_mean,14656.630393055557,Bx,Mean,2024-06-19,2024-06-20
pg0,2024-06-20,bx_mean,14659.32227962963,Bx,Mean,2024-06-20,2024-06-21
pg0,2024-06-21,bx_mean,14662.161183796296,Bx,Mean,2024-06-21,2024-06-22
pg0,2024-06-22,bx_mean,14661.747396412036,Bx,Mean,2024-06-22,2024-06-23
pg0,2024-06-23,bx_mean,14655.638783680555,Bx,Mean,2024-06-23,2024-06-24
pg0,2024-06-24,bx_mean,14663.73553241243,Bx,Mean,2024-06-24,2024-06-25
pg0,2024-06-25,bx_mean,14675.181413337026,Bx,Mean,2024-06-25,2024-06-26
pg0,2024-06-26,bx_mean,14659.47380952381,Bx,Mean,2024-06-26,2024-06-27
pg0,2024-06-27,bx_mean,14670.713888888888,Bx,Mean,2024-06-27,2024-06-28
pg0,2024-10-08,bx_mean,14550.698125,Bx,Mean,2024-10-08,2024-10-09
pg0,2024-10-09,bx_mean,14681.0372972973,Bx,Mean,2024-10-09,2024-10-10
pg0,2024-10-10,bx_mean,14444.282253354826,Bx,Mean,2024-10-10,2024-10-11
pg0,2024-10-11,bx_mean,14665.016246875,Bx,Mean,2024-10-11,2024-10-12
pg0,2024-10-12,bx_mean,14668.701261342592,Bx,Mean,2024-10-12,2024-10-13
pg0,2024-10-13,bx_mean,14661.757787731483,Bx,Mean,2024-10-13,2024-10-14
pg0,2024-10-14,bx_mean,14651.569137384256,Bx,Mean,2024-10-14,2024-10-15
pg0,2024-10-15,bx_mean,14651.985605787038,Bx,Mean,2024-10-15,2024-10-16
pg0,2024-10-16,bx_mean,14642.132195138887,Bx,Mean,2024-10-16,2024-10-17
pg0,2024-10-17,bx_mean,14668.018850667837,Bx,Mean,2024-10-17,2024-10-18
pg0,2024-10-18,bx_mean,14635.63737349537,Bx,Mean,2024-10-18,2024-10-19
pg0,2024-10-19,bx_mean,14672.6705650463,Bx,Mean,2024-10-19,2024-10-20
pg0,2024-10-20,bx_mean,14698.68883101852,Bx,Mean,2024-10-20,2024-10-21
pg0,2024-10-21,bx_mean,14691.48085925926,Bx,Mean,2024-10-21,2024-10-22
pg0,2024-10-22,bx_mean,14654.478205787038,Bx,Mean,2024-10-22,2024-10-23
pg0,2024-10-23,bx_mean,14651.55501851852,Bx,Mean,2024-10-23,2024-10-24
pg0,2024-10-24,bx_mean,14693.837104166669,Bx,Mean,2024-10-24,2024-10-25
pg0,2024-10-25,bx_mean,14689.628428356482,Bx,Mean,2024-10-25,2024-10-26
pg0,2024-10-26,bx_mean,14735.10596921296,Bx,Mean,2024-10-26,2024-10-27
pg0,2024-10-27,bx_mean,14752.059708333336,Bx,Mean,2024-10-27,2024-10-28
pg0,2024-10-28,bx_mean,14795.941578703703,Bx,Mean,2024-10-28,2024-10-29
pg0,2024-10-29,bx_mean,14723.050664467592,Bx,Mean,2024-10-29,2024-10-30
pg0,2024-10-30,bx_mean,14739.511914814815,Bx,Mean,2024-10-30,2024-10-31
pg0,2024-10-31,bx_mean,14693.108672222224,Bx,Mean,2024-10-31,2024-11-01
pg0,2024-11-01,bx_mean,14709.270642476851,Bx,Mean,2024-11-01,2024-11-02
pg0,2024-11-02,bx_mean,14701.65300300926,Bx,Mean,2024-11-02,2024-11-03
pg0,2024-11-03,bx_mean,14676.009156597223,Bx,Mean,2024-11-03,2024-11-04
pg0,2024-11-04,bx_mean,14666.297801388888,Bx,Mean,2024-11-04,2024-11-05
pg0,2024-11-05,bx_mean,14605.416191087965,Bx,Mean,2024-11-05,2024-11-06
pg0,2024-11-06,bx_mean,14676.81280914352,Bx,Mean,2024-11-06,2024-11-07
pg0,2024-11-07,bx_mean,14652.338024286906,Bx,Mean,2024-11-07,2024-11-08
pg0,2024-11-08,bx_mean,14718.184697562445,Bx,Mean,2024-11-08,2024-11-09
pg0,2024-11-09,bx_mean,14707.073549189816,Bx,Mean,2024-11-09,2024-11-10
pg0,2024-11-10,bx_mean,14685.958035995369,Bx,Mean,2024-11-10,2024-11-11
pg0,2024-11-11,bx_mean,14654.978101463275,Bx,Mean,2024-11-11,2024-11-12
pg0,2024-11-12,bx_mean,14652.120959953703,Bx,Mean,2024-11-12,2024-11-13
pg0,2024-11-13,bx_mean,14631.154660069446,Bx,Mean,2024-11-13,2024-11-14
pg0,2024-11-14,bx_mean,14624.11967638889,Bx,Mean,2024-11-14,2024-11-15
pg0,2024-11-15,bx_mean,14627.377618981482,Bx,Mean,2024-11-15,2024-11-16
pg0,2024-11-16,bx_mean,14681.190142708332,Bx,Mean,2024-11-16,2024-11-17
pg0,2024-11-17,bx_mean,14613.62743425926,Bx,Mean,2024-11-17,2024-11-18
pg0,2024-11-18,bx_mean,14623.23130266204,Bx,Mean,2024-11-18,2024-11-19
pg0,2024-11-19,bx_mean,14630.539666435185,Bx,Mean,2024-11-19,2024-11-20
pg0,2024-11-20,bx_mean,14615.93492326389,Bx,Mean,2024-11-20,2024-11-21
pg0,2024-11-21,bx_mean,14719.19279074074,Bx,Mean,2024-11-21,2024-11-22
pg0,2024-11-22,bx_mean,14697.331676851853,Bx,Mean,2024-11-22,2024-11-23
pg0,2024-11-23,bx_mean,14727.000729166666,Bx,Mean,2024-11-23,2024-11-24
pg0,2024-11-24,bx_mean,14701.09817071759,Bx,Mean,2024-11-24,2024-11-25
pg0,2024-11-25,bx_mean,14740.106204513891,Bx,Mean,2024-11-25,2024-11-26
pg0,2024-11-26,bx_mean,14695.91865082216,Bx,Mean,2024-11-26,2024-11-27
pg0,2024-11-27,bx_mean,14727.219602083334,Bx,Mean,2024-11-27,2024-11-28
pg0,2024-11-28,bx_mean,14729.423654629632,Bx,Mean,2024-11-28,2024-11-29
pg0,2024-11-29,bx_mean,14712.57032199074,Bx,Mean,2024-11-29,2024-11-30
pg0,2024-11-30,bx_mean,14717.581747222222,Bx,Mean,2024-11-30,2024-12-01
pg0,2024-12-01,bx_mean,14659.105025925926,Bx,Mean,2024-12-01,2024-12-02
pg0,2024-12-02,bx_mean,14637.933880902778,Bx,Mean,2024-12-02,2024-12-03
pg0,2024-12-03,bx_mean,14694.607655671296,Bx,Mean,2024-12-03,2024-12-04
pg0,2024-12-04,bx_mean,14791.26052361111,Bx,Mean,2024-12-04,2024-12-05
pg0,2024-12-05,bx_mean,14719.506949537035,Bx,Mean,2024-12-05,2024-12-06
pg0,2024-12-06,bx_mean,14732.132108912036,Bx,Mean,2024-12-06,2024-12-07
pg0,2024-12-07,bx_mean,14721.122630555556,Bx,Mean,2024-12-07,2024-12-08
pg0,2024-12-08,bx_mean,14595.704345601853,Bx,Mean,2024-12-08,2024-12-09
pg0,2024-12-09,bx_mean,14609.90231875,Bx,Mean,2024-12-09,2024-12-10
pg0,2024-12-10,bx_mean,14625.01071736111,Bx,Mean,2024-12-10,2024-12-11
pg0,2024-12-11,bx_mean,14657.19002152778,Bx,Mean,2024-12-11,2024-12-12
pg0,2024-12-12,bx_mean,14696.735107665205,Bx,Mean,2024-12-12,2024-12-13
pg0,2024-12-13,bx_mean,14653.538415162038,Bx,Mean,2024-12-13,2024-12-14
pg0,2024-12-14,bx_mean,14588.597236689817,Bx,Mean,2024-12-14,2024-12-15
pg0,2024-12-15,bx_mean,14565.102010532408,Bx,Mean,2024-12-15,2024-12-16
pg0,2024-12-16,bx_mean,14637.20930127315,Bx,Mean,2024-12-16,2024-12-17
pg0,2024-12-17,bx_mean,14778.57604675926,Bx,Mean,2024-12-17,2024-12-18
pg0,2024-12-18,bx_mean,14715.255440303355,Bx,Mean,2024-12-18,2024-12-19
pg0,2024-12-19,bx_mean,14723.603333796296,Bx,Mean,2024-12-19,2024-12-20
pg0,2024-12-20,bx_mean,14707.233059953704,Bx,Mean,2024-12-20,2024-12-21
pg0,2024-12-21,bx_mean,14775.497504976847,Bx,Mean,2024-12-21,2024-12-22
pg0,2024-12-22,bx_mean,14730.453185763889,Bx,Mean,2024-12-22,2024-12-23
pg0,2024-12-23,bx_mean,14740.644294560188,Bx,Mean,2024-12-23,2024-12-24
pg0,2024-12-24,bx_mean,14702.004484837964,Bx,Mean,2024-12-24,2024-12-25
pg0,2024-12-25,bx_mean,14723.732043634262,Bx,Mean,2024-12-25,2024-12-26
pg0,2024-12-26,bx_mean,14703.658942245373,Bx,Mean,2024-12-26,2024-12-27
pg0,2024-12-27,bx_mean,14704.911258449074,Bx,Mean,2024-12-27,2024-12-28
pg0,2024-12-28,bx_mean,14690.882674305554,Bx,Mean,2024-12-28,2024-12-29
pg0,2024-12-29,bx_mean,14712.673660300929,Bx,Mean,2024-12-29,2024-12-30
pg0,2024-12-30,bx_mean,14603.409794560184,Bx,Mean,2024-12-30,2024-12-31
pg0,2024-12-31,bx_mean,14576.467451504628,Bx,Mean,2024-12-31,2025-01-01
pg1,2024-01-01,bx_mean,15.136454398148144,Bx,Mean,2024-01-01,2024-01-02
pg1,2024-01-02,bx_mean,-3.249520254629628,Bx,Mean,2024-01-02,2024-01-03
pg1,2024-01-03,bx_mean,-16.149979398148155,Bx,Mean,2024-01-03,2024-01-04
pg1,2024-01-04,bx_mean,8.27043113425926,Bx,Mean,2024-01-04,2024-01-05
pg1,2024-01-05,bx_mean,-48.18728113425926,Bx,Mean,2024-01-05,2024-01-06
pg1,2024-01-06,bx_mean,-18.223959490740743,Bx,Mean,2024-01-06,2024-01-07
pg1,2024-01-07,bx_mean,-16.669802199074077,Bx,Mean,2024-01-07,2024-01-08
pg1,2024-01-08,bx_mean,-66.20505671296297,Bx,Mean,2024-01-08,2024-01-09
pg1,2024-01-09,bx_mean,-51.8251673611111,Bx,Mean,2024-01-09,2024-01-10
pg1,2024-01-10,bx_mean,-101.32979880617977,Bx,Mean,2024-01-10,2024-01-11
pg1,2024-01-11,bx_mean,-88.56293145498468,Bx,Mean,2024-01-11,2024-01-12
pg1,2024-01-12,bx_mean,-49.47527164351852,Bx,Mean,2024-01-12,2024-01-13
pg1,2024-01-13,bx_mean,-45.01689440055762,Bx,Mean,2024-01-13,2024-01-14
pg1,2024-01-14,bx_mean,-69.31911955514364,Bx,Mean,2024-01-14,2024-01-15
pg1,2024-01-15,bx_mean,24.906770601851846,Bx,Mean,2024-01-15,2024-01-16
pg1,2024-01-16,bx_mean,25.26790825581396,Bx,Mean,2024-01-16,2024-01-17
pg1,2024-01-17,bx_mean,-8.215622569444445,Bx,Mean,2024-01-17,2024-01-18
pg1,2024-01-18,bx_mean,-19.48705244820652,Bx,Mean,2024-01-18,2024-01-19
pg1,2024-01-19,bx_mean,67.17730946261682,Bx,Mean,2024-01-19,2024-01-20
pg1,2024-01-20,bx_mean,54.39534930555556,Bx,Mean,2024-01-20,2024-01-21
pg1,2024-01-21,bx_mean,57.36164155092592,Bx,Mean,2024-01-21,2024-01-22
pg1,2024-01-22,bx_mean,16.47498090277778,Bx,Mean,2024-01-22,2024-01-23
pg1,2024-01-23,bx_mean,75.66815450093284,Bx,Mean,2024-01-23,2024-01-24
pg1,2024-01-24,bx_mean,130.3679921296296,Bx,Mean,2024-01-24,2024-01-25
pg1,2024-01-25,bx_mean,103.36846433550186,Bx,Mean,2024-01-25,2024-01-26
pg1,2024-01-26,bx_mean,36.86830780956848,Bx,Mean,2024-01-26,2024-01-27
pg1,2024-01-27,bx_mean,-21.73187013888889,Bx,Mean,2024-01-27,2024-01-28
pg1,2024-01-28,bx_mean,-23.10912789351852,Bx,Mean,2024-01-28,2024-01-29
pg1,2024-01-29,bx_mean,42.675158101851856,Bx,Mean,2024-01-29,2024-01-30
pg1,2024-01-30,bx_mean,37.96364097222222,Bx,Mean,2024-01-30,2024-01-31
pg1,2024-01-31,bx_mean,19.586503703703706,Bx,Mean,2024-01-31,2024-02-01
pg1,2024-02-01,bx_mean,39.36985478478896,Bx,Mean,2024-02-01,2024-02-02
pg1,2024-02-02,bx_mean,29.16492453271028,Bx,Mean,2024-02-02,2024-02-03
pg1,2024-02-03,bx_mean,32.52387114485981,Bx,Mean,2024-02-03,2024-02-04
pg1,2024-02-04,bx_mean,5.223569212962964,Bx,Mean,2024-02-04,2024-02-05
pg1,2024-02-05,bx_mean,-15.377088078703704,Bx,Mean,2024-02-05,2024-02-06
pg1,2024-02-06,bx_mean,-25.005706597222225,Bx,Mean,2024-02-06,2024-02-07
pg1,2024-02-07,bx_mean,-13.922140625000004,Bx,Mean,2024-02-07,2024-02-08
pg1,2024-02-08,bx_mean,-23.92173784722222,Bx,Mean,2024-02-08,2024-02-09
pg1,2024-02-09,bx_mean,4.860132688723205,Bx,Mean,2024-02-09,2024-02-10
pg1,2024-02-10,bx_mean,13.37741400462963,Bx,Mean,2024-02-10,2024-02-11
pg1,2024-02-11,bx_mean,50.17734050925927,Bx,Mean,2024-02-11,2024-02-12
pg1,2024-02-12,bx_mean,44.44940243055556,Bx,Mean,2024-02-12,2024-02-13
pg1,2024-02-13,bx_mean,24.427314120370365,Bx,Mean,2024-02-13,2024-02-14
pg1,2024-02-14,bx_mean,-11.32007928240741,Bx,Mean,2024-02-14,2024-02-15
pg1,2024-02-15,bx_mean,-1.3447319277108407,Bx,Mean,2024-02-15,2024-02-16
pg1,2024-02-16,bx_mean,-2.869552771768213,Bx,Mean,2024-02-16,2024-02-17
pg1,2024-02-17,bx_mean,5.804327083333333,Bx,Mean,2024-02-17,2024-02-18
pg1,2024-02-18,bx_mean,6.759074074074076,Bx,Mean,2024-02-18,2024-02-19
pg1,2024-02-19,bx_mean,6.908706944444445,Bx,Mean,2024-02-19,2024-02-20
pg1,2024-02-20,bx_mean,13.026149580615098,Bx,Mean,2024-02-20,2024-02-21
pg1,2024-02-21,bx_mean,0.5780311342592588,Bx,Mean,2024-02-21,2024-02-22
pg1,2024-02-22,bx_mean,-9.337891166822873,Bx,Mean,2024-02-22,2024-02-23
pg1,2024-02-23,bx_mean,11.023402314814811,Bx,Mean,2024-02-23,2024-02-24
pg1,2024-02-24,bx_mean,33.39107245370371,Bx,Mean,2024-02-24,2024-02-25
pg1,2024-02-25,bx_mean,57.93399988328665,Bx,Mean,2024-02-25,2024-02-26
pg1,2024-02-26,bx_mean,59.87221423611111,Bx,Mean,2024-02-26,2024-02-27
pg1,2024-04-30,bx_mean,-2.3779315972222226,Bx,Mean,2024-04-30,2024-05-01
pg1,2024-05-01,bx_mean,12.012697222222222,Bx,Mean,2024-05-01,2024-05-02
pg1,2024-05-02,bx_mean,-52.34902100420549,Bx,Mean,2024-05-02,2024-05-03
pg1,2024-05-03,bx_mean,-16.41731574074074,Bx,Mean,2024-05-03,2024-05-04
pg1,2024-05-04,bx_mean,-31.07172789351852,Bx,Mean,2024-05-04,2024-05-05
pg1,2024-05-05,bx_mean,-26.42264884259259,Bx,Mean,2024-05-05,2024-05-06
pg1,2024-05-06,bx_mean,-49.45974398148149,Bx,Mean,2024-05-06,2024-05-07
pg1,2024-05-07,bx_mean,-39.79108506944444,Bx,Mean,2024-05-07,2024-05-08
pg1,2024-05-08,bx_mean,-31.58800219907407,Bx,Mean,2024-05-08,2024-05-09
pg1,2024-05-09,bx_mean,-32.46962679636896,Bx,Mean,2024-05-09,2024-05-10
pg1,2024-05-10,bx_mean,-72.54895303803339,Bx,Mean,2024-05-10,2024-05-11
pg1,2024-05-11,bx_mean,-87.95166932870369,Bx,Mean,2024-05-11,2024-05-12
pg1,2024-05-12,bx_mean,-72.92709652777778,Bx,Mean,2024-05-12,2024-05-13
pg1,2024-05-13,bx_mean,4.710765393518518,Bx,Mean,2024-05-13,2024-05-14
pg1,2024-05-14,bx_mean,-9.85431284722222,Bx,Mean,2024-05-14,2024-05-15
pg1,2024-05-15,bx_mean,-21.50886967592593,Bx,Mean,2024-05-15,2024-05-16
pg1,2024-05-16,bx_mean,-20.353500940395197,Bx,Mean,2024-05-16,2024-05-17
pg1,2024-05-17,bx_mean,-18.48038645833333,Bx,Mean,2024-05-17,2024-05-18
pg1,2024-05-18,bx_mean,4.788341898148148,Bx,Mean,2024-05-18,2024-05-19
pg1,2024-05-19,bx_mean,-3.73979859813084,Bx,Mean,2024-05-19,2024-05-20
pg1,2024-05-20,bx_mean,4.876154629629631,Bx,Mean,2024-05-20,2024-05-21
pg1,2024-05-21,bx_mean,-9.40485636574074,Bx,Mean,2024-05-21,2024-05-22
pg1,2024-05-22,bx_mean,4.931583680555555,Bx,Mean,2024-05-22,2024-05-23
pg1,2024-05-23,bx_mean,-18.828383688256192,Bx,Mean,2024-05-23,2024-05-24
pg1,2024-05-24,bx_mean,62.06680300925926,Bx,Mean,2024-05-24,2024-05-25
pg1,2024-05-25,bx_mean,61.57196666666667,Bx,Mean,2024-05-25,2024-05-26
pg1,2024-05-26,bx_mean,58.12282175925926,Bx,Mean,2024-05-26,2024-05-27
pg1,2024-05-27,bx_mean,50.21349722222222,Bx,Mean,2024-05-27,2024-05-28
pg1,2024-05-28,bx_mean,64.55526559590317,Bx,Mean,2024-05-28,2024-05-29
pg1,2024-05-29,bx_mean,55.226774189814805,Bx,Mean,2024-05-29,2024-05-30
pg1,2024-05-30,bx_mean,36.7001758216235,Bx,Mean,2024-05-30,2024-05-31
pg1,2024-05-31,bx_mean,65.30316041666666,Bx,Mean,2024-05-31,2024-06-01
pg1,2024-06-01,bx_mean,71.41518344907408,Bx,Mean,2024-06-01,2024-06-02
pg1,2024-06-02,bx_mean,67.14237222222222,Bx,Mean,2024-06-02,2024-06-03
pg1,2024-06-03,bx_mean,62.19184907407407,Bx,Mean,2024-06-03,2024-06-04
pg1,2024-06-04,bx_mean,61.61240520833333,Bx,Mean,2024-06-04,2024-06-05
pg1,2024-06-05,bx_mean,55.58577858481724,Bx,Mean,2024-06-05,2024-06-06
pg1,2024-06-06,bx_mean,62.73845480239078,Bx,Mean,2024-06-06,2024-06-07
pg1,2024-06-07,bx_mean,-15.537248032407412,Bx,Mean,2024-06-07,2024-06-08
pg1,2024-06-08,bx_mean,-11.83331412037037,Bx,Mean,2024-06-08,2024-06-09
pg1,2024-06-09,bx_mean,-15.961289930555555,Bx,Mean,2024-06-09,2024-06-10
pg1,2024-06-10,bx_mean,-10.160451851851851,Bx,Mean,2024-06-10,2024-06-11
pg1,2024-06-11,bx_mean,0.8274503521126776,Bx,Mean,2024-06-11,2024-06-12
pg1,2024-06-12,bx_mean,-7.200873958333333,Bx,Mean,2024-06-12,2024-06-13
pg1,2024-06-13,bx_mean,2.501415427509293,Bx,Mean,2024-06-13,2024-06-14
pg1,2024-06-14,bx_mean,-15.4235245806151,Bx,Mean,2024-06-14,2024-06-15
pg1,2024-06-15,bx_mean,-19.80622604166667,Bx,Mean,2024-06-15,2024-06-16
pg1,2024-06-16,bx_mean,-20.904976157407408,Bx,Mean,2024-06-16,2024-06-17
pg1,2024-06-17,bx_mean,-24.45733414351852,Bx,Mean,2024-06-17,2024-06-18
pg1,2024-06-18,bx_mean,-24.94815316573557,Bx,Mean,2024-06-18,2024-06-19
pg1,2024-06-19,bx_mean,-17.361726041666664,Bx,Mean,2024-06-19,2024-06-20
pg1,2024-06-20,bx_mean,-12.867809583507452,Bx,Mean,2024-06-20,2024-06-21
pg1,2024-06-21,bx_mean,13.96522337962963,Bx,Mean,2024-06-21,2024-06-22
pg1,2024-06-22,bx_mean,13.74677002314815,Bx,Mean,2024-06-22,2024-06-23
pg1,2024-06-23,bx_mean,6.065103681267474,Bx,Mean,2024-06-23,2024-06-24
pg1,2024-06-24,bx_mean,14.221869791666668,Bx,Mean,2024-06-24,2024-06-25
pg1,2024-06-25,bx_mean,9.422093865740742,Bx,Mean,2024-06-25,2024-06-26
pg1,2024-06-26,bx_mean,3.130974580223882,Bx,Mean,2024-06-26,2024-06-27
pg1,2024-06-27,bx_mean,11.05898532553172,Bx,Mean,2024-06-27,2024-06-28
pg1,2024-06-28,bx_mean,-37.35797766203704,Bx,Mean,2024-06-28,2024-06-29
pg1,2024-06-29,bx_mean,-34.54256547064306,Bx,Mean,2024-06-29,2024-06-30
pg1,2024-06-30,bx_mean,-29.125359722222225,Bx,Mean,2024-06-30,2024-07-01
pg1,2024-07-01,bx_mean,-24.578749186802973,Bx,Mean,2024-07-01,2024-07-02
pg1,2024-07-02,bx_mean,-20.518755324074075,Bx,Mean,2024-07-02,2024-07-03
pg1,2024-07-03,bx_mean,-14.21600324074074,Bx,Mean,2024-07-03,2024-07-04
pg1,2024-07-04,bx_mean,-28.77319155092593,Bx,Mean,2024-07-04,2024-07-05
pg1,2024-07-05,bx_mean,-17.67202048611111,Bx,Mean,2024-07-05,2024-07-06
pg1,2024-07-06,bx_mean,-14.126128935185186,Bx,Mean,2024-07-06,2024-07-07
pg1,2024-11-01,bx_mean,124.73166666666668,Bx,Mean,2024-11-01,2024-11-02
pg1,2024-11-02,bx_mean,125.7364199074074,Bx,Mean,2024-11-02,2024-11-03
pg1,2024-11-03,bx_mean,98.25434837962962,Bx,Mean,2024-11-03,2024-11-04
pg1,2024-11-04,bx_mean,96.92892102803737,Bx,Mean,2024-11-04,2024-11-05
pg1,2024-11-05,bx_mean,33.62151517980072,Bx,Mean,2024-11-05,2024-11-06
pg1,2024-11-06,bx_mean,120.758784375,Bx,Mean,2024-11-06,2024-11-07
pg1,2024-11-07,bx_mean,94.93261828703704,Bx,Mean,2024-11-07,2024-11-08
pg1,2024-11-08,bx_mean,149.2428769675926,Bx,Mean,2024-11-08,2024-11-09
pg1,2024-11-09,bx_mean,153.2678119212963,Bx,Mean,2024-11-09,2024-11-10
pg1,2024-11-10,bx_mean,135.2527511574074,Bx,Mean,2024-11-10,2024-11-11
pg1,2024-11-11,bx_mean,94.28431157407408,Bx,Mean,2024-11-11,2024-11-12
pg1,2024-11-12,bx_mean,77.6153482240342,Bx,Mean,2024-11-12,2024-11-13
pg1,2024-11-13,bx_mean,-32.18521342592593,Bx,Mean,2024-11-13,2024-11-14
pg1,2024-11-14,bx_mean,-42.42434791666666,Bx,Mean,2024-11-14,2024-11-15
pg1,2024-11-15,bx_mean,-41.815620717592594,Bx,Mean,2024-11-15,2024-11-16
pg1,2024-11-16,bx_mean,26.933103472222214,Bx,Mean,2024-11-16,2024-11-17
pg1,2024-11-17,bx_mean,-42.32274265391791,Bx,Mean,2024-11-17,2024-11-18
pg1,2024-11-18,bx_mean,-34.275025578703705,Bx,Mean,2024-11-18,2024-11-19
pg1,2024-11-19,bx_mean,-30.79221289003508,Bx,Mean,2024-11-19,2024-11-20
pg1,2024-11-20,bx_mean,-20.84704016203704,Bx,Mean,2024-11-20,2024-11-21
pg1,2024-11-21,bx_mean,86.71147129629628,Bx,Mean,2024-11-21,2024-11-22
pg1,2024-11-22,bx_mean,72.58131504629628,Bx,Mean,2024-11-22,2024-11-23
pg1,2024-11-23,bx_mean,108.95475601851852,Bx,Mean,2024-11-23,2024-11-24
pg1,2024-11-24,bx_mean,69.33608032407408,Bx,Mean,2024-11-24,2024-11-25
pg1,2024-11-25,bx_mean,117.67893558850788,Bx,Mean,2024-11-25,2024-11-26
pg1,2024-11-26,bx_mean,53.87057782936738,Bx,Mean,2024-11-26,2024-11-27
pg1,2024-11-27,bx_mean,37.47168083873957,Bx,Mean,2024-11-27,2024-11-28
pg1,2024-11-28,bx_mean,36.61680255813954,Bx,Mean,2024-11-28,2024-11-29
pg1,2024-11-29,bx_mean,26.15845694444444,Bx,Mean,2024-11-29,2024-11-30
pg1,2024-11-30,bx_mean,32.52772511574074,Bx,Mean,2024-11-30,2024-12-01
pg1,2024-12-01,bx_mean,-24.43988344907407,Bx,Mean,2024-12-01,2024-12-02
pg1,2024-12-02,bx_mean,-28.073854282407403,Bx,Mean,2024-12-02,2024-12-03
pg1,2024-12-03,bx_mean,-3.367011075251342,Bx,Mean,2024-12-03,2024-12-04
pg1,2024-12-04,bx_mean,49.59392893518518,Bx,Mean,2024-12-04,2024-12-05
pg1,2024-12-05,bx_mean,-3.522206365740745,Bx,Mean,2024-12-05,2024-12-06
pg1,2024-12-06,bx_mean,-5.1730486111111045,Bx,Mean,2024-12-06,2024-12-07
pg1,2024-12-07,bx_mean,-8.953015046296295,Bx,Mean,2024-12-07,2024-12-08
pg1,2024-12-08,bx_mean,-139.22842314814812,Bx,Mean,2024-12-08,2024-12-09
pg1,2024-12-09,bx_mean,-128.80779895833334,Bx,Mean,2024-12-09,2024-12-10
pg1,2024-12-10,bx_mean,-80.92791259317744,Bx,Mean,2024-12-10,2024-12-11
pg1,2024-12-11,bx_mean,38.29790662650603,Bx,Mean,2024-12-11,2024-12-12
pg1,2024-12-12,bx_mean,80.77596006944445,Bx,Mean,2024-12-12,2024-12-13
pg1,2024-12-13,bx_mean,39.06917025462963,Bx,Mean,2024-12-13,2024-12-14
pg1,2024-12-14,bx_mean,-29.403462384259253,Bx,Mean,2024-12-14,2024-12-15
pg1,2024-12-15,bx_mean,-50.529973148148144,Bx,Mean,2024-12-15,2024-12-16
pg1,2024-12-16,bx_mean,13.500936689814816,Bx,Mean,2024-12-16,2024-12-17
pg1,2024-12-17,bx_mean,136.86030643442814,Bx,Mean,2024-12-17,2024-12-18
pg1,2024-12-18,bx_mean,12.837977199074068,Bx,Mean,2024-12-18,2024-12-19
pg1,2024-12-19,bx_mean,16.690483449074073,Bx,Mean,2024-12-19,2024-12-20
pg1,2024-12-20,bx_mean,0.0208109953703738,Bx,Mean,2024-12-20,2024-12-21
pg1,2024-12-21,bx_mean,58.311156944444456,Bx,Mean,2024-12-21,2024-12-22
pg1,2024-12-22,bx_mean,27.32041237233055,Bx,Mean,2024-12-22,2024-12-23
pg1,2024-12-23,bx_mean,30.27497348837209,Bx,Mean,2024-12-23,2024-12-24
pg1,2024-12-24,bx_mean,-2.1379029223192703,Bx,Mean,2024-12-24,2024-12-25
pg1,2024-12-25,bx_mean,-1.9312922453703747,Bx,Mean,2024-12-25,2024-12-26
pg1,2024-12-26,bx_mean,-20.822747453703705,Bx,Mean,2024-12-26,2024-12-27
pg1,2024-12-27,bx_mean,-17.058674768518514,Bx,Mean,2024-12-27,2024-12-28
pg1,2024-12-28,bx_mean,-28.93805891203704,Bx,Mean,2024-12-28,2024-12-29
pg1,2024-12-29,bx_mean,6.54596331018519,Bx,Mean,2024-12-29,2024-12-30
pg1,2024-12-30,bx_mean,-89.3397875,Bx,Mean,2024-12-30,2024-12-31
pg1,2024-12-31,bx_mean,-95.91916523395751,Bx,Mean,2024-12-31,2025-01-01
pg2,2024-01-01,bx_mean,17318.903528221777,Bx,Mean,2024-01-01,2024-01-02
pg2,2024-01-02,bx_mean,17312.485842121372,Bx,Mean,2024-01-02,2024-01-03
pg2,2024-01-03,bx_mean,17291.44450184198,Bx,Mean,2024-01-03,2024-01-04
pg2,2024-01-04,bx_mean,17311.706332772992,Bx,Mean,2024-01-04,2024-01-05
pg2,2024-01-05,bx_mean,17267.71740959175,Bx,Mean,2024-01-05,2024-01-06
pg2,2024-01-06,bx_mean,17287.322575923376,Bx,Mean,2024-01-06,2024-01-07
pg2,2024-01-07,bx_mean,17286.84922294759,Bx,Mean,2024-01-07,2024-01-08
pg2,2024-01-08,bx_mean,17258.606291366566,Bx,Mean,2024-01-08,2024-01-09
pg2,2024-01-09,bx_mean,17268.513153815344,Bx,Mean,2024-01-09,2024-01-10
pg2,2024-01-10,bx_mean,17235.689812298955,Bx,Mean,2024-01-10,2024-01-11
pg2,2024-01-11,bx_mean,17233.53391312017,Bx,Mean,2024-01-11,2024-01-12
pg2,2024-01-12,bx_mean,17248.418075429057,Bx,Mean,2024-01-12,2024-01-13
pg2,2024-01-13,bx_mean,17257.31077213537,Bx,Mean,2024-01-13,2024-01-14
pg2,2024-01-14,bx_mean,17213.97507745874,Bx,Mean,2024-01-14,2024-01-15
pg2,2024-01-15,bx_mean,17301.582048678443,Bx,Mean,2024-01-15,2024-01-16
pg2,2024-01-16,bx_mean,17304.469039605123,Bx,Mean,2024-01-16,2024-01-17
pg2,2024-01-17,bx_mean,17280.537159613345,Bx,Mean,2024-01-17,2024-01-18
pg2,2024-01-18,bx_mean,17254.055107776614,Bx,Mean,2024-01-18,2024-01-19
pg2,2024-01-19,bx_mean,17255.19949974705,Bx,Mean,2024-01-19,2024-01-20
pg2,2024-01-20,bx_mean,17245.643812894657,Bx,Mean,2024-01-20,2024-01-21
pg2,2024-01-21,bx_mean,17245.834387701132,Bx,Mean,2024-01-21,2024-01-22
pg2,2024-01-22,bx_mean,17233.16342999249,Bx,Mean,2024-01-22,2024-01-23
pg2,2024-01-23,bx_mean,17273.466505160617,Bx,Mean,2024-01-23,2024-01-24
pg2,2024-01-24,bx_mean,17308.770831250004,Bx,Mean,2024-01-24,2024-01-25
pg2,2024-01-25,bx_mean,17294.663733796297,Bx,Mean,2024-01-25,2024-01-26
pg2,2024-01-26,bx_mean,17307.6651125,Bx,Mean,2024-01-26,2024-01-27
pg2,2024-01-27,bx_mean,17258.99515798611,Bx,Mean,2024-01-27,2024-01-28
pg2,2024-01-28,bx_mean,17261.86167071759,Bx,Mean,2024-01-28,2024-01-29
pg2,2024-01-29,bx_mean,17319.04243564815,Bx,Mean,2024-01-29,2024-01-30
pg2,2024-01-30,bx_mean,17310.48151886574,Bx,Mean,2024-01-30,2024-01-31
pg2,2024-01-31,bx_mean,17301.39668310185,Bx,Mean,2024-01-31,2024-02-01
pg2,2024-02-01,bx_mean,17309.35707928241,Bx,Mean,2024-02-01,2024-02-02
pg2,2024-02-02,bx_mean,17277.027968055558,Bx,Mean,2024-02-02,2024-02-03
pg2,2024-02-03,bx_mean,17293.6978525463,Bx,Mean,2024-02-03,2024-02-04
pg2,2024-02-04,bx_mean,17275.749605324076,Bx,Mean,2024-02-04,2024-02-05
pg2,2024-02-05,bx_mean,17256.99961356184,Bx,Mean,2024-02-05,2024-02-06
pg2,2024-02-06,bx_mean,17253.196969283992,Bx,Mean,2024-02-06,2024-02-07
pg2,2024-02-07,bx_mean,17257.937465413637,Bx,Mean,2024-02-07,2024-02-08
pg2,2024-02-08,bx_mean,17237.396388169105,Bx,Mean,2024-02-08,2024-02-09
pg2,2024-02-09,bx_mean,17269.846057620554,Bx,Mean,2024-02-09,2024-02-10
pg2,2024-02-10,bx_mean,17268.36125160672,Bx,Mean,2024-02-10,2024-02-11
pg2,2024-02-11,bx_mean,17304.888428482802,Bx,Mean,2024-02-11,2024-02-12
pg2,2024-02-12,bx_mean,17301.31737923285,Bx,Mean,2024-02-12,2024-02-13
pg2,2024-02-13,bx_mean,17272.37027352168,Bx,Mean,2024-02-13,2024-02-14
pg2,2024-02-14,bx_mean,17256.06265060099,Bx,Mean,2024-02-14,2024-02-15
pg2,2024-02-15,bx_mean,17268.47695512631,Bx,Mean,2024-02-15,2024-02-16
pg2,2024-02-16,bx_mean,17255.090805339867,Bx,Mean,2024-02-16,2024-02-17
pg2,2024-02-17,bx_mean,17260.318398114185,Bx,Mean,2024-02-17,2024-02-18
pg2,2024-02-18,bx_mean,17260.848382648324,Bx,Mean,2024-02-18,2024-02-19
pg2,2024-02-19,bx_mean,17268.702543591186,Bx,Mean,2024-02-19,2024-02-20
pg2,2024-02-20,bx_mean,17266.687322916667,Bx,Mean,2024-02-20,2024-02-21
pg2,2024-02-21,bx_mean,17262.73807997866,Bx,Mean,2024-02-21,2024-02-22
pg2,2024-02-22,bx_mean,17247.00304675926,Bx,Mean,2024-02-22,2024-02-23
pg2,2024-02-23,bx_mean,17258.01354861111,Bx,Mean,2024-02-23,2024-02-24
pg2,2024-02-24,bx_mean,17277.417678296235,Bx,Mean,2024-02-24,2024-02-25
pg2,2024-02-25,bx_mean,17308.332288475354,Bx,Mean,2024-02-25,2024-02-26
pg2,2024-02-26,bx_mean,17299.903525925925,Bx,Mean,2024-02-26,2024-02-27
pg2,2024-02-27,bx_mean,17283.43413970264,Bx,Mean,2024-02-27,2024-02-28
pg2,2024-02-28,bx_mean,17264.61591961647,Bx,Mean,2024-02-28,2024-02-29
pg2,2024-02-29,bx_mean,17271.72784725526,Bx,Mean,2024-02-29,2024-03-01
pg2,2024-03-01,bx_mean,17280.040053299344,Bx,Mean,2024-03-01,2024-03-02
pg2,2024-03-02,bx_mean,17282.5738009623,Bx,Mean,2024-03-02,2024-03-03
pg2,2024-03-03,bx_mean,17228.5591559181,Bx,Mean,2024-03-03,2024-03-04
pg2,2024-03-04,bx_mean,17251.758174256967,Bx,Mean,2024-03-04,2024-03-05
pg2,2024-03-05,bx_mean,17259.301350483438,Bx,Mean,2024-03-05,2024-03-06
pg2,2024-03-06,bx_mean,17245.30652147053,Bx,Mean,2024-03-06,2024-03-07
pg2,2024-03-07,bx_mean,17256.813102871092,Bx,Mean,2024-03-07,2024-03-08
pg2,2024-03-08,bx_mean,17274.223115406545,Bx,Mean,2024-03-08,2024-03-09
pg2,2024-03-09,bx_mean,17278.29819806178,Bx,Mean,2024-03-09,2024-03-10
pg2,2024-03-10,bx_mean,17257.817258188243,Bx,Mean,2024-03-10,2024-03-11
pg2,2024-03-11,bx_mean,17268.848366169386,Bx,Mean,2024-03-11,2024-03-12
pg2,2024-03-12,bx_mean,17248.933412555583,Bx,Mean,2024-03-12,2024-03-13
pg2,2024-03-13,bx_mean,17231.291257775916,Bx,Mean,2024-03-13,2024-03-14
pg2,2024-03-14,bx_mean,17251.594216801728,Bx,Mean,2024-03-14,2024-03-15
pg2,2024-03-15,bx_mean,17260.82479584968,Bx,Mean,2024-03-15,2024-03-16
pg2,2024-03-16,bx_mean,17254.6418608544,Bx,Mean,2024-03-16,2024-03-17
pg2,2024-03-17,bx_mean,17260.350883333336,Bx,Mean,2024-03-17,2024-03-18
pg2,2024-03-18,bx_mean,17256.611703240742,Bx,Mean,2024-03-18,2024-03-19
pg2,2024-03-19,bx_mean,17266.92045322231,Bx,Mean,2024-03-19,2024-03-20
pg2,2024-03-20,bx_mean,17269.121321344977,Bx,Mean,2024-03-20,2024-03-21
pg2,2024-03-21,bx_mean,17221.21051659143,Bx,Mean,2024-03-21,2024-03-22
pg2,2024-03-22,bx_mean,17266.424361310266,Bx,Mean,2024-03-22,2024-03-23
pg2,2024-03-23,bx_mean,17280.31075465488,Bx,Mean,2024-03-23,2024-03-24
pg2,2024-03-24,bx_mean,17248.62025542259,Bx,Mean,2024-03-24,2024-03-25
pg2,2024-03-25,bx_mean,17264.358523795054,Bx,Mean,2024-03-25,2024-03-26
pg2,2024-03-26,bx_mean,17242.329322222224,Bx,Mean,2024-03-26,2024-03-27
pg2,2024-03-27,bx_mean,17249.92308486478,Bx,Mean,2024-03-27,2024-03-28
pg2,2024-03-28,bx_mean,17256.30727476852,Bx,Mean,2024-03-28,2024-03-29
pg2,2024-03-29,bx_mean,17260.009744010233,Bx,Mean,2024-03-29,2024-03-30
pg2,2024-03-30,bx_mean,17254.44288508299,Bx,Mean,2024-03-30,2024-03-31
pg2,2024-03-31,bx_mean,17252.692409785792,Bx,Mean,2024-03-31,2024-04-01
pg2,2024-04-01,bx_mean,17255.135150990933,Bx,Mean,2024-04-01,2024-04-02
pg2,2024-04-02,bx_mean,17239.646316666665,Bx,Mean,2024-04-02,2024-04-03
pg2,2024-04-03,bx_mean,17248.660789351852,Bx,Mean,2024-04-03,2024-04-04
pg2,2024-04-04,bx_mean,17224.017605699333,Bx,Mean,2024-04-04,2024-04-05
pg2,2024-04-05,bx_mean,17252.6771817233,Bx,Mean,2024-04-05,2024-04-06
pg2,2024-04-06,bx_mean,17261.365466921958,Bx,Mean,2024-04-06,2024-04-07
pg2,2024-04-07,bx_mean,17246.337036967292,Bx,Mean,2024-04-07,2024-04-08
pg2,2024-04-08,bx_mean,17253.52122921007,Bx,Mean,2024-04-08,2024-04-09
pg2,2024-04-09,bx_mean,17223.397623550696,Bx,Mean,2024-04-09,2024-04-10
pg2,2024-04-10,bx_mean,17244.74962462233,Bx,Mean,2024-04-10,2024-04-11
pg2,2024-04-11,bx_mean,17254.311138097644,Bx,Mean,2024-04-11,2024-04-12
pg2,2024-04-12,bx_mean,17248.07773290209,Bx,Mean,2024-04-12,2024-04-13
pg2,2024-04-13,bx_mean,17253.936480646793,Bx,Mean,2024-04-13,2024-04-14
pg2,2024-04-14,bx_mean,17251.973648955307,Bx,Mean,2024-04-14,2024-04-15
pg2,2024-04-15,bx_mean,17252.169734698437,Bx,Mean,2024-04-15,2024-04-16
pg2,2024-04-16,bx_mean,17235.60416893124,Bx,Mean,2024-04-16,2024-04-17
pg2,2024-04-17,bx_mean,17244.695460564228,Bx,Mean,2024-04-17,2024-04-18
pg2,2024-04-18,bx_mean,17254.744011743525,Bx,Mean,2024-04-18,2024-04-19
pg2,2024-04-19,bx_mean,17212.888101094504,Bx,Mean,2024-04-19,2024-04-20
pg2,2024-04-20,bx_mean,17225.617163051396,Bx,Mean,2024-04-20,2024-04-21
pg2,2024-04-21,bx_mean,17243.670028809294,Bx,Mean,2024-04-21,2024-04-22
pg2,2024-04-22,bx_mean,17257.099997525656,Bx,Mean,2024-04-22,2024-04-23
pg2,2024-04-23,bx_mean,17241.6370141455,Bx,Mean,2024-04-23,2024-04-24
pg2,2024-04-24,bx_mean,17255.24519396628,Bx,Mean,2024-04-24,2024-04-25
pg2,2024-04-25,bx_mean,17247.5289215421,Bx,Mean,2024-04-25,2024-04-26
pg2,2024-04-26,bx_mean,17233.09694446403,Bx,Mean,2024-04-26,2024-04-27
pg2,2024-04-27,bx_mean,17242.303078344812,Bx,Mean,2024-04-27,2024-04-28
pg2,2024-04-28,bx_mean,17257.289883686706,Bx,Mean,2024-04-28,2024-04-29
pg2,2024-04-29,bx_mean,17252.940492113714,Bx,Mean,2024-04-29,2024-04-30
pg2,2024-04-30,bx_mean,17233.45886447404,Bx,Mean,2024-04-30,2024-05-01
pg2,2024-05-01,bx_mean,17254.431732265875,Bx,Mean,2024-05-01,2024-05-02
pg2,2024-05-02,bx_mean,17182.534713417,Bx,Mean,2024-05-02,2024-05-03
pg2,2024-05-03,bx_mean,17258.271683654253,Bx,Mean,2024-05-03,2024-05-04
pg2,2024-05-04,bx_mean,17244.379359094968,Bx,Mean,2024-05-04,2024-05-05
pg2,2024-05-05,bx_mean,17249.88494141153,Bx,Mean,2024-05-05,2024-05-06
pg2,2024-05-06,bx_mean,17235.2018422229,Bx,Mean,2024-05-06,2024-05-07
pg2,2024-05-07,bx_mean,17244.895159164593,Bx,Mean,2024-05-07,2024-05-08
pg2,2024-05-08,bx_mean,17252.174841129643,Bx,Mean,2024-05-08,2024-05-09
pg2,2024-05-09,bx_mean,17251.12141882112,Bx,Mean,2024-05-09,2024-05-10
pg2,2024-05-10,bx_mean,17179.701960600152,Bx,Mean,2024-05-10,2024-05-11
pg2,2024-05-11,bx_mean,17130.102629741516,Bx,Mean,2024-05-11,2024-05-12
pg2,2024-05-12,bx_mean,17163.048108378207,Bx,Mean,2024-05-12,2024-05-13
pg2,2024-05-13,bx_mean,17258.394515145093,Bx,Mean,2024-05-13,2024-05-14
pg2,2024-05-14,bx_mean,17247.327629063773,Bx,Mean,2024-05-14,2024-05-15
pg2,2024-05-15,bx_mean,17230.47678065525,Bx,Mean,2024-05-15,2024-05-16
pg2,2024-05-16,bx_mean,17215.531026608372,Bx,Mean,2024-05-16,2024-05-17
pg2,2024-05-17,bx_mean,17225.60163170218,Bx,Mean,2024-05-17,2024-05-18
pg2,2024-05-18,bx_mean,17245.893403000882,Bx,Mean,2024-05-18,2024-05-19
pg2,2024-05-19,bx_mean,17234.844605475042,Bx,Mean,2024-05-19,2024-05-20
pg2,2024-05-20,bx_mean,17252.182414718554,Bx,Mean,2024-05-20,2024-05-21
pg2,2024-05-21,bx_mean,17235.54774731151,Bx,Mean,2024-05-21,2024-05-22
pg2,2024-05-22,bx_mean,17252.60254496657,Bx,Mean,2024-05-22,2024-05-23
pg2,2024-05-23,bx_mean,17215.55126014062,Bx,Mean,2024-05-23,2024-05-24
pg2,2024-05-24,bx_mean,17248.3069467886,Bx,Mean,2024-05-24,2024-05-25
pg2,2024-05-25,bx_mean,17251.849000541137,Bx,Mean,2024-05-25,2024-05-26
pg2,2024-05-26,bx_mean,17243.618493677135,Bx,Mean,2024-05-26,2024-05-27
pg2,2024-05-27,bx_mean,17238.57509763352,Bx,Mean,2024-05-27,2024-05-28
pg2,2024-05-28,bx_mean,17255.327457036994,Bx,Mean,2024-05-28,2024-05-29
pg2,2024-05-29,bx_mean,17248.342746228613,Bx,Mean,2024-05-29,2024-05-30
pg2,2024-05-30,bx_mean,17220.805926623652,Bx,Mean,2024-05-30,2024-05-31
pg2,2024-05-31,bx_mean,17238.72822346132,Bx,Mean,2024-05-31,2024-06-01
pg2,2024-06-01,bx_mean,17256.237826705383,Bx,Mean,2024-06-01,2024-06-02
pg2,2024-06-02,bx_mean,17254.200113691197,Bx,Mean,2024-06-02,2024-06-03
pg2,2024-06-03,bx_mean,17249.272010277156,Bx,Mean,2024-06-03,2024-06-04
pg2,2024-06-04,bx_mean,17242.927244863153,Bx,Mean,2024-06-04,2024-06-05
pg2,2024-06-05,bx_mean,17242.25342667484,Bx,Mean,2024-06-05,2024-06-06
pg2,2024-06-06,bx_mean,17247.222124718097,Bx,Mean,2024-06-06,2024-06-07
pg2,2024-06-07,bx_mean,17223.980911623315,Bx,Mean,2024-06-07,2024-06-08
pg2,2024-06-08,bx_mean,17231.930680099274,Bx,Mean,2024-06-08,2024-06-09
pg2,2024-06-09,bx_mean,17232.85305110468,Bx,Mean,2024-06-09,2024-06-10
pg2,2024-06-10,bx_mean,17240.13253734145,Bx,Mean,2024-06-10,2024-06-11
pg2,2024-06-11,bx_mean,17248.085018573856,Bx,Mean,2024-06-11,2024-06-12
pg2,2024-06-12,bx_mean,17239.19338807321,Bx,Mean,2024-06-12,2024-06-13
pg2,2024-06-13,bx_mean,17254.72066082971,Bx,Mean,2024-06-13,2024-06-14
pg2,2024-06-14,bx_mean,17242.078504357436,Bx,Mean,2024-06-14,2024-06-15
pg2,2024-06-15,bx_mean,17236.11742173524,Bx,Mean,2024-06-15,2024-06-16
pg2,2024-06-16,bx_mean,17233.20320002822,Bx,Mean,2024-06-16,2024-06-17
pg2,2024-06-17,bx_mean,17238.574933463544,Bx,Mean,2024-06-17,2024-06-18
pg2,2024-06-18,bx_mean,17230.18163920699,Bx,Mean,2024-06-18,2024-06-19
pg2,2024-06-19,bx_mean,17239.13041246207,Bx,Mean,2024-06-19,2024-06-20
pg2,2024-06-20,bx_mean,17236.24828180108,Bx,Mean,2024-06-20,2024-06-21
pg2,2024-06-21,bx_mean,17255.508139537622,Bx,Mean,2024-06-21,2024-06-22
pg2,2024-06-22,bx_mean,17252.68503752235,Bx,Mean,2024-06-22,2024-06-23
pg2,2024-06-23,bx_mean,17230.664482014872,Bx,Mean,2024-06-23,2024-06-24
pg2,2024-06-24,bx_mean,17264.955588235294,Bx,Mean,2024-06-24,2024-06-25
pg3,2024-01-01,bx_mean,17407.12810833362,Bx,Mean,2024-01-01,2024-01-02
pg3,2024-01-02,bx_mean,17414.970632499302,Bx,Mean,2024-01-02,2024-01-03
pg3,2024-01-03,bx_mean,17381.88818709252,Bx,Mean,2024-01-03,2024-01-04
pg3,2024-01-04,bx_mean,17403.16299124891,Bx,Mean,2024-01-04,2024-01-05
pg3,2024-01-05,bx_mean,17375.46864498327,Bx,Mean,2024-01-05,2024-01-06
pg3,2024-01-06,bx_mean,17385.338120044373,Bx,Mean,2024-01-06,2024-01-07
pg3,2024-01-07,bx_mean,17382.599518751307,Bx,Mean,2024-01-07,2024-01-08
pg3,2024-01-08,bx_mean,17365.81007456715,Bx,Mean,2024-01-08,2024-01-09
pg3,2024-01-09,bx_mean,17369.628053703702,Bx,Mean,2024-01-09,2024-01-10
pg3,2024-01-10,bx_mean,17352.045603787832,Bx,Mean,2024-01-10,2024-01-11
pg3,2024-01-11,bx_mean,17342.56456911248,Bx,Mean,2024-01-11,2024-01-12
pg3,2024-01-12,bx_mean,17357.497616081473,Bx,Mean,2024-01-12,2024-01-13
pg3,2024-01-13,bx_mean,17370.825852671376,Bx,Mean,2024-01-13,2024-01-14
pg3,2024-01-14,bx_mean,17331.990013339055,Bx,Mean,2024-01-14,2024-01-15
pg3,2024-01-15,bx_mean,17399.658332213286,Bx,Mean,2024-01-15,2024-01-16
pg3,2024-01-16,bx_mean,17402.393070544713,Bx,Mean,2024-01-16,2024-01-17
pg3,2024-01-17,bx_mean,17374.726242592595,Bx,Mean,2024-01-17,2024-01-18
pg3,2024-01-18,bx_mean,17355.41003909014,Bx,Mean,2024-01-18,2024-01-19
pg3,2024-01-19,bx_mean,17357.594298263888,Bx,Mean,2024-01-19,2024-01-20
pg3,2024-01-20,bx_mean,17346.896820138885,Bx,Mean,2024-01-20,2024-01-21
pg3,2024-01-21,bx_mean,17338.674718250237,Bx,Mean,2024-01-21,2024-01-22
pg3,2024-01-22,bx_mean,17348.73508113426,Bx,Mean,2024-01-22,2024-01-23
pg3,2024-01-23,bx_mean,17373.09322372685,Bx,Mean,2024-01-23,2024-01-24
pg3,2024-01-24,bx_mean,17392.574246367232,Bx,Mean,2024-01-24,2024-01-25
pg3,2024-01-25,bx_mean,17384.839966319447,Bx,Mean,2024-01-25,2024-01-26
pg3,2024-01-26,bx_mean,17403.703387094905,Bx,Mean,2024-01-26,2024-01-27
pg3,2024-01-27,bx_mean,17355.02466134259,Bx,Mean,2024-01-27,2024-01-28
pg3,2024-01-28,bx_mean,17369.600979013663,Bx,Mean,2024-01-28,2024-01-29
pg3,2024-01-29,bx_mean,17408.041980787035,Bx,Mean,2024-01-29,2024-01-30
pg3,2024-01-30,bx_mean,17406.150118865382,Bx,Mean,2024-01-30,2024-01-31
pg3,2024-01-31,bx_mean,17397.808307472864,Bx,Mean,2024-01-31,2024-02-01
pg3,2024-02-01,bx_mean,17395.57071423611,Bx,Mean,2024-02-01,2024-02-02
pg3,2024-02-02,bx_mean,17360.657570949075,Bx,Mean,2024-02-02,2024-02-03
pg3,2024-02-03,bx_mean,17386.19528634004,Bx,Mean,2024-02-03,2024-02-04
pg3,2024-02-04,bx_mean,17376.137989351853,Bx,Mean,2024-02-04,2024-02-05
pg3,2024-02-05,bx_mean,17362.72165890341,Bx,Mean,2024-02-05,2024-02-06
pg3,2024-02-06,bx_mean,17354.88559941248,Bx,Mean,2024-02-06,2024-02-07
pg3,2024-02-07,bx_mean,17355.031120775086,Bx,Mean,2024-02-07,2024-02-08
pg3,2024-02-08,bx_mean,17331.86865480965,Bx,Mean,2024-02-08,2024-02-09
pg3,2024-02-09,bx_mean,17363.148930822008,Bx,Mean,2024-02-09,2024-02-10
pg3,2024-02-10,bx_mean,17365.02283687861,Bx,Mean,2024-02-10,2024-02-11
pg3,2024-02-11,bx_mean,17385.49144422728,Bx,Mean,2024-02-11,2024-02-12
pg3,2024-02-12,bx_mean,17384.43853544352,Bx,Mean,2024-02-12,2024-02-13
pg3,2024-02-13,bx_mean,17358.46296520758,Bx,Mean,2024-02-13,2024-02-14
pg3,2024-02-14,bx_mean,17356.064429268292,Bx,Mean,2024-02-14,2024-02-15
pg3,2024-02-15,bx_mean,17365.066184579904,Bx,Mean,2024-02-15,2024-02-16
pg3,2024-02-16,bx_mean,17354.27627314222,Bx,Mean,2024-02-16,2024-02-17
pg3,2024-02-17,bx_mean,17364.635306365737,Bx,Mean,2024-02-17,2024-02-18
pg3,2024-02-18,bx_mean,17361.004062739186,Bx,Mean,2024-02-18,2024-02-19
pg3,2024-02-19,bx_mean,17373.244220361197,Bx,Mean,2024-02-19,2024-02-20
pg3,2024-02-20,bx_mean,17361.906477662036,Bx,Mean,2024-02-20,2024-02-21
pg3,2024-02-21,bx_mean,17421.072373726853,Bx,Mean,2024-02-21,2024-02-22
pg3,2024-02-22,bx_mean,17353.417450578705,Bx,Mean,2024-02-22,2024-02-23
pg3,2024-02-23,bx_mean,17358.001309057174,Bx,Mean,2024-02-23,2024-02-24
pg3,2024-02-24,bx_mean,17357.07518923611,Bx,Mean,2024-02-24,2024-02-25
pg3,2024-02-25,bx_mean,17389.061138048233,Bx,Mean,2024-02-25,2024-02-26
pg3,2024-02-26,bx_mean,17371.04562766204,Bx,Mean,2024-02-26,2024-02-27
pg3,2024-02-27,bx_mean,17376.170251851854,Bx,Mean,2024-02-27,2024-02-28
pg3,2024-02-28,bx_mean,17350.589999304793,Bx,Mean,2024-02-28,2024-02-29
pg3,2024-02-29,bx_mean,17369.352835177568,Bx,Mean,2024-02-29,2024-03-01
pg3,2024-03-01,bx_mean,17370.64353171296,Bx,Mean,2024-03-01,2024-03-02
pg3,2024-03-02,bx_mean,17373.723288660633,Bx,Mean,2024-03-02,2024-03-03
pg3,2024-03-03,bx_mean,17334.844014351853,Bx,Mean,2024-03-03,2024-03-04
pg3,2024-03-04,bx_mean,17350.235308770832,Bx,Mean,2024-03-04,2024-03-05
pg3,2024-03-05,bx_mean,17364.904485763887,Bx,Mean,2024-03-05,2024-03-06
pg3,2024-03-06,bx_mean,17343.62275658703,Bx,Mean,2024-03-06,2024-03-07
pg3,2024-03-07,bx_mean,17362.350325115738,Bx,Mean,2024-03-07,2024-03-08
pg3,2024-03-08,bx_mean,17366.854472890867,Bx,Mean,2024-03-08,2024-03-09
pg3,2024-03-09,bx_mean,17376.983822800925,Bx,Mean,2024-03-09,2024-03-10
pg3,2024-03-10,bx_mean,17365.584307629917,Bx,Mean,2024-03-10,2024-03-11
pg3,2024-03-11,bx_mean,17372.18691393319,Bx,Mean,2024-03-11,2024-03-12
pg3,2024-03-12,bx_mean,17363.190934135346,Bx,Mean,2024-03-12,2024-03-13
pg3,2024-03-13,bx_mean,17349.117680389656,Bx,Mean,2024-03-13,2024-03-14
pg3,2024-03-14,bx_mean,17372.81455130738,Bx,Mean,2024-03-14,2024-03-15
pg3,2024-03-15,bx_mean,17366.89728611111,Bx,Mean,2024-03-15,2024-03-16
pg3,2024-03-16,bx_mean,17371.440971875,Bx,Mean,2024-03-16,2024-03-17
pg3,2024-03-17,bx_mean,17375.927652083334,Bx,Mean,2024-03-17,2024-03-18
pg3,2024-03-18,bx_mean,17376.34927022954,Bx,Mean,2024-03-18,2024-03-19
pg3,2024-03-19,bx_mean,17385.239870922887,Bx,Mean,2024-03-19,2024-03-20
pg3,2024-03-20,bx_mean,17379.852095170783,Bx,Mean,2024-03-20,2024-03-21
pg3,2024-03-21,bx_mean,17335.143556568328,Bx,Mean,2024-03-21,2024-03-22
pg3,2024-03-22,bx_mean,17380.56969976343,Bx,Mean,2024-03-22,2024-03-23
pg3,2024-03-23,bx_mean,17389.635469439778,Bx,Mean,2024-03-23,2024-03-24
pg3,2024-03-24,bx_mean,17363.909757039477,Bx,Mean,2024-03-24,2024-03-25
pg3,2024-03-25,bx_mean,17367.73335011017,Bx,Mean,2024-03-25,2024-03-26
pg3,2024-03-26,bx_mean,17359.870876041667,Bx,Mean,2024-03-26,2024-03-27
pg3,2024-03-27,bx_mean,17367.973087556533,Bx,Mean,2024-03-27,2024-03-28
pg3,2024-03-28,bx_mean,17372.072437037037,Bx,Mean,2024-03-28,2024-03-29
pg3,2024-03-29,bx_mean,17377.88433798374,Bx,Mean,2024-03-29,2024-03-30
pg3,2024-03-30,bx_mean,17377.770897685183,Bx,Mean,2024-03-30,2024-03-31
pg3,2024-03-31,bx_mean,17373.481503125,Bx,Mean,2024-03-31,2024-04-01
pg3,2024-04-01,bx_mean,17371.237686226854,Bx,Mean,2024-04-01,2024-04-02
pg3,2024-04-02,bx_mean,17359.250069328704,Bx,Mean,2024-04-02,2024-04-03
pg3,2024-04-03,bx_mean,17362.496765054228,Bx,Mean,2024-04-03,2024-04-04
pg3,2024-04-04,bx_mean,17342.950031018518,Bx,Mean,2024-04-04,2024-04-05
pg3,2024-04-05,bx_mean,17360.207430604736,Bx,Mean,2024-04-05,2024-04-06
pg3,2024-04-06,bx_mean,17366.414807175926,Bx,Mean,2024-04-06,2024-04-07
pg3,2024-04-07,bx_mean,17358.070119690405,Bx,Mean,2024-04-07,2024-04-08
pg3,2024-04-08,bx_mean,17355.79917635445,Bx,Mean,2024-04-08,2024-04-09
pg3,2024-04-09,bx_mean,17326.643192593794,Bx,Mean,2024-04-09,2024-04-10
pg3,2024-04-10,bx_mean,17364.038921875,Bx,Mean,2024-04-10,2024-04-11
pg3,2024-04-11,bx_mean,17364.502795601853,Bx,Mean,2024-04-11,2024-04-12
pg3,2024-04-12,bx_mean,17354.36175636574,Bx,Mean,2024-04-12,2024-04-13
pg3,2024-04-13,bx_mean,17363.751380324073,Bx,Mean,2024-04-13,2024-04-14
pg3,2024-04-14,bx_mean,17363.7395875,Bx,Mean,2024-04-14,2024-04-15
pg3,2024-04-15,bx_mean,17362.299084722225,Bx,Mean,2024-04-15,2024-04-16
pg3,2024-04-16,bx_mean,17335.260060185185,Bx,Mean,2024-04-16,2024-04-17
pg3,2024-04-17,bx_mean,17361.624097916665,Bx,Mean,2024-04-17,2024-04-18
pg3,2024-04-18,bx_mean,17362.919730439815,Bx,Mean,2024-04-18,2024-04-19
pg3,2024-04-19,bx_mean,17310.96990300926,Bx,Mean,2024-04-19,2024-04-20
pg3,2024-04-20,bx_mean,17324.01001761196,Bx,Mean,2024-04-20,2024-04-21
pg3,2024-04-21,bx_mean,17340.01262349537,Bx,Mean,2024-04-21,2024-04-22
pg3,2024-04-22,bx_mean,17350.51135439815,Bx,Mean,2024-04-22,2024-04-23
pg3,2024-04-23,bx_mean,17329.116848958332,Bx,Mean,2024-04-23,2024-04-24
pg3,2024-04-24,bx_mean,17358.716938888887,Bx,Mean,2024-04-24,2024-04-25
pg3,2024-04-25,bx_mean,17350.024386805555,Bx,Mean,2024-04-25,2024-04-26
pg3,2024-04-26,bx_mean,17333.87493402778,Bx,Mean,2024-04-26,2024-04-27
pg3,2024-04-27,bx_mean,17346.603459490743,Bx,Mean,2024-04-27,2024-04-28
pg3,2024-04-28,bx_mean,17359.371885300923,Bx,Mean,2024-04-28,2024-04-29
pg3,2024-04-29,bx_mean,17358.419915625,Bx,Mean,2024-04-29,2024-04-30
pg3,2024-04-30,bx_mean,17327.939623444057,Bx,Mean,2024-04-30,2024-05-01
pg3,2024-05-01,bx_mean,17348.33564074074,Bx,Mean,2024-05-01,2024-05-02
pg3,2024-05-02,bx_mean,17263.390020833336,Bx,Mean,2024-05-02,2024-05-03
pg3,2024-05-03,bx_mean,17346.76247175926,Bx,Mean,2024-05-03,2024-05-04
pg3,2024-05-04,bx_mean,17338.986510185186,Bx,Mean,2024-05-04,2024-05-05
pg3,2024-05-05,bx_mean,17340.972805439815,Bx,Mean,2024-05-05,2024-05-06
pg3,2024-05-06,bx_mean,17340.759425925928,Bx,Mean,2024-05-06,2024-05-07
pg3,2024-05-07,bx_mean,17349.638783333336,Bx,Mean,2024-05-07,2024-05-08
pg3,2024-05-08,bx_mean,17350.823194560184,Bx,Mean,2024-05-08,2024-05-09
pg3,2024-05-09,bx_mean,17352.888691666667,Bx,Mean,2024-05-09,2024-05-10
pg3,2024-05-10,bx_mean,17275.127168865743,Bx,Mean,2024-05-10,2024-05-11
pg3,2024-05-11,bx_mean,17186.02822627315,Bx,Mean,2024-05-11,2024-05-12
pg3,2024-05-12,bx_mean,17252.055014120368,Bx,Mean,2024-05-12,2024-05-13
pg3,2024-05-13,bx_mean,17355.820880324074,Bx,Mean,2024-05-13,2024-05-14
pg3,2024-05-14,bx_mean,17350.633640625,Bx,Mean,2024-05-14,2024-05-15
pg3,2024-05-15,bx_mean,17328.294964583332,Bx,Mean,2024-05-15,2024-05-16
pg3,2024-05-16,bx_mean,17294.25192685185,Bx,Mean,2024-05-16,2024-05-17
pg3,2024-05-17,bx_mean,17326.01924270833,Bx,Mean,2024-05-17,2024-05-18
pg3,2024-05-18,bx_mean,17331.95410763889,Bx,Mean,2024-05-18,2024-05-19
pg3,2024-05-19,bx_mean,17337.625018634262,Bx,Mean,2024-05-19,2024-05-20
pg3,2024-05-20,bx_mean,17354.628168075218,Bx,Mean,2024-05-20,2024-05-21
pg3,2024-05-21,bx_mean,17341.42504930555,Bx,Mean,2024-05-21,2024-05-22
pg3,2024-05-22,bx_mean,17356.67122974537,Bx,Mean,2024-05-22,2024-05-23
pg3,2024-05-23,bx_mean,17314.955768908054,Bx,Mean,2024-05-23,2024-05-24
pg3,2024-05-24,bx_mean,17335.7260817653,Bx,Mean,2024-05-24,2024-05-25
pg3,2024-05-25,bx_mean,17354.624637515873,Bx,Mean,2024-05-25,2024-05-26
pg3,2024-05-26,bx_mean,17341.525085877074,Bx,Mean,2024-05-26,2024-05-27
pg3,2024-05-27,bx_mean,17335.365848652466,Bx,Mean,2024-05-27,2024-05-28
pg3,2024-05-28,bx_mean,17354.141941720336,Bx,Mean,2024-05-28,2024-05-29
pg3,2024-05-29,bx_mean,17349.326780902775,Bx,Mean,2024-05-29,2024-05-30
pg3,2024-05-30,bx_mean,17323.232433680554,Bx,Mean,2024-05-30,2024-05-31
pg3,2024-05-31,bx_mean,17313.876930439816,Bx,Mean,2024-05-31,2024-06-01
pg3,2024-06-01,bx_mean,17344.057172685185,Bx,Mean,2024-06-01,2024-06-02
pg3,2024-06-02,bx_mean,17348.253143055554,Bx,Mean,2024-06-02,2024-06-03
pg3,2024-06-03,bx_mean,17343.222504398145,Bx,Mean,2024-06-03,2024-06-04
pg3,2024-06-04,bx_mean,17334.5902875,Bx,Mean,2024-06-04,2024-06-05
pg3,2024-06-05,bx_mean,17347.50386967593,Bx,Mean,2024-06-05,2024-06-06
pg3,2024-06-06,bx_mean,17334.60090763889,Bx,Mean,2024-06-06,2024-06-07
pg3,2024-06-07,bx_mean,17309.975146990742,Bx,Mean,2024-06-07,2024-06-08
pg3,2024-06-08,bx_mean,17330.891068634257,Bx,Mean,2024-06-08,2024-06-09
pg3,2024-06-09,bx_mean,17341.524050694443,Bx,Mean,2024-06-09,2024-06-10
pg3,2024-06-10,bx_mean,17345.756273263887,Bx,Mean,2024-06-10,2024-06-11
pg3,2024-06-11,bx_mean,17348.449270833335,Bx,Mean,2024-06-11,2024-06-12
pg3,2024-06-12,bx_mean,17344.03769791667,Bx,Mean,2024-06-12,2024-06-13
pg3,2024-06-13,bx_mean,17356.703469444445,Bx,Mean,2024-06-13,2024-06-14
pg3,2024-06-14,bx_mean,17338.214272916666,Bx,Mean,2024-06-14,2024-06-15
pg3,2024-06-15,bx_mean,17322.522184027777,Bx,Mean,2024-06-15,2024-06-16
pg3,2024-06-16,bx_mean,17325.098380092593,Bx,Mean,2024-06-16,2024-06-17
pg3,2024-06-17,bx_mean,17340.97729675926,Bx,Mean,2024-06-17,2024-06-18
pg3,2024-06-18,bx_mean,17326.003715509258,Bx,Mean,2024-06-18,2024-06-19
pg3,2024-06-19,bx_mean,17340.222005092593,Bx,Mean,2024-06-19,2024-06-20
pg3,2024-06-20,bx_mean,17331.31967384259,Bx,Mean,2024-06-20,2024-06-21
pg3,2024-06-21,bx_mean,17354.85056365741,Bx,Mean,2024-06-21,2024-06-22
pg3,2024-06-22,bx_mean,17347.94134224537,Bx,Mean,2024-06-22,2024-06-23
pg3,2024-06-23,bx_mean,17320.714055208333,Bx,Mean,2024-06-23,2024-06-24
pg3,2024-06-24,bx_mean,17349.24633460648,Bx,Mean,2024-06-24,2024-06-25
pg3,2024-06-25,bx_mean,17332.977104282407,Bx,Mean,2024-06-25,2024-06-26
pg3,2024-06-26,bx_mean,17334.969411921298,Bx,Mean,2024-06-26,2024-06-27
pg3,2024-06-27,bx_mean,17354.953781944445,Bx,Mean,2024-06-27,2024-06-28
pg3,2024-06-28,bx_mean,17303.671218749998,Bx,Mean,2024-06-28,2024-06-29
pg3,2024-06-29,bx_mean,17329.690873958334,Bx,Mean,2024-06-29,2024-06-30
pg3,2024-06-30,bx_mean,17332.729929166664,Bx,Mean,2024-06-30,2024-07-01
pg3,2024-07-01,bx_mean,17336.74897337963,Bx,Mean,2024-07-01,2024-07-02
pg3,2024-07-02,bx_mean,17334.232692476853,Bx,Mean,2024-07-02,2024-07-03
pg3,2024-07-03,bx_mean,17340.588194388598,Bx,Mean,2024-07-03,2024-07-04
pg3,2024-07-04,bx_mean,17343.930394431554,Bx,Mean,2024-07-04,2024-07-05
pg3,2024-07-05,bx_mean,17352.559090909093,Bx,Mean,2024-07-05,2024-07-06
pg3,2024-10-19,bx_mean,17179.58856287425,Bx,Mean,2024-10-19,2024-10-20
pg3,2024-10-20,bx_mean,17364.02332844409,Bx,Mean,2024-10-20,2024-10-21
pg3,2024-10-21,bx_mean,17345.187891203706,Bx,Mean,2024-10-21,2024-10-22
pg3,2024-10-22,bx_mean,17331.83308900463,Bx,Mean,2024-10-22,2024-10-23
pg3,2024-10-23,bx_mean,17341.06281226852,Bx,Mean,2024-10-23,2024-10-24
pg3,2024-10-24,bx_mean,17359.415004745373,Bx,Mean,2024-10-24,2024-10-25
pg3,2024-10-25,bx_mean,17363.484686226853,Bx,Mean,2024-10-25,2024-10-26
pg3,2024-10-26,bx_mean,17387.015042361112,Bx,Mean,2024-10-26,2024-10-27
pg3,2024-10-27,bx_mean,17401.205465972223,Bx,Mean,2024-10-27,2024-10-28
pg3,2024-10-28,bx_mean,17423.10449108796,Bx,Mean,2024-10-28,2024-10-29
pg3,2024-10-29,bx_mean,17386.722416782406,Bx,Mean,2024-10-29,2024-10-30
pg3,2024-10-30,bx_mean,17401.817228587966,Bx,Mean,2024-10-30,2024-10-31
pg3,2024-10-31,bx_mean,17366.516085532407,Bx,Mean,2024-10-31,2024-11-01
pg3,2024-11-01,bx_mean,17362.40576111111,Bx,Mean,2024-11-01,2024-11-02
pg3,2024-11-02,bx_mean,17392.303111574074,Bx,Mean,2024-11-02,2024-11-03
pg3,2024-11-03,bx_mean,17369.206242939817,Bx,Mean,2024-11-03,2024-11-04
pg3,2024-11-04,bx_mean,17365.99047650463,Bx,Mean,2024-11-04,2024-11-05
pg3,2024-11-05,bx_mean,17334.041094444445,Bx,Mean,2024-11-05,2024-11-06
pg3,2024-11-06,bx_mean,17373.704124884258,Bx,Mean,2024-11-06,2024-11-07
pg3,2024-11-07,bx_mean,17337.991227199072,Bx,Mean,2024-11-07,2024-11-08
pg3,2024-11-08,bx_mean,17371.682479398147,Bx,Mean,2024-11-08,2024-11-09
pg3,2024-11-09,bx_mean,17397.840947800927,Bx,Mean,2024-11-09,2024-11-10
pg3,2024-11-10,bx_mean,17382.042471759258,Bx,Mean,2024-11-10,2024-11-11
pg3,2024-11-11,bx_mean,17333.094813237556,Bx,Mean,2024-11-11,2024-11-12
pg3,2024-12-12,bx_mean,17367.573473134154,Bx,Mean,2024-12-12,2024-12-13
pg3,2024-12-13,bx_mean,17360.41019310409,Bx,Mean,2024-12-13,2024-12-14
pg3,2024-12-14,bx_mean,17280.40610065681,Bx,Mean,2024-12-14,2024-12-15
pg3,2024-12-15,bx_mean,17305.31876527249,Bx,Mean,2024-12-15,2024-12-16
pg3,2024-12-16,bx_mean,17311.568179500315,Bx,Mean,2024-12-16,2024-12-17
pg3,2024-12-17,bx_mean,17379.174982473305,Bx,Mean,2024-12-17,2024-12-18
pg3,2024-12-18,bx_mean,17365.908851436583,Bx,Mean,2024-12-18,2024-12-19
pg3,2024-12-19,bx_mean,17368.36813331013,Bx,Mean,2024-12-19,2024-12-20
pg3,2024-12-20,bx_mean,17365.47550074218,Bx,Mean,2024-12-20,2024-12-21
pg3,2024-12-21,bx_mean,17382.987233333333,Bx,Mean,2024-12-21,2024-12-22
pg3,2024-12-22,bx_mean,17410.125225925927,Bx,Mean,2024-12-22,2024-12-23
pg3,2024-12-23,bx_mean,17371.578837206605,Bx,Mean,2024-12-23,2024-12-24
pg3,2024-12-24,bx_mean,17378.82373292393,Bx,Mean,2024-12-24,2024-12-25
pg3,2024-12-25,bx_mean,17365.353640766578,Bx,Mean,2024-12-25,2024-12-26
pg3,2024-12-26,bx_mean,17355.65420943963,Bx,Mean,2024-12-26,2024-12-27
pg3,2024-12-27,bx_mean,17356.861148078995,Bx,Mean,2024-12-27,2024-12-28
pg3,2024-12-28,bx_mean,17354.798013310185,Bx,Mean,2024-12-28,2024-12-29
pg3,2024-12-29,bx_mean,17370.64778411528,Bx,Mean,2024-12-29,2024-12-30
pg3,2024-12-30,bx_mean,17325.031229060685,Bx,Mean,2024-12-30,2024-12-31
pg3,2024-12-31,bx_mean,17281.350598032408,Bx,Mean,2024-12-31,2025-01-01
pg4,2024-01-01,bx_mean,18634.38292505417,Bx,Mean,2024-01-01,2024-01-02
pg4,2024-01-02,bx_mean,18641.38091290893,Bx,Mean,2024-01-02,2024-01-03
pg4,2024-01-03,bx_mean,18616.26982715237,Bx,Mean,2024-01-03,2024-01-04
pg4,2024-01-04,bx_mean,18623.63007253459,Bx,Mean,2024-01-04,2024-01-05
pg4,2024-01-05,bx_mean,18603.30104093416,Bx,Mean,2024-01-05,2024-01-06
pg4,2024-01-06,bx_mean,18608.25279807078,Bx,Mean,2024-01-06,2024-01-07
pg4,2024-01-07,bx_mean,18603.391666666663,Bx,Mean,2024-01-07,2024-01-08
pg4,2024-01-08,bx_mean,18598.61857222222,Bx,Mean,2024-01-08,2024-01-09
pg4,2024-01-09,bx_mean,18589.799597685185,Bx,Mean,2024-01-09,2024-01-10
pg4,2024-01-10,bx_mean,18593.926367691703,Bx,Mean,2024-01-10,2024-01-11
pg4,2024-01-11,bx_mean,18577.780225940256,Bx,Mean,2024-01-11,2024-01-12
pg4,2024-01-12,bx_mean,18590.886457638888,Bx,Mean,2024-01-12,2024-01-13
pg4,2024-01-13,bx_mean,18610.305085532407,Bx,Mean,2024-01-13,2024-01-14
pg4,2024-01-14,bx_mean,18598.82960931247,Bx,Mean,2024-01-14,2024-01-15
pg4,2024-01-15,bx_mean,18628.82129138497,Bx,Mean,2024-01-15,2024-01-16
pg4,2024-01-16,bx_mean,18624.69612132246,Bx,Mean,2024-01-16,2024-01-17
pg4,2024-01-17,bx_mean,18590.22210652068,Bx,Mean,2024-01-17,2024-01-18
pg4,2024-01-18,bx_mean,18583.85807199074,Bx,Mean,2024-01-18,2024-01-19
pg4,2024-01-19,bx_mean,18579.806468402778,Bx,Mean,2024-01-19,2024-01-20
pg4,2024-01-20,bx_mean,18592.91181759259,Bx,Mean,2024-01-20,2024-01-21
pg4,2024-01-21,bx_mean,18553.759654377347,Bx,Mean,2024-01-21,2024-01-22
pg4,2024-01-22,bx_mean,18595.747970752294,Bx,Mean,2024-01-22,2024-01-23
pg4,2024-01-23,bx_mean,18597.696354077103,Bx,Mean,2024-01-23,2024-01-24
pg4,2024-01-24,bx_mean,18604.70570266204,Bx,Mean,2024-01-24,2024-01-25
pg4,2024-01-25,bx_mean,18607.463071659688,Bx,Mean,2024-01-25,2024-01-26
pg4,2024-01-26,bx_mean,18631.35992453704,Bx,Mean,2024-01-26,2024-01-27
pg4,2024-01-27,bx_mean,18580.16890879629,Bx,Mean,2024-01-27,2024-01-28
pg4,2024-01-28,bx_mean,18608.56592962963,Bx,Mean,2024-01-28,2024-01-29
pg4,2024-01-29,bx_mean,18625.79830023148,Bx,Mean,2024-01-29,2024-01-30
pg4,2024-01-30,bx_mean,18616.77857916667,Bx,Mean,2024-01-30,2024-01-31
pg4,2024-01-31,bx_mean,18608.536974652776,Bx,Mean,2024-01-31,2024-02-01
pg4,2024-02-01,bx_mean,18614.73774664352,Bx,Mean,2024-02-01,2024-02-02
pg4,2024-02-02,bx_mean,18580.097231828702,Bx,Mean,2024-02-02,2024-02-03
pg4,2024-02-03,bx_mean,18601.94022914661,Bx,Mean,2024-02-03,2024-02-04
pg4,2024-02-04,bx_mean,18613.936673842592,Bx,Mean,2024-02-04,2024-02-05
pg4,2024-02-05,bx_mean,18593.83859816769,Bx,Mean,2024-02-05,2024-02-06
pg4,2024-02-06,bx_mean,18577.77665390728,Bx,Mean,2024-02-06,2024-02-07
pg4,2024-02-07,bx_mean,18578.82795174831,Bx,Mean,2024-02-07,2024-02-08
pg4,2024-02-08,bx_mean,18570.047857816047,Bx,Mean,2024-02-08,2024-02-09
pg4,2024-02-09,bx_mean,18585.082235596998,Bx,Mean,2024-02-09,2024-02-10
pg4,2024-02-10,bx_mean,18599.72448920362,Bx,Mean,2024-02-10,2024-02-11
pg4,2024-02-11,bx_mean,18582.00691758901,Bx,Mean,2024-02-11,2024-02-12
pg4,2024-02-12,bx_mean,18585.0554604529,Bx,Mean,2024-02-12,2024-02-13
pg4,2024-02-13,bx_mean,18597.24566527557,Bx,Mean,2024-02-13,2024-02-14
pg4,2024-02-14,bx_mean,18578.0474615725,Bx,Mean,2024-02-14,2024-02-15
pg4,2024-02-15,bx_mean,18591.14287460957,Bx,Mean,2024-02-15,2024-02-16
pg4,2024-02-16,bx_mean,18585.855388041524,Bx,Mean,2024-02-16,2024-02-17
pg4,2024-02-17,bx_mean,18603.435795034155,Bx,Mean,2024-02-17,2024-02-18
pg4,2024-02-18,bx_mean,18582.039170715867,Bx,Mean,2024-02-18,2024-02-19
pg4,2024-02-19,bx_mean,18607.332354462374,Bx,Mean,2024-02-19,2024-02-20
pg4,2024-02-20,bx_mean,18589.19834617479,Bx,Mean,2024-02-20,2024-02-21
pg4,2024-02-21,bx_mean,18604.03378961891,Bx,Mean,2024-02-21,2024-02-22
pg4,2024-02-22,bx_mean,18559.442425,Bx,Mean,2024-02-22,2024-02-23
pg4,2024-02-23,bx_mean,18562.40110493827,Bx,Mean,2024-02-23,2024-02-24
pg4,2024-02-24,bx_mean,18571.32605,Bx,Mean,2024-02-24,2024-02-25
pg4,2024-02-25,bx_mean,18514.245554166664,Bx,Mean,2024-02-25,2024-02-26
pg4,2024-02-26,bx_mean,18513.53929691304,Bx,Mean,2024-02-26,2024-02-27
pg4,2024-02-27,bx_mean,18560.182577314816,Bx,Mean,2024-02-27,2024-02-28
pg4,2024-02-28,bx_mean,18557.068775925924,Bx,Mean,2024-02-28,2024-02-29
pg4,2024-02-29,bx_mean,18568.349054217997,Bx,Mean,2024-02-29,2024-03-01
pg4,2024-03-01,bx_mean,18517.662197685186,Bx,Mean,2024-03-01,2024-03-02
pg4,2024-03-02,bx_mean,18515.672180092595,Bx,Mean,2024-03-02,2024-03-03
pg4,2024-03-03,bx_mean,18580.183573611117,Bx,Mean,2024-03-03,2024-03-04
pg4,2024-03-04,bx_mean,18521.397420559,Bx,Mean,2024-03-04,2024-03-05
pg4,2024-03-05,bx_mean,18531.881190277774,Bx,Mean,2024-03-05,2024-03-06
pg4,2024-03-06,bx_mean,18539.85729277777,Bx,Mean,2024-03-06,2024-03-07
pg4,2024-03-07,bx_mean,18505.10905833333,Bx,Mean,2024-03-07,2024-03-08
pg4,2024-03-08,bx_mean,18550.28602611111,Bx,Mean,2024-03-08,2024-03-09
pg4,2024-03-09,bx_mean,18545.21140555556,Bx,Mean,2024-03-09,2024-03-10
pg4,2024-03-10,bx_mean,18519.12962676122,Bx,Mean,2024-03-10,2024-03-11
pg4,2024-03-11,bx_mean,18545.15412159642,Bx,Mean,2024-03-11,2024-03-12
pg4,2024-03-12,bx_mean,18583.590824487896,Bx,Mean,2024-03-12,2024-03-13
pg4,2024-03-13,bx_mean,18525.376111111116,Bx,Mean,2024-03-13,2024-03-14
pg4,2024-03-14,bx_mean,18553.03708777778,Bx,Mean,2024-03-14,2024-03-15
pg4,2024-03-15,bx_mean,18501.257277314813,Bx,Mean,2024-03-15,2024-03-16
pg4,2024-03-16,bx_mean,18596.47918214285,Bx,Mean,2024-03-16,2024-03-17
pg4,2024-03-17,bx_mean,18602.67961428571,Bx,Mean,2024-03-17,2024-03-18
pg4,2024-03-18,bx_mean,18608.690059375,Bx,Mean,2024-03-18,2024-03-19
pg4,2024-03-19,bx_mean,18565.786881123448,Bx,Mean,2024-03-19,2024-03-20
pg4,2024-03-20,bx_mean,18580.93523680556,Bx,Mean,2024-03-20,2024-03-21
pg4,2024-03-21,bx_mean,18517.71039365918,Bx,Mean,2024-03-21,2024-03-22
pg4,2024-03-22,bx_mean,18578.9221337963,Bx,Mean,2024-03-22,2024-03-23
pg4,2024-03-23,bx_mean,18590.421679166662,Bx,Mean,2024-03-23,2024-03-24
pg4,2024-03-24,bx_mean,18536.60011388889,Bx,Mean,2024-03-24,2024-03-25
pg4,2024-03-25,bx_mean,18599.394545,Bx,Mean,2024-03-25,2024-03-26
pg4,2024-03-26,bx_mean,18560.963788888886,Bx,Mean,2024-03-26,2024-03-27
pg4,2024-03-27,bx_mean,18555.74931888889,Bx,Mean,2024-03-27,2024-03-28
pg4,2024-03-28,bx_mean,18587.178914814816,Bx,Mean,2024-03-28,2024-03-29
pg4,2024-03-29,bx_mean,18596.075869444445,Bx,Mean,2024-03-29,2024-03-30
pg4,2024-03-30,bx_mean,18615.6561686508,Bx,Mean,2024-03-30,2024-03-31
pg4,2024-03-31,bx_mean,18578.67932083333,Bx,Mean,2024-03-31,2024-04-01
pg4,2024-04-01,bx_mean,18532.73991888889,Bx,Mean,2024-04-01,2024-04-02
pg4,2024-04-02,bx_mean,18560.95273888889,Bx,Mean,2024-04-02,2024-04-03
pg4,2024-04-03,bx_mean,18552.554283796297,Bx,Mean,2024-04-03,2024-04-04
pg4,2024-04-04,bx_mean,18606.79774,Bx,Mean,2024-04-04,2024-04-05
pg4,2024-04-05,bx_mean,18519.273662777778,Bx,Mean,2024-04-05,2024-04-06
pg4,2024-04-06,bx_mean,18581.50203333333,Bx,Mean,2024-04-06,2024-04-07
pg4,2024-04-07,bx_mean,18573.25150462963,Bx,Mean,2024-04-07,2024-04-08
pg4,2024-04-08,bx_mean,18563.10200904573,Bx,Mean,2024-04-08,2024-04-09
pg4,2024-04-09,bx_mean,18528.75006666667,Bx,Mean,2024-04-09,2024-04-10
pg4,2024-04-10,bx_mean,18630.086016666664,Bx,Mean,2024-04-10,2024-04-11
pg4,2024-04-30,bx_mean,18578.376597839502,Bx,Mean,2024-04-30,2024-05-01
pg4,2024-05-01,bx_mean,18630.45763900463,Bx,Mean,2024-05-01,2024-05-02
pg4,2024-05-02,bx_mean,18539.07000081019,Bx,Mean,2024-05-02,2024-05-03
pg4,2024-05-03,bx_mean,18621.46363483796,Bx,Mean,2024-05-03,2024-05-04
pg4,2024-05-04,bx_mean,18633.779384722224,Bx,Mean,2024-05-04,2024-05-05
pg4,2024-05-05,bx_mean,18613.642894212964,Bx,Mean,2024-05-05,2024-05-06
pg4,2024-05-06,bx_mean,18626.604022337964,Bx,Mean,2024-05-06,2024-05-07
pg4,2024-05-07,bx_mean,18633.620294560187,Bx,Mean,2024-05-07,2024-05-08
pg4,2024-05-08,bx_mean,18631.33845428241,Bx,Mean,2024-05-08,2024-05-09
pg4,2024-05-09,bx_mean,18635.246237384257,Bx,Mean,2024-05-09,2024-05-10
pg4,2024-05-10,bx_mean,18544.420294791664,Bx,Mean,2024-05-10,2024-05-11
pg4,2024-05-11,bx_mean,18387.069165625,Bx,Mean,2024-05-11,2024-05-12
pg4,2024-05-12,bx_mean,18516.06384953704,Bx,Mean,2024-05-12,2024-05-13
pg4,2024-05-13,bx_mean,18619.926757060184,Bx,Mean,2024-05-13,2024-05-14
pg4,2024-05-14,bx_mean,18628.554261689816,Bx,Mean,2024-05-14,2024-05-15
pg4,2024-05-15,bx_mean,18605.73637326389,Bx,Mean,2024-05-15,2024-05-16
pg4,2024-05-16,bx_mean,18523.056827314816,Bx,Mean,2024-05-16,2024-05-17
pg4,2024-05-17,bx_mean,18600.995948726853,Bx,Mean,2024-05-17,2024-05-18
pg4,2024-05-18,bx_mean,18582.435123726853,Bx,Mean,2024-05-18,2024-05-19
pg4,2024-05-19,bx_mean,18617.9361375,Bx,Mean,2024-05-19,2024-05-20
pg4,2024-05-20,bx_mean,18626.77843136574,Bx,Mean,2024-05-20,2024-05-21
pg4,2024-05-21,bx_mean,18624.42274212963,Bx,Mean,2024-05-21,2024-05-22
pg4,2024-05-22,bx_mean,18633.93138645833,Bx,Mean,2024-05-22,2024-05-23
pg4,2024-05-23,bx_mean,18612.48420374448,Bx,Mean,2024-05-23,2024-05-24
pg4,2024-05-24,bx_mean,18581.74936078376,Bx,Mean,2024-05-24,2024-05-25
pg4,2024-05-25,bx_mean,18627.638696091803,Bx,Mean,2024-05-25,2024-05-26
pg4,2024-05-26,bx_mean,18619.363329685075,Bx,Mean,2024-05-26,2024-05-27
pg4,2024-05-27,bx_mean,18614.04134319394,Bx,Mean,2024-05-27,2024-05-28
pg4,2024-05-28,bx_mean,18635.106777779078,Bx,Mean,2024-05-28,2024-05-29
pg4,2024-05-29,bx_mean,18642.86195856482,Bx,Mean,2024-05-29,2024-05-30
pg4,2024-05-30,bx_mean,18627.54269131944,Bx,Mean,2024-05-30,2024-05-31
pg4,2024-05-31,bx_mean,18579.51834722222,Bx,Mean,2024-05-31,2024-06-01
pg4,2024-06-01,bx_mean,18619.46215555556,Bx,Mean,2024-06-01,2024-06-02
pg4,2024-06-02,bx_mean,18640.4414,Bx,Mean,2024-06-02,2024-06-03
pg4,2024-06-03,bx_mean,18627.150638310188,Bx,Mean,2024-06-03,2024-06-04
pg4,2024-06-04,bx_mean,18604.224100347223,Bx,Mean,2024-06-04,2024-06-05
pg4,2024-06-05,bx_mean,18638.33318171297,Bx,Mean,2024-06-05,2024-06-06
pg4,2024-06-06,bx_mean,18599.495554166668,Bx,Mean,2024-06-06,2024-06-07
pg4,2024-06-07,bx_mean,18573.29791284722,Bx,Mean,2024-06-07,2024-06-08
pg4,2024-06-08,bx_mean,18610.933026736107,Bx,Mean,2024-06-08,2024-06-09
pg4,2024-06-09,bx_mean,18632.774995138887,Bx,Mean,2024-06-09,2024-06-10
pg4,2024-06-10,bx_mean,18646.03499699074,Bx,Mean,2024-06-10,2024-06-11
pg4,2024-06-11,bx_mean,18627.973379050927,Bx,Mean,2024-06-11,2024-06-12
pg4,2024-06-12,bx_mean,18637.56982164352,Bx,Mean,2024-06-12,2024-06-13
pg4,2024-06-13,bx_mean,18640.90071655093,Bx,Mean,2024-06-13,2024-06-14
pg4,2024-06-14,bx_mean,18621.239230671297,Bx,Mean,2024-06-14,2024-06-15
pg4,2024-06-15,bx_mean,18582.459697800925,Bx,Mean,2024-06-15,2024-06-16
pg4,2024-06-16,bx_mean,18609.54289189815,Bx,Mean,2024-06-16,2024-06-17
pg4,2024-06-17,bx_mean,18637.90817083333,Bx,Mean,2024-06-17,2024-06-18
pg4,2024-06-18,bx_mean,18622.924068171294,Bx,Mean,2024-06-18,2024-06-19
pg4,2024-06-19,bx_mean,18623.223050925928,Bx,Mean,2024-06-19,2024-06-20
pg4,2024-06-20,bx_mean,18619.53564108796,Bx,Mean,2024-06-20,2024-06-21
pg4,2024-06-21,bx_mean,18639.72706203704,Bx,Mean,2024-06-21,2024-06-22
pg4,2024-06-22,bx_mean,18639.414029050928,Bx,Mean,2024-06-22,2024-06-23
pg4,2024-06-23,bx_mean,18611.225357175925,Bx,Mean,2024-06-23,2024-06-24
pg4,2024-06-24,bx_mean,18636.282457986108,Bx,Mean,2024-06-24,2024-06-25
pg4,2024-06-25,bx_mean,18589.741683101853,Bx,Mean,2024-06-25,2024-06-26
pg4,2024-06-26,bx_mean,18600.79088460648,Bx,Mean,2024-06-26,2024-06-27
pg4,2024-06-27,bx_mean,18642.50920787037,Bx,Mean,2024-06-27,2024-06-28
pg4,2024-06-28,bx_mean,18569.959984953704,Bx,Mean,2024-06-28,2024-06-29
pg4,2024-06-29,bx_mean,18622.16322696759,Bx,Mean,2024-06-29,2024-06-30
pg4,2024-06-30,bx_mean,18631.353201041667,Bx,Mean,2024-06-30,2024-07-01
pg4,2024-07-01,bx_mean,18624.588063425927,Bx,Mean,2024-07-01,2024-07-02
pg4,2024-07-02,bx_mean,18628.00751296297,Bx,Mean,2024-07-02,2024-07-03
pg4,2024-07-03,bx_mean,18624.640063424948,Bx,Mean,2024-07-03,2024-07-04
pg4,2024-07-04,bx_mean,18623.797946127943,Bx,Mean,2024-07-04,2024-07-05
pg4,2024-07-05,bx_mean,18608.634,Bx,Mean,2024-07-05,2024-07-06
pg4,2024-10-20,bx_mean,18652.8222097314,Bx,Mean,2024-10-20,2024-10-21
pg4,2024-10-21,bx_mean,18637.647125389965,Bx,Mean,2024-10-21,2024-10-22
pg4,2024-10-22,bx_mean,18625.63460625,Bx,Mean,2024-10-22,2024-10-23
pg4,2024-10-23,bx_mean,18634.212343055555,Bx,Mean,2024-10-23,2024-10-24
pg4,2024-10-24,bx_mean,18617.11793900463,Bx,Mean,2024-10-24,2024-10-25
pg4,2024-10-25,bx_mean,18653.737665046297,Bx,Mean,2024-10-25,2024-10-26
pg4,2024-10-26,bx_mean,18676.84851481481,Bx,Mean,2024-10-26,2024-10-27
pg4,2024-10-27,bx_mean,18701.062067939816,Bx,Mean,2024-10-27,2024-10-28
pg4,2024-10-28,bx_mean,18680.819164699074,Bx,Mean,2024-10-28,2024-10-29
pg4,2024-10-29,bx_mean,18670.06215127315,Bx,Mean,2024-10-29,2024-10-30
pg4,2024-10-30,bx_mean,18654.231016087964,Bx,Mean,2024-10-30,2024-10-31
pg4,2024-10-31,bx_mean,18658.24459803241,Bx,Mean,2024-10-31,2024-11-01
pg4,2024-11-01,bx_mean,18649.62233576389,Bx,Mean,2024-11-01,2024-11-02
pg4,2024-11-02,bx_mean,18636.71691678241,Bx,Mean,2024-11-02,2024-11-03
pg4,2024-11-03,bx_mean,18660.875393402774,Bx,Mean,2024-11-03,2024-11-04
pg4,2024-11-04,bx_mean,18639.44593402778,Bx,Mean,2024-11-04,2024-11-05
pg4,2024-11-05,bx_mean,18644.31420949074,Bx,Mean,2024-11-05,2024-11-06
pg4,2024-11-06,bx_mean,18659.43911203704,Bx,Mean,2024-11-06,2024-11-07
pg4,2024-11-07,bx_mean,18631.154913310183,Bx,Mean,2024-11-07,2024-11-08
pg4,2024-11-08,bx_mean,18677.20737696759,Bx,Mean,2024-11-08,2024-11-09
pg4,2024-11-09,bx_mean,18671.859786921297,Bx,Mean,2024-11-09,2024-11-10
pg4,2024-11-10,bx_mean,18620.75373969908,Bx,Mean,2024-11-10,2024-11-11
pg4,2024-11-11,bx_mean,18629.420204212463,Bx,Mean,2024-11-11,2024-11-12
pg4,2024-11-12,bx_mean,18637.47063796296,Bx,Mean,2024-11-12,2024-11-13
pg4,2024-11-13,bx_mean,18643.37938813997,Bx,Mean,2024-11-13,2024-11-14
pg4,2024-11-14,bx_mean,18635.047817272465,Bx,Mean,2024-11-14,2024-11-15
pg4,2024-11-15,bx_mean,18601.278104973848,Bx,Mean,2024-11-15,2024-11-16
pg4,2024-11-16,bx_mean,18623.251363483465,Bx,Mean,2024-11-16,2024-11-17
pg4,2024-11-17,bx_mean,18612.188909633795,Bx,Mean,2024-11-17,2024-11-18
pg4,2024-11-18,bx_mean,18645.494559950686,Bx,Mean,2024-11-18,2024-11-19
pg4,2024-11-19,bx_mean,18613.370101142493,Bx,Mean,2024-11-19,2024-11-20
pg4,2024-11-20,bx_mean,18600.250304166668,Bx,Mean,2024-11-20,2024-11-21
pg4,2024-11-21,bx_mean,18651.84347152778,Bx,Mean,2024-11-21,2024-11-22
pg4,2024-11-22,bx_mean,18674.499207291665,Bx,Mean,2024-11-22,2024-11-23
pg4,2024-11-23,bx_mean,18656.344238310183,Bx,Mean,2024-11-23,2024-11-24
pg4,2024-11-24,bx_mean,18643.99711365741,Bx,Mean,2024-11-24,2024-11-25
pg4,2024-11-25,bx_mean,18670.09810451389,Bx,Mean,2024-11-25,2024-11-26
pg4,2024-11-26,bx_mean,18647.33687939798,Bx,Mean,2024-11-26,2024-11-27
pg4,2024-11-27,bx_mean,18659.30851480081,Bx,Mean,2024-11-27,2024-11-28
pg4,2024-11-28,bx_mean,18658.05753556597,Bx,Mean,2024-11-28,2024-11-29
pg4,2024-11-29,bx_mean,18653.476178274992,Bx,Mean,2024-11-29,2024-11-30
pg4,2024-11-30,bx_mean,18655.860579906614,Bx,Mean,2024-11-30,2024-12-01
pg4,2024-12-01,bx_mean,18632.241753935185,Bx,Mean,2024-12-01,2024-12-02
pg4,2024-12-02,bx_mean,18625.02753391204,Bx,Mean,2024-12-02,2024-12-03
pg4,2024-12-03,bx_mean,18632.94657789352,Bx,Mean,2024-12-03,2024-12-04
pg4,2024-12-04,bx_mean,18678.67095983796,Bx,Mean,2024-12-04,2024-12-05
pg4,2024-12-05,bx_mean,18644.54197418982,Bx,Mean,2024-12-05,2024-12-06
pg4,2024-12-06,bx_mean,18652.123406712966,Bx,Mean,2024-12-06,2024-12-07
pg4,2024-12-07,bx_mean,18644.47115011574,Bx,Mean,2024-12-07,2024-12-08
pg4,2024-12-08,bx_mean,18588.35984212963,Bx,Mean,2024-12-08,2024-12-09
pg4,2024-12-09,bx_mean,18571.064084259266,Bx,Mean,2024-12-09,2024-12-10
pg4,2024-12-10,bx_mean,18602.222497337963,Bx,Mean,2024-12-10,2024-12-11
pg4,2024-12-11,bx_mean,18597.10325289352,Bx,Mean,2024-12-11,2024-12-12
pg4,2024-12-12,bx_mean,18647.017079771253,Bx,Mean,2024-12-12,2024-12-13
pg4,2024-12-13,bx_mean,18643.83992127536,Bx,Mean,2024-12-13,2024-12-14
pg4,2024-12-14,bx_mean,18583.135853472224,Bx,Mean,2024-12-14,2024-12-15
pg4,2024-12-15,bx_mean,18609.920147503915,Bx,Mean,2024-12-15,2024-12-16
pg4,2024-12-16,bx_mean,18595.376332175925,Bx,Mean,2024-12-16,2024-12-17
pg4,2024-12-17,bx_mean,18645.794113425927,Bx,Mean,2024-12-17,2024-12-18
pg4,2024-12-18,bx_mean,18630.04023461668,Bx,Mean,2024-12-18,2024-12-19
pg4,2024-12-19,bx_mean,18630.45589950063,Bx,Mean,2024-12-19,2024-12-20
pg4,2024-12-20,bx_mean,18636.77425891204,Bx,Mean,2024-12-20,2024-12-21
pg4,2024-12-21,bx_mean,18636.98827152777,Bx,Mean,2024-12-21,2024-12-22
pg4,2024-12-22,bx_mean,18657.973612832964,Bx,Mean,2024-12-22,2024-12-23
pg4,2024-12-23,bx_mean,18639.88794359468,Bx,Mean,2024-12-23,2024-12-24
pg4,2024-12-24,bx_mean,18639.578133564813,Bx,Mean,2024-12-24,2024-12-25
pg4,2024-12-25,bx_mean,18604.287884953705,Bx,Mean,2024-12-25,2024-12-26
pg4,2024-12-26,bx_mean,18613.501640625,Bx,Mean,2024-12-26,2024-12-27
pg4,2024-12-27,bx_mean,18616.91877436325,Bx,Mean,2024-12-27,2024-12-28
pg4,2024-12-28,bx_mean,18612.92551604148,Bx,Mean,2024-12-28,2024-12-29
pg4,2024-12-29,bx_mean,18603.79952199074,Bx,Mean,2024-12-29,2024-12-30
pg4,2024-12-30,bx_mean,18589.03359224537,Bx,Mean,2024-12-30,2024-12-31
pg4,2024-12-31,bx_mean,18564.79341076389,Bx,Mean,2024-12-31,2025-01-01
pg5,2024-01-01,bx_mean,17933.113228269678,Bx,Mean,2024-01-01,2024-01-02
pg5,2024-01-02,bx_mean,17936.61823303939,Bx,Mean,2024-01-02,2024-01-03
pg5,2024-01-03,bx_mean,17924.8175288613,Bx,Mean,2024-01-03,2024-01-04
pg5,2024-01-04,bx_mean,17920.48256290916,Bx,Mean,2024-01-04,2024-01-05
pg5,2024-01-05,bx_mean,17902.670544079243,Bx,Mean,2024-01-05,2024-01-06
pg5,2024-01-06,bx_mean,17905.517445865564,Bx,Mean,2024-01-06,2024-01-07
pg5,2024-01-07,bx_mean,17899.37069673384,Bx,Mean,2024-01-07,2024-01-08
pg5,2024-01-08,bx_mean,17904.41569971119,Bx,Mean,2024-01-08,2024-01-09
pg5,2024-01-09,bx_mean,17890.688904254443,Bx,Mean,2024-01-09,2024-01-10
pg5,2024-01-10,bx_mean,17908.927636340093,Bx,Mean,2024-01-10,2024-01-11
pg5,2024-01-11,bx_mean,17878.6506762534,Bx,Mean,2024-01-11,2024-01-12
pg5,2024-01-12,bx_mean,17899.33177904229,Bx,Mean,2024-01-12,2024-01-13
pg5,2024-01-13,bx_mean,17917.374748135426,Bx,Mean,2024-01-13,2024-01-14
pg5,2024-01-14,bx_mean,17921.215193354576,Bx,Mean,2024-01-14,2024-01-15
pg5,2024-01-15,bx_mean,17926.87937165445,Bx,Mean,2024-01-15,2024-01-16
pg5,2024-01-16,bx_mean,17923.750411797897,Bx,Mean,2024-01-16,2024-01-17
pg5,2024-01-17,bx_mean,17893.294429403802,Bx,Mean,2024-01-17,2024-01-18
pg5,2024-01-18,bx_mean,17897.820945541873,Bx,Mean,2024-01-18,2024-01-19
pg5,2024-01-19,bx_mean,17877.280824914244,Bx,Mean,2024-01-19,2024-01-20
pg5,2024-01-20,bx_mean,17910.34525295258,Bx,Mean,2024-01-20,2024-01-21
pg5,2024-01-21,bx_mean,17862.551700145836,Bx,Mean,2024-01-21,2024-01-22
pg5,2024-01-22,bx_mean,17918.319918160425,Bx,Mean,2024-01-22,2024-01-23
pg5,2024-01-23,bx_mean,17905.65055150463,Bx,Mean,2024-01-23,2024-01-24
pg5,2024-01-24,bx_mean,17904.058014930557,Bx,Mean,2024-01-24,2024-01-25
pg5,2024-01-25,bx_mean,17912.881179166667,Bx,Mean,2024-01-25,2024-01-26
pg5,2024-01-26,bx_mean,17932.36912534722,Bx,Mean,2024-01-26,2024-01-27
pg5,2024-01-27,bx_mean,17885.629994212963,Bx,Mean,2024-01-27,2024-01-28
pg5,2024-01-28,bx_mean,17920.923955555558,Bx,Mean,2024-01-28,2024-01-29
pg5,2024-01-29,bx_mean,17923.710477546298,Bx,Mean,2024-01-29,2024-01-30
pg5,2024-01-30,bx_mean,17906.903403935183,Bx,Mean,2024-01-30,2024-01-31
pg5,2024-01-31,bx_mean,17910.01956863426,Bx,Mean,2024-01-31,2024-02-01
pg5,2024-02-01,bx_mean,17913.881139583333,Bx,Mean,2024-02-01,2024-02-02
pg5,2024-02-02,bx_mean,17880.52653946759,Bx,Mean,2024-02-02,2024-02-03
pg5,2024-02-03,bx_mean,17898.11141150545,Bx,Mean,2024-02-03,2024-02-04
pg5,2024-02-04,bx_mean,17919.086740740742,Bx,Mean,2024-02-04,2024-02-05
pg5,2024-02-05,bx_mean,17890.815624074075,Bx,Mean,2024-02-05,2024-02-06
pg5,2024-02-06,bx_mean,17874.744180948725,Bx,Mean,2024-02-06,2024-02-07
pg5,2024-02-07,bx_mean,17878.641342274062,Bx,Mean,2024-02-07,2024-02-08
pg5,2024-02-08,bx_mean,17876.370529182248,Bx,Mean,2024-02-08,2024-02-09
pg5,2024-02-09,bx_mean,17882.525707220804,Bx,Mean,2024-02-09,2024-02-10
pg5,2024-02-10,bx_mean,17898.913347631005,Bx,Mean,2024-02-10,2024-02-11
pg5,2024-02-11,bx_mean,17863.598953022938,Bx,Mean,2024-02-11,2024-02-12
pg5,2024-02-12,bx_mean,17873.051600380546,Bx,Mean,2024-02-12,2024-02-13
pg5,2024-02-13,bx_mean,17900.552181769148,Bx,Mean,2024-02-13,2024-02-14
pg5,2024-02-14,bx_mean,17870.191091495224,Bx,Mean,2024-02-14,2024-02-15
pg5,2024-02-15,bx_mean,17891.205480106848,Bx,Mean,2024-02-15,2024-02-16
pg5,2024-02-16,bx_mean,17882.231230894136,Bx,Mean,2024-02-16,2024-02-17
pg5,2024-02-17,bx_mean,17902.390763232568,Bx,Mean,2024-02-17,2024-02-18
pg5,2024-02-18,bx_mean,17872.950942618634,Bx,Mean,2024-02-18,2024-02-19
pg5,2024-02-19,bx_mean,17904.95064560185,Bx,Mean,2024-02-19,2024-02-20
pg5,2024-02-20,bx_mean,17883.028319832338,Bx,Mean,2024-02-20,2024-02-21
pg5,2024-02-21,bx_mean,17901.900765196217,Bx,Mean,2024-02-21,2024-02-22
pg5,2024-02-22,bx_mean,17873.02119925469,Bx,Mean,2024-02-22,2024-02-23
pg5,2024-02-23,bx_mean,17887.204806678485,Bx,Mean,2024-02-23,2024-02-24
pg5,2024-02-24,bx_mean,17900.512937268515,Bx,Mean,2024-02-24,2024-02-25
pg5,2024-02-25,bx_mean,17854.58580358796,Bx,Mean,2024-02-25,2024-02-26
pg5,2024-02-26,bx_mean,17861.351060185185,Bx,Mean,2024-02-26,2024-02-27
pg5,2024-02-27,bx_mean,17873.254808564812,Bx,Mean,2024-02-27,2024-02-28
pg5,2024-02-28,bx_mean,17879.52819396983,Bx,Mean,2024-02-28,2024-02-29
pg5,2024-02-29,bx_mean,17880.737330722794,Bx,Mean,2024-02-29,2024-03-01
pg5,2024-03-01,bx_mean,17879.996095097686,Bx,Mean,2024-03-01,2024-03-02
pg5,2024-03-02,bx_mean,17871.51983622685,Bx,Mean,2024-03-02,2024-03-03
pg5,2024-03-03,bx_mean,17867.167471120534,Bx,Mean,2024-03-03,2024-03-04
pg5,2024-03-04,bx_mean,17867.273142056813,Bx,Mean,2024-03-04,2024-03-05
pg5,2024-03-05,bx_mean,17865.63237168039,Bx,Mean,2024-03-05,2024-03-06
pg5,2024-03-06,bx_mean,17857.345239023936,Bx,Mean,2024-03-06,2024-03-07
pg5,2024-03-07,bx_mean,17875.97269082086,Bx,Mean,2024-03-07,2024-03-08
pg5,2024-03-08,bx_mean,17856.373955092593,Bx,Mean,2024-03-08,2024-03-09
pg5,2024-03-09,bx_mean,17871.652674375408,Bx,Mean,2024-03-09,2024-03-10
pg5,2024-03-10,bx_mean,17864.518960345467,Bx,Mean,2024-03-10,2024-03-11
pg5,2024-03-11,bx_mean,17856.70274726041,Bx,Mean,2024-03-11,2024-03-12
pg5,2024-03-12,bx_mean,17878.360762690238,Bx,Mean,2024-03-12,2024-03-13
pg5,2024-03-13,bx_mean,17863.43448142945,Bx,Mean,2024-03-13,2024-03-14
pg5,2024-03-14,bx_mean,17879.351585992143,Bx,Mean,2024-03-14,2024-03-15
pg5,2024-03-15,bx_mean,17854.737421993934,Bx,Mean,2024-03-15,2024-03-16
pg5,2024-03-16,bx_mean,17877.17846649634,Bx,Mean,2024-03-16,2024-03-17
pg5,2024-03-17,bx_mean,17877.786868987314,Bx,Mean,2024-03-17,2024-03-18
pg5,2024-03-18,bx_mean,17895.53287628962,Bx,Mean,2024-03-18,2024-03-19
pg5,2024-03-19,bx_mean,17867.450789397233,Bx,Mean,2024-03-19,2024-03-20
pg5,2024-03-20,bx_mean,17875.69705491255,Bx,Mean,2024-03-20,2024-03-21
pg5,2024-03-21,bx_mean,17845.798286335066,Bx,Mean,2024-03-21,2024-03-22
pg5,2024-03-22,bx_mean,17855.99050180711,Bx,Mean,2024-03-22,2024-03-23
pg5,2024-03-23,bx_mean,17860.92248548819,Bx,Mean,2024-03-23,2024-03-24
pg5,2024-03-24,bx_mean,17840.200949421294,Bx,Mean,2024-03-24,2024-03-25
pg5,2024-03-25,bx_mean,17865.147972030405,Bx,Mean,2024-03-25,2024-03-26
pg5,2024-03-26,bx_mean,17856.855685416667,Bx,Mean,2024-03-26,2024-03-27
pg5,2024-03-27,bx_mean,17853.236381978382,Bx,Mean,2024-03-27,2024-03-28
pg5,2024-03-28,bx_mean,17861.638213337967,Bx,Mean,2024-03-28,2024-03-29
pg5,2024-03-29,bx_mean,17856.143553125,Bx,Mean,2024-03-29,2024-03-30
pg5,2024-03-30,bx_mean,17883.690235763886,Bx,Mean,2024-03-30,2024-03-31
pg5,2024-03-31,bx_mean,17862.337969212964,Bx,Mean,2024-03-31,2024-04-01
pg5,2024-04-01,bx_mean,17850.74334002041,Bx,Mean,2024-04-01,2024-04-02
pg5,2024-04-02,bx_mean,17866.40211851852,Bx,Mean,2024-04-02,2024-04-03
pg5,2024-04-03,bx_mean,17853.638465046297,Bx,Mean,2024-04-03,2024-04-04
pg5,2024-04-04,bx_mean,17867.838851967594,Bx,Mean,2024-04-04,2024-04-05
pg5,2024-04-05,bx_mean,17840.438095023146,Bx,Mean,2024-04-05,2024-04-06
pg5,2024-04-06,bx_mean,17841.433229166665,Bx,Mean,2024-04-06,2024-04-07
pg5,2024-04-07,bx_mean,17861.47391666667,Bx,Mean,2024-04-07,2024-04-08
pg5,2024-04-08,bx_mean,17830.308929816812,Bx,Mean,2024-04-08,2024-04-09
pg5,2024-04-09,bx_mean,17832.853095486113,Bx,Mean,2024-04-09,2024-04-10
pg5,2024-04-10,bx_mean,17869.91524722222,Bx,Mean,2024-04-10,2024-04-11
pg5,2024-04-11,bx_mean,17867.07050590278,Bx,Mean,2024-04-11,2024-04-12
pg5,2024-04-12,bx_mean,17860.66826516204,Bx,Mean,2024-04-12,2024-04-13
pg5,2024-04-13,bx_mean,17859.304038541668,Bx,Mean,2024-04-13,2024-04-14
pg5,2024-04-14,bx_mean,17871.018839120366,Bx,Mean,2024-04-14,2024-04-15
pg5,2024-04-15,bx_mean,17877.12491134259,Bx,Mean,2024-04-15,2024-04-16
pg5,2024-04-16,bx_mean,17782.582217824074,Bx,Mean,2024-04-16,2024-04-17
pg5,2024-04-17,bx_mean,17878.897102430557,Bx,Mean,2024-04-17,2024-04-18
pg5,2024-04-18,bx_mean,17871.61484537037,Bx,Mean,2024-04-18,2024-04-19
pg5,2024-04-19,bx_mean,17773.373942476854,Bx,Mean,2024-04-19,2024-04-20
pg5,2024-04-20,bx_mean,17834.433843634262,Bx,Mean,2024-04-20,2024-04-21
pg5,2024-04-21,bx_mean,17794.961727546295,Bx,Mean,2024-04-21,2024-04-22
pg5,2024-04-22,bx_mean,17829.232115509258,Bx,Mean,2024-04-22,2024-04-23
pg5,2024-04-23,bx_mean,17815.440186574073,Bx,Mean,2024-04-23,2024-04-24
pg5,2024-04-24,bx_mean,17860.499407291667,Bx,Mean,2024-04-24,2024-04-25
pg5,2024-04-25,bx_mean,17871.00789398148,Bx,Mean,2024-04-25,2024-04-26
pg5,2024-04-26,bx_mean,17807.849211921293,Bx,Mean,2024-04-26,2024-04-27
pg5,2024-04-27,bx_mean,17841.573057060185,Bx,Mean,2024-04-27,2024-04-28
pg5,2024-04-28,bx_mean,17849.02633796296,Bx,Mean,2024-04-28,2024-04-29
pg5,2024-04-29,bx_mean,17867.47575092593,Bx,Mean,2024-04-29,2024-04-30
pg5,2024-04-30,bx_mean,17845.80247523148,Bx,Mean,2024-04-30,2024-05-01
pg5,2024-05-01,bx_mean,17858.076148958335,Bx,Mean,2024-05-01,2024-05-02
pg5,2024-05-02,bx_mean,17786.17468935185,Bx,Mean,2024-05-02,2024-05-03
pg5,2024-05-03,bx_mean,17842.05661261574,Bx,Mean,2024-05-03,2024-05-04
pg5,2024-05-04,bx_mean,17863.20664560185,Bx,Mean,2024-05-04,2024-05-05
pg5,2024-05-05,bx_mean,17842.89190266204,Bx,Mean,2024-05-05,2024-05-06
pg5,2024-05-06,bx_mean,17861.03568935185,Bx,Mean,2024-05-06,2024-05-07
pg5,2024-05-07,bx_mean,17868.39459722222,Bx,Mean,2024-05-07,2024-05-08
pg5,2024-05-08,bx_mean,17863.23907650463,Bx,Mean,2024-05-08,2024-05-09
pg5,2024-05-09,bx_mean,17867.76051863426,Bx,Mean,2024-05-09,2024-05-10
pg5,2024-05-10,bx_mean,17754.250077430555,Bx,Mean,2024-05-10,2024-05-11
pg5,2024-05-11,bx_mean,17585.041805671295,Bx,Mean,2024-05-11,2024-05-12
pg5,2024-05-12,bx_mean,17743.199877662035,Bx,Mean,2024-05-12,2024-05-13
pg5,2024-05-13,bx_mean,17845.34815173611,Bx,Mean,2024-05-13,2024-05-14
pg5,2024-05-14,bx_mean,17861.762129628558,Bx,Mean,2024-05-14,2024-05-15
pg5,2024-05-15,bx_mean,17830.963310069445,Bx,Mean,2024-05-15,2024-05-16
pg5,2024-05-16,bx_mean,17730.682649768518,Bx,Mean,2024-05-16,2024-05-17
pg5,2024-05-17,bx_mean,17826.44585752315,Bx,Mean,2024-05-17,2024-05-18
pg5,2024-05-18,bx_mean,17802.26244039352,Bx,Mean,2024-05-18,2024-05-19
pg5,2024-05-19,bx_mean,17850.04782303241,Bx,Mean,2024-05-19,2024-05-20
pg5,2024-05-20,bx_mean,17855.629270254627,Bx,Mean,2024-05-20,2024-05-21
pg5,2024-05-21,bx_mean,17858.131787731483,Bx,Mean,2024-05-21,2024-05-22
pg5,2024-05-22,bx_mean,17867.363667245372,Bx,Mean,2024-05-22,2024-05-23
pg5,2024-05-23,bx_mean,17857.704848167174,Bx,Mean,2024-05-23,2024-05-24
pg5,2024-05-24,bx_mean,17809.085921504517,Bx,Mean,2024-05-24,2024-05-25
pg5,2024-05-25,bx_mean,17851.78696398547,Bx,Mean,2024-05-25,2024-05-26
pg5,2024-05-26,bx_mean,17848.513010388753,Bx,Mean,2024-05-26,2024-05-27
pg5,2024-05-27,bx_mean,17845.423980308096,Bx,Mean,2024-05-27,2024-05-28
pg5,2024-05-28,bx_mean,17862.85295717572,Bx,Mean,2024-05-28,2024-05-29
pg5,2024-05-29,bx_mean,17875.181608564813,Bx,Mean,2024-05-29,2024-05-30
pg5,2024-05-30,bx_mean,17866.96029652778,Bx,Mean,2024-05-30,2024-05-31
pg5,2024-05-31,bx_mean,17807.856542824076,Bx,Mean,2024-05-31,2024-06-01
pg5,2024-06-01,bx_mean,17841.326019791668,Bx,Mean,2024-06-01,2024-06-02
pg5,2024-06-02,bx_mean,17867.04819201389,Bx,Mean,2024-06-02,2024-06-03
pg5,2024-06-03,bx_mean,17852.467204745375,Bx,Mean,2024-06-03,2024-06-04
pg5,2024-06-04,bx_mean,17829.696101273148,Bx,Mean,2024-06-04,2024-06-05
pg5,2024-06-05,bx_mean,17864.63412662037,Bx,Mean,2024-06-05,2024-06-06
pg5,2024-06-06,bx_mean,17817.261159722224,Bx,Mean,2024-06-06,2024-06-07
pg5,2024-06-07,bx_mean,17797.549536805556,Bx,Mean,2024-06-07,2024-06-08
pg5,2024-06-08,bx_mean,17831.52099664352,Bx,Mean,2024-06-08,2024-06-09
pg5,2024-06-09,bx_mean,17856.300986921295,Bx,Mean,2024-06-09,2024-06-10
pg5,2024-06-10,bx_mean,17879.39119050926,Bx,Mean,2024-06-10,2024-06-11
pg5,2024-06-11,bx_mean,17850.276795949074,Bx,Mean,2024-06-11,2024-06-12
pg5,2024-06-12,bx_mean,17867.476525231483,Bx,Mean,2024-06-12,2024-06-13
pg5,2024-06-13,bx_mean,17866.237754513888,Bx,Mean,2024-06-13,2024-06-14
pg5,2024-06-14,bx_mean,17843.114933101853,Bx,Mean,2024-06-14,2024-06-15
pg5,2024-06-15,bx_mean,17805.532362037036,Bx,Mean,2024-06-15,2024-06-16
pg5,2024-06-16,bx_mean,17833.024092245374,Bx,Mean,2024-06-16,2024-06-17
pg5,2024-06-17,bx_mean,17868.020035069443,Bx,Mean,2024-06-17,2024-06-18
pg5,2024-06-18,bx_mean,17840.813355555554,Bx,Mean,2024-06-18,2024-06-19
pg5,2024-06-19,bx_mean,17843.99862384259,Bx,Mean,2024-06-19,2024-06-20
pg5,2024-06-20,bx_mean,17851.8291,Bx,Mean,2024-06-20,2024-06-21
pg5,2024-06-21,bx_mean,17858.128429513887,Bx,Mean,2024-06-21,2024-06-22
pg5,2024-06-22,bx_mean,17867.572713194444,Bx,Mean,2024-06-22,2024-06-23
pg5,2024-06-23,bx_mean,17837.89651875,Bx,Mean,2024-06-23,2024-06-24
pg5,2024-06-24,bx_mean,17856.645316435184,Bx,Mean,2024-06-24,2024-06-25
pg5,2024-06-25,bx_mean,17805.988374999997,Bx,Mean,2024-06-25,2024-06-26
pg5,2024-06-26,bx_mean,17821.56915648148,Bx,Mean,2024-06-26,2024-06-27
pg5,2024-06-27,bx_mean,17856.566032175928,Bx,Mean,2024-06-27,2024-06-28
pg5,2024-06-28,bx_mean,17778.082593865744,Bx,Mean,2024-06-28,2024-06-29
pg5,2024-06-29,bx_mean,17844.037666898148,Bx,Mean,2024-06-29,2024-06-30
pg5,2024-06-30,bx_mean,17863.937608101853,Bx,Mean,2024-06-30,2024-07-01
pg5,2024-07-01,bx_mean,17848.689743518516,Bx,Mean,2024-07-01,2024-07-02
pg5,2024-07-02,bx_mean,17856.735382754632,Bx,Mean,2024-07-02,2024-07-03
pg5,2024-07-03,bx_mean,17851.908248032407,Bx,Mean,2024-07-03,2024-07-04
pg5,2024-07-04,bx_mean,17854.66782210648,Bx,Mean,2024-07-04,2024-07-05
pg5,2024-07-05,bx_mean,17856.87519699074,Bx,Mean,2024-07-05,2024-07-06
pg5,2024-07-06,bx_mean,17860.79920497685,Bx,Mean,2024-07-06,2024-07-07
pg5,2024-07-07,bx_mean,17851.745868055557,Bx,Mean,2024-07-07,2024-07-08
pg5,2024-07-08,bx_mean,17852.165603356483,Bx,Mean,2024-07-08,2024-07-09
pg5,2024-07-09,bx_mean,17841.394117376505,Bx,Mean,2024-07-09,2024-07-10
pg5,2024-10-23,bx_mean,17884.34350037397,Bx,Mean,2024-10-23,2024-10-24
pg5,2024-10-24,bx_mean,17853.13287478503,Bx,Mean,2024-10-24,2024-10-25
pg5,2024-10-25,bx_mean,17882.761403009255,Bx,Mean,2024-10-25,2024-10-26
pg5,2024-10-26,bx_mean,17908.86172071006,Bx,Mean,2024-10-26,2024-10-27
pg5,2024-10-27,bx_mean,17939.513070210844,Bx,Mean,2024-10-27,2024-10-28
pg5,2024-10-28,bx_mean,17890.620533217592,Bx,Mean,2024-10-28,2024-10-29
pg5,2024-10-29,bx_mean,17890.168674074073,Bx,Mean,2024-10-29,2024-10-30
pg5,2024-10-30,bx_mean,17861.15049733796,Bx,Mean,2024-10-30,2024-10-31
pg5,2024-10-31,bx_mean,17888.08037986111,Bx,Mean,2024-10-31,2024-11-01
pg5,2024-11-01,bx_mean,17881.088097106483,Bx,Mean,2024-11-01,2024-11-02
pg5,2024-11-02,bx_mean,17849.829281134258,Bx,Mean,2024-11-02,2024-11-03
pg5,2024-11-03,bx_mean,17889.148441782407,Bx,Mean,2024-11-03,2024-11-04
pg5,2024-11-04,bx_mean,17863.901754629627,Bx,Mean,2024-11-04,2024-11-05
pg5,2024-11-05,bx_mean,17884.927063078703,Bx,Mean,2024-11-05,2024-11-06
pg5,2024-11-06,bx_mean,17892.17625787037,Bx,Mean,2024-11-06,2024-11-07
pg5,2024-11-07,bx_mean,17867.728452083335,Bx,Mean,2024-11-07,2024-11-08
pg5,2024-11-08,bx_mean,17918.268260185185,Bx,Mean,2024-11-08,2024-11-09
pg5,2024-11-09,bx_mean,17894.975055092593,Bx,Mean,2024-11-09,2024-11-10
pg5,2024-11-10,bx_mean,17862.46290636574,Bx,Mean,2024-11-10,2024-11-11
pg5,2024-11-11,bx_mean,17862.16576308578,Bx,Mean,2024-11-11,2024-11-12
pg5,2024-11-12,bx_mean,17867.509426620367,Bx,Mean,2024-11-12,2024-11-13
pg5,2024-11-13,bx_mean,17882.965463870656,Bx,Mean,2024-11-13,2024-11-14
pg5,2024-11-14,bx_mean,17881.553723632485,Bx,Mean,2024-11-14,2024-11-15
pg5,2024-11-15,bx_mean,17859.18693851359,Bx,Mean,2024-11-15,2024-11-16
pg5,2024-11-16,bx_mean,17844.793568784055,Bx,Mean,2024-11-16,2024-11-17
pg5,2024-11-17,bx_mean,17857.12502588197,Bx,Mean,2024-11-17,2024-11-18
pg5,2024-11-18,bx_mean,17886.21809211601,Bx,Mean,2024-11-18,2024-11-19
pg5,2024-11-19,bx_mean,17880.881603710066,Bx,Mean,2024-11-19,2024-11-20
pg5,2024-11-20,bx_mean,17849.92519054488,Bx,Mean,2024-11-20,2024-11-21
pg5,2024-11-21,bx_mean,17893.732860213553,Bx,Mean,2024-11-21,2024-11-22
pg5,2024-11-22,bx_mean,17929.312687377875,Bx,Mean,2024-11-22,2024-11-23
pg5,2024-11-23,bx_mean,17899.973438576082,Bx,Mean,2024-11-23,2024-11-24
pg5,2024-11-24,bx_mean,17887.99099953704,Bx,Mean,2024-11-24,2024-11-25
pg5,2024-11-25,bx_mean,17909.496918682285,Bx,Mean,2024-11-25,2024-11-26
pg5,2024-11-26,bx_mean,17894.265617303554,Bx,Mean,2024-11-26,2024-11-27
pg5,2024-11-27,bx_mean,17904.925834353377,Bx,Mean,2024-11-27,2024-11-28
pg5,2024-11-28,bx_mean,17897.878058824223,Bx,Mean,2024-11-28,2024-11-29
pg5,2024-11-29,bx_mean,17908.969207446058,Bx,Mean,2024-11-29,2024-11-30
pg5,2024-11-30,bx_mean,17898.64426137099,Bx,Mean,2024-11-30,2024-12-01
pg5,2024-12-01,bx_mean,17889.006429891797,Bx,Mean,2024-12-01,2024-12-02
pg5,2024-12-02,bx_mean,17878.203668949613,Bx,Mean,2024-12-02,2024-12-03
pg5,2024-12-03,bx_mean,17894.346067444785,Bx,Mean,2024-12-03,2024-12-04
pg5,2024-12-04,bx_mean,17934.154488760145,Bx,Mean,2024-12-04,2024-12-05
pg5,2024-12-05,bx_mean,17895.849819826177,Bx,Mean,2024-12-05,2024-12-06
pg5,2024-12-06,bx_mean,17902.96832465288,Bx,Mean,2024-12-06,2024-12-07
pg5,2024-12-07,bx_mean,17899.38732348788,Bx,Mean,2024-12-07,2024-12-08
pg5,2024-12-08,bx_mean,17866.574962909846,Bx,Mean,2024-12-08,2024-12-09
pg5,2024-12-09,bx_mean,17853.718088342463,Bx,Mean,2024-12-09,2024-12-10
pg5,2024-12-10,bx_mean,17871.75554908192,Bx,Mean,2024-12-10,2024-12-11
pg5,2024-12-11,bx_mean,17865.571168612787,Bx,Mean,2024-12-11,2024-12-12
pg5,2024-12-12,bx_mean,17909.423830402484,Bx,Mean,2024-12-12,2024-12-13
pg5,2024-12-13,bx_mean,17908.33186298855,Bx,Mean,2024-12-13,2024-12-14
pg5,2024-12-14,bx_mean,17882.643235945266,Bx,Mean,2024-12-14,2024-12-15
pg5,2024-12-15,bx_mean,17895.11350973193,Bx,Mean,2024-12-15,2024-12-16
pg5,2024-12-16,bx_mean,17881.27113613631,Bx,Mean,2024-12-16,2024-12-17
pg5,2024-12-17,bx_mean,17909.71102458102,Bx,Mean,2024-12-17,2024-12-18
pg5,2024-12-18,bx_mean,17912.431805073273,Bx,Mean,2024-12-18,2024-12-19
pg5,2024-12-19,bx_mean,17906.094073769236,Bx,Mean,2024-12-19,2024-12-20
pg5,2024-12-20,bx_mean,17924.686500688957,Bx,Mean,2024-12-20,2024-12-21
pg5,2024-12-21,bx_mean,17923.49892269485,Bx,Mean,2024-12-21,2024-12-22
pg5,2024-12-22,bx_mean,17937.958318431225,Bx,Mean,2024-12-22,2024-12-23
pg5,2024-12-23,bx_mean,17928.881593838192,Bx,Mean,2024-12-23,2024-12-24
pg5,2024-12-24,bx_mean,17923.776465135456,Bx,Mean,2024-12-24,2024-12-25
pg5,2024-12-25,bx_mean,17887.24733032525,Bx,Mean,2024-12-25,2024-12-26
pg5,2024-12-26,bx_mean,17900.84527111906,Bx,Mean,2024-12-26,2024-12-27
pg5,2024-12-27,bx_mean,17910.072333085835,Bx,Mean,2024-12-27,2024-12-28
pg5,2024-12-28,bx_mean,17903.2412099502,Bx,Mean,2024-12-28,2024-12-29
pg5,2024-12-29,bx_mean,17893.082772040554,Bx,Mean,2024-12-29,2024-12-30
pg5,2024-12-30,bx_mean,17889.490233947763,Bx,Mean,2024-12-30,2024-12-31
pg5,2024-12-31,bx_mean,17878.77911011712,Bx,Mean,2024-12-31,2025-01-01
pg0,2020-01-08,bx_mean,14784.76908772874,Bx,Mean,2020-01-08,2020-01-09
pg0,2020-01-09,bx_mean,14841.519522339542,Bx,Mean,2020-01-09,2020-01-10
pg0,2020-01-10,bx_mean,14820.944176855308,Bx,Mean,2020-01-10,2020-01-11
pg0,2020-01-11,bx_mean,14817.976330167938,Bx,Mean,2020-01-11,2020-01-12
pg0,2020-01-12,bx_mean,14820.204834717511,Bx,Mean,2020-01-12,2020-01-13
pg0,2020-01-13,bx_mean,14806.780560741105,Bx,Mean,2020-01-13,2020-01-14
pg0,2020-01-14,bx_mean,14769.372066295497,Bx,Mean,2020-01-14,2020-01-15
pg0,2020-01-15,bx_mean,14769.21984225174,Bx,Mean,2020-01-15,2020-01-16
pg0,2020-01-16,bx_mean,14793.68158879052,Bx,Mean,2020-01-16,2020-01-17
pg0,2020-01-17,bx_mean,14774.835610443692,Bx,Mean,2020-01-17,2020-01-18
pg0,2020-01-18,bx_mean,14790.582143366746,Bx,Mean,2020-01-18,2020-01-19
pg0,2020-01-19,bx_mean,14806.969695541313,Bx,Mean,2020-01-19,2020-01-20
pg0,2020-01-20,bx_mean,14807.882117451663,Bx,Mean,2020-01-20,2020-01-21
pg0,2020-01-21,bx_mean,14801.525058453186,Bx,Mean,2020-01-21,2020-01-22
pg0,2020-01-22,bx_mean,14828.78014380919,Bx,Mean,2020-01-22,2020-01-23
pg0,2020-01-23,bx_mean,14816.279072962376,Bx,Mean,2020-01-23,2020-01-24
pg0,2020-01-24,bx_mean,14811.177991458992,Bx,Mean,2020-01-24,2020-01-25
pg0,2020-01-25,bx_mean,14802.652588923327,Bx,Mean,2020-01-25,2020-01-26
pg0,2020-01-26,bx_mean,14785.517861286547,Bx,Mean,2020-01-26,2020-01-27
pg0,2020-01-27,bx_mean,14797.440147512987,Bx,Mean,2020-01-27,2020-01-28
pg0,2020-01-28,bx_mean,14809.931708532136,Bx,Mean,2020-01-28,2020-01-29
pg0,2020-01-29,bx_mean,14818.469630704423,Bx,Mean,2020-01-29,2020-01-30
pg0,2020-01-30,bx_mean,14798.489430794432,Bx,Mean,2020-01-30,2020-01-31
pg0,2020-01-31,bx_mean,14823.067123661904,Bx,Mean,2020-01-31,2020-02-01
pg0,2020-02-01,bx_mean,14794.512978701005,Bx,Mean,2020-02-01,2020-02-02
pg0,2020-02-02,bx_mean,14797.358230798982,Bx,Mean,2020-02-02,2020-02-03
pg0,2020-02-03,bx_mean,14803.105536480683,Bx,Mean,2020-02-03,2020-02-04
pg0,2020-02-04,bx_mean,14800.81205113204,Bx,Mean,2020-02-04,2020-02-05
pg0,2020-02-05,bx_mean,14803.414551356282,Bx,Mean,2020-02-05,2020-02-06
pg0,2020-02-06,bx_mean,14805.730822507783,Bx,Mean,2020-02-06,2020-02-07
pg0,2020-02-07,bx_mean,14803.853788747894,Bx,Mean,2020-02-07,2020-02-08
pg0,2020-02-08,bx_mean,14799.593363480011,Bx,Mean,2020-02-08,2020-02-09
pg0,2020-02-09,bx_mean,14804.71244114481,Bx,Mean,2020-02-09,2020-02-10
pg0,2020-02-10,bx_mean,14803.516449453457,Bx,Mean,2020-02-10,2020-02-11
pg0,2020-02-11,bx_mean,14778.76891028641,Bx,Mean,2020-02-11,2020-02-12
pg0,2020-02-12,bx_mean,14796.978198624049,Bx,Mean,2020-02-12,2020-02-13
pg0,2020-02-13,bx_mean,14780.794115528532,Bx,Mean,2020-02-13,2020-02-14
pg0,2020-02-14,bx_mean,14788.900238212236,Bx,Mean,2020-02-14,2020-02-15
pg0,2020-02-15,bx_mean,14782.438822181164,Bx,Mean,2020-02-15,2020-02-16
pg0,2020-02-16,bx_mean,14798.47756334667,Bx,Mean,2020-02-16,2020-02-17
pg0,2020-02-17,bx_mean,14788.540094680102,Bx,Mean,2020-02-17,2020-02-18
pg0,2020-02-18,bx_mean,14777.063274202612,Bx,Mean,2020-02-18,2020-02-19
pg0,2020-02-19,bx_mean,14807.26992582366,Bx,Mean,2020-02-19,2020-02-20
pg0,2020-02-20,bx_mean,14805.056487577674,Bx,Mean,2020-02-20,2020-02-21
pg0,2020-02-21,bx_mean,14815.251779633269,Bx,Mean,2020-02-21,2020-02-22
pg0,2020-02-22,bx_mean,14786.687623371912,Bx,Mean,2020-02-22,2020-02-23
pg0,2020-02-23,bx_mean,14824.774261645192,Bx,Mean,2020-02-23,2020-02-24
pg0,2020-02-27,bx_mean,14794.23990867217,Bx,Mean,2020-02-27,2020-02-28
pg0,2020-02-28,bx_mean,14783.108117140617,Bx,Mean,2020-02-28,2020-02-29
pg0,2020-02-29,bx_mean,14787.977224333712,Bx,Mean,2020-02-29,2020-03-01
pg0,2020-03-01,bx_mean,14797.115272340076,Bx,Mean,2020-03-01,2020-03-02
pg0,2020-03-02,bx_mean,14785.623491877446,Bx,Mean,2020-03-02,2020-03-03
pg0,2020-03-03,bx_mean,14783.49408915092,Bx,Mean,2020-03-03,2020-03-04
pg0,2020-03-04,bx_mean,14766.555036841246,Bx,Mean,2020-03-04,2020-03-05
pg0,2020-03-05,bx_mean,14764.65339176223,Bx,Mean,2020-03-05,2020-03-06
pg0,2020-03-06,bx_mean,14781.557782132577,Bx,Mean,2020-03-06,2020-03-07
pg0,2020-03-07,bx_mean,14776.46841974066,Bx,Mean,2020-03-07,2020-03-08
pg0,2020-03-08,bx_mean,14786.631913445231,Bx,Mean,2020-03-08,2020-03-09
pg0,2020-03-09,bx_mean,14779.549415598092,Bx,Mean,2020-03-09,2020-03-10
pg0,2020-03-10,bx_mean,14796.420062196192,Bx,Mean,2020-03-10,2020-03-11
pg0,2020-03-11,bx_mean,14788.972844845732,Bx,Mean,2020-03-11,2020-03-12
pg0,2020-03-12,bx_mean,14784.992231373051,Bx,Mean,2020-03-12,2020-03-13
pg0,2020-03-13,bx_mean,14794.388217821785,Bx,Mean,2020-03-13,2020-03-14
pg0,2020-03-14,bx_mean,14785.194930107968,Bx,Mean,2020-03-14,2020-03-15
pg0,2020-03-15,bx_mean,14786.75518431886,Bx,Mean,2020-03-15,2020-03-16
pg0,2020-03-16,bx_mean,14782.990010414473,Bx,Mean,2020-03-16,2020-03-17
pg0,2020-03-17,bx_mean,14785.357037474838,Bx,Mean,2020-03-17,2020-03-18
pg0,2020-03-18,bx_mean,14780.698918665996,Bx,Mean,2020-03-18,2020-03-19
pg0,2020-03-19,bx_mean,14796.251995368044,Bx,Mean,2020-03-19,2020-03-20
pg0,2020-03-20,bx_mean,14781.408823026271,Bx,Mean,2020-03-20,2020-03-21
pg0,2020-03-21,bx_mean,14783.071872046785,Bx,Mean,2020-03-21,2020-03-22
pg0,2020-03-22,bx_mean,14799.547158652156,Bx,Mean,2020-03-22,2020-03-23
pg0,2020-03-23,bx_mean,14780.8829482109,Bx,Mean,2020-03-23,2020-03-24
pg0,2020-03-24,bx_mean,14795.895433567252,Bx,Mean,2020-03-24,2020-03-25
pg0,2020-03-25,bx_mean,14793.417159455224,Bx,Mean,2020-03-25,2020-03-26
pg0,2020-03-26,bx_mean,14788.609084372009,Bx,Mean,2020-03-26,2020-03-27
pg0,2020-03-27,bx_mean,14788.36664097406,Bx,Mean,2020-03-27,2020-03-28
pg0,2020-03-28,bx_mean,14784.501093179904,Bx,Mean,2020-03-28,2020-03-29
pg0,2020-03-29,bx_mean,14774.407099653705,Bx,Mean,2020-03-29,2020-03-30
pg0,2020-03-30,bx_mean,14779.659919421802,Bx,Mean,2020-03-30,2020-03-31
pg0,2020-03-31,bx_mean,14785.63892389372,Bx,Mean,2020-03-31,2020-04-01
pg0,2020-04-01,bx_mean,14790.062971404504,Bx,Mean,2020-04-01,2020-04-02
pg0,2020-04-02,bx_mean,14791.128463113791,Bx,Mean,2020-04-02,2020-04-03
pg0,2020-04-03,bx_mean,14782.933564091163,Bx,Mean,2020-04-03,2020-04-04
pg0,2020-04-04,bx_mean,14786.459132052074,Bx,Mean,2020-04-04,2020-04-05
pg0,2020-04-05,bx_mean,14779.681534096891,Bx,Mean,2020-04-05,2020-04-06
pg0,2020-04-06,bx_mean,14787.865616348596,Bx,Mean,2020-04-06,2020-04-07
pg0,2020-04-07,bx_mean,14782.260617903292,Bx,Mean,2020-04-07,2020-04-08
pg0,2020-04-08,bx_mean,14770.700730383096,Bx,Mean,2020-04-08,2020-04-09
pg0,2020-04-09,bx_mean,14796.609915451896,Bx,Mean,2020-04-09,2020-04-10
pg0,2020-04-11,bx_mean,14798.086346153848,Bx,Mean,2020-04-11,2020-04-12
pg0,2020-04-12,bx_mean,14775.452233009708,Bx,Mean,2020-04-12,2020-04-13
pg0,2020-04-13,bx_mean,14782.151436626307,Bx,Mean,2020-04-13,2020-04-14
pg0,2020-04-14,bx_mean,14790.836457270818,Bx,Mean,2020-04-14,2020-04-15
pg0,2020-04-15,bx_mean,14792.192805991492,Bx,Mean,2020-04-15,2020-04-16
pg0,2020-04-16,bx_mean,14824.153414634146,Bx,Mean,2020-04-16,2020-04-17
pg0,2020-04-21,bx_mean,14769.950935190887,Bx,Mean,2020-04-21,2020-04-22
pg0,2020-04-22,bx_mean,14783.228529227865,Bx,Mean,2020-04-22,2020-04-23
pg0,2020-04-23,bx_mean,14783.17651120058,Bx,Mean,2020-04-23,2020-04-24
pg0,2020-04-24,bx_mean,14778.576147879498,Bx,Mean,2020-04-24,2020-04-25
pg0,2020-04-25,bx_mean,14786.228529329184,Bx,Mean,2020-04-25,2020-04-26
pg0,2020-04-26,bx_mean,14768.197562030824,Bx,Mean,2020-04-26,2020-04-27
pg0,2020-04-27,bx_mean,14782.650516993272,Bx,Mean,2020-04-27,2020-04-28
pg0,2020-04-28,bx_mean,14783.645349705166,Bx,Mean,2020-04-28,2020-04-29
pg0,2020-04-29,bx_mean,14784.748199803453,Bx,Mean,2020-04-29,2020-04-30
pg0,2020-04-30,bx_mean,14784.226078986469,Bx,Mean,2020-04-30,2020-05-01
pg0,2020-05-01,bx_mean,14770.7115755939,Bx,Mean,2020-05-01,2020-05-02
pg0,2020-05-02,bx_mean,14778.787067086148,Bx,Mean,2020-05-02,2020-05-03
pg0,2020-05-03,bx_mean,14783.043470454755,Bx,Mean,2020-05-03,2020-05-04
pg0,2020-05-04,bx_mean,14781.46226163328,Bx,Mean,2020-05-04,2020-05-05
pg0,2020-05-05,bx_mean,14779.678406807418,Bx,Mean,2020-05-05,2020-05-06
pg0,2020-05-06,bx_mean,14788.00961246654,Bx,Mean,2020-05-06,2020-05-07
pg0,2020-05-07,bx_mean,14779.515081930784,Bx,Mean,2020-05-07,2020-05-08
pg0,2020-05-08,bx_mean,14780.299208267055,Bx,Mean,2020-05-08,2020-05-09
pg0,2020-05-09,bx_mean,14781.369009497968,Bx,Mean,2020-05-09,2020-05-10
pg0,2020-05-10,bx_mean,14779.56000596589,Bx,Mean,2020-05-10,2020-05-11
pg0,2020-05-11,bx_mean,14784.819749020524,Bx,Mean,2020-05-11,2020-05-12
pg0,2020-05-12,bx_mean,14783.541630237756,Bx,Mean,2020-05-12,2020-05-13
pg0,2020-05-13,bx_mean,14781.082743522256,Bx,Mean,2020-05-13,2020-05-14
pg0,2020-05-14,bx_mean,14783.793410667697,Bx,Mean,2020-05-14,2020-05-15
pg0,2020-05-15,bx_mean,14781.024276422764,Bx,Mean,2020-05-15,2020-05-16
pg0,2020-05-16,bx_mean,14776.798585999182,Bx,Mean,2020-05-16,2020-05-17
pg0,2020-05-17,bx_mean,14777.624699064329,Bx,Mean,2020-05-17,2020-05-18
pg0,2020-05-18,bx_mean,14779.09117767507,Bx,Mean,2020-05-18,2020-05-19
pg0,2020-05-19,bx_mean,14768.893205140195,Bx,Mean,2020-05-19,2020-05-20
pg0,2020-05-20,bx_mean,14783.496510082814,Bx,Mean,2020-05-20,2020-05-21
pg0,2020-05-21,bx_mean,14783.799575901474,Bx,Mean,2020-05-21,2020-05-22
pg0,2020-05-22,bx_mean,14776.883903454407,Bx,Mean,2020-05-22,2020-05-23
pg0,2020-05-23,bx_mean,14783.627823899664,Bx,Mean,2020-05-23,2020-05-24
pg0,2020-05-24,bx_mean,14778.562780656706,Bx,Mean,2020-05-24,2020-05-25
pg0,2020-05-25,bx_mean,14787.9692719446,Bx,Mean,2020-05-25,2020-05-26
pg0,2020-05-26,bx_mean,14781.935826705345,Bx,Mean,2020-05-26,2020-05-27
pg0,2020-05-27,bx_mean,14780.186923796384,Bx,Mean,2020-05-27,2020-05-28
pg0,2020-05-28,bx_mean,14776.75153902824,Bx,Mean,2020-05-28,2020-05-29
pg0,2020-05-29,bx_mean,14779.790035798267,Bx,Mean,2020-05-29,2020-05-30
pg0,2020-05-30,bx_mean,14770.718262960232,Bx,Mean,2020-05-30,2020-05-31
pg0,2020-05-31,bx_mean,14781.15875991576,Bx,Mean,2020-05-31,2020-06-01
pg0,2020-06-01,bx_mean,14778.722672485404,Bx,Mean,2020-06-01,2020-06-02
pg0,2020-06-02,bx_mean,14784.815712798194,Bx,Mean,2020-06-02,2020-06-03
pg0,2020-06-03,bx_mean,14780.83868756488,Bx,Mean,2020-06-03,2020-06-04
pg0,2020-06-04,bx_mean,14793.251478110496,Bx,Mean,2020-06-04,2020-06-05
pg0,2020-11-06,bx_mean,14770.65882148217,Bx,Mean,2020-11-06,2020-11-07
pg0,2020-11-07,bx_mean,14802.13863735261,Bx,Mean,2020-11-07,2020-11-08
pg0,2020-11-08,bx_mean,14804.921701457955,Bx,Mean,2020-11-08,2020-11-09
pg0,2020-11-09,bx_mean,14791.643998573483,Bx,Mean,2020-11-09,2020-11-10
pg0,2020-11-10,bx_mean,14804.733312048276,Bx,Mean,2020-11-10,2020-11-11
pg0,2020-11-11,bx_mean,14808.669004843012,Bx,Mean,2020-11-11,2020-11-12
pg0,2020-11-12,bx_mean,14804.340355179113,Bx,Mean,2020-11-12,2020-11-13
pg0,2020-11-13,bx_mean,14803.85930356349,Bx,Mean,2020-11-13,2020-11-14
pg0,2020-11-14,bx_mean,14792.26504510196,Bx,Mean,2020-11-14,2020-11-15
pg0,2020-11-15,bx_mean,14792.5094516397,Bx,Mean,2020-11-15,2020-11-16
pg0,2020-11-16,bx_mean,14796.995700382504,Bx,Mean,2020-11-16,2020-11-17
pg0,2020-11-17,bx_mean,14782.636160106646,Bx,Mean,2020-11-17,2020-11-18
pg0,2020-11-18,bx_mean,14778.105489521537,Bx,Mean,2020-11-18,2020-11-19
pg0,2020-11-19,bx_mean,14782.923305221542,Bx,Mean,2020-11-19,2020-11-20
pg0,2020-11-20,bx_mean,14796.28481818501,Bx,Mean,2020-11-20,2020-11-21
pg0,2020-11-21,bx_mean,14755.901483162894,Bx,Mean,2020-11-21,2020-11-22
pg0,2020-11-22,bx_mean,14712.75343564824,Bx,Mean,2020-11-22,2020-11-23
pg0,2020-12-18,bx_mean,14761.33250278413,Bx,Mean,2020-12-18,2020-12-19
pg0,2020-12-19,bx_mean,14749.830635927445,Bx,Mean,2020-12-19,2020-12-20
pg0,2020-12-20,bx_mean,14750.785247424008,Bx,Mean,2020-12-20,2020-12-21
pg0,2020-12-21,bx_mean,14817.273662248635,Bx,Mean,2020-12-21,2020-12-22
pg0,2020-12-22,bx_mean,14753.671278744545,Bx,Mean,2020-12-22,2020-12-23
pg0,2020-12-23,bx_mean,14734.899681266514,Bx,Mean,2020-12-23,2020-12-24
pg0,2020-12-24,bx_mean,14741.705832319643,Bx,Mean,2020-12-24,2020-12-25
pg0,2020-12-25,bx_mean,14768.177746462388,Bx,Mean,2020-12-25,2020-12-26
pg0,2020-12-26,bx_mean,14750.443327911633,Bx,Mean,2020-12-26,2020-12-27
pg0,2020-12-27,bx_mean,14816.297924625407,Bx,Mean,2020-12-27,2020-12-28
pg0,2020-12-28,bx_mean,14800.730515811272,Bx,Mean,2020-12-28,2020-12-29
pg0,2020-12-29,bx_mean,14832.88682116494,Bx,Mean,2020-12-29,2020-12-30
pg0,2020-12-30,bx_mean,14808.19931422088,Bx,Mean,2020-12-30,2020-12-31
pg0,2020-12-31,bx_mean,14785.063051121204,Bx,Mean,2020-12-31,2021-01-01
pg0,2021-01-01,bx_mean,14776.5136102924,Bx,Mean,2021-01-01,2021-01-02
pg0,2021-01-02,bx_mean,14774.49433975506,Bx,Mean,2021-01-02,2021-01-03
pg0,2021-01-03,bx_mean,14764.762928614866,Bx,Mean,2021-01-03,2021-01-04
pg0,2021-01-04,bx_mean,14746.866218008705,Bx,Mean,2021-01-04,2021-01-05
pg0,2021-01-05,bx_mean,14736.522039514495,Bx,Mean,2021-01-05,2021-01-06
pg0,2021-01-06,bx_mean,14814.254899892409,Bx,Mean,2021-01-06,2021-01-07
pg0,2021-01-07,bx_mean,14776.364707526756,Bx,Mean,2021-01-07,2021-01-08
pg0,2021-01-08,bx_mean,14780.691952204288,Bx,Mean,2021-01-08,2021-01-09
pg0,2021-01-09,bx_mean,14797.344777898665,Bx,Mean,2021-01-09,2021-01-10
pg0,2021-01-10,bx_mean,14807.635770377909,Bx,Mean,2021-01-10,2021-01-11
pg0,2021-01-11,bx_mean,14755.110165861532,Bx,Mean,2021-01-11,2021-01-12
pg0,2021-01-12,bx_mean,14744.20973623746,Bx,Mean,2021-01-12,2021-01-13
pg0,2021-01-13,bx_mean,14729.121793797542,Bx,Mean,2021-01-13,2021-01-14
pg0,2021-01-14,bx_mean,14759.426878313066,Bx,Mean,2021-01-14,2021-01-15
pg0,2021-01-15,bx_mean,14757.638816903716,Bx,Mean,2021-01-15,2021-01-16
pg0,2021-01-16,bx_mean,14777.10481216207,Bx,Mean,2021-01-16,2021-01-17
pg0,2021-01-17,bx_mean,14763.899940477584,Bx,Mean,2021-01-17,2021-01-18
pg0,2021-01-18,bx_mean,14758.701834136757,Bx,Mean,2021-01-18,2021-01-19
pg0,2021-01-19,bx_mean,14804.703545106666,Bx,Mean,2021-01-19,2021-01-20
pg0,2021-01-20,bx_mean,14739.264821758556,Bx,Mean,2021-01-20,2021-01-21
pg0,2021-01-21,bx_mean,14760.46434149601,Bx,Mean,2021-01-21,2021-01-22
pg0,2021-01-22,bx_mean,14753.98247449099,Bx,Mean,2021-01-22,2021-01-23
pg0,2021-01-23,bx_mean,14728.830963076778,Bx,Mean,2021-01-23,2021-01-24
pg0,2021-01-24,bx_mean,14747.373113983273,Bx,Mean,2021-01-24,2021-01-25
pg0,2021-01-25,bx_mean,14790.862039354104,Bx,Mean,2021-01-25,2021-01-26
pg0,2021-01-26,bx_mean,14790.085886550543,Bx,Mean,2021-01-26,2021-01-27
pg0,2021-01-27,bx_mean,14792.158102804724,Bx,Mean,2021-01-27,2021-01-28
pg0,2021-01-28,bx_mean,14781.32660053111,Bx,Mean,2021-01-28,2021-01-29
pg0,2021-01-29,bx_mean,14769.380766089398,Bx,Mean,2021-01-29,2021-01-30
pg0,2021-01-30,bx_mean,14779.856949999414,Bx,Mean,2021-01-30,2021-01-31
pg0,2021-01-31,bx_mean,14756.051146697237,Bx,Mean,2021-01-31,2021-02-01
pg0,2021-02-01,bx_mean,14722.189461662612,Bx,Mean,2021-02-01,2021-02-02
pg0,2021-02-02,bx_mean,14792.793293579596,Bx,Mean,2021-02-02,2021-02-03
pg0,2021-02-03,bx_mean,14779.243462851664,Bx,Mean,2021-02-03,2021-02-04
pg0,2021-02-04,bx_mean,14781.824432666435,Bx,Mean,2021-02-04,2021-02-05
pg0,2021-02-05,bx_mean,14758.296060460769,Bx,Mean,2021-02-05,2021-02-06
pg0,2021-02-06,bx_mean,14751.754780121431,Bx,Mean,2021-02-06,2021-02-07
pg0,2021-02-07,bx_mean,14740.416591007475,Bx,Mean,2021-02-07,2021-02-08
pg0,2021-02-08,bx_mean,14720.26958978618,Bx,Mean,2021-02-08,2021-02-09
pg0,2021-02-09,bx_mean,14739.04048342186,Bx,Mean,2021-02-09,2021-02-10
pg0,2021-02-10,bx_mean,14743.469839545907,Bx,Mean,2021-02-10,2021-02-11
pg0,2021-02-11,bx_mean,14747.752301473083,Bx,Mean,2021-02-11,2021-02-12
pg0,2021-02-12,bx_mean,14730.280174673002,Bx,Mean,2021-02-12,2021-02-13
pg0,2021-02-13,bx_mean,14747.276753659791,Bx,Mean,2021-02-13,2021-02-14
pg0,2021-02-14,bx_mean,14759.349365430278,Bx,Mean,2021-02-14,2021-02-15
pg0,2021-02-15,bx_mean,14752.581097097262,Bx,Mean,2021-02-15,2021-02-16
pg0,2021-02-16,bx_mean,14713.447886649814,Bx,Mean,2021-02-16,2021-02-17
pg0,2021-02-17,bx_mean,14758.960832865234,Bx,Mean,2021-02-17,2021-02-18
pg0,2021-02-18,bx_mean,14768.730336959066,Bx,Mean,2021-02-18,2021-02-19
pg0,2021-02-19,bx_mean,14754.942809602517,Bx,Mean,2021-02-19,2021-02-20
pg0,2021-02-20,bx_mean,14751.771811349909,Bx,Mean,2021-02-20,2021-02-21
pg0,2021-02-21,bx_mean,14757.387209740458,Bx,Mean,2021-02-21,2021-02-22
pg0,2021-02-22,bx_mean,14761.11026268349,Bx,Mean,2021-02-22,2021-02-23
pg0,2021-02-23,bx_mean,14773.196061024242,Bx,Mean,2021-02-23,2021-02-24
pg0,2021-02-24,bx_mean,14756.77222392962,Bx,Mean,2021-02-24,2021-02-25
pg0,2021-02-25,bx_mean,14766.31225231021,Bx,Mean,2021-02-25,2021-02-26
pg0,2021-02-26,bx_mean,14752.97997167835,Bx,Mean,2021-02-26,2021-02-27
pg0,2021-02-27,bx_mean,14744.994235166096,Bx,Mean,2021-02-27,2021-02-28
pg0,2021-02-28,bx_mean,14736.309556551134,Bx,Mean,2021-02-28,2021-03-01
pg0,2021-03-01,bx_mean,14762.179418359705,Bx,Mean,2021-03-01,2021-03-02
pg0,2021-03-02,bx_mean,14741.674057745424,Bx,Mean,2021-03-02,2021-03-03
pg0,2021-03-03,bx_mean,14768.60446233037,Bx,Mean,2021-03-03,2021-03-04
pg0,2021-03-04,bx_mean,14753.682680855043,Bx,Mean,2021-03-04,2021-03-05
pg0,2021-03-05,bx_mean,14753.94118630778,Bx,Mean,2021-03-05,2021-03-06
pg0,2021-03-06,bx_mean,14745.549774314695,Bx,Mean,2021-03-06,2021-03-07
pg0,2021-03-07,bx_mean,14729.861726819794,Bx,Mean,2021-03-07,2021-03-08
pg0,2021-03-08,bx_mean,14728.660019076377,Bx,Mean,2021-03-08,2021-03-09
pg0,2021-03-09,bx_mean,14734.781253026988,Bx,Mean,2021-03-09,2021-03-10
pg0,2021-03-10,bx_mean,14737.578627237626,Bx,Mean,2021-03-10,2021-03-11
pg0,2021-03-11,bx_mean,14734.37388344743,Bx,Mean,2021-03-11,2021-03-12
pg0,2021-03-12,bx_mean,14741.22557936749,Bx,Mean,2021-03-12,2021-03-13
pg0,2021-03-13,bx_mean,14763.41227119001,Bx,Mean,2021-03-13,2021-03-14
pg0,2021-03-14,bx_mean,14763.800820802078,Bx,Mean,2021-03-14,2021-03-15
pg0,2021-03-15,bx_mean,14766.846763800992,Bx,Mean,2021-03-15,2021-03-16
pg0,2021-03-16,bx_mean,14749.677410277418,Bx,Mean,2021-03-16,2021-03-17
pg0,2021-03-17,bx_mean,14736.956254870986,Bx,Mean,2021-03-17,2021-03-18
pg0,2021-03-18,bx_mean,14750.270384912372,Bx,Mean,2021-03-18,2021-03-19
pg0,2021-03-19,bx_mean,14753.786196312554,Bx,Mean,2021-03-19,2021-03-20
pg0,2021-03-20,bx_mean,14728.150309787312,Bx,Mean,2021-03-20,2021-03-21
pg0,2021-03-21,bx_mean,14729.719956369676,Bx,Mean,2021-03-21,2021-03-22
pg0,2021-03-22,bx_mean,14753.940906739994,Bx,Mean,2021-03-22,2021-03-23
pg0,2021-03-23,bx_mean,14752.921593405948,Bx,Mean,2021-03-23,2021-03-24
pg0,2021-03-24,bx_mean,14740.43996362488,Bx,Mean,2021-03-24,2021-03-25
pg0,2021-03-25,bx_mean,14751.562219062664,Bx,Mean,2021-03-25,2021-03-26
pg0,2021-03-26,bx_mean,14740.869357714446,Bx,Mean,2021-03-26,2021-03-27
pg0,2021-03-27,bx_mean,14757.65277082919,Bx,Mean,2021-03-27,2021-03-28
pg0,2021-03-28,bx_mean,14756.338364785764,Bx,Mean,2021-03-28,2021-03-29
pg0,2021-03-29,bx_mean,14747.397093172936,Bx,Mean,2021-03-29,2021-03-30
pg0,2021-03-30,bx_mean,14750.740254566292,Bx,Mean,2021-03-30,2021-03-31
pg0,2021-03-31,bx_mean,14751.85670632414,Bx,Mean,2021-03-31,2021-04-01
pg0,2021-04-01,bx_mean,14751.700873380842,Bx,Mean,2021-04-01,2021-04-02
pg0,2021-04-02,bx_mean,14736.213619400804,Bx,Mean,2021-04-02,2021-04-03
pg0,2021-04-03,bx_mean,14748.123309510722,Bx,Mean,2021-04-03,2021-04-04
pg0,2021-04-04,bx_mean,14743.830954469431,Bx,Mean,2021-04-04,2021-04-05
pg0,2021-04-05,bx_mean,14731.19296512036,Bx,Mean,2021-04-05,2021-04-06
pg0,2021-04-06,bx_mean,14740.92578399944,Bx,Mean,2021-04-06,2021-04-07
pg0,2021-04-07,bx_mean,14719.358716172736,Bx,Mean,2021-04-07,2021-04-08
pg0,2021-04-08,bx_mean,14739.109045000994,Bx,Mean,2021-04-08,2021-04-09
pg0,2021-04-09,bx_mean,14745.056841631287,Bx,Mean,2021-04-09,2021-04-10
pg0,2021-04-10,bx_mean,14737.82247639992,Bx,Mean,2021-04-10,2021-04-11
pg0,2021-04-11,bx_mean,14747.9931401797,Bx,Mean,2021-04-11,2021-04-12
pg0,2021-04-12,bx_mean,14738.058806823496,Bx,Mean,2021-04-12,2021-04-13
pg0,2021-04-13,bx_mean,14736.373483721582,Bx,Mean,2021-04-13,2021-04-14
pg0,2021-04-14,bx_mean,14736.908652266504,Bx,Mean,2021-04-14,2021-04-15
pg0,2021-04-15,bx_mean,14747.299514066795,Bx,Mean,2021-04-15,2021-04-16
pg0,2021-04-16,bx_mean,14728.756818048843,Bx,Mean,2021-04-16,2021-04-17
pg0,2021-04-17,bx_mean,14735.550356178155,Bx,Mean,2021-04-17,2021-04-18
pg0,2021-04-18,bx_mean,14725.251825060815,Bx,Mean,2021-04-18,2021-04-19
pg0,2021-04-19,bx_mean,14727.22959446174,Bx,Mean,2021-04-19,2021-04-20
pg0,2021-04-20,bx_mean,14740.497498479532,Bx,Mean,2021-04-20,2021-04-21
pg0,2021-04-21,bx_mean,14747.04921302578,Bx,Mean,2021-04-21,2021-04-22
pg0,2021-04-22,bx_mean,14749.134059429109,Bx,Mean,2021-04-22,2021-04-23
pg0,2021-04-23,bx_mean,14749.52220186063,Bx,Mean,2021-04-23,2021-04-24
pg0,2021-04-24,bx_mean,14737.611810833889,Bx,Mean,2021-04-24,2021-04-25
pg0,2021-04-25,bx_mean,14739.255671659255,Bx,Mean,2021-04-25,2021-04-26
pg0,2021-04-26,bx_mean,14754.643620532372,Bx,Mean,2021-04-26,2021-04-27
pg0,2021-04-27,bx_mean,14747.150382357067,Bx,Mean,2021-04-27,2021-04-28
pg0,2021-04-28,bx_mean,14748.571497554582,Bx,Mean,2021-04-28,2021-04-29
pg0,2021-04-29,bx_mean,14737.018371037548,Bx,Mean,2021-04-29,2021-04-30
pg0,2021-04-30,bx_mean,14740.163026769738,Bx,Mean,2021-04-30,2021-05-01
pg0,2021-05-01,bx_mean,14742.33785840439,Bx,Mean,2021-05-01,2021-05-02
pg0,2021-05-02,bx_mean,14747.455833382071,Bx,Mean,2021-05-02,2021-05-03
pg0,2021-05-03,bx_mean,14734.841116608188,Bx,Mean,2021-05-03,2021-05-04
pg0,2021-05-04,bx_mean,14740.250549778331,Bx,Mean,2021-05-04,2021-05-05
pg0,2021-05-05,bx_mean,14740.58299483951,Bx,Mean,2021-05-05,2021-05-06
pg0,2021-05-06,bx_mean,14732.638371168265,Bx,Mean,2021-05-06,2021-05-07
pg0,2021-05-07,bx_mean,14740.5757546905,Bx,Mean,2021-05-07,2021-05-08
pg0,2021-05-08,bx_mean,14739.379677857058,Bx,Mean,2021-05-08,2021-05-09
pg0,2021-05-09,bx_mean,14737.107065227572,Bx,Mean,2021-05-09,2021-05-10
pg0,2021-05-10,bx_mean,14736.74850104736,Bx,Mean,2021-05-10,2021-05-11
pg0,2021-05-11,bx_mean,14744.031373005202,Bx,Mean,2021-05-11,2021-05-12
pg0,2021-05-12,bx_mean,14716.118728329786,Bx,Mean,2021-05-12,2021-05-13
pg0,2021-05-13,bx_mean,14745.646815714354,Bx,Mean,2021-05-13,2021-05-14
pg0,2021-05-14,bx_mean,14740.835051651322,Bx,Mean,2021-05-14,2021-05-15
pg0,2021-05-15,bx_mean,14738.30150736197,Bx,Mean,2021-05-15,2021-05-16
pg0,2021-05-16,bx_mean,14732.058081187284,Bx,Mean,2021-05-16,2021-05-17
pg0,2021-05-17,bx_mean,14736.26897556182,Bx,Mean,2021-05-17,2021-05-18
pg0,2021-05-18,bx_mean,14744.867496899353,Bx,Mean,2021-05-18,2021-05-19
pg0,2021-05-19,bx_mean,14743.24026564932,Bx,Mean,2021-05-19,2021-05-20
pg0,2021-05-20,bx_mean,14725.627527891476,Bx,Mean,2021-05-20,2021-05-21
pg0,2021-05-21,bx_mean,14744.56229579722,Bx,Mean,2021-05-21,2021-05-22
pg0,2021-05-22,bx_mean,14737.093750877357,Bx,Mean,2021-05-22,2021-05-23
pg0,2021-05-23,bx_mean,14741.999954256164,Bx,Mean,2021-05-23,2021-05-24
pg0,2021-05-24,bx_mean,14742.013659144352,Bx,Mean,2021-05-24,2021-05-25
pg0,2021-05-25,bx_mean,14741.345929005844,Bx,Mean,2021-05-25,2021-05-26
pg0,2021-05-26,bx_mean,14735.987974002268,Bx,Mean,2021-05-26,2021-05-27
pg0,2021-05-27,bx_mean,14727.612551028762,Bx,Mean,2021-05-27,2021-05-28
pg0,2021-05-28,bx_mean,14739.871978191688,Bx,Mean,2021-05-28,2021-05-29
pg0,2021-05-29,bx_mean,14731.093987298096,Bx,Mean,2021-05-29,2021-05-30
pg0,2021-05-30,bx_mean,14741.776229778574,Bx,Mean,2021-05-30,2021-05-31
pg0,2021-05-31,bx_mean,14744.546681832006,Bx,Mean,2021-05-31,2021-06-01
pg0,2021-06-01,bx_mean,14743.180066113577,Bx,Mean,2021-06-01,2021-06-02
pg0,2021-06-02,bx_mean,14737.859469195311,Bx,Mean,2021-06-02,2021-06-03
pg0,2021-06-03,bx_mean,14739.379220358413,Bx,Mean,2021-06-03,2021-06-04
pg0,2021-06-04,bx_mean,14736.59625788482,Bx,Mean,2021-06-04,2021-06-05
pg0,2021-06-05,bx_mean,14740.510445265978,Bx,Mean,2021-06-05,2021-06-06
pg0,2021-06-06,bx_mean,14742.679928544696,Bx,Mean,2021-06-06,2021-06-07
pg0,2021-06-07,bx_mean,14738.318900747814,Bx,Mean,2021-06-07,2021-06-08
pg0,2021-06-08,bx_mean,14741.383082697972,Bx,Mean,2021-06-08,2021-06-09
pg0,2021-06-09,bx_mean,14741.65536642141,Bx,Mean,2021-06-09,2021-06-10
pg0,2021-06-10,bx_mean,14743.171824487934,Bx,Mean,2021-06-10,2021-06-11
pg0,2021-06-11,bx_mean,14724.577567374728,Bx,Mean,2021-06-11,2021-06-12
pg0,2021-06-12,bx_mean,14747.40739260178,Bx,Mean,2021-06-12,2021-06-13
pg0,2021-06-13,bx_mean,14744.8293064118,Bx,Mean,2021-06-13,2021-06-14
pg0,2021-06-14,bx_mean,14735.318667197234,Bx,Mean,2021-06-14,2021-06-15
pg0,2021-06-15,bx_mean,14758.70394958699,Bx,Mean,2021-06-15,2021-06-16
pg0,2024-01-01,by_min,-1563.67,By,Min,2024-01-01,2024-01-02
pg0,2024-01-02,by_min,-1563.67,By,Min,2024-01-02,2024-01-03
pg0,2024-01-03,by_min,-586.55,By,Min,2024-01-03,2024-01-04
pg0,2024-01-04,by_min,-1563.67,By,Min,2024-01-04,2024-01-05
pg0,2024-01-05,by_min,-1563.67,By,Min,2024-01-05,2024-01-06
pg0,2024-01-06,by_min,-1563.67,By,Min,2024-01-06,2024-01-07
pg0,2024-01-07,by_min,-577.46,By,Min,2024-01-07,2024-01-08
pg0,2024-01-08,by_min,-1563.67,By,Min,2024-01-08,2024-01-09
pg0,2024-01-09,by_min,-1563.67,By,Min,2024-01-09,2024-01-10
pg0,2024-01-10,by_min,-568.9,By,Min,2024-01-10,2024-01-11
pg0,2024-01-11,by_min,-557.99,By,Min,2024-01-11,2024-01-12
pg0,2024-01-12,by_min,-515.18,By,Min,2024-01-12,2024-01-13
pg0,2024-01-13,by_min,-470.97,By,Min,2024-01-13,2024-01-14
pg0,2024-01-14,by_min,-552.83,By,Min,2024-01-14,2024-01-15
pg0,2024-01-15,by_min,-583.38,By,Min,2024-01-15,2024-01-16
pg0,2024-01-16,by_min,-484.75,By,Min,2024-01-16,2024-01-17
pg0,2024-01-17,by_min,-499.06,By,Min,2024-01-17,2024-01-18
pg0,2024-01-18,by_min,-496.18,By,Min,2024-01-18,2024-01-19
pg0,2024-01-19,by_min,-497.88,By,Min,2024-01-19,2024-01-20
pg0,2024-01-20,by_min,-518.47,By,Min,2024-01-20,2024-01-21
pg0,2024-01-21,by_min,-572.12,By,Min,2024-01-21,2024-01-22
pg0,2024-01-22,by_min,-516.59,By,Min,2024-01-22,2024-01-23
pg0,2024-01-23,by_min,-517.94,By,Min,2024-01-23,2024-01-24
pg0,2024-01-24,by_min,-579.69,By,Min,2024-01-24,2024-01-25
pg0,2024-01-25,by_min,-510.14,By,Min,2024-01-25,2024-01-26
pg0,2024-01-26,by_min,-549.66,By,Min,2024-01-26,2024-01-27
pg0,2024-01-27,by_min,-483.22,By,Min,2024-01-27,2024-01-28
pg0,2024-01-28,by_min,-486.33,By,Min,2024-01-28,2024-01-29
pg0,2024-01-29,by_min,-513.54,By,Min,2024-01-29,2024-01-30
pg0,2024-01-30,by_min,-528.49,By,Min,2024-01-30,2024-01-31
pg0,2024-01-31,by_min,-481.82,By,Min,2024-01-31,2024-02-01
pg0,2024-02-01,by_min,-518.58,By,Min,2024-02-01,2024-02-02
pg0,2024-02-02,by_min,-476.3,By,Min,2024-02-02,2024-02-03
pg0,2024-02-03,by_min,-468.33,By,Min,2024-02-03,2024-02-04
pg0,2024-02-04,by_min,-466.22,By,Min,2024-02-04,2024-02-05
pg0,2024-02-05,by_min,-529.73,By,Min,2024-02-05,2024-02-06
pg0,2024-02-06,by_min,-525.33,By,Min,2024-02-06,2024-02-07
pg0,2024-02-07,by_min,-544.85,By,Min,2024-02-07,2024-02-08
pg0,2024-02-08,by_min,-497.77,By,Min,2024-02-08,2024-02-09
pg0,2024-02-09,by_min,-484.34,By,Min,2024-02-09,2024-02-10
pg0,2024-02-10,by_min,-518.06,By,Min,2024-02-10,2024-02-11
pg0,2024-02-11,by_min,-603.67,By,Min,2024-02-11,2024-02-12
pg0,2024-02-12,by_min,-503.92,By,Min,2024-02-12,2024-02-13
pg0,2024-02-13,by_min,-1563.67,By,Min,2024-02-13,2024-02-14
pg0,2024-02-14,by_min,-489.67,By,Min,2024-02-14,2024-02-15
pg0,2024-02-15,by_min,-477.54,By,Min,2024-02-15,2024-02-16
pg0,2024-02-16,by_min,-487.15,By,Min,2024-02-16,2024-02-17
pg0,2024-02-17,by_min,-480.64,By,Min,2024-02-17,2024-02-18
pg0,2024-02-18,by_min,-477.13,By,Min,2024-02-18,2024-02-19
pg0,2024-02-19,by_min,-447.22,By,Min,2024-02-19,2024-02-20
pg0,2024-02-20,by_min,-509.38,By,Min,2024-02-20,2024-02-21
pg0,2024-02-21,by_min,-497.59,By,Min,2024-02-21,2024-02-22
pg0,2024-02-22,by_min,-1563.67,By,Min,2024-02-22,2024-02-23
pg0,2024-02-23,by_min,-479.53,By,Min,2024-02-23,2024-02-24
pg0,2024-02-24,by_min,-477.54,By,Min,2024-02-24,2024-02-25
pg0,2024-02-25,by_min,-550.07,By,Min,2024-02-25,2024-02-26
pg0,2024-02-26,by_min,-510.67,By,Min,2024-02-26,2024-02-27
pg0,2024-02-27,by_min,-1563.67,By,Min,2024-02-27,2024-02-28
pg0,2024-02-28,by_min,-1563.67,By,Min,2024-02-28,2024-02-29
pg0,2024-02-29,by_min,-478.3,By,Min,2024-02-29,2024-03-01
pg0,2024-03-01,by_min,-523.57,By,Min,2024-03-01,2024-03-02
pg0,2024-03-02,by_min,-1563.67,By,Min,2024-03-02,2024-03-03
pg0,2024-03-03,by_min,-1563.67,By,Min,2024-03-03,2024-03-04
pg0,2024-03-04,by_min,-473.49,By,Min,2024-03-04,2024-03-05
pg0,2024-03-05,by_min,-473.9,By,Min,2024-03-05,2024-03-06
pg0,2024-03-06,by_min,-484.87,By,Min,2024-03-06,2024-03-07
pg0,2024-03-07,by_min,-485.8,By,Min,2024-03-07,2024-03-08
pg0,2024-03-08,by_min,-477.01,By,Min,2024-03-08,2024-03-09
pg0,2024-03-09,by_min,-539.05,By,Min,2024-03-09,2024-03-10
pg0,2024-03-10,by_min,-489.44,By,Min,2024-03-10,2024-03-11
pg0,2024-03-11,by_min,-496.18,By,Min,2024-03-11,2024-03-12
pg0,2024-03-12,by_min,-483.63,By,Min,2024-03-12,2024-03-13
pg0,2024-03-13,by_min,-635.04,By,Min,2024-03-13,2024-03-14
pg0,2024-03-14,by_min,-456.78,By,Min,2024-03-14,2024-03-15
pg0,2024-03-15,by_min,-520.75,By,Min,2024-03-15,2024-03-16
pg0,2024-03-16,by_min,-459.65,By,Min,2024-03-16,2024-03-17
pg0,2024-03-17,by_min,-1563.67,By,Min,2024-03-17,2024-03-18
pg0,2024-03-18,by_min,-1563.67,By,Min,2024-03-18,2024-03-19
pg0,2024-03-19,by_min,-1563.67,By,Min,2024-03-19,2024-03-20
pg0,2024-03-20,by_min,-477.65,By,Min,2024-03-20,2024-03-21
pg0,2024-03-21,by_min,-513.66,By,Min,2024-03-21,2024-03-22
pg0,2024-03-22,by_min,-515.89,By,Min,2024-03-22,2024-03-23
pg0,2024-03-23,by_min,-540.93,By,Min,2024-03-23,2024-03-24
pg0,2024-03-24,by_min,-1563.67,By,Min,2024-03-24,2024-03-25
pg0,2024-03-25,by_min,-579.57,By,Min,2024-03-25,2024-03-26
pg0,2024-03-26,by_min,-578.45,By,Min,2024-03-26,2024-03-27
pg0,2024-03-27,by_min,-587.13,By,Min,2024-03-27,2024-03-28
pg0,2024-03-28,by_min,-1563.67,By,Min,2024-03-28,2024-03-29
pg0,2024-03-29,by_min,-1563.67,By,Min,2024-03-29,2024-03-30
pg0,2024-03-30,by_min,-447.28,By,Min,2024-03-30,2024-03-31
pg0,2024-03-31,by_min,-1563.67,By,Min,2024-03-31,2024-04-01
pg0,2024-04-01,by_min,-512.66,By,Min,2024-04-01,2024-04-02
pg0,2024-04-02,by_min,-509.03,By,Min,2024-04-02,2024-04-03
pg0,2024-04-03,by_min,-457.3,By,Min,2024-04-03,2024-04-04
pg0,2024-04-04,by_min,-487.62,By,Min,2024-04-04,2024-04-05
pg0,2024-04-05,by_min,-503.4,By,Min,2024-04-05,2024-04-06
pg0,2024-04-06,by_min,-594.52,By,Min,2024-04-06,2024-04-07
pg0,2024-04-07,by_min,-1563.67,By,Min,2024-04-07,2024-04-08
pg0,2024-04-08,by_min,-1563.67,By,Min,2024-04-08,2024-04-09
pg0,2024-04-09,by_min,-535.71,By,Min,2024-04-09,2024-04-10
pg0,2024-04-10,by_min,-475.48,By,Min,2024-04-10,2024-04-11
pg0,2024-04-11,by_min,-456.37,By,Min,2024-04-11,2024-04-12
pg0,2024-04-12,by_min,-1563.67,By,Min,2024-04-12,2024-04-13
pg0,2024-04-13,by_min,-1563.67,By,Min,2024-04-13,2024-04-14
pg0,2024-04-14,by_min,-466.22,By,Min,2024-04-14,2024-04-15
pg0,2024-04-15,by_min,-461.94,By,Min,2024-04-15,2024-04-16
pg0,2024-04-16,by_min,-588.07,By,Min,2024-04-16,2024-04-17
pg0,2024-04-17,by_min,-463.4,By,Min,2024-04-17,2024-04-18
pg0,2024-04-18,by_min,-451.32,By,Min,2024-04-18,2024-04-19
pg0,2024-04-19,by_min,-578.4,By,Min,2024-04-19,2024-04-20
pg0,2024-04-20,by_min,-527.44,By,Min,2024-04-20,2024-04-21
pg0,2024-04-21,by_min,-546.67,By,Min,2024-04-21,2024-04-22
pg0,2024-04-22,by_min,-516.36,By,Min,2024-04-22,2024-04-23
pg0,2024-04-23,by_min,-536.64,By,Min,2024-04-23,2024-04-24
pg0,2024-04-24,by_min,-446.4,By,Min,2024-04-24,2024-04-25
pg0,2024-04-25,by_min,-1563.67,By,Min,2024-04-25,2024-04-26
pg0,2024-04-26,by_min,-1563.67,By,Min,2024-04-26,2024-04-27
pg0,2024-04-27,by_min,-477.42,By,Min,2024-04-27,2024-04-28
pg0,2024-04-28,by_min,-474.84,By,Min,2024-04-28,2024-04-29
pg0,2024-04-29,by_min,-1563.67,By,Min,2024-04-29,2024-04-30
pg0,2024-04-30,by_min,-449.1,By,Min,2024-04-30,2024-05-01
pg0,2024-05-01,by_min,-470.21,By,Min,2024-05-01,2024-05-02
pg0,2024-05-02,by_min,-532.66,By,Min,2024-05-02,2024-05-03
pg0,2024-05-03,by_min,-480.76,By,Min,2024-05-03,2024-05-04
pg0,2024-05-04,by_min,-453.32,By,Min,2024-05-04,2024-05-05
pg0,2024-05-05,by_min,-486.39,By,Min,2024-05-05,2024-05-06
pg0,2024-05-06,by_min,-491.32,By,Min,2024-05-06,2024-05-07
pg0,2024-05-07,by_min,-1563.67,By,Min,2024-05-07,2024-05-08
pg0,2024-05-08,by_min,-1563.67,By,Min,2024-05-08,2024-05-09
pg0,2024-05-09,by_min,-452.55,By,Min,2024-05-09,2024-05-10
pg0,2024-05-10,by_min,-815.01,By,Min,2024-05-10,2024-05-11
pg0,2024-05-11,by_min,-1129.5,By,Min,2024-05-11,2024-05-12
pg0,2024-05-12,by_min,-543.39,By,Min,2024-05-12,2024-05-13
pg0,2024-05-13,by_min,-514.71,By,Min,2024-05-13,2024-05-14
pg0,2024-05-14,by_min,-531.25,By,Min,2024-05-14,2024-05-15
pg0,2024-05-15,by_min,-1563.67,By,Min,2024-05-15,2024-05-16
pg0,2024-05-16,by_min,-669.17,By,Min,2024-05-16,2024-05-17
pg0,2024-05-17,by_min,-473.2,By,Min,2024-05-17,2024-05-18
pg0,2024-05-18,by_min,-540.69,By,Min,2024-05-18,2024-05-19
pg0,2024-05-19,by_min,-484.34,By,Min,2024-05-19,2024-05-20
pg0,2024-05-20,by_min,-507.5,By,Min,2024-05-20,2024-05-21
pg0,2024-05-21,by_min,-497.77,By,Min,2024-05-21,2024-05-22
pg0,2024-05-22,by_min,-440.94,By,Min,2024-05-22,2024-05-23
pg0,2024-05-23,by_min,-556.76,By,Min,2024-05-23,2024-05-24
pg0,2024-05-24,by_min,-1563.67,By,Min,2024-05-24,2024-05-25
pg0,2024-05-25,by_min,-581.5,By,Min,2024-05-25,2024-05-26
pg0,2024-05-26,by_min,-1563.67,By,Min,2024-05-26,2024-05-27
pg0,2024-05-27,by_min,-574.64,By,Min,2024-05-27,2024-05-28
pg0,2024-05-28,by_min,-581.5,By,Min,2024-05-28,2024-05-29
pg0,2024-05-29,by_min,-441.47,By,Min,2024-05-29,2024-05-30
pg0,2024-05-30,by_min,-478.47,By,Min,2024-05-30,2024-05-31
pg0,2024-05-31,by_min,-514.13,By,Min,2024-05-31,2024-06-01
pg0,2024-06-01,by_min,-459.24,By,Min,2024-06-01,2024-06-02
pg0,2024-06-02,by_min,-450.44,By,Min,2024-06-02,2024-06-03
pg0,2024-06-03,by_min,-485.63,By,Min,2024-06-03,2024-06-04
pg0,2024-06-04,by_min,-490.2,By,Min,2024-06-04,2024-06-05
pg0,2024-06-05,by_min,-467.63,By,Min,2024-06-05,2024-06-06
pg0,2024-06-06,by_min,-542.45,By,Min,2024-06-06,2024-06-07
pg0,2024-06-07,by_min,-525.5,By,Min,2024-06-07,2024-06-08
pg0,2024-06-08,by_min,-539.75,By,Min,2024-06-08,2024-06-09
pg0,2024-06-09,by_min,-488.44,By,Min,2024-06-09,2024-06-10
pg0,2024-06-10,by_min,-452.73,By,Min,2024-06-10,2024-06-11
pg0,2024-06-11,by_min,-475.13,By,Min,2024-06-11,2024-06-12
pg0,2024-06-12,by_min,-469.97,By,Min,2024-06-12,2024-06-13
pg0,2024-06-13,by_min,-450.15,By,Min,2024-06-13,2024-06-14
pg0,2024-06-14,by_min,-496.65,By,Min,2024-06-14,2024-06-15
pg0,2024-06-15,by_min,-552.01,By,Min,2024-06-15,2024-06-16
pg0,2024-06-16,by_min,-499.76,By,Min,2024-06-16,2024-06-17
pg0,2024-06-17,by_min,-472.32,By,Min,2024-06-17,2024-06-18
pg0,2024-06-18,by_min,-539.4,By,Min,2024-06-18,2024-06-19
pg0,2024-06-19,by_min,-499.12,By,Min,2024-06-19,2024-06-20
pg0,2024-06-20,by_min,-461.82,By,Min,2024-06-20,2024-06-21
pg0,2024-06-21,by_min,-456.01,By,Min,2024-06-21,2024-06-22
pg0,2024-06-22,by_min,-443.7,By,Min,2024-06-22,2024-06-23
pg0,2024-06-23,by_min,-550.66,By,Min,2024-06-23,2024-06-24
pg0,2024-06-24,by_min,-449.74,By,Min,2024-06-24,2024-06-25
pg0,2024-06-25,by_min,-453.79,By,Min,2024-06-25,2024-06-26
pg0,2024-06-26,by_min,-468.56,By,Min,2024-06-26,2024-06-27
pg0,2024-06-27,by_min,-449.39,By,Min,2024-06-27,2024-06-28
pg0,2024-10-08,by_min,-578.57,By,Min,2024-10-08,2024-10-09
pg0,2024-10-09,by_min,-611.12,By,Min,2024-10-09,2024-10-10
pg0,2024-10-10,by_min,-1029.75,By,Min,2024-10-10,2024-10-11
pg0,2024-10-11,by_min,-931.82,By,Min,2024-10-11,2024-10-12
pg0,2024-10-12,by_min,-651.99,By,Min,2024-10-12,2024-10-13
pg0,2024-10-13,by_min,-529.61,By,Min,2024-10-13,2024-10-14
pg0,2024-10-14,by_min,-534.01,By,Min,2024-10-14,2024-10-15
pg0,2024-10-15,by_min,-597.57,By,Min,2024-10-15,2024-10-16
pg0,2024-10-16,by_min,-597.75,By,Min,2024-10-16,2024-10-17
pg0,2024-10-17,by_min,-531.31,By,Min,2024-10-17,2024-10-18
pg0,2024-10-18,by_min,-540.1,By,Min,2024-10-18,2024-10-19
pg0,2024-10-19,by_min,-602.44,By,Min,2024-10-19,2024-10-20
pg0,2024-10-20,by_min,-533.36,By,Min,2024-10-20,2024-10-21
pg0,2024-10-21,by_min,-550.01,By,Min,2024-10-21,2024-10-22
pg0,2024-10-22,by_min,-585.55,By,Min,2024-10-22,2024-10-23
pg0,2024-10-23,by_min,-563.38,By,Min,2024-10-23,2024-10-24
pg0,2024-10-24,by_min,-588.37,By,Min,2024-10-24,2024-10-25
pg0,2024-10-25,by_min,-504.8,By,Min,2024-10-25,2024-10-26
pg0,2024-10-26,by_min,-557.11,By,Min,2024-10-26,2024-10-27
pg0,2024-10-27,by_min,-653.87,By,Min,2024-10-27,2024-10-28
pg0,2024-10-28,by_min,-760.06,By,Min,2024-10-28,2024-10-29
pg0,2024-10-29,by_min,-672.34,By,Min,2024-10-29,2024-10-30
pg0,2024-10-30,by_min,-638.27,By,Min,2024-10-30,2024-10-31
pg0,2024-10-31,by_min,-601.15,By,Min,2024-10-31,2024-11-01
pg0,2024-11-01,by_min,-583.2,By,Min,2024-11-01,2024-11-02
pg0,2024-11-02,by_min,-642.84,By,Min,2024-11-02,2024-11-03
pg0,2024-11-03,by_min,-660.08,By,Min,2024-11-03,2024-11-04
pg0,2024-11-04,by_min,-591.0,By,Min,2024-11-04,2024-11-05
pg0,2024-11-05,by_min,-601.97,By,Min,2024-11-05,2024-11-06
pg0,2024-11-06,by_min,-600.97,By,Min,2024-11-06,2024-11-07
pg0,2024-11-07,by_min,-602.91,By,Min,2024-11-07,2024-11-08
pg0,2024-11-08,by_min,-543.92,By,Min,2024-11-08,2024-11-09
pg0,2024-11-09,by_min,-749.39,By,Min,2024-11-09,2024-11-10
pg0,2024-11-10,by_min,-629.76,By,Min,2024-11-10,2024-11-11
pg0,2024-11-11,by_min,-626.07,By,Min,2024-11-11,2024-11-12
pg0,2024-11-12,by_min,-551.48,By,Min,2024-11-12,2024-11-13
pg0,2024-11-13,by_min,-596.69,By,Min,2024-11-13,2024-11-14
pg0,2024-11-14,by_min,-592.88,By,Min,2024-11-14,2024-11-15
pg0,2024-11-15,by_min,-607.48,By,Min,2024-11-15,2024-11-16
pg0,2024-11-16,by_min,-585.67,By,Min,2024-11-16,2024-11-17
pg0,2024-11-17,by_min,-565.44,By,Min,2024-11-17,2024-11-18
pg0,2024-11-18,by_min,-528.38,By,Min,2024-11-18,2024-11-19
pg0,2024-11-19,by_min,-626.66,By,Min,2024-11-19,2024-11-20
pg0,2024-11-20,by_min,-624.84,By,Min,2024-11-20,2024-11-21
pg0,2024-11-21,by_min,-579.63,By,Min,2024-11-21,2024-11-22
pg0,2024-11-22,by_min,-595.87,By,Min,2024-11-22,2024-11-23
pg0,2024-11-23,by_min,-622.9,By,Min,2024-11-23,2024-11-24
pg0,2024-11-24,by_min,-578.45,By,Min,2024-11-24,2024-11-25
pg0,2024-11-25,by_min,-623.2,By,Min,2024-11-25,2024-11-26
pg0,2024-11-26,by_min,-579.16,By,Min,2024-11-26,2024-11-27
pg0,2024-11-27,by_min,-556.64,By,Min,2024-11-27,2024-11-28
pg0,2024-11-28,by_min,-565.38,By,Min,2024-11-28,2024-11-29
pg0,2024-11-29,by_min,-623.37,By,Min,2024-11-29,2024-11-30
pg0,2024-11-30,by_min,-599.57,By,Min,2024-11-30,2024-12-01
pg0,2024-12-01,by_min,-575.41,By,Min,2024-12-01,2024-12-02
pg0,2024-12-02,by_min,-571.54,By,Min,2024-12-02,2024-12-03
pg0,2024-12-03,by_min,-642.72,By,Min,2024-12-03,2024-12-04
pg0,2024-12-04,by_min,-618.62,By,Min,2024-12-04,2024-12-05
pg0,2024-12-05,by_min,-619.8,By,Min,2024-12-05,2024-12-06
pg0,2024-12-06,by_min,-601.38,By,Min,2024-12-06,2024-12-07
pg0,2024-12-07,by_min,-594.87,By,Min,2024-12-07,2024-12-08
pg0,2024-12-08,by_min,-611.41,By,Min,2024-12-08,2024-12-09
pg0,2024-12-09,by_min,-607.42,By,Min,2024-12-09,2024-12-10
pg0,2024-12-10,by_min,-658.44,By,Min,2024-12-10,2024-12-11
pg0,2024-12-11,by_min,-596.69,By,Min,2024-12-11,2024-12-12
pg0,2024-12-12,by_min,-586.31,By,Min,2024-12-12,2024-12-13
pg0,2024-12-13,by_min,-561.8,By,Min,2024-12-13,2024-12-14
pg0,2024-12-14,by_min,-659.67,By,Min,2024-12-14,2024-12-15
pg0,2024-12-15,by_min,-640.55,By,Min,2024-12-15,2024-12-16
pg0,2024-12-16,by_min,-624.25,By,Min,2024-12-16,2024-12-17
pg0,2024-12-17,by_min,-927.36,By,Min,2024-12-17,2024-12-18
pg0,2024-12-18,by_min,-689.93,By,Min,2024-12-18,2024-12-19
pg0,2024-12-19,by_min,-578.81,By,Min,2024-12-19,2024-12-20
pg0,2024-12-20,by_min,-645.3,By,Min,2024-12-20,2024-12-21
pg0,2024-12-21,by_min,-667.41,By,Min,2024-12-21,2024-12-22
pg0,2024-12-22,by_min,-686.12,By,Min,2024-12-22,2024-12-23
pg0,2024-12-23,by_min,-618.74,By,Min,2024-12-23,2024-12-24
pg0,2024-12-24,by_min,-630.47,By,Min,2024-12-24,2024-12-25
pg0,2024-12-25,by_min,-577.05,By,Min,2024-12-25,2024-12-26
pg0,2024-12-26,by_min,-529.61,By,Min,2024-12-26,2024-12-27
pg0,2024-12-27,by_min,-537.88,By,Min,2024-12-27,2024-12-28
pg0,2024-12-28,by_min,-564.79,By,Min,2024-12-28,2024-12-29
pg0,2024-12-29,by_min,-594.64,By,Min,2024-12-29,2024-12-30
pg0,2024-12-30,by_min,-597.98,By,Min,2024-12-30,2024-12-31
pg0,2024-12-31,by_min,-609.36,By,Min,2024-12-31,2025-01-01
pg1,2024-01-01,by_min,-1193.45,By,Min,2024-01-01,2024-01-02
pg1,2024-01-02,by_min,-1220.52,By,Min,2024-01-02,2024-01-03
pg1,2024-01-03,by_min,-1265.55,By,Min,2024-01-03,2024-01-04
pg1,2024-01-04,by_min,-1189.02,By,Min,2024-01-04,2024-01-05
pg1,2024-01-05,by_min,-1201.55,By,Min,2024-01-05,2024-01-06
pg1,2024-01-06,by_min,-1162.59,By,Min,2024-01-06,2024-01-07
pg1,2024-01-07,by_min,-1147.66,By,Min,2024-01-07,2024-01-08
pg1,2024-01-08,by_min,-1148.17,By,Min,2024-01-08,2024-01-09
pg1,2024-01-09,by_min,-1193.45,By,Min,2024-01-09,2024-01-10
pg1,2024-01-10,by_min,-1230.51,By,Min,2024-01-10,2024-01-11
pg1,2024-01-11,by_min,-1235.95,By,Min,2024-01-11,2024-01-12
pg1,2024-01-12,by_min,-1201.29,By,Min,2024-01-12,2024-01-13
pg1,2024-01-13,by_min,-1164.61,By,Min,2024-01-13,2024-01-14
pg1,2024-01-14,by_min,-1225.83,By,Min,2024-01-14,2024-01-15
pg1,2024-01-15,by_min,-1270.61,By,Min,2024-01-15,2024-01-16
pg1,2024-01-16,by_min,-1145.39,By,Min,2024-01-16,2024-01-17
pg1,2024-01-17,by_min,-1185.23,By,Min,2024-01-17,2024-01-18
pg1,2024-01-18,by_min,-1183.33,By,Min,2024-01-18,2024-01-19
pg1,2024-01-19,by_min,-1196.11,By,Min,2024-01-19,2024-01-20
pg1,2024-01-20,by_min,-1199.9,By,Min,2024-01-20,2024-01-21
pg1,2024-01-21,by_min,-1248.1,By,Min,2024-01-21,2024-01-22
pg1,2024-01-22,by_min,-1187.76,By,Min,2024-01-22,2024-01-23
pg1,2024-01-23,by_min,-1181.06,By,Min,2024-01-23,2024-01-24
pg1,2024-01-24,by_min,-1267.2,By,Min,2024-01-24,2024-01-25
pg1,2024-01-25,by_min,-1200.54,By,Min,2024-01-25,2024-01-26
pg1,2024-01-26,by_min,-1241.39,By,Min,2024-01-26,2024-01-27
pg1,2024-01-27,by_min,-1160.56,By,Min,2024-01-27,2024-01-28
pg1,2024-01-28,by_min,-1165.75,By,Min,2024-01-28,2024-01-29
pg1,2024-01-29,by_min,-1196.23,By,Min,2024-01-29,2024-01-30
pg1,2024-01-30,by_min,-1224.32,By,Min,2024-01-30,2024-01-31
pg1,2024-01-31,by_min,-1160.56,By,Min,2024-01-31,2024-02-01
pg1,2024-02-01,by_min,-1197.12,By,Min,2024-02-01,2024-02-02
pg1,2024-02-02,by_min,-1159.05,By,Min,2024-02-02,2024-02-03
pg1,2024-02-03,by_min,-1150.82,By,Min,2024-02-03,2024-02-04
pg1,2024-02-04,by_min,-1148.8,By,Min,2024-02-04,2024-02-05
pg1,2024-02-05,by_min,-1216.6,By,Min,2024-02-05,2024-02-06
pg1,2024-02-06,by_min,-1191.93,By,Min,2024-02-06,2024-02-07
pg1,2024-02-07,by_min,-1174.6,By,Min,2024-02-07,2024-02-08
pg1,2024-02-08,by_min,-1190.16,By,Min,2024-02-08,2024-02-09
pg1,2024-02-09,by_min,-1151.08,By,Min,2024-02-09,2024-02-10
pg1,2024-02-10,by_min,-1153.23,By,Min,2024-02-10,2024-02-11
pg1,2024-02-11,by_min,-1278.96,By,Min,2024-02-11,2024-02-12
pg1,2024-02-12,by_min,-1175.11,By,Min,2024-02-12,2024-02-13
pg1,2024-02-13,by_min,-1215.21,By,Min,2024-02-13,2024-02-14
pg1,2024-02-14,by_min,-1166.51,By,Min,2024-02-14,2024-02-15
pg1,2024-02-15,by_min,-1143.49,By,Min,2024-02-15,2024-02-16
pg1,2024-02-16,by_min,-1144.5,By,Min,2024-02-16,2024-02-17
pg1,2024-02-17,by_min,-1154.11,By,Min,2024-02-17,2024-02-18
pg1,2024-02-18,by_min,-1150.19,By,Min,2024-02-18,2024-02-19
pg1,2024-02-19,by_min,-1118.44,By,Min,2024-02-19,2024-02-20
pg1,2024-02-20,by_min,-1176.76,By,Min,2024-02-20,2024-02-21
pg1,2024-02-21,by_min,-1150.82,By,Min,2024-02-21,2024-02-22
pg1,2024-02-22,by_min,-1172.83,By,Min,2024-02-22,2024-02-23
pg1,2024-02-23,by_min,-1140.58,By,Min,2024-02-23,2024-02-24
pg1,2024-02-24,by_min,-1161.07,By,Min,2024-02-24,2024-02-25
pg1,2024-02-25,by_min,-1224.19,By,Min,2024-02-25,2024-02-26
pg1,2024-02-26,by_min,-1186.24,By,Min,2024-02-26,2024-02-27
pg1,2024-04-30,by_min,-1118.06,By,Min,2024-04-30,2024-05-01
pg1,2024-05-01,by_min,-1139.95,By,Min,2024-05-01,2024-05-02
pg1,2024-05-02,by_min,-1198.26,By,Min,2024-05-02,2024-05-03
pg1,2024-05-03,by_min,-1146.02,By,Min,2024-05-03,2024-05-04
pg1,2024-05-04,by_min,-1119.96,By,Min,2024-05-04,2024-05-05
pg1,2024-05-05,by_min,-1152.47,By,Min,2024-05-05,2024-05-06
pg1,2024-05-06,by_min,-1166.26,By,Min,2024-05-06,2024-05-07
pg1,2024-05-07,by_min,-1145.13,By,Min,2024-05-07,2024-05-08
pg1,2024-05-08,by_min,-1148.42,By,Min,2024-05-08,2024-05-09
pg1,2024-05-09,by_min,-1125.65,By,Min,2024-05-09,2024-05-10
pg1,2024-05-10,by_min,-1472.62,By,Min,2024-05-10,2024-05-11
pg1,2024-05-11,by_min,-1775.32,By,Min,2024-05-11,2024-05-12
pg1,2024-05-12,by_min,-1219.26,By,Min,2024-05-12,2024-05-13
pg1,2024-05-13,by_min,-1185.99,By,Min,2024-05-13,2024-05-14
pg1,2024-05-14,by_min,-1189.66,By,Min,2024-05-14,2024-05-15
pg1,2024-05-15,by_min,-1174.48,By,Min,2024-05-15,2024-05-16
pg1,2024-05-16,by_min,-1320.96,By,Min,2024-05-16,2024-05-17
pg1,2024-05-17,by_min,-1144.63,By,Min,2024-05-17,2024-05-18
pg1,2024-05-18,by_min,-1205.97,By,Min,2024-05-18,2024-05-19
pg1,2024-05-19,by_min,-1147.91,By,Min,2024-05-19,2024-05-20
pg1,2024-05-20,by_min,-1175.36,By,Min,2024-05-20,2024-05-21
pg1,2024-05-21,by_min,-1161.58,By,Min,2024-05-21,2024-05-22
pg1,2024-05-22,by_min,-1107.06,By,Min,2024-05-22,2024-05-23
pg1,2024-05-23,by_min,-1154.62,By,Min,2024-05-23,2024-05-24
pg1,2024-05-24,by_min,-1176.25,By,Min,2024-05-24,2024-05-25
pg1,2024-05-25,by_min,-1146.14,By,Min,2024-05-25,2024-05-26
pg1,2024-05-26,by_min,-1158.92,By,Min,2024-05-26,2024-05-27
pg1,2024-05-27,by_min,-1188.14,By,Min,2024-05-27,2024-05-28
pg1,2024-05-28,by_min,-1123.0,By,Min,2024-05-28,2024-05-29
pg1,2024-05-29,by_min,-1108.07,By,Min,2024-05-29,2024-05-30
pg1,2024-05-30,by_min,-1137.16,By,Min,2024-05-30,2024-05-31
pg1,2024-05-31,by_min,-1177.51,By,Min,2024-05-31,2024-06-01
pg1,2024-06-01,by_min,-1123.0,By,Min,2024-06-01,2024-06-02
pg1,2024-06-02,by_min,-1117.05,By,Min,2024-06-02,2024-06-03
pg1,2024-06-03,by_min,-1152.34,By,Min,2024-06-03,2024-06-04
pg1,2024-06-04,by_min,-1156.64,By,Min,2024-06-04,2024-06-05
pg1,2024-06-05,by_min,-1134.89,By,Min,2024-06-05,2024-06-06
pg1,2024-06-06,by_min,-1203.82,By,Min,2024-06-06,2024-06-07
pg1,2024-06-07,by_min,-1191.68,By,Min,2024-06-07,2024-06-08
pg1,2024-06-08,by_min,-1195.73,By,Min,2024-06-08,2024-06-09
pg1,2024-06-09,by_min,-1149.18,By,Min,2024-06-09,2024-06-10
pg1,2024-06-10,by_min,-1123.88,By,Min,2024-06-10,2024-06-11
pg1,2024-06-11,by_min,-1141.59,By,Min,2024-06-11,2024-06-12
pg1,2024-06-12,by_min,-1124.64,By,Min,2024-06-12,2024-06-13
pg1,2024-06-13,by_min,-1111.99,By,Min,2024-06-13,2024-06-14
pg1,2024-06-14,by_min,-1159.3,By,Min,2024-06-14,2024-06-15
pg1,2024-06-15,by_min,-1218.62,By,Min,2024-06-15,2024-06-16
pg1,2024-06-16,by_min,-1164.86,By,Min,2024-06-16,2024-06-17
pg1,2024-06-17,by_min,-1139.82,By,Min,2024-06-17,2024-06-18
pg1,2024-06-18,by_min,-1222.42,By,Min,2024-06-18,2024-06-19
pg1,2024-06-19,by_min,-1169.29,By,Min,2024-06-19,2024-06-20
pg1,2024-06-20,by_min,-1126.28,By,Min,2024-06-20,2024-06-21
pg1,2024-06-21,by_min,-1120.34,By,Min,2024-06-21,2024-06-22
pg1,2024-06-22,by_min,-1110.22,By,Min,2024-06-22,2024-06-23
pg1,2024-06-23,by_min,-1202.05,By,Min,2024-06-23,2024-06-24
pg1,2024-06-24,by_min,-1117.56,By,Min,2024-06-24,2024-06-25
pg1,2024-06-25,by_min,-1196.87,By,Min,2024-06-25,2024-06-26
pg1,2024-06-26,by_min,-1183.21,By,Min,2024-06-26,2024-06-27
pg1,2024-06-27,by_min,-1128.69,By,Min,2024-06-27,2024-06-28
pg1,2024-06-28,by_min,-1264.54,By,Min,2024-06-28,2024-06-29
pg1,2024-06-29,by_min,-1144.37,By,Min,2024-06-29,2024-06-30
pg1,2024-06-30,by_min,-1147.41,By,Min,2024-06-30,2024-07-01
pg1,2024-07-01,by_min,-1149.43,By,Min,2024-07-01,2024-07-02
pg1,2024-07-02,by_min,-1128.31,By,Min,2024-07-02,2024-07-03
pg1,2024-07-03,by_min,-1156.01,By,Min,2024-07-03,2024-07-04
pg1,2024-07-04,by_min,-1159.68,By,Min,2024-07-04,2024-07-05
pg1,2024-07-05,by_min,-1157.78,By,Min,2024-07-05,2024-07-06
pg1,2024-07-06,by_min,-1118.44,By,Min,2024-07-06,2024-07-07
pg1,2024-11-01,by_min,-1245.69,By,Min,2024-11-01,2024-11-02
pg1,2024-11-02,by_min,-1304.89,By,Min,2024-11-02,2024-11-03
pg1,2024-11-03,by_min,-1295.4,By,Min,2024-11-03,2024-11-04
pg1,2024-11-04,by_min,-1249.61,By,Min,2024-11-04,2024-11-05
pg1,2024-11-05,by_min,-1260.37,By,Min,2024-11-05,2024-11-06
pg1,2024-11-06,by_min,-1261.0,By,Min,2024-11-06,2024-11-07
pg1,2024-11-07,by_min,-1276.94,By,Min,2024-11-07,2024-11-08
pg1,2024-11-08,by_min,-1199.14,By,Min,2024-11-08,2024-11-09
pg1,2024-11-09,by_min,-1415.19,By,Min,2024-11-09,2024-11-10
pg1,2024-11-10,by_min,-1300.84,By,Min,2024-11-10,2024-11-11
pg1,2024-11-11,by_min,-1260.62,By,Min,2024-11-11,2024-11-12
pg1,2024-11-12,by_min,-1225.08,By,Min,2024-11-12,2024-11-13
pg1,2024-11-13,by_min,-1253.92,By,Min,2024-11-13,2024-11-14
pg1,2024-11-14,by_min,-1254.93,By,Min,2024-11-14,2024-11-15
pg1,2024-11-15,by_min,-1264.67,By,Min,2024-11-15,2024-11-16
pg1,2024-11-16,by_min,-1231.02,By,Min,2024-11-16,2024-11-17
pg1,2024-11-17,by_min,-1229.88,By,Min,2024-11-17,2024-11-18
pg1,2024-11-18,by_min,-1204.08,By,Min,2024-11-18,2024-11-19
pg1,2024-11-19,by_min,-1284.65,By,Min,2024-11-19,2024-11-20
pg1,2024-11-20,by_min,-1284.53,By,Min,2024-11-20,2024-11-21
pg1,2024-11-21,by_min,-1254.42,By,Min,2024-11-21,2024-11-22
pg1,2024-11-22,by_min,-1282.0,By,Min,2024-11-22,2024-11-23
pg1,2024-11-23,by_min,-1299.71,By,Min,2024-11-23,2024-11-24
pg1,2024-11-24,by_min,-1240.25,By,Min,2024-11-24,2024-11-25
pg1,2024-11-25,by_min,-1287.56,By,Min,2024-11-25,2024-11-26
pg1,2024-11-26,by_min,-1227.86,By,Min,2024-11-26,2024-11-27
pg1,2024-11-27,by_min,-1215.71,By,Min,2024-11-27,2024-11-28
pg1,2024-11-28,by_min,-1229.5,By,Min,2024-11-28,2024-11-29
pg1,2024-11-29,by_min,-1284.91,By,Min,2024-11-29,2024-11-30
pg1,2024-11-30,by_min,-1272.89,By,Min,2024-11-30,2024-12-01
pg1,2024-12-01,by_min,-1241.9,By,Min,2024-12-01,2024-12-02
pg1,2024-12-02,by_min,-1253.28,By,Min,2024-12-02,2024-12-03
pg1,2024-12-03,by_min,-1296.92,By,Min,2024-12-03,2024-12-04
pg1,2024-12-04,by_min,-1322.09,By,Min,2024-12-04,2024-12-05
pg1,2024-12-05,by_min,-1291.86,By,Min,2024-12-05,2024-12-06
pg1,2024-12-06,by_min,-1273.02,By,Min,2024-12-06,2024-12-07
pg1,2024-12-07,by_min,-1272.51,By,Min,2024-12-07,2024-12-08
pg1,2024-12-08,by_min,-1274.03,By,Min,2024-12-08,2024-12-09
pg1,2024-12-09,by_min,-1279.85,By,Min,2024-12-09,2024-12-10
pg1,2024-12-10,by_min,-1345.75,By,Min,2024-12-10,2024-12-11
pg1,2024-12-11,by_min,-1285.41,By,Min,2024-12-11,2024-12-12
pg1,2024-12-12,by_min,-1269.6,By,Min,2024-12-12,2024-12-13
pg1,2024-12-13,by_min,-1235.7,By,Min,2024-12-13,2024-12-14
pg1,2024-12-14,by_min,-1324.5,By,Min,2024-12-14,2024-12-15
pg1,2024-12-15,by_min,-1293.89,By,Min,2024-12-15,2024-12-16
pg1,2024-12-16,by_min,-1299.96,By,Min,2024-12-16,2024-12-17
pg1,2024-12-17,by_min,-1522.2,By,Min,2024-12-17,2024-12-18
pg1,2024-12-18,by_min,-1357.26,By,Min,2024-12-18,2024-12-19
pg1,2024-12-19,by_min,-1252.9,By,Min,2024-12-19,2024-12-20
pg1,2024-12-20,by_min,-1326.52,By,Min,2024-12-20,2024-12-21
pg1,2024-12-21,by_min,-1351.19,By,Min,2024-12-21,2024-12-22
pg1,2024-12-22,by_min,-1369.66,By,Min,2024-12-22,2024-12-23
pg1,2024-12-23,by_min,-1307.04,By,Min,2024-12-23,2024-12-24
pg1,2024-12-24,by_min,-1308.18,By,Min,2024-12-24,2024-12-25
pg1,2024-12-25,by_min,-1255.31,By,Min,2024-12-25,2024-12-26
pg1,2024-12-26,by_min,-1194.84,By,Min,2024-12-26,2024-12-27
pg1,2024-12-27,by_min,-1206.35,By,Min,2024-12-27,2024-12-28
pg1,2024-12-28,by_min,-1239.5,By,Min,2024-12-28,2024-12-29
pg1,2024-12-29,by_min,-1267.83,By,Min,2024-12-29,2024-12-30
pg1,2024-12-30,by_min,-1291.23,By,Min,2024-12-30,2024-12-31
pg1,2024-12-31,by_min,-1276.43,By,Min,2024-12-31,2025-01-01
pg2,2024-01-01,by_min,-894.97,By,Min,2024-01-01,2024-01-02
pg2,2024-01-02,by_min,-833.35,By,Min,2024-01-02,2024-01-03
pg2,2024-01-03,by_min,-883.28,By,Min,2024-01-03,2024-01-04
pg2,2024-01-04,by_min,-1938.99,By,Min,2024-01-04,2024-01-05
pg2,2024-01-05,by_min,-1938.99,By,Min,2024-01-05,2024-01-06
pg2,2024-01-06,by_min,-833.11,By,Min,2024-01-06,2024-01-07
pg2,2024-01-07,by_min,-1938.99,By,Min,2024-01-07,2024-01-08
pg2,2024-01-08,by_min,-833.11,By,Min,2024-01-08,2024-01-09
pg2,2024-01-09,by_min,-861.05,By,Min,2024-01-09,2024-01-10
pg2,2024-01-10,by_min,-1938.99,By,Min,2024-01-10,2024-01-11
pg2,2024-01-11,by_min,-1938.99,By,Min,2024-01-11,2024-01-12
pg2,2024-01-12,by_min,-862.97,By,Min,2024-01-12,2024-01-13
pg2,2024-01-13,by_min,-878.45,By,Min,2024-01-13,2024-01-14
pg2,2024-01-14,by_min,-1938.99,By,Min,2024-01-14,2024-01-15
pg2,2024-01-15,by_min,-1938.99,By,Min,2024-01-15,2024-01-16
pg2,2024-01-16,by_min,-801.63,By,Min,2024-01-16,2024-01-17
pg2,2024-01-17,by_min,-774.17,By,Min,2024-01-17,2024-01-18
pg2,2024-01-18,by_min,-1938.99,By,Min,2024-01-18,2024-01-19
pg2,2024-01-19,by_min,-1938.99,By,Min,2024-01-19,2024-01-20
pg2,2024-01-20,by_min,-802.16,By,Min,2024-01-20,2024-01-21
pg2,2024-01-21,by_min,-1938.99,By,Min,2024-01-21,2024-01-22
pg2,2024-01-22,by_min,-791.22,By,Min,2024-01-22,2024-01-23
pg2,2024-01-23,by_min,-1938.99,By,Min,2024-01-23,2024-01-24
pg2,2024-01-24,by_min,-835.21,By,Min,2024-01-24,2024-01-25
pg2,2024-01-25,by_min,-785.86,By,Min,2024-01-25,2024-01-26
pg2,2024-01-26,by_min,-810.88,By,Min,2024-01-26,2024-01-27
pg2,2024-01-27,by_min,-759.62,By,Min,2024-01-27,2024-01-28
pg2,2024-01-28,by_min,-766.37,By,Min,2024-01-28,2024-01-29
pg2,2024-01-29,by_min,-794.94,By,Min,2024-01-29,2024-01-30
pg2,2024-01-30,by_min,-817.11,By,Min,2024-01-30,2024-01-31
pg2,2024-01-31,by_min,-754.32,By,Min,2024-01-31,2024-02-01
pg2,2024-02-01,by_min,-784.47,By,Min,2024-02-01,2024-02-02
pg2,2024-02-02,by_min,-751.3,By,Min,2024-02-02,2024-02-03
pg2,2024-02-03,by_min,-732.56,By,Min,2024-02-03,2024-02-04
pg2,2024-02-04,by_min,-746.52,By,Min,2024-02-04,2024-02-05
pg2,2024-02-05,by_min,-784.99,By,Min,2024-02-05,2024-02-06
pg2,2024-02-06,by_min,-1938.99,By,Min,2024-02-06,2024-02-07
pg2,2024-02-07,by_min,-757.35,By,Min,2024-02-07,2024-02-08
pg2,2024-02-08,by_min,-798.61,By,Min,2024-02-08,2024-02-09
pg2,2024-02-09,by_min,-732.91,By,Min,2024-02-09,2024-02-10
pg2,2024-02-10,by_min,-1938.99,By,Min,2024-02-10,2024-02-11
pg2,2024-02-11,by_min,-909.93,By,Min,2024-02-11,2024-02-12
pg2,2024-02-12,by_min,-1938.99,By,Min,2024-02-12,2024-02-13
pg2,2024-02-13,by_min,-836.31,By,Min,2024-02-13,2024-02-14
pg2,2024-02-14,by_min,-1938.99,By,Min,2024-02-14,2024-02-15
pg2,2024-02-15,by_min,-819.21,By,Min,2024-02-15,2024-02-16
pg2,2024-02-16,by_min,-817.17,By,Min,2024-02-16,2024-02-17
pg2,2024-02-17,by_min,-1938.99,By,Min,2024-02-17,2024-02-18
pg2,2024-02-18,by_min,-754.44,By,Min,2024-02-18,2024-02-19
pg2,2024-02-19,by_min,-1938.99,By,Min,2024-02-19,2024-02-20
pg2,2024-02-20,by_min,-760.37,By,Min,2024-02-20,2024-02-21
pg2,2024-02-21,by_min,-725.46,By,Min,2024-02-21,2024-02-22
pg2,2024-02-22,by_min,-758.34,By,Min,2024-02-22,2024-02-23
pg2,2024-02-23,by_min,-732.09,By,Min,2024-02-23,2024-02-24
pg2,2024-02-24,by_min,-746.76,By,Min,2024-02-24,2024-02-25
pg2,2024-02-25,by_min,-804.02,By,Min,2024-02-25,2024-02-26
pg2,2024-02-26,by_min,-756.71,By,Min,2024-02-26,2024-02-27
pg2,2024-02-27,by_min,-777.95,By,Min,2024-02-27,2024-02-28
pg2,2024-02-28,by_min,-729.01,By,Min,2024-02-28,2024-02-29
pg2,2024-02-29,by_min,-736.86,By,Min,2024-02-29,2024-03-01
pg2,2024-03-01,by_min,-782.66,By,Min,2024-03-01,2024-03-02
pg2,2024-03-02,by_min,-730.35,By,Min,2024-03-02,2024-03-03
pg2,2024-03-03,by_min,-823.57,By,Min,2024-03-03,2024-03-04
pg2,2024-03-04,by_min,-734.48,By,Min,2024-03-04,2024-03-05
pg2,2024-03-05,by_min,-739.08,By,Min,2024-03-05,2024-03-06
pg2,2024-03-06,by_min,-895.26,By,Min,2024-03-06,2024-03-07
pg2,2024-03-07,by_min,-734.77,By,Min,2024-03-07,2024-03-08
pg2,2024-03-08,by_min,-734.89,By,Min,2024-03-08,2024-03-09
pg2,2024-03-09,by_min,-1938.99,By,Min,2024-03-09,2024-03-10
pg2,2024-03-10,by_min,-745.01,By,Min,2024-03-10,2024-03-11
pg2,2024-03-11,by_min,-732.97,By,Min,2024-03-11,2024-03-12
pg2,2024-03-12,by_min,-721.62,By,Min,2024-03-12,2024-03-13
pg2,2024-03-13,by_min,-823.16,By,Min,2024-03-13,2024-03-14
pg2,2024-03-14,by_min,-723.42,By,Min,2024-03-14,2024-03-15
pg2,2024-03-15,by_min,-750.83,By,Min,2024-03-15,2024-03-16
pg2,2024-03-16,by_min,-1938.99,By,Min,2024-03-16,2024-03-17
pg2,2024-03-17,by_min,-709.75,By,Min,2024-03-17,2024-03-18
pg2,2024-03-18,by_min,-696.19,By,Min,2024-03-18,2024-03-19
pg2,2024-03-19,by_min,-731.69,By,Min,2024-03-19,2024-03-20
pg2,2024-03-20,by_min,-720.98,By,Min,2024-03-20,2024-03-21
pg2,2024-03-21,by_min,-1938.99,By,Min,2024-03-21,2024-03-22
pg2,2024-03-22,by_min,-756.94,By,Min,2024-03-22,2024-03-23
pg2,2024-03-23,by_min,-1003.79,By,Min,2024-03-23,2024-03-24
pg2,2024-03-24,by_min,-1938.99,By,Min,2024-03-24,2024-03-25
pg2,2024-03-25,by_min,-801.69,By,Min,2024-03-25,2024-03-26
pg2,2024-03-26,by_min,-814.78,By,Min,2024-03-26,2024-03-27
pg2,2024-03-27,by_min,-725.87,By,Min,2024-03-27,2024-03-28
pg2,2024-03-28,by_min,-724.88,By,Min,2024-03-28,2024-03-29
pg2,2024-03-29,by_min,-713.65,By,Min,2024-03-29,2024-03-30
pg2,2024-03-30,by_min,-1938.99,By,Min,2024-03-30,2024-03-31
pg2,2024-03-31,by_min,-1938.99,By,Min,2024-03-31,2024-04-01
pg2,2024-04-01,by_min,-750.31,By,Min,2024-04-01,2024-04-02
pg2,2024-04-02,by_min,-741.64,By,Min,2024-04-02,2024-04-03
pg2,2024-04-03,by_min,-707.77,By,Min,2024-04-03,2024-04-04
pg2,2024-04-04,by_min,-725.23,By,Min,2024-04-04,2024-04-05
pg2,2024-04-05,by_min,-745.24,By,Min,2024-04-05,2024-04-06
pg2,2024-04-06,by_min,-1938.99,By,Min,2024-04-06,2024-04-07
pg2,2024-04-07,by_min,-1938.99,By,Min,2024-04-07,2024-04-08
pg2,2024-04-08,by_min,-1938.99,By,Min,2024-04-08,2024-04-09
pg2,2024-04-09,by_min,-806.23,By,Min,2024-04-09,2024-04-10
pg2,2024-04-10,by_min,-807.39,By,Min,2024-04-10,2024-04-11
pg2,2024-04-11,by_min,-1938.99,By,Min,2024-04-11,2024-04-12
pg2,2024-04-12,by_min,-816.35,By,Min,2024-04-12,2024-04-13
pg2,2024-04-13,by_min,-1938.99,By,Min,2024-04-13,2024-04-14
pg2,2024-04-14,by_min,-809.6,By,Min,2024-04-14,2024-04-15
pg2,2024-04-15,by_min,-819.44,By,Min,2024-04-15,2024-04-16
pg2,2024-04-16,by_min,-1938.99,By,Min,2024-04-16,2024-04-17
pg2,2024-04-17,by_min,-700.96,By,Min,2024-04-17,2024-04-18
pg2,2024-04-18,by_min,-811.53,By,Min,2024-04-18,2024-04-19
pg2,2024-04-19,by_min,-797.27,By,Min,2024-04-19,2024-04-20
pg2,2024-04-20,by_min,-1938.99,By,Min,2024-04-20,2024-04-21
pg2,2024-04-21,by_min,-773.76,By,Min,2024-04-21,2024-04-22
pg2,2024-04-22,by_min,-1938.99,By,Min,2024-04-22,2024-04-23
pg2,2024-04-23,by_min,-750.54,By,Min,2024-04-23,2024-04-24
pg2,2024-04-24,by_min,-1938.99,By,Min,2024-04-24,2024-04-25
pg2,2024-04-25,by_min,-833.64,By,Min,2024-04-25,2024-04-26
pg2,2024-04-26,by_min,-1938.99,By,Min,2024-04-26,2024-04-27
pg2,2024-04-27,by_min,-701.31,By,Min,2024-04-27,2024-04-28
pg2,2024-04-28,by_min,-829.39,By,Min,2024-04-28,2024-04-29
pg2,2024-04-29,by_min,-1938.99,By,Min,2024-04-29,2024-04-30
pg2,2024-04-30,by_min,-791.91,By,Min,2024-04-30,2024-05-01
pg2,2024-05-01,by_min,-706.37,By,Min,2024-05-01,2024-05-02
pg2,2024-05-02,by_min,-769.45,By,Min,2024-05-02,2024-05-03
pg2,2024-05-03,by_min,-1938.99,By,Min,2024-05-03,2024-05-04
pg2,2024-05-04,by_min,-1938.99,By,Min,2024-05-04,2024-05-05
pg2,2024-05-05,by_min,-1938.99,By,Min,2024-05-05,2024-05-06
pg2,2024-05-06,by_min,-724.35,By,Min,2024-05-06,2024-05-07
pg2,2024-05-07,by_min,-1938.99,By,Min,2024-05-07,2024-05-08
pg2,2024-05-08,by_min,-1938.99,By,Min,2024-05-08,2024-05-09
pg2,2024-05-09,by_min,-1938.99,By,Min,2024-05-09,2024-05-10
pg2,2024-05-10,by_min,-992.97,By,Min,2024-05-10,2024-05-11
pg2,2024-05-11,by_min,-1311.45,By,Min,2024-05-11,2024-05-12
pg2,2024-05-12,by_min,-847.08,By,Min,2024-05-12,2024-05-13
pg2,2024-05-13,by_min,-979.06,By,Min,2024-05-13,2024-05-14
pg2,2024-05-14,by_min,-1938.99,By,Min,2024-05-14,2024-05-15
pg2,2024-05-15,by_min,-1938.99,By,Min,2024-05-15,2024-05-16
pg2,2024-05-16,by_min,-1938.99,By,Min,2024-05-16,2024-05-17
pg2,2024-05-17,by_min,-828.17,By,Min,2024-05-17,2024-05-18
pg2,2024-05-18,by_min,-813.21,By,Min,2024-05-18,2024-05-19
pg2,2024-05-19,by_min,-814.49,By,Min,2024-05-19,2024-05-20
pg2,2024-05-20,by_min,-1938.99,By,Min,2024-05-20,2024-05-21
pg2,2024-05-21,by_min,-1938.99,By,Min,2024-05-21,2024-05-22
pg2,2024-05-22,by_min,-1938.99,By,Min,2024-05-22,2024-05-23
pg2,2024-05-23,by_min,-1938.99,By,Min,2024-05-23,2024-05-24
pg2,2024-05-24,by_min,-1938.99,By,Min,2024-05-24,2024-05-25
pg2,2024-05-25,by_min,-712.25,By,Min,2024-05-25,2024-05-26
pg2,2024-05-26,by_min,-1938.99,By,Min,2024-05-26,2024-05-27
pg2,2024-05-27,by_min,-750.83,By,Min,2024-05-27,2024-05-28
pg2,2024-05-28,by_min,-686.76,By,Min,2024-05-28,2024-05-29
pg2,2024-05-29,by_min,-811.58,By,Min,2024-05-29,2024-05-30
pg2,2024-05-30,by_min,-1938.99,By,Min,2024-05-30,2024-05-31
pg2,2024-05-31,by_min,-1938.99,By,Min,2024-05-31,2024-06-01
pg2,2024-06-01,by_min,-816.76,By,Min,2024-06-01,2024-06-02
pg2,2024-06-02,by_min,-678.03,By,Min,2024-06-02,2024-06-03
pg2,2024-06-03,by_min,-856.51,By,Min,2024-06-03,2024-06-04
pg2,2024-06-04,by_min,-979.35,By,Min,2024-06-04,2024-06-05
pg2,2024-06-05,by_min,-811.7,By,Min,2024-06-05,2024-06-06
pg2,2024-06-06,by_min,-748.27,By,Min,2024-06-06,2024-06-07
pg2,2024-06-07,by_min,-781.5,By,Min,2024-06-07,2024-06-08
pg2,2024-06-08,by_min,-827.88,By,Min,2024-06-08,2024-06-09
pg2,2024-06-09,by_min,-847.6,By,Min,2024-06-09,2024-06-10
pg2,2024-06-10,by_min,-1938.99,By,Min,2024-06-10,2024-06-11
pg2,2024-06-11,by_min,-710.27,By,Min,2024-06-11,2024-06-12
pg2,2024-06-12,by_min,-830.2,By,Min,2024-06-12,2024-06-13
pg2,2024-06-13,by_min,-1938.99,By,Min,2024-06-13,2024-06-14
pg2,2024-06-14,by_min,-1938.99,By,Min,2024-06-14,2024-06-15
pg2,2024-06-15,by_min,-869.02,By,Min,2024-06-15,2024-06-16
pg2,2024-06-16,by_min,-1938.99,By,Min,2024-06-16,2024-06-17
pg2,2024-06-17,by_min,-830.79,By,Min,2024-06-17,2024-06-18
pg2,2024-06-18,by_min,-818.8,By,Min,2024-06-18,2024-06-19
pg2,2024-06-19,by_min,-820.78,By,Min,2024-06-19,2024-06-20
pg2,2024-06-20,by_min,-822.0,By,Min,2024-06-20,2024-06-21
pg2,2024-06-21,by_min,-1938.99,By,Min,2024-06-21,2024-06-22
pg2,2024-06-22,by_min,-678.09,By,Min,2024-06-22,2024-06-23
pg2,2024-06-23,by_min,-754.32,By,Min,2024-06-23,2024-06-24
pg2,2024-06-24,by_min,-676.23,By,Min,2024-06-24,2024-06-25
pg3,2024-01-01,by_min,-989.84,By,Min,2024-01-01,2024-01-02
pg3,2024-01-02,by_min,-1008.63,By,Min,2024-01-02,2024-01-03
pg3,2024-01-03,by_min,-972.33,By,Min,2024-01-03,2024-01-04
pg3,2024-01-04,by_min,-1017.97,By,Min,2024-01-04,2024-01-05
pg3,2024-01-05,by_min,-954.0,By,Min,2024-01-05,2024-01-06
pg3,2024-01-06,by_min,-1006.95,By,Min,2024-01-06,2024-01-07
pg3,2024-01-07,by_min,-905.35,By,Min,2024-01-07,2024-01-08
pg3,2024-01-08,by_min,-2105.53,By,Min,2024-01-08,2024-01-09
pg3,2024-01-09,by_min,-947.22,By,Min,2024-01-09,2024-01-10
pg3,2024-01-10,by_min,-2105.53,By,Min,2024-01-10,2024-01-11
pg3,2024-01-11,by_min,-949.65,By,Min,2024-01-11,2024-01-12
pg3,2024-01-12,by_min,-958.3,By,Min,2024-01-12,2024-01-13
pg3,2024-01-13,by_min,-940.55,By,Min,2024-01-13,2024-01-14
pg3,2024-01-14,by_min,-965.95,By,Min,2024-01-14,2024-01-15
pg3,2024-01-15,by_min,-997.85,By,Min,2024-01-15,2024-01-16
pg3,2024-01-16,by_min,-916.6,By,Min,2024-01-16,2024-01-17
pg3,2024-01-17,by_min,-945.77,By,Min,2024-01-17,2024-01-18
pg3,2024-01-18,by_min,-972.21,By,Min,2024-01-18,2024-01-19
pg3,2024-01-19,by_min,-950.64,By,Min,2024-01-19,2024-01-20
pg3,2024-01-20,by_min,-1011.71,By,Min,2024-01-20,2024-01-21
pg3,2024-01-21,by_min,-2105.53,By,Min,2024-01-21,2024-01-22
pg3,2024-01-22,by_min,-947.91,By,Min,2024-01-22,2024-01-23
pg3,2024-01-23,by_min,-962.01,By,Min,2024-01-23,2024-01-24
pg3,2024-01-24,by_min,-982.19,By,Min,2024-01-24,2024-01-25
pg3,2024-01-25,by_min,-933.01,By,Min,2024-01-25,2024-01-26
pg3,2024-01-26,by_min,-951.68,By,Min,2024-01-26,2024-01-27
pg3,2024-01-27,by_min,-942.64,By,Min,2024-01-27,2024-01-28
pg3,2024-01-28,by_min,-951.57,By,Min,2024-01-28,2024-01-29
pg3,2024-01-29,by_min,-973.78,By,Min,2024-01-29,2024-01-30
pg3,2024-01-30,by_min,-978.82,By,Min,2024-01-30,2024-01-31
pg3,2024-01-31,by_min,-944.43,By,Min,2024-01-31,2024-02-01
pg3,2024-02-01,by_min,-947.62,By,Min,2024-02-01,2024-02-02
pg3,2024-02-02,by_min,-934.69,By,Min,2024-02-02,2024-02-03
pg3,2024-02-03,by_min,-914.57,By,Min,2024-02-03,2024-02-04
pg3,2024-02-04,by_min,-927.09,By,Min,2024-02-04,2024-02-05
pg3,2024-02-05,by_min,-949.13,By,Min,2024-02-05,2024-02-06
pg3,2024-02-06,by_min,-1011.65,By,Min,2024-02-06,2024-02-07
pg3,2024-02-07,by_min,-996.86,By,Min,2024-02-07,2024-02-08
pg3,2024-02-08,by_min,-971.98,By,Min,2024-02-08,2024-02-09
pg3,2024-02-09,by_min,-2105.53,By,Min,2024-02-09,2024-02-10
pg3,2024-02-10,by_min,-932.84,By,Min,2024-02-10,2024-02-11
pg3,2024-02-11,by_min,-1030.21,By,Min,2024-02-11,2024-02-12
pg3,2024-02-12,by_min,-944.26,By,Min,2024-02-12,2024-02-13
pg3,2024-02-13,by_min,-958.59,By,Min,2024-02-13,2024-02-14
pg3,2024-02-14,by_min,-936.61,By,Min,2024-02-14,2024-02-15
pg3,2024-02-15,by_min,-929.88,By,Min,2024-02-15,2024-02-16
pg3,2024-02-16,by_min,-927.5,By,Min,2024-02-16,2024-02-17
pg3,2024-02-17,by_min,-919.21,By,Min,2024-02-17,2024-02-18
pg3,2024-02-18,by_min,-948.9,By,Min,2024-02-18,2024-02-19
pg3,2024-02-19,by_min,-901.87,By,Min,2024-02-19,2024-02-20
pg3,2024-02-20,by_min,-933.65,By,Min,2024-02-20,2024-02-21
pg3,2024-02-21,by_min,-913.0,By,Min,2024-02-21,2024-02-22
pg3,2024-02-22,by_min,-955.45,By,Min,2024-02-22,2024-02-23
pg3,2024-02-23,by_min,-916.54,By,Min,2024-02-23,2024-02-24
pg3,2024-02-24,by_min,-919.56,By,Min,2024-02-24,2024-02-25
pg3,2024-02-25,by_min,-979.58,By,Min,2024-02-25,2024-02-26
pg3,2024-02-26,by_min,-942.93,By,Min,2024-02-26,2024-02-27
pg3,2024-02-27,by_min,-961.89,By,Min,2024-02-27,2024-02-28
pg3,2024-02-28,by_min,-904.94,By,Min,2024-02-28,2024-02-29
pg3,2024-02-29,by_min,-947.91,By,Min,2024-02-29,2024-03-01
pg3,2024-03-01,by_min,-963.11,By,Min,2024-03-01,2024-03-02
pg3,2024-03-02,by_min,-925.76,By,Min,2024-03-02,2024-03-03
pg3,2024-03-03,by_min,-1014.84,By,Min,2024-03-03,2024-03-04
pg3,2024-03-04,by_min,-922.8,By,Min,2024-03-04,2024-03-05
pg3,2024-03-05,by_min,-948.32,By,Min,2024-03-05,2024-03-06
pg3,2024-03-06,by_min,-943.27,By,Min,2024-03-06,2024-03-07
pg3,2024-03-07,by_min,-935.1,By,Min,2024-03-07,2024-03-08
pg3,2024-03-08,by_min,-933.59,By,Min,2024-03-08,2024-03-09
pg3,2024-03-09,by_min,-982.36,By,Min,2024-03-09,2024-03-10
pg3,2024-03-10,by_min,-942.35,By,Min,2024-03-10,2024-03-11
pg3,2024-03-11,by_min,-922.98,By,Min,2024-03-11,2024-03-12
pg3,2024-03-12,by_min,-915.32,By,Min,2024-03-12,2024-03-13
pg3,2024-03-13,by_min,-1044.24,By,Min,2024-03-13,2024-03-14
pg3,2024-03-14,by_min,-936.95,By,Min,2024-03-14,2024-03-15
pg3,2024-03-15,by_min,-968.68,By,Min,2024-03-15,2024-03-16
pg3,2024-03-16,by_min,-904.48,By,Min,2024-03-16,2024-03-17
pg3,2024-03-17,by_min,-908.88,By,Min,2024-03-17,2024-03-18
pg3,2024-03-18,by_min,-1038.85,By,Min,2024-03-18,2024-03-19
pg3,2024-03-19,by_min,-937.82,By,Min,2024-03-19,2024-03-20
pg3,2024-03-20,by_min,-923.27,By,Min,2024-03-20,2024-03-21
pg3,2024-03-21,by_min,-1062.34,By,Min,2024-03-21,2024-03-22
pg3,2024-03-22,by_min,-972.39,By,Min,2024-03-22,2024-03-23
pg3,2024-03-23,by_min,-1017.1,By,Min,2024-03-23,2024-03-24
pg3,2024-03-24,by_min,-1330.96,By,Min,2024-03-24,2024-03-25
pg3,2024-03-25,by_min,-988.22,By,Min,2024-03-25,2024-03-26
pg3,2024-03-26,by_min,-1037.69,By,Min,2024-03-26,2024-03-27
pg3,2024-03-27,by_min,-931.73,By,Min,2024-03-27,2024-03-28
pg3,2024-03-28,by_min,-953.77,By,Min,2024-03-28,2024-03-29
pg3,2024-03-29,by_min,-928.66,By,Min,2024-03-29,2024-03-30
pg3,2024-03-30,by_min,-921.24,By,Min,2024-03-30,2024-03-31
pg3,2024-03-31,by_min,-917.18,By,Min,2024-03-31,2024-04-01
pg3,2024-04-01,by_min,-946.75,By,Min,2024-04-01,2024-04-02
pg3,2024-04-02,by_min,-960.32,By,Min,2024-04-02,2024-04-03
pg3,2024-04-03,by_min,-936.49,By,Min,2024-04-03,2024-04-04
pg3,2024-04-04,by_min,-946.46,By,Min,2024-04-04,2024-04-05
pg3,2024-04-05,by_min,-1085.07,By,Min,2024-04-05,2024-04-06
pg3,2024-04-06,by_min,-948.9,By,Min,2024-04-06,2024-04-07
pg3,2024-04-07,by_min,-940.43,By,Min,2024-04-07,2024-04-08
pg3,2024-04-08,by_min,-1001.09,By,Min,2024-04-08,2024-04-09
pg3,2024-04-09,by_min,-988.16,By,Min,2024-04-09,2024-04-10
pg3,2024-04-10,by_min,-936.2,By,Min,2024-04-10,2024-04-11
pg3,2024-04-11,by_min,-907.03,By,Min,2024-04-11,2024-04-12
pg3,2024-04-12,by_min,-918.51,By,Min,2024-04-12,2024-04-13
pg3,2024-04-13,by_min,-911.38,By,Min,2024-04-13,2024-04-14
pg3,2024-04-14,by_min,-918.63,By,Min,2024-04-14,2024-04-15
pg3,2024-04-15,by_min,-914.39,By,Min,2024-04-15,2024-04-16
pg3,2024-04-16,by_min,-1014.26,By,Min,2024-04-16,2024-04-17
pg3,2024-04-17,by_min,-914.05,By,Min,2024-04-17,2024-04-18
pg3,2024-04-18,by_min,-906.16,By,Min,2024-04-18,2024-04-19
pg3,2024-04-19,by_min,-1003.01,By,Min,2024-04-19,2024-04-20
pg3,2024-04-20,by_min,-968.27,By,Min,2024-04-20,2024-04-21
pg3,2024-04-21,by_min,-970.42,By,Min,2024-04-21,2024-04-22
pg3,2024-04-22,by_min,-986.13,By,Min,2024-04-22,2024-04-23
pg3,2024-04-23,by_min,-968.21,By,Min,2024-04-23,2024-04-24
pg3,2024-04-24,by_min,-902.21,By,Min,2024-04-24,2024-04-25
pg3,2024-04-25,by_min,-904.88,By,Min,2024-04-25,2024-04-26
pg3,2024-04-26,by_min,-989.79,By,Min,2024-04-26,2024-04-27
pg3,2024-04-27,by_min,-919.03,By,Min,2024-04-27,2024-04-28
pg3,2024-04-28,by_min,-928.08,By,Min,2024-04-28,2024-04-29
pg3,2024-04-29,by_min,-918.16,By,Min,2024-04-29,2024-04-30
pg3,2024-04-30,by_min,-902.62,By,Min,2024-04-30,2024-05-01
pg3,2024-05-01,by_min,-932.08,By,Min,2024-05-01,2024-05-02
pg3,2024-05-02,by_min,-1027.37,By,Min,2024-05-02,2024-05-03
pg3,2024-05-03,by_min,-934.05,By,Min,2024-05-03,2024-05-04
pg3,2024-05-04,by_min,-952.44,By,Min,2024-05-04,2024-05-05
pg3,2024-05-05,by_min,-959.74,By,Min,2024-05-05,2024-05-06
pg3,2024-05-06,by_min,-949.07,By,Min,2024-05-06,2024-05-07
pg3,2024-05-07,by_min,-937.65,By,Min,2024-05-07,2024-05-08
pg3,2024-05-08,by_min,-969.95,By,Min,2024-05-08,2024-05-09
pg3,2024-05-09,by_min,-942.75,By,Min,2024-05-09,2024-05-10
pg3,2024-05-10,by_min,-1205.76,By,Min,2024-05-10,2024-05-11
pg3,2024-05-11,by_min,-1471.19,By,Min,2024-05-11,2024-05-12
pg3,2024-05-12,by_min,-1140.45,By,Min,2024-05-12,2024-05-13
pg3,2024-05-13,by_min,-1140.98,By,Min,2024-05-13,2024-05-14
pg3,2024-05-14,by_min,-932.84,By,Min,2024-05-14,2024-05-15
pg3,2024-05-15,by_min,-942.4,By,Min,2024-05-15,2024-05-16
pg3,2024-05-16,by_min,-1236.78,By,Min,2024-05-16,2024-05-17
pg3,2024-05-17,by_min,-929.24,By,Min,2024-05-17,2024-05-18
pg3,2024-05-18,by_min,-970.65,By,Min,2024-05-18,2024-05-19
pg3,2024-05-19,by_min,-939.45,By,Min,2024-05-19,2024-05-20
pg3,2024-05-20,by_min,-952.09,By,Min,2024-05-20,2024-05-21
pg3,2024-05-21,by_min,-945.3,By,Min,2024-05-21,2024-05-22
pg3,2024-05-22,by_min,-897.4,By,Min,2024-05-22,2024-05-23
pg3,2024-05-23,by_min,-2105.53,By,Min,2024-05-23,2024-05-24
pg3,2024-05-24,by_min,-956.56,By,Min,2024-05-24,2024-05-25
pg3,2024-05-25,by_min,-1037.75,By,Min,2024-05-25,2024-05-26
pg3,2024-05-26,by_min,-1049.58,By,Min,2024-05-26,2024-05-27
pg3,2024-05-27,by_min,-2105.53,By,Min,2024-05-27,2024-05-28
pg3,2024-05-28,by_min,-917.12,By,Min,2024-05-28,2024-05-29
pg3,2024-05-29,by_min,-914.39,By,Min,2024-05-29,2024-05-30
pg3,2024-05-30,by_min,-925.47,By,Min,2024-05-30,2024-05-31
pg3,2024-05-31,by_min,-959.46,By,Min,2024-05-31,2024-06-01
pg3,2024-06-01,by_min,-928.37,By,Min,2024-06-01,2024-06-02
pg3,2024-06-02,by_min,-906.62,By,Min,2024-06-02,2024-06-03
pg3,2024-06-03,by_min,-942.93,By,Min,2024-06-03,2024-06-04
pg3,2024-06-04,by_min,-936.95,By,Min,2024-06-04,2024-06-05
pg3,2024-06-05,by_min,-924.19,By,Min,2024-06-05,2024-06-06
pg3,2024-06-06,by_min,-956.38,By,Min,2024-06-06,2024-06-07
pg3,2024-06-07,by_min,-990.95,By,Min,2024-06-07,2024-06-08
pg3,2024-06-08,by_min,-949.25,By,Min,2024-06-08,2024-06-09
pg3,2024-06-09,by_min,-928.72,By,Min,2024-06-09,2024-06-10
pg3,2024-06-10,by_min,-935.97,By,Min,2024-06-10,2024-06-11
pg3,2024-06-11,by_min,-939.33,By,Min,2024-06-11,2024-06-12
pg3,2024-06-12,by_min,-911.78,By,Min,2024-06-12,2024-06-13
pg3,2024-06-13,by_min,-898.45,By,Min,2024-06-13,2024-06-14
pg3,2024-06-14,by_min,-932.66,By,Min,2024-06-14,2024-06-15
pg3,2024-06-15,by_min,-978.25,By,Min,2024-06-15,2024-06-16
pg3,2024-06-16,by_min,-948.2,By,Min,2024-06-16,2024-06-17
pg3,2024-06-17,by_min,-919.85,By,Min,2024-06-17,2024-06-18
pg3,2024-06-18,by_min,-1025.34,By,Min,2024-06-18,2024-06-19
pg3,2024-06-19,by_min,-956.09,By,Min,2024-06-19,2024-06-20
pg3,2024-06-20,by_min,-1093.25,By,Min,2024-06-20,2024-06-21
pg3,2024-06-21,by_min,-909.0,By,Min,2024-06-21,2024-06-22
pg3,2024-06-22,by_min,-899.49,By,Min,2024-06-22,2024-06-23
pg3,2024-06-23,by_min,-976.56,By,Min,2024-06-23,2024-06-24
pg3,2024-06-24,by_min,-910.39,By,Min,2024-06-24,2024-06-25
pg3,2024-06-25,by_min,-961.95,By,Min,2024-06-25,2024-06-26
pg3,2024-06-26,by_min,-963.17,By,Min,2024-06-26,2024-06-27
pg3,2024-06-27,by_min,-914.1,By,Min,2024-06-27,2024-06-28
pg3,2024-06-28,by_min,-1041.86,By,Min,2024-06-28,2024-06-29
pg3,2024-06-29,by_min,-954.58,By,Min,2024-06-29,2024-06-30
pg3,2024-06-30,by_min,-930.57,By,Min,2024-06-30,2024-07-01
pg3,2024-07-01,by_min,-939.39,By,Min,2024-07-01,2024-07-02
pg3,2024-07-02,by_min,-911.61,By,Min,2024-07-02,2024-07-03
pg3,2024-07-03,by_min,-935.91,By,Min,2024-07-03,2024-07-04
pg3,2024-07-04,by_min,-914.39,By,Min,2024-07-04,2024-07-05
pg3,2024-07-05,by_min,-920.66,By,Min,2024-07-05,2024-07-06
pg3,2024-10-19,by_min,-2105.53,By,Min,2024-10-19,2024-10-20
pg3,2024-10-20,by_min,-1046.97,By,Min,2024-10-20,2024-10-21
pg3,2024-10-21,by_min,-959.22,By,Min,2024-10-21,2024-10-22
pg3,2024-10-22,by_min,-1031.89,By,Min,2024-10-22,2024-10-23
pg3,2024-10-23,by_min,-999.3,By,Min,2024-10-23,2024-10-24
pg3,2024-10-24,by_min,-1021.8,By,Min,2024-10-24,2024-10-25
pg3,2024-10-25,by_min,-958.47,By,Min,2024-10-25,2024-10-26
pg3,2024-10-26,by_min,-1016.99,By,Min,2024-10-26,2024-10-27
pg3,2024-10-27,by_min,-1069.24,By,Min,2024-10-27,2024-10-28
pg3,2024-10-28,by_min,-1144.63,By,Min,2024-10-28,2024-10-29
pg3,2024-10-29,by_min,-1118.13,By,Min,2024-10-29,2024-10-30
pg3,2024-10-30,by_min,-1057.75,By,Min,2024-10-30,2024-10-31
pg3,2024-10-31,by_min,-991.87,By,Min,2024-10-31,2024-11-01
pg3,2024-11-01,by_min,-997.04,By,Min,2024-11-01,2024-11-02
pg3,2024-11-02,by_min,-1077.65,By,Min,2024-11-02,2024-11-03
pg3,2024-11-03,by_min,-1009.5,By,Min,2024-11-03,2024-11-04
pg3,2024-11-04,by_min,-1075.15,By,Min,2024-11-04,2024-11-05
pg3,2024-11-05,by_min,-1022.15,By,Min,2024-11-05,2024-11-06
pg3,2024-11-06,by_min,-1070.57,By,Min,2024-11-06,2024-11-07
pg3,2024-11-07,by_min,-1038.85,By,Min,2024-11-07,2024-11-08
pg3,2024-11-08,by_min,-985.67,By,Min,2024-11-08,2024-11-09
pg3,2024-11-09,by_min,-1147.94,By,Min,2024-11-09,2024-11-10
pg3,2024-11-10,by_min,-1095.04,By,Min,2024-11-10,2024-11-11
pg3,2024-11-11,by_min,-1027.48,By,Min,2024-11-11,2024-11-12
pg3,2024-12-12,by_min,-972.62,By,Min,2024-12-12,2024-12-13
pg3,2024-12-13,by_min,-1043.37,By,Min,2024-12-13,2024-12-14
pg3,2024-12-14,by_min,-2105.53,By,Min,2024-12-14,2024-12-15
pg3,2024-12-15,by_min,-1050.27,By,Min,2024-12-15,2024-12-16
pg3,2024-12-16,by_min,-1066.4,By,Min,2024-12-16,2024-12-17
pg3,2024-12-17,by_min,-2105.53,By,Min,2024-12-17,2024-12-18
pg3,2024-12-18,by_min,-2105.53,By,Min,2024-12-18,2024-12-19
pg3,2024-12-19,by_min,-1018.49,By,Min,2024-12-19,2024-12-20
pg3,2024-12-20,by_min,-1105.43,By,Min,2024-12-20,2024-12-21
pg3,2024-12-21,by_min,-1050.68,By,Min,2024-12-21,2024-12-22
pg3,2024-12-22,by_min,-1119.23,By,Min,2024-12-22,2024-12-23
pg3,2024-12-23,by_min,-1126.3,By,Min,2024-12-23,2024-12-24
pg3,2024-12-24,by_min,-1079.21,By,Min,2024-12-24,2024-12-25
pg3,2024-12-25,by_min,-1032.93,By,Min,2024-12-25,2024-12-26
pg3,2024-12-26,by_min,-1084.9,By,Min,2024-12-26,2024-12-27
pg3,2024-12-27,by_min,-988.39,By,Min,2024-12-27,2024-12-28
pg3,2024-12-28,by_min,-1009.79,By,Min,2024-12-28,2024-12-29
pg3,2024-12-29,by_min,-1055.09,By,Min,2024-12-29,2024-12-30
pg3,2024-12-30,by_min,-2105.53,By,Min,2024-12-30,2024-12-31
pg3,2024-12-31,by_min,-1044.01,By,Min,2024-12-31,2025-01-01
pg4,2024-01-01,by_min,-793.09,By,Min,2024-01-01,2024-01-02
pg4,2024-01-02,by_min,-704.54,By,Min,2024-01-02,2024-01-03
pg4,2024-01-03,by_min,-2424.26,By,Min,2024-01-03,2024-01-04
pg4,2024-01-04,by_min,-659.65,By,Min,2024-01-04,2024-01-05
pg4,2024-01-05,by_min,-2424.26,By,Min,2024-01-05,2024-01-06
pg4,2024-01-06,by_min,-646.19,By,Min,2024-01-06,2024-01-07
pg4,2024-01-07,by_min,-627.95,By,Min,2024-01-07,2024-01-08
pg4,2024-01-08,by_min,-622.48,By,Min,2024-01-08,2024-01-09
pg4,2024-01-09,by_min,-667.42,By,Min,2024-01-09,2024-01-10
pg4,2024-01-10,by_min,-691.47,By,Min,2024-01-10,2024-01-11
pg4,2024-01-11,by_min,-666.16,By,Min,2024-01-11,2024-01-12
pg4,2024-01-12,by_min,-655.57,By,Min,2024-01-12,2024-01-13
pg4,2024-01-13,by_min,-655.8,By,Min,2024-01-13,2024-01-14
pg4,2024-01-14,by_min,-677.95,By,Min,2024-01-14,2024-01-15
pg4,2024-01-15,by_min,-705.0,By,Min,2024-01-15,2024-01-16
pg4,2024-01-16,by_min,-2424.26,By,Min,2024-01-16,2024-01-17
pg4,2024-01-17,by_min,-656.49,By,Min,2024-01-17,2024-01-18
pg4,2024-01-18,by_min,-647.34,By,Min,2024-01-18,2024-01-19
pg4,2024-01-19,by_min,-709.89,By,Min,2024-01-19,2024-01-20
pg4,2024-01-20,by_min,-715.7,By,Min,2024-01-20,2024-01-21
pg4,2024-01-21,by_min,-688.71,By,Min,2024-01-21,2024-01-22
pg4,2024-01-22,by_min,-656.2,By,Min,2024-01-22,2024-01-23
pg4,2024-01-23,by_min,-702.0,By,Min,2024-01-23,2024-01-24
pg4,2024-01-24,by_min,-753.97,By,Min,2024-01-24,2024-01-25
pg4,2024-01-25,by_min,-664.89,By,Min,2024-01-25,2024-01-26
pg4,2024-01-26,by_min,-659.71,By,Min,2024-01-26,2024-01-27
pg4,2024-01-27,by_min,-666.27,By,Min,2024-01-27,2024-01-28
pg4,2024-01-28,by_min,-688.08,By,Min,2024-01-28,2024-01-29
pg4,2024-01-29,by_min,-691.42,By,Min,2024-01-29,2024-01-30
pg4,2024-01-30,by_min,-695.56,By,Min,2024-01-30,2024-01-31
pg4,2024-01-31,by_min,-667.88,By,Min,2024-01-31,2024-02-01
pg4,2024-02-01,by_min,-686.81,By,Min,2024-02-01,2024-02-02
pg4,2024-02-02,by_min,-663.11,By,Min,2024-02-02,2024-02-03
pg4,2024-02-03,by_min,-637.56,By,Min,2024-02-03,2024-02-04
pg4,2024-02-04,by_min,-669.61,By,Min,2024-02-04,2024-02-05
pg4,2024-02-05,by_min,-2424.26,By,Min,2024-02-05,2024-02-06
pg4,2024-02-06,by_min,-692.74,By,Min,2024-02-06,2024-02-07
pg4,2024-02-07,by_min,-655.51,By,Min,2024-02-07,2024-02-08
pg4,2024-02-08,by_min,-2424.26,By,Min,2024-02-08,2024-02-09
pg4,2024-02-09,by_min,-648.6,By,Min,2024-02-09,2024-02-10
pg4,2024-02-10,by_min,-678.24,By,Min,2024-02-10,2024-02-11
pg4,2024-02-11,by_min,-707.41,By,Min,2024-02-11,2024-02-12
pg4,2024-02-12,by_min,-657.35,By,Min,2024-02-12,2024-02-13
pg4,2024-02-13,by_min,-680.83,By,Min,2024-02-13,2024-02-14
pg4,2024-02-14,by_min,-661.78,By,Min,2024-02-14,2024-02-15
pg4,2024-02-15,by_min,-814.16,By,Min,2024-02-15,2024-02-16
pg4,2024-02-16,by_min,-652.29,By,Min,2024-02-16,2024-02-17
pg4,2024-02-17,by_min,-647.22,By,Min,2024-02-17,2024-02-18
pg4,2024-02-18,by_min,-686.41,By,Min,2024-02-18,2024-02-19
pg4,2024-02-19,by_min,-644.52,By,Min,2024-02-19,2024-02-20
pg4,2024-02-20,by_min,-644.86,By,Min,2024-02-20,2024-02-21
pg4,2024-02-21,by_min,-639.46,By,Min,2024-02-21,2024-02-22
pg4,2024-02-22,by_min,-667.31,By,Min,2024-02-22,2024-02-23
pg4,2024-02-23,by_min,-644.17,By,Min,2024-02-23,2024-02-24
pg4,2024-02-24,by_min,-640.15,By,Min,2024-02-24,2024-02-25
pg4,2024-02-25,by_min,-677.32,By,Min,2024-02-25,2024-02-26
pg4,2024-02-26,by_min,-649.87,By,Min,2024-02-26,2024-02-27
pg4,2024-02-27,by_min,-657.52,By,Min,2024-02-27,2024-02-28
pg4,2024-02-28,by_min,-622.42,By,Min,2024-02-28,2024-02-29
pg4,2024-02-29,by_min,-632.09,By,Min,2024-02-29,2024-03-01
pg4,2024-03-01,by_min,-662.13,By,Min,2024-03-01,2024-03-02
pg4,2024-03-02,by_min,-655.74,By,Min,2024-03-02,2024-03-03
pg4,2024-03-03,by_min,-667.02,By,Min,2024-03-03,2024-03-04
pg4,2024-03-04,by_min,-643.83,By,Min,2024-03-04,2024-03-05
pg4,2024-03-05,by_min,-766.97,By,Min,2024-03-05,2024-03-06
pg4,2024-03-06,by_min,-658.56,By,Min,2024-03-06,2024-03-07
pg4,2024-03-07,by_min,-658.73,By,Min,2024-03-07,2024-03-08
pg4,2024-03-08,by_min,-631.92,By,Min,2024-03-08,2024-03-09
pg4,2024-03-09,by_min,-676.23,By,Min,2024-03-09,2024-03-10
pg4,2024-03-10,by_min,-631.34,By,Min,2024-03-10,2024-03-11
pg4,2024-03-11,by_min,-604.24,By,Min,2024-03-11,2024-03-12
pg4,2024-03-12,by_min,-593.82,By,Min,2024-03-12,2024-03-13
pg4,2024-03-13,by_min,-614.48,By,Min,2024-03-13,2024-03-14
pg4,2024-03-14,by_min,-625.7,By,Min,2024-03-14,2024-03-15
pg4,2024-03-15,by_min,-643.48,By,Min,2024-03-15,2024-03-16
pg4,2024-03-16,by_min,-572.53,By,Min,2024-03-16,2024-03-17
pg4,2024-03-17,by_min,-570.29,By,Min,2024-03-17,2024-03-18
pg4,2024-03-18,by_min,-567.35,By,Min,2024-03-18,2024-03-19
pg4,2024-03-19,by_min,-595.03,By,Min,2024-03-19,2024-03-20
pg4,2024-03-20,by_min,-583.7,By,Min,2024-03-20,2024-03-21
pg4,2024-03-21,by_min,-650.85,By,Min,2024-03-21,2024-03-22
pg4,2024-03-22,by_min,-597.79,By,Min,2024-03-22,2024-03-23
pg4,2024-03-23,by_min,-602.0,By,Min,2024-03-23,2024-03-24
pg4,2024-03-24,by_min,-653.96,By,Min,2024-03-24,2024-03-25
pg4,2024-03-25,by_min,-642.91,By,Min,2024-03-25,2024-03-26
pg4,2024-03-26,by_min,-604.64,By,Min,2024-03-26,2024-03-27
pg4,2024-03-27,by_min,-603.95,By,Min,2024-03-27,2024-03-28
pg4,2024-03-28,by_min,-567.24,By,Min,2024-03-28,2024-03-29
pg4,2024-03-29,by_min,-567.7,By,Min,2024-03-29,2024-03-30
pg4,2024-03-30,by_min,-564.42,By,Min,2024-03-30,2024-03-31
pg4,2024-03-31,by_min,-570.4,By,Min,2024-03-31,2024-04-01
pg4,2024-04-01,by_min,-593.48,By,Min,2024-04-01,2024-04-02
pg4,2024-04-02,by_min,-582.6,By,Min,2024-04-02,2024-04-03
pg4,2024-04-03,by_min,-590.43,By,Min,2024-04-03,2024-04-04
pg4,2024-04-04,by_min,-579.15,By,Min,2024-04-04,2024-04-05
pg4,2024-04-05,by_min,-582.78,By,Min,2024-04-05,2024-04-06
pg4,2024-04-06,by_min,-597.51,By,Min,2024-04-06,2024-04-07
pg4,2024-04-07,by_min,-561.43,By,Min,2024-04-07,2024-04-08
pg4,2024-04-08,by_min,-613.45,By,Min,2024-04-08,2024-04-09
pg4,2024-04-09,by_min,-628.12,By,Min,2024-04-09,2024-04-10
pg4,2024-04-10,by_min,-531.16,By,Min,2024-04-10,2024-04-11
pg4,2024-04-30,by_min,-548.77,By,Min,2024-04-30,2024-05-01
pg4,2024-05-01,by_min,-564.94,By,Min,2024-05-01,2024-05-02
pg4,2024-05-02,by_min,-647.17,By,Min,2024-05-02,2024-05-03
pg4,2024-05-03,by_min,-578.52,By,Min,2024-05-03,2024-05-04
pg4,2024-05-04,by_min,-643.71,By,Min,2024-05-04,2024-05-05
pg4,2024-05-05,by_min,-613.39,By,Min,2024-05-05,2024-05-06
pg4,2024-05-06,by_min,-574.6,By,Min,2024-05-06,2024-05-07
pg4,2024-05-07,by_min,-566.95,By,Min,2024-05-07,2024-05-08
pg4,2024-05-08,by_min,-594.28,By,Min,2024-05-08,2024-05-09
pg4,2024-05-09,by_min,-557.69,By,Min,2024-05-09,2024-05-10
pg4,2024-05-10,by_min,-1048.3,By,Min,2024-05-10,2024-05-11
pg4,2024-05-11,by_min,-1490.34,By,Min,2024-05-11,2024-05-12
pg4,2024-05-12,by_min,-883.03,By,Min,2024-05-12,2024-05-13
pg4,2024-05-13,by_min,-601.71,By,Min,2024-05-13,2024-05-14
pg4,2024-05-14,by_min,-578.92,By,Min,2024-05-14,2024-05-15
pg4,2024-05-15,by_min,-567.76,By,Min,2024-05-15,2024-05-16
pg4,2024-05-16,by_min,-1152.91,By,Min,2024-05-16,2024-05-17
pg4,2024-05-17,by_min,-568.68,By,Min,2024-05-17,2024-05-18
pg4,2024-05-18,by_min,-576.1,By,Min,2024-05-18,2024-05-19
pg4,2024-05-19,by_min,-573.91,By,Min,2024-05-19,2024-05-20
pg4,2024-05-20,by_min,-570.35,By,Min,2024-05-20,2024-05-21
pg4,2024-05-21,by_min,-578.98,By,Min,2024-05-21,2024-05-22
pg4,2024-05-22,by_min,-548.54,By,Min,2024-05-22,2024-05-23
pg4,2024-05-23,by_min,-775.83,By,Min,2024-05-23,2024-05-24
pg4,2024-05-24,by_min,-593.31,By,Min,2024-05-24,2024-05-25
pg4,2024-05-25,by_min,-2424.26,By,Min,2024-05-25,2024-05-26
pg4,2024-05-26,by_min,-2424.26,By,Min,2024-05-26,2024-05-27
pg4,2024-05-27,by_min,-772.78,By,Min,2024-05-27,2024-05-28
pg4,2024-05-28,by_min,-2424.26,By,Min,2024-05-28,2024-05-29
pg4,2024-05-29,by_min,-596.13,By,Min,2024-05-29,2024-05-30
pg4,2024-05-30,by_min,-608.15,By,Min,2024-05-30,2024-05-31
pg4,2024-05-31,by_min,-612.53,By,Min,2024-05-31,2024-06-01
pg4,2024-06-01,by_min,-564.88,By,Min,2024-06-01,2024-06-02
pg4,2024-06-02,by_min,-746.6,By,Min,2024-06-02,2024-06-03
pg4,2024-06-03,by_min,-606.14,By,Min,2024-06-03,2024-06-04
pg4,2024-06-04,by_min,-588.59,By,Min,2024-06-04,2024-06-05
pg4,2024-06-05,by_min,-586.75,By,Min,2024-06-05,2024-06-06
pg4,2024-06-06,by_min,-590.89,By,Min,2024-06-06,2024-06-07
pg4,2024-06-07,by_min,-719.44,By,Min,2024-06-07,2024-06-08
pg4,2024-06-08,by_min,-652.52,By,Min,2024-06-08,2024-06-09
pg4,2024-06-09,by_min,-597.79,By,Min,2024-06-09,2024-06-10
pg4,2024-06-10,by_min,-636.52,By,Min,2024-06-10,2024-06-11
pg4,2024-06-11,by_min,-605.79,By,Min,2024-06-11,2024-06-12
pg4,2024-06-12,by_min,-623.0,By,Min,2024-06-12,2024-06-13
pg4,2024-06-13,by_min,-578.17,By,Min,2024-06-13,2024-06-14
pg4,2024-06-14,by_min,-597.05,By,Min,2024-06-14,2024-06-15
pg4,2024-06-15,by_min,-652.17,By,Min,2024-06-15,2024-06-16
pg4,2024-06-16,by_min,-618.16,By,Min,2024-06-16,2024-06-17
pg4,2024-06-17,by_min,-613.85,By,Min,2024-06-17,2024-06-18
pg4,2024-06-18,by_min,-745.28,By,Min,2024-06-18,2024-06-19
pg4,2024-06-19,by_min,-633.41,By,Min,2024-06-19,2024-06-20
pg4,2024-06-20,by_min,-694.81,By,Min,2024-06-20,2024-06-21
pg4,2024-06-21,by_min,-583.41,By,Min,2024-06-21,2024-06-22
pg4,2024-06-22,by_min,-594.17,By,Min,2024-06-22,2024-06-23
pg4,2024-06-23,by_min,-640.95,By,Min,2024-06-23,2024-06-24
pg4,2024-06-24,by_min,-609.76,By,Min,2024-06-24,2024-06-25
pg4,2024-06-25,by_min,-690.38,By,Min,2024-06-25,2024-06-26
pg4,2024-06-26,by_min,-607.81,By,Min,2024-06-26,2024-06-27
pg4,2024-06-27,by_min,-624.21,By,Min,2024-06-27,2024-06-28
pg4,2024-06-28,by_min,-707.18,By,Min,2024-06-28,2024-06-29
pg4,2024-06-29,by_min,-665.18,By,Min,2024-06-29,2024-06-30
pg4,2024-06-30,by_min,-615.4,By,Min,2024-06-30,2024-07-01
pg4,2024-07-01,by_min,-635.08,By,Min,2024-07-01,2024-07-02
pg4,2024-07-02,by_min,-612.3,By,Min,2024-07-02,2024-07-03
pg4,2024-07-03,by_min,-621.5,By,Min,2024-07-03,2024-07-04
pg4,2024-07-04,by_min,-596.93,By,Min,2024-07-04,2024-07-05
pg4,2024-07-05,by_min,-545.09,By,Min,2024-07-05,2024-07-06
pg4,2024-10-20,by_min,-621.73,By,Min,2024-10-20,2024-10-21
pg4,2024-10-21,by_min,-636.75,By,Min,2024-10-21,2024-10-22
pg4,2024-10-22,by_min,-743.72,By,Min,2024-10-22,2024-10-23
pg4,2024-10-23,by_min,-687.96,By,Min,2024-10-23,2024-10-24
pg4,2024-10-24,by_min,-750.11,By,Min,2024-10-24,2024-10-25
pg4,2024-10-25,by_min,-640.61,By,Min,2024-10-25,2024-10-26
pg4,2024-10-26,by_min,-692.86,By,Min,2024-10-26,2024-10-27
pg4,2024-10-27,by_min,-807.42,By,Min,2024-10-27,2024-10-28
pg4,2024-10-28,by_min,-788.43,By,Min,2024-10-28,2024-10-29
pg4,2024-10-29,by_min,-709.72,By,Min,2024-10-29,2024-10-30
pg4,2024-10-30,by_min,-705.0,By,Min,2024-10-30,2024-10-31
pg4,2024-10-31,by_min,-661.26,By,Min,2024-10-31,2024-11-01
pg4,2024-11-01,by_min,-664.77,By,Min,2024-11-01,2024-11-02
pg4,2024-11-02,by_min,-749.77,By,Min,2024-11-02,2024-11-03
pg4,2024-11-03,by_min,-648.03,By,Min,2024-11-03,2024-11-04
pg4,2024-11-04,by_min,-756.9,By,Min,2024-11-04,2024-11-05
pg4,2024-11-05,by_min,-685.37,By,Min,2024-11-05,2024-11-06
pg4,2024-11-06,by_min,-714.72,By,Min,2024-11-06,2024-11-07
pg4,2024-11-07,by_min,-667.25,By,Min,2024-11-07,2024-11-08
pg4,2024-11-08,by_min,-642.62,By,Min,2024-11-08,2024-11-09
pg4,2024-11-09,by_min,-739.0,By,Min,2024-11-09,2024-11-10
pg4,2024-11-10,by_min,-696.48,By,Min,2024-11-10,2024-11-11
pg4,2024-11-11,by_min,-2424.26,By,Min,2024-11-11,2024-11-12
pg4,2024-11-12,by_min,-647.28,By,Min,2024-11-12,2024-11-13
pg4,2024-11-13,by_min,-623.69,By,Min,2024-11-13,2024-11-14
pg4,2024-11-14,by_min,-624.03,By,Min,2024-11-14,2024-11-15
pg4,2024-11-15,by_min,-665.81,By,Min,2024-11-15,2024-11-16
pg4,2024-11-16,by_min,-648.37,By,Min,2024-11-16,2024-11-17
pg4,2024-11-17,by_min,-646.76,By,Min,2024-11-17,2024-11-18
pg4,2024-11-18,by_min,-806.39,By,Min,2024-11-18,2024-11-19
pg4,2024-11-19,by_min,-637.61,By,Min,2024-11-19,2024-11-20
pg4,2024-11-20,by_min,-660.63,By,Min,2024-11-20,2024-11-21
pg4,2024-11-21,by_min,-613.85,By,Min,2024-11-21,2024-11-22
pg4,2024-11-22,by_min,-661.95,By,Min,2024-11-22,2024-11-23
pg4,2024-11-23,by_min,-624.84,By,Min,2024-11-23,2024-11-24
pg4,2024-11-24,by_min,-621.56,By,Min,2024-11-24,2024-11-25
pg4,2024-11-25,by_min,-658.67,By,Min,2024-11-25,2024-11-26
pg4,2024-11-26,by_min,-608.84,By,Min,2024-11-26,2024-11-27
pg4,2024-11-27,by_min,-799.42,By,Min,2024-11-27,2024-11-28
pg4,2024-11-28,by_min,-627.83,By,Min,2024-11-28,2024-11-29
pg4,2024-11-29,by_min,-640.03,By,Min,2024-11-29,2024-11-30
pg4,2024-11-30,by_min,-669.61,By,Min,2024-11-30,2024-12-01
pg4,2024-12-01,by_min,-631.0,By,Min,2024-12-01,2024-12-02
pg4,2024-12-02,by_min,-658.1,By,Min,2024-12-02,2024-12-03
pg4,2024-12-03,by_min,-651.71,By,Min,2024-12-03,2024-12-04
pg4,2024-12-04,by_min,-665.06,By,Min,2024-12-04,2024-12-05
pg4,2024-12-05,by_min,-658.39,By,Min,2024-12-05,2024-12-06
pg4,2024-12-06,by_min,-626.34,By,Min,2024-12-06,2024-12-07
pg4,2024-12-07,by_min,-656.43,By,Min,2024-12-07,2024-12-08
pg4,2024-12-08,by_min,-624.32,By,Min,2024-12-08,2024-12-09
pg4,2024-12-09,by_min,-660.8,By,Min,2024-12-09,2024-12-10
pg4,2024-12-10,by_min,-709.31,By,Min,2024-12-10,2024-12-11
pg4,2024-12-11,by_min,-691.59,By,Min,2024-12-11,2024-12-12
pg4,2024-12-12,by_min,-792.69,By,Min,2024-12-12,2024-12-13
pg4,2024-12-13,by_min,-800.23,By,Min,2024-12-13,2024-12-14
pg4,2024-12-14,by_min,-661.78,By,Min,2024-12-14,2024-12-15
pg4,2024-12-15,by_min,-691.93,By,Min,2024-12-15,2024-12-16
pg4,2024-12-16,by_min,-699.42,By,Min,2024-12-16,2024-12-17
pg4,2024-12-17,by_min,-753.33,By,Min,2024-12-17,2024-12-18
pg4,2024-12-18,by_min,-746.31,By,Min,2024-12-18,2024-12-19
pg4,2024-12-19,by_min,-662.99,By,Min,2024-12-19,2024-12-20
pg4,2024-12-20,by_min,-685.09,By,Min,2024-12-20,2024-12-21
pg4,2024-12-21,by_min,-728.76,By,Min,2024-12-21,2024-12-22
pg4,2024-12-22,by_min,-757.76,By,Min,2024-12-22,2024-12-23
pg4,2024-12-23,by_min,-689.23,By,Min,2024-12-23,2024-12-24
pg4,2024-12-24,by_min,-699.24,By,Min,2024-12-24,2024-12-25
pg4,2024-12-25,by_min,-686.3,By,Min,2024-12-25,2024-12-26
pg4,2024-12-26,by_min,-630.42,By,Min,2024-12-26,2024-12-27
pg4,2024-12-27,by_min,-639.23,By,Min,2024-12-27,2024-12-28
pg4,2024-12-28,by_min,-662.93,By,Min,2024-12-28,2024-12-29
pg4,2024-12-29,by_min,-677.84,By,Min,2024-12-29,2024-12-30
pg4,2024-12-30,by_min,-722.55,By,Min,2024-12-30,2024-12-31
pg4,2024-12-31,by_min,-700.34,By,Min,2024-12-31,2025-01-01
pg5,2024-01-01,by_min,-2274.41,By,Min,2024-01-01,2024-01-02
pg5,2024-01-02,by_min,-376.31,By,Min,2024-01-02,2024-01-03
pg5,2024-01-03,by_min,-2274.41,By,Min,2024-01-03,2024-01-04
pg5,2024-01-04,by_min,-2274.41,By,Min,2024-01-04,2024-01-05
pg5,2024-01-05,by_min,-2274.41,By,Min,2024-01-05,2024-01-06
pg5,2024-01-06,by_min,-526.47,By,Min,2024-01-06,2024-01-07
pg5,2024-01-07,by_min,-511.82,By,Min,2024-01-07,2024-01-08
pg5,2024-01-08,by_min,-2274.41,By,Min,2024-01-08,2024-01-09
pg5,2024-01-09,by_min,-470.06,By,Min,2024-01-09,2024-01-10
pg5,2024-01-10,by_min,-2274.41,By,Min,2024-01-10,2024-01-11
pg5,2024-01-11,by_min,-432.72,By,Min,2024-01-11,2024-01-12
pg5,2024-01-12,by_min,-2274.41,By,Min,2024-01-12,2024-01-13
pg5,2024-01-13,by_min,-347.0,By,Min,2024-01-13,2024-01-14
pg5,2024-01-14,by_min,-582.05,By,Min,2024-01-14,2024-01-15
pg5,2024-01-15,by_min,-2274.41,By,Min,2024-01-15,2024-01-16
pg5,2024-01-16,by_min,-2274.41,By,Min,2024-01-16,2024-01-17
pg5,2024-01-17,by_min,-2274.41,By,Min,2024-01-17,2024-01-18
pg5,2024-01-18,by_min,-516.52,By,Min,2024-01-18,2024-01-19
pg5,2024-01-19,by_min,-2274.41,By,Min,2024-01-19,2024-01-20
pg5,2024-01-20,by_min,-2274.41,By,Min,2024-01-20,2024-01-21
pg5,2024-01-21,by_min,-429.14,By,Min,2024-01-21,2024-01-22
pg5,2024-01-22,by_min,-2274.41,By,Min,2024-01-22,2024-01-23
pg5,2024-01-23,by_min,-409.49,By,Min,2024-01-23,2024-01-24
pg5,2024-01-24,by_min,-489.72,By,Min,2024-01-24,2024-01-25
pg5,2024-01-25,by_min,-350.99,By,Min,2024-01-25,2024-01-26
pg5,2024-01-26,by_min,-346.05,By,Min,2024-01-26,2024-01-27
pg5,2024-01-27,by_min,-362.31,By,Min,2024-01-27,2024-01-28
pg5,2024-01-28,by_min,-374.7,By,Min,2024-01-28,2024-01-29
pg5,2024-01-29,by_min,-350.93,By,Min,2024-01-29,2024-01-30
pg5,2024-01-30,by_min,-449.63,By,Min,2024-01-30,2024-01-31
pg5,2024-01-31,by_min,-347.6,By,Min,2024-01-31,2024-02-01
pg5,2024-02-01,by_min,-368.15,By,Min,2024-02-01,2024-02-02
pg5,2024-02-02,by_min,-363.38,By,Min,2024-02-02,2024-02-03
pg5,2024-02-03,by_min,-335.86,By,Min,2024-02-03,2024-02-04
pg5,2024-02-04,by_min,-376.01,By,Min,2024-02-04,2024-02-05
pg5,2024-02-05,by_min,-378.69,By,Min,2024-02-05,2024-02-06
pg5,2024-02-06,by_min,-2274.41,By,Min,2024-02-06,2024-02-07
pg5,2024-02-07,by_min,-2274.41,By,Min,2024-02-07,2024-02-08
pg5,2024-02-08,by_min,-359.27,By,Min,2024-02-08,2024-02-09
pg5,2024-02-09,by_min,-345.69,By,Min,2024-02-09,2024-02-10
pg5,2024-02-10,by_min,-372.73,By,Min,2024-02-10,2024-02-11
pg5,2024-02-11,by_min,-432.36,By,Min,2024-02-11,2024-02-12
pg5,2024-02-12,by_min,-359.81,By,Min,2024-02-12,2024-02-13
pg5,2024-02-13,by_min,-2274.41,By,Min,2024-02-13,2024-02-14
pg5,2024-02-14,by_min,-592.95,By,Min,2024-02-14,2024-02-15
pg5,2024-02-15,by_min,-515.99,By,Min,2024-02-15,2024-02-16
pg5,2024-02-16,by_min,-348.55,By,Min,2024-02-16,2024-02-17
pg5,2024-02-17,by_min,-348.07,By,Min,2024-02-17,2024-02-18
pg5,2024-02-18,by_min,-531.12,By,Min,2024-02-18,2024-02-19
pg5,2024-02-19,by_min,-326.45,By,Min,2024-02-19,2024-02-20
pg5,2024-02-20,by_min,-575.67,By,Min,2024-02-20,2024-02-21
pg5,2024-02-21,by_min,-338.01,By,Min,2024-02-21,2024-02-22
pg5,2024-02-22,by_min,-366.6,By,Min,2024-02-22,2024-02-23
pg5,2024-02-23,by_min,-345.69,By,Min,2024-02-23,2024-02-24
pg5,2024-02-24,by_min,-326.81,By,Min,2024-02-24,2024-02-25
pg5,2024-02-25,by_min,-375.53,By,Min,2024-02-25,2024-02-26
pg5,2024-02-26,by_min,-378.16,By,Min,2024-02-26,2024-02-27
pg5,2024-02-27,by_min,-384.53,By,Min,2024-02-27,2024-02-28
pg5,2024-02-28,by_min,-322.52,By,Min,2024-02-28,2024-02-29
pg5,2024-02-29,by_min,-350.16,By,Min,2024-02-29,2024-03-01
pg5,2024-03-01,by_min,-419.14,By,Min,2024-03-01,2024-03-02
pg5,2024-03-02,by_min,-370.95,By,Min,2024-03-02,2024-03-03
pg5,2024-03-03,by_min,-393.11,By,Min,2024-03-03,2024-03-04
pg5,2024-03-04,by_min,-360.82,By,Min,2024-03-04,2024-03-05
pg5,2024-03-05,by_min,-514.98,By,Min,2024-03-05,2024-03-06
pg5,2024-03-06,by_min,-523.02,By,Min,2024-03-06,2024-03-07
pg5,2024-03-07,by_min,-378.81,By,Min,2024-03-07,2024-03-08
pg5,2024-03-08,by_min,-420.15,By,Min,2024-03-08,2024-03-09
pg5,2024-03-09,by_min,-464.82,By,Min,2024-03-09,2024-03-10
pg5,2024-03-10,by_min,-417.05,By,Min,2024-03-10,2024-03-11
pg5,2024-03-11,by_min,-526.95,By,Min,2024-03-11,2024-03-12
pg5,2024-03-12,by_min,-2274.41,By,Min,2024-03-12,2024-03-13
pg5,2024-03-13,by_min,-530.22,By,Min,2024-03-13,2024-03-14
pg5,2024-03-14,by_min,-380.84,By,Min,2024-03-14,2024-03-15
pg5,2024-03-15,by_min,-2274.41,By,Min,2024-03-15,2024-03-16
pg5,2024-03-16,by_min,-325.98,By,Min,2024-03-16,2024-03-17
pg5,2024-03-17,by_min,-319.31,By,Min,2024-03-17,2024-03-18
pg5,2024-03-18,by_min,-362.85,By,Min,2024-03-18,2024-03-19
pg5,2024-03-19,by_min,-380.12,By,Min,2024-03-19,2024-03-20
pg5,2024-03-20,by_min,-431.29,By,Min,2024-03-20,2024-03-21
pg5,2024-03-21,by_min,-2274.41,By,Min,2024-03-21,2024-03-22
pg5,2024-03-22,by_min,-393.34,By,Min,2024-03-22,2024-03-23
pg5,2024-03-23,by_min,-541.72,By,Min,2024-03-23,2024-03-24
pg5,2024-03-24,by_min,-778.37,By,Min,2024-03-24,2024-03-25
pg5,2024-03-25,by_min,-482.39,By,Min,2024-03-25,2024-03-26
pg5,2024-03-26,by_min,-413.3,By,Min,2024-03-26,2024-03-27
pg5,2024-03-27,by_min,-359.21,By,Min,2024-03-27,2024-03-28
pg5,2024-03-28,by_min,-360.7,By,Min,2024-03-28,2024-03-29
pg5,2024-03-29,by_min,-363.5,By,Min,2024-03-29,2024-03-30
pg5,2024-03-30,by_min,-340.57,By,Min,2024-03-30,2024-03-31
pg5,2024-03-31,by_min,-368.27,By,Min,2024-03-31,2024-04-01
pg5,2024-04-01,by_min,-456.36,By,Min,2024-04-01,2024-04-02
pg5,2024-04-02,by_min,-358.92,By,Min,2024-04-02,2024-04-03
pg5,2024-04-03,by_min,-374.94,By,Min,2024-04-03,2024-04-04
pg5,2024-04-04,by_min,-345.33,By,Min,2024-04-04,2024-04-05
pg5,2024-04-05,by_min,-419.14,By,Min,2024-04-05,2024-04-06
pg5,2024-04-06,by_min,-392.99,By,Min,2024-04-06,2024-04-07
pg5,2024-04-07,by_min,-338.6,By,Min,2024-04-07,2024-04-08
pg5,2024-04-08,by_min,-2274.41,By,Min,2024-04-08,2024-04-09
pg5,2024-04-09,by_min,-446.83,By,Min,2024-04-09,2024-04-10
pg5,2024-04-10,by_min,-338.54,By,Min,2024-04-10,2024-04-11
pg5,2024-04-11,by_min,-339.08,By,Min,2024-04-11,2024-04-12
pg5,2024-04-12,by_min,-330.8,By,Min,2024-04-12,2024-04-13
pg5,2024-04-13,by_min,-350.99,By,Min,2024-04-13,2024-04-14
pg5,2024-04-14,by_min,-323.24,By,Min,2024-04-14,2024-04-15
pg5,2024-04-15,by_min,-315.2,By,Min,2024-04-15,2024-04-16
pg5,2024-04-16,by_min,-693.43,By,Min,2024-04-16,2024-04-17
pg5,2024-04-17,by_min,-326.99,By,Min,2024-04-17,2024-04-18
pg5,2024-04-18,by_min,-306.44,By,Min,2024-04-18,2024-04-19
pg5,2024-04-19,by_min,-730.66,By,Min,2024-04-19,2024-04-20
pg5,2024-04-20,by_min,-396.92,By,Min,2024-04-20,2024-04-21
pg5,2024-04-21,by_min,-586.93,By,Min,2024-04-21,2024-04-22
pg5,2024-04-22,by_min,-375.42,By,Min,2024-04-22,2024-04-23
pg5,2024-04-23,by_min,-395.67,By,Min,2024-04-23,2024-04-24
pg5,2024-04-24,by_min,-295.78,By,Min,2024-04-24,2024-04-25
pg5,2024-04-25,by_min,-317.52,By,Min,2024-04-25,2024-04-26
pg5,2024-04-26,by_min,-459.94,By,Min,2024-04-26,2024-04-27
pg5,2024-04-27,by_min,-308.82,By,Min,2024-04-27,2024-04-28
pg5,2024-04-28,by_min,-314.54,By,Min,2024-04-28,2024-04-29
pg5,2024-04-29,by_min,-314.36,By,Min,2024-04-29,2024-04-30
pg5,2024-04-30,by_min,-508.42,By,Min,2024-04-30,2024-05-01
pg5,2024-05-01,by_min,-477.57,By,Min,2024-05-01,2024-05-02
pg5,2024-05-02,by_min,-547.74,By,Min,2024-05-02,2024-05-03
pg5,2024-05-03,by_min,-410.74,By,Min,2024-05-03,2024-05-04
pg5,2024-05-04,by_min,-493.89,By,Min,2024-05-04,2024-05-05
pg5,2024-05-05,by_min,-384.23,By,Min,2024-05-05,2024-05-06
pg5,2024-05-06,by_min,-346.17,By,Min,2024-05-06,2024-05-07
pg5,2024-05-07,by_min,-321.99,By,Min,2024-05-07,2024-05-08
pg5,2024-05-08,by_min,-330.21,By,Min,2024-05-08,2024-05-09
pg5,2024-05-09,by_min,-312.16,By,Min,2024-05-09,2024-05-10
pg5,2024-05-10,by_min,-726.61,By,Min,2024-05-10,2024-05-11
pg5,2024-05-11,by_min,-1295.69,By,Min,2024-05-11,2024-05-12
pg5,2024-05-12,by_min,-696.83,By,Min,2024-05-12,2024-05-13
pg5,2024-05-13,by_min,-430.45,By,Min,2024-05-13,2024-05-14
pg5,2024-05-14,by_min,-326.51,By,Min,2024-05-14,2024-05-15
pg5,2024-05-15,by_min,-355.76,By,Min,2024-05-15,2024-05-16
pg5,2024-05-16,by_min,-1176.74,By,Min,2024-05-16,2024-05-17
pg5,2024-05-17,by_min,-458.93,By,Min,2024-05-17,2024-05-18
pg5,2024-05-18,by_min,-381.79,By,Min,2024-05-18,2024-05-19
pg5,2024-05-19,by_min,-335.03,By,Min,2024-05-19,2024-05-20
pg5,2024-05-20,by_min,-336.64,By,Min,2024-05-20,2024-05-21
pg5,2024-05-21,by_min,-325.74,By,Min,2024-05-21,2024-05-22
pg5,2024-05-22,by_min,-317.94,By,Min,2024-05-22,2024-05-23
pg5,2024-05-23,by_min,-348.02,By,Min,2024-05-23,2024-05-24
pg5,2024-05-24,by_min,-409.84,By,Min,2024-05-24,2024-05-25
pg5,2024-05-25,by_min,-2274.41,By,Min,2024-05-25,2024-05-26
pg5,2024-05-26,by_min,-2274.41,By,Min,2024-05-26,2024-05-27
pg5,2024-05-27,by_min,-2274.41,By,Min,2024-05-27,2024-05-28
pg5,2024-05-28,by_min,-527.13,By,Min,2024-05-28,2024-05-29
pg5,2024-05-29,by_min,-340.99,By,Min,2024-05-29,2024-05-30
pg5,2024-05-30,by_min,-363.2,By,Min,2024-05-30,2024-05-31
pg5,2024-05-31,by_min,-459.1,By,Min,2024-05-31,2024-06-01
pg5,2024-06-01,by_min,-300.66,By,Min,2024-06-01,2024-06-02
pg5,2024-06-02,by_min,-479.36,By,Min,2024-06-02,2024-06-03
pg5,2024-06-03,by_min,-380.12,By,Min,2024-06-03,2024-06-04
pg5,2024-06-04,by_min,-360.58,By,Min,2024-06-04,2024-06-05
pg5,2024-06-05,by_min,-329.67,By,Min,2024-06-05,2024-06-06
pg5,2024-06-06,by_min,-405.5,By,Min,2024-06-06,2024-06-07
pg5,2024-06-07,by_min,-480.73,By,Min,2024-06-07,2024-06-08
pg5,2024-06-08,by_min,-548.27,By,Min,2024-06-08,2024-06-09
pg5,2024-06-09,by_min,-322.04,By,Min,2024-06-09,2024-06-10
pg5,2024-06-10,by_min,-357.13,By,Min,2024-06-10,2024-06-11
pg5,2024-06-11,by_min,-344.14,By,Min,2024-06-11,2024-06-12
pg5,2024-06-12,by_min,-347.9,By,Min,2024-06-12,2024-06-13
pg5,2024-06-13,by_min,-290.3,By,Min,2024-06-13,2024-06-14
pg5,2024-06-14,by_min,-356.83,By,Min,2024-06-14,2024-06-15
pg5,2024-06-15,by_min,-430.22,By,Min,2024-06-15,2024-06-16
pg5,2024-06-16,by_min,-334.85,By,Min,2024-06-16,2024-06-17
pg5,2024-06-17,by_min,-321.51,By,Min,2024-06-17,2024-06-18
pg5,2024-06-18,by_min,-429.92,By,Min,2024-06-18,2024-06-19
pg5,2024-06-19,by_min,-406.45,By,Min,2024-06-19,2024-06-20
pg5,2024-06-20,by_min,-426.22,By,Min,2024-06-20,2024-06-21
pg5,2024-06-21,by_min,-360.05,By,Min,2024-06-21,2024-06-22
pg5,2024-06-22,by_min,-307.87,By,Min,2024-06-22,2024-06-23
pg5,2024-06-23,by_min,-365.88,By,Min,2024-06-23,2024-06-24
pg5,2024-06-24,by_min,-467.62,By,Min,2024-06-24,2024-06-25
pg5,2024-06-25,by_min,-441.53,By,Min,2024-06-25,2024-06-26
pg5,2024-06-26,by_min,-392.69,By,Min,2024-06-26,2024-06-27
pg5,2024-06-27,by_min,-308.05,By,Min,2024-06-27,2024-06-28
pg5,2024-06-28,by_min,-503.9,By,Min,2024-06-28,2024-06-29
pg5,2024-06-29,by_min,-459.22,By,Min,2024-06-29,2024-06-30
pg5,2024-06-30,by_min,-373.27,By,Min,2024-06-30,2024-07-01
pg5,2024-07-01,by_min,-337.06,By,Min,2024-07-01,2024-07-02
pg5,2024-07-02,by_min,-317.16,By,Min,2024-07-02,2024-07-03
pg5,2024-07-03,by_min,-343.85,By,Min,2024-07-03,2024-07-04
pg5,2024-07-04,by_min,-382.86,By,Min,2024-07-04,2024-07-05
pg5,2024-07-05,by_min,-339.02,By,Min,2024-07-05,2024-07-06
pg5,2024-07-06,by_min,-290.89,By,Min,2024-07-06,2024-07-07
pg5,2024-07-07,by_min,-345.69,By,Min,2024-07-07,2024-07-08
pg5,2024-07-08,by_min,-414.55,By,Min,2024-07-08,2024-07-09
pg5,2024-07-09,by_min,-295.9,By,Min,2024-07-09,2024-07-10
pg5,2024-10-23,by_min,-279.87,By,Min,2024-10-23,2024-10-24
pg5,2024-10-24,by_min,-591.99,By,Min,2024-10-24,2024-10-25
pg5,2024-10-25,by_min,-324.67,By,Min,2024-10-25,2024-10-26
pg5,2024-10-26,by_min,-374.46,By,Min,2024-10-26,2024-10-27
pg5,2024-10-27,by_min,-423.9,By,Min,2024-10-27,2024-10-28
pg5,2024-10-28,by_min,-466.31,By,Min,2024-10-28,2024-10-29
pg5,2024-10-29,by_min,-384.35,By,Min,2024-10-29,2024-10-30
pg5,2024-10-30,by_min,-423.07,By,Min,2024-10-30,2024-10-31
pg5,2024-10-31,by_min,-361.0,By,Min,2024-10-31,2024-11-01
pg5,2024-11-01,by_min,-373.93,By,Min,2024-11-01,2024-11-02
pg5,2024-11-02,by_min,-426.46,By,Min,2024-11-02,2024-11-03
pg5,2024-11-03,by_min,-353.85,By,Min,2024-11-03,2024-11-04
pg5,2024-11-04,by_min,-529.33,By,Min,2024-11-04,2024-11-05
pg5,2024-11-05,by_min,-444.87,By,Min,2024-11-05,2024-11-06
pg5,2024-11-06,by_min,-439.33,By,Min,2024-11-06,2024-11-07
pg5,2024-11-07,by_min,-439.57,By,Min,2024-11-07,2024-11-08
pg5,2024-11-08,by_min,-357.25,By,Min,2024-11-08,2024-11-09
pg5,2024-11-09,by_min,-481.26,By,Min,2024-11-09,2024-11-10
pg5,2024-11-10,by_min,-505.03,By,Min,2024-11-10,2024-11-11
pg5,2024-11-11,by_min,-2274.41,By,Min,2024-11-11,2024-11-12
pg5,2024-11-12,by_min,-419.14,By,Min,2024-11-12,2024-11-13
pg5,2024-11-13,by_min,-361.77,By,Min,2024-11-13,2024-11-14
pg5,2024-11-14,by_min,-384.17,By,Min,2024-11-14,2024-11-15
pg5,2024-11-15,by_min,-2274.41,By,Min,2024-11-15,2024-11-16
pg5,2024-11-16,by_min,-462.32,By,Min,2024-11-16,2024-11-17
pg5,2024-11-17,by_min,-2274.41,By,Min,2024-11-17,2024-11-18
pg5,2024-11-18,by_min,-540.95,By,Min,2024-11-18,2024-11-19
pg5,2024-11-19,by_min,-426.4,By,Min,2024-11-19,2024-11-20
pg5,2024-11-20,by_min,-424.02,By,Min,2024-11-20,2024-11-21
pg5,2024-11-21,by_min,-395.07,By,Min,2024-11-21,2024-11-22
pg5,2024-11-22,by_min,-2274.41,By,Min,2024-11-22,2024-11-23
pg5,2024-11-23,by_min,-409.19,By,Min,2024-11-23,2024-11-24
pg5,2024-11-24,by_min,-381.19,By,Min,2024-11-24,2024-11-25
pg5,2024-11-25,by_min,-431.7,By,Min,2024-11-25,2024-11-26
pg5,2024-11-26,by_min,-2274.41,By,Min,2024-11-26,2024-11-27
pg5,2024-11-27,by_min,-536.78,By,Min,2024-11-27,2024-11-28
pg5,2024-11-28,by_min,-555.42,By,Min,2024-11-28,2024-11-29
pg5,2024-11-29,by_min,-2274.41,By,Min,2024-11-29,2024-11-30
pg5,2024-11-30,by_min,-2274.41,By,Min,2024-11-30,2024-12-01
pg5,2024-12-01,by_min,-2274.41,By,Min,2024-12-01,2024-12-02
pg5,2024-12-02,by_min,-2274.41,By,Min,2024-12-02,2024-12-03
pg5,2024-12-03,by_min,-2274.41,By,Min,2024-12-03,2024-12-04
pg5,2024-12-04,by_min,-568.82,By,Min,2024-12-04,2024-12-05
pg5,2024-12-05,by_min,-424.32,By,Min,2024-12-05,2024-12-06
pg5,2024-12-06,by_min,-514.68,By,Min,2024-12-06,2024-12-07
pg5,2024-12-07,by_min,-519.92,By,Min,2024-12-07,2024-12-08
pg5,2024-12-08,by_min,-554.65,By,Min,2024-12-08,2024-12-09
pg5,2024-12-09,by_min,-2274.41,By,Min,2024-12-09,2024-12-10
pg5,2024-12-10,by_min,-2274.41,By,Min,2024-12-10,2024-12-11
pg5,2024-12-11,by_min,-667.64,By,Min,2024-12-11,2024-12-12
pg5,2024-12-12,by_min,-533.14,By,Min,2024-12-12,2024-12-13
pg5,2024-12-13,by_min,-2274.41,By,Min,2024-12-13,2024-12-14
pg5,2024-12-14,by_min,-647.03,By,Min,2024-12-14,2024-12-15
pg5,2024-12-15,by_min,-2274.41,By,Min,2024-12-15,2024-12-16
pg5,2024-12-16,by_min,-585.92,By,Min,2024-12-16,2024-12-17
pg5,2024-12-17,by_min,-536.0,By,Min,2024-12-17,2024-12-18
pg5,2024-12-18,by_min,-547.5,By,Min,2024-12-18,2024-12-19
pg5,2024-12-19,by_min,-568.58,By,Min,2024-12-19,2024-12-20
pg5,2024-12-20,by_min,-536.48,By,Min,2024-12-20,2024-12-21
pg5,2024-12-21,by_min,-421.58,By,Min,2024-12-21,2024-12-22
pg5,2024-12-22,by_min,-569.3,By,Min,2024-12-22,2024-12-23
pg5,2024-12-23,by_min,-594.2,By,Min,2024-12-23,2024-12-24
pg5,2024-12-24,by_min,-2274.41,By,Min,2024-12-24,2024-12-25
pg5,2024-12-25,by_min,-2274.41,By,Min,2024-12-25,2024-12-26
pg5,2024-12-26,by_min,-536.96,By,Min,2024-12-26,2024-12-27
pg5,2024-12-27,by_min,-546.49,By,Min,2024-12-27,2024-12-28
pg5,2024-12-28,by_min,-2274.41,By,Min,2024-12-28,2024-12-29
pg5,2024-12-29,by_min,-2274.41,By,Min,2024-12-29,2024-12-30
pg5,2024-12-30,by_min,-2274.41,By,Min,2024-12-30,2024-12-31
pg5,2024-12-31,by_min,-2274.41,By,Min,2024-12-31,2025-01-01
pg0,2020-01-08,by_min,-94.03,By,Min,2020-01-08,2020-01-09
pg0,2020-01-09,by_min,-362.54,By,Min,2020-01-09,2020-01-10
pg0,2020-01-10,by_min,-380.08,By,Min,2020-01-10,2020-01-11
pg0,2020-01-11,by_min,-270.42,By,Min,2020-01-11,2020-01-12
pg0,2020-01-12,by_min,-242.62,By,Min,2020-01-12,2020-01-13
pg0,2020-01-13,by_min,-252.01,By,Min,2020-01-13,2020-01-14
pg0,2020-01-14,by_min,-262.15,By,Min,2020-01-14,2020-01-15
pg0,2020-01-15,by_min,-259.04,By,Min,2020-01-15,2020-01-16
pg0,2020-01-16,by_min,-295.4,By,Min,2020-01-16,2020-01-17
pg0,2020-01-17,by_min,-233.83,By,Min,2020-01-17,2020-01-18
pg0,2020-01-18,by_min,-235.24,By,Min,2020-01-18,2020-01-19
pg0,2020-01-19,by_min,-224.21,By,Min,2020-01-19,2020-01-20
pg0,2020-01-20,by_min,-232.3,By,Min,2020-01-20,2020-01-21
pg0,2020-01-21,by_min,-267.43,By,Min,2020-01-21,2020-01-22
pg0,2020-01-22,by_min,-273.7,By,Min,2020-01-22,2020-01-23
pg0,2020-01-23,by_min,-226.79,By,Min,2020-01-23,2020-01-24
pg0,2020-01-24,by_min,-252.89,By,Min,2020-01-24,2020-01-25
pg0,2020-01-25,by_min,-261.97,By,Min,2020-01-25,2020-01-26
pg0,2020-01-26,by_min,-227.49,By,Min,2020-01-26,2020-01-27
pg0,2020-01-27,by_min,-237.64,By,Min,2020-01-27,2020-01-28
pg0,2020-01-28,by_min,-278.98,By,Min,2020-01-28,2020-01-29
pg0,2020-01-29,by_min,-273.23,By,Min,2020-01-29,2020-01-30
pg0,2020-01-30,by_min,-305.31,By,Min,2020-01-30,2020-01-31
pg0,2020-01-31,by_min,-262.91,By,Min,2020-01-31,2020-02-01
pg0,2020-02-01,by_min,-255.29,By,Min,2020-02-01,2020-02-02
pg0,2020-02-02,by_min,-254.7,By,Min,2020-02-02,2020-02-03
pg0,2020-02-03,by_min,-285.37,By,Min,2020-02-03,2020-02-04
pg0,2020-02-04,by_min,-258.22,By,Min,2020-02-04,2020-02-05
pg0,2020-02-05,by_min,-278.75,By,Min,2020-02-05,2020-02-06
pg0,2020-02-06,by_min,-329.47,By,Min,2020-02-06,2020-02-07
pg0,2020-02-07,by_min,-287.66,By,Min,2020-02-07,2020-02-08
pg0,2020-02-08,by_min,-241.92,By,Min,2020-02-08,2020-02-09
pg0,2020-02-09,by_min,-304.55,By,Min,2020-02-09,2020-02-10
pg0,2020-02-10,by_min,-281.09,By,Min,2020-02-10,2020-02-11
pg0,2020-02-11,by_min,-247.08,By,Min,2020-02-11,2020-02-12
pg0,2020-02-12,by_min,-255.93,By,Min,2020-02-12,2020-02-13
pg0,2020-02-13,by_min,-233.59,By,Min,2020-02-13,2020-02-14
pg0,2020-02-14,by_min,-243.15,By,Min,2020-02-14,2020-02-15
pg0,2020-02-15,by_min,-240.4,By,Min,2020-02-15,2020-02-16
pg0,2020-02-16,by_min,-239.52,By,Min,2020-02-16,2020-02-17
pg0,2020-02-17,by_min,-242.33,By,Min,2020-02-17,2020-02-18
pg0,2020-02-18,by_min,-364.01,By,Min,2020-02-18,2020-02-19
pg0,2020-02-19,by_min,-324.13,By,Min,2020-02-19,2020-02-20
pg0,2020-02-20,by_min,-271.65,By,Min,2020-02-20,2020-02-21
pg0,2020-02-21,by_min,-344.54,By,Min,2020-02-21,2020-02-22
pg0,2020-02-22,by_min,-271.47,By,Min,2020-02-22,2020-02-23
pg0,2020-02-23,by_min,-239.05,By,Min,2020-02-23,2020-02-24
pg0,2020-02-27,by_min,-194.95,By,Min,2020-02-27,2020-02-28
pg0,2020-02-28,by_min,-253.94,By,Min,2020-02-28,2020-02-29
pg0,2020-02-29,by_min,-296.4,By,Min,2020-02-29,2020-03-01
pg0,2020-03-01,by_min,-271.59,By,Min,2020-03-01,2020-03-02
pg0,2020-03-02,by_min,-272.12,By,Min,2020-03-02,2020-03-03
pg0,2020-03-03,by_min,-251.6,By,Min,2020-03-03,2020-03-04
pg0,2020-03-04,by_min,-261.39,By,Min,2020-03-04,2020-03-05
pg0,2020-03-05,by_min,-252.89,By,Min,2020-03-05,2020-03-06
pg0,2020-03-06,by_min,-287.25,By,Min,2020-03-06,2020-03-07
pg0,2020-03-07,by_min,-274.0,By,Min,2020-03-07,2020-03-08
pg0,2020-03-08,by_min,-252.65,By,Min,2020-03-08,2020-03-09
pg0,2020-03-09,by_min,-259.92,By,Min,2020-03-09,2020-03-10
pg0,2020-03-10,by_min,-247.49,By,Min,2020-03-10,2020-03-11
pg0,2020-03-11,by_min,-229.9,By,Min,2020-03-11,2020-03-12
pg0,2020-03-12,by_min,-268.95,By,Min,2020-03-12,2020-03-13
pg0,2020-03-13,by_min,-270.95,By,Min,2020-03-13,2020-03-14
pg0,2020-03-14,by_min,-237.29,By,Min,2020-03-14,2020-03-15
pg0,2020-03-15,by_min,-247.67,By,Min,2020-03-15,2020-03-16
pg0,2020-03-16,by_min,-256.93,By,Min,2020-03-16,2020-03-17
pg0,2020-03-17,by_min,-272.3,By,Min,2020-03-17,2020-03-18
pg0,2020-03-18,by_min,-250.25,By,Min,2020-03-18,2020-03-19
pg0,2020-03-19,by_min,-286.31,By,Min,2020-03-19,2020-03-20
pg0,2020-03-20,by_min,-252.89,By,Min,2020-03-20,2020-03-21
pg0,2020-03-21,by_min,-338.73,By,Min,2020-03-21,2020-03-22
pg0,2020-03-22,by_min,-268.48,By,Min,2020-03-22,2020-03-23
pg0,2020-03-23,by_min,-299.8,By,Min,2020-03-23,2020-03-24
pg0,2020-03-24,by_min,-259.34,By,Min,2020-03-24,2020-03-25
pg0,2020-03-25,by_min,-259.69,By,Min,2020-03-25,2020-03-26
pg0,2020-03-26,by_min,-265.32,By,Min,2020-03-26,2020-03-27
pg0,2020-03-27,by_min,-268.95,By,Min,2020-03-27,2020-03-28
pg0,2020-03-28,by_min,-274.99,By,Min,2020-03-28,2020-03-29
pg0,2020-03-29,by_min,-299.86,By,Min,2020-03-29,2020-03-30
pg0,2020-03-30,by_min,-292.58,By,Min,2020-03-30,2020-03-31
pg0,2020-03-31,by_min,-370.69,By,Min,2020-03-31,2020-04-01
pg0,2020-04-01,by_min,-263.62,By,Min,2020-04-01,2020-04-02
pg0,2020-04-02,by_min,-276.58,By,Min,2020-04-02,2020-04-03
pg0,2020-04-03,by_min,-258.75,By,Min,2020-04-03,2020-04-04
pg0,2020-04-04,by_min,-262.27,By,Min,2020-04-04,2020-04-05
pg0,2020-04-05,by_min,-248.02,By,Min,2020-04-05,2020-04-06
pg0,2020-04-06,by_min,-240.81,By,Min,2020-04-06,2020-04-07
pg0,2020-04-07,by_min,-232.71,By,Min,2020-04-07,2020-04-08
pg0,2020-04-08,by_min,-318.68,By,Min,2020-04-08,2020-04-09
pg0,2020-04-09,by_min,-246.96,By,Min,2020-04-09,2020-04-10
pg0,2020-04-11,by_min,-208.2,By,Min,2020-04-11,2020-04-12
pg0,2020-04-12,by_min,-299.45,By,Min,2020-04-12,2020-04-13
pg0,2020-04-13,by_min,-277.81,By,Min,2020-04-13,2020-04-14
pg0,2020-04-14,by_min,-314.63,By,Min,2020-04-14,2020-04-15
pg0,2020-04-15,by_min,-298.04,By,Min,2020-04-15,2020-04-16
pg0,2020-04-16,by_min,-239.16,By,Min,2020-04-16,2020-04-17
pg0,2020-04-21,by_min,-208.85,By,Min,2020-04-21,2020-04-22
pg0,2020-04-22,by_min,-258.69,By,Min,2020-04-22,2020-04-23
pg0,2020-04-23,by_min,-247.31,By,Min,2020-04-23,2020-04-24
pg0,2020-04-24,by_min,-244.85,By,Min,2020-04-24,2020-04-25
pg0,2020-04-25,by_min,-262.91,By,Min,2020-04-25,2020-04-26
pg0,2020-04-26,by_min,-296.98,By,Min,2020-04-26,2020-04-27
pg0,2020-04-27,by_min,-266.08,By,Min,2020-04-27,2020-04-28
pg0,2020-04-28,by_min,-270.24,By,Min,2020-04-28,2020-04-29
pg0,2020-04-29,by_min,-239.63,By,Min,2020-04-29,2020-04-30
pg0,2020-04-30,by_min,-249.19,By,Min,2020-04-30,2020-05-01
pg0,2020-05-01,by_min,-326.6,By,Min,2020-05-01,2020-05-02
pg0,2020-05-02,by_min,-284.55,By,Min,2020-05-02,2020-05-03
pg0,2020-05-03,by_min,-257.11,By,Min,2020-05-03,2020-05-04
pg0,2020-05-04,by_min,-263.21,By,Min,2020-05-04,2020-05-05
pg0,2020-05-05,by_min,-276.17,By,Min,2020-05-05,2020-05-06
pg0,2020-05-06,by_min,-258.34,By,Min,2020-05-06,2020-05-07
pg0,2020-05-07,by_min,-283.61,By,Min,2020-05-07,2020-05-08
pg0,2020-05-08,by_min,-247.14,By,Min,2020-05-08,2020-05-09
pg0,2020-05-09,by_min,-235.0,By,Min,2020-05-09,2020-05-10
pg0,2020-05-10,by_min,-233.48,By,Min,2020-05-10,2020-05-11
pg0,2020-05-11,by_min,-280.62,By,Min,2020-05-11,2020-05-12
pg0,2020-05-12,by_min,-243.15,By,Min,2020-05-12,2020-05-13
pg0,2020-05-13,by_min,-248.72,By,Min,2020-05-13,2020-05-14
pg0,2020-05-14,by_min,-237.23,By,Min,2020-05-14,2020-05-15
pg0,2020-05-15,by_min,-254.29,By,Min,2020-05-15,2020-05-16
pg0,2020-05-16,by_min,-252.59,By,Min,2020-05-16,2020-05-17
pg0,2020-05-17,by_min,-240.4,By,Min,2020-05-17,2020-05-18
pg0,2020-05-18,by_min,-234.12,By,Min,2020-05-18,2020-05-19
pg0,2020-05-19,by_min,-328.0,By,Min,2020-05-19,2020-05-20
pg0,2020-05-20,by_min,-258.52,By,Min,2020-05-20,2020-05-21
pg0,2020-05-21,by_min,-321.61,By,Min,2020-05-21,2020-05-22
pg0,2020-05-22,by_min,-269.77,By,Min,2020-05-22,2020-05-23
pg0,2020-05-23,by_min,-284.61,By,Min,2020-05-23,2020-05-24
pg0,2020-05-24,by_min,-245.15,By,Min,2020-05-24,2020-05-25
pg0,2020-05-25,by_min,-257.28,By,Min,2020-05-25,2020-05-26
pg0,2020-05-26,by_min,-268.84,By,Min,2020-05-26,2020-05-27
pg0,2020-05-27,by_min,-247.02,By,Min,2020-05-27,2020-05-28
pg0,2020-05-28,by_min,-246.26,By,Min,2020-05-28,2020-05-29
pg0,2020-05-29,by_min,-237.11,By,Min,2020-05-29,2020-05-30
pg0,2020-05-30,by_min,-370.11,By,Min,2020-05-30,2020-05-31
pg0,2020-05-31,by_min,-254.88,By,Min,2020-05-31,2020-06-01
pg0,2020-06-01,by_min,-252.94,By,Min,2020-06-01,2020-06-02
pg0,2020-06-02,by_min,-304.31,By,Min,2020-06-02,2020-06-03
pg0,2020-06-03,by_min,-267.43,By,Min,2020-06-03,2020-06-04
pg0,2020-06-04,by_min,-242.68,By,Min,2020-06-04,2020-06-05
pg0,2020-11-06,by_min,-325.25,By,Min,2020-11-06,2020-11-07
pg0,2020-11-07,by_min,-344.89,By,Min,2020-11-07,2020-11-08
pg0,2020-11-08,by_min,-356.39,By,Min,2020-11-08,2020-11-09
pg0,2020-11-09,by_min,-277.4,By,Min,2020-11-09,2020-11-10
pg0,2020-11-10,by_min,-296.81,By,Min,2020-11-10,2020-11-11
pg0,2020-11-11,by_min,-281.97,By,Min,2020-11-11,2020-11-12
pg0,2020-11-12,by_min,-347.12,By,Min,2020-11-12,2020-11-13
pg0,2020-11-13,by_min,-312.64,By,Min,2020-11-13,2020-11-14
pg0,2020-11-14,by_min,-309.71,By,Min,2020-11-14,2020-11-15
pg0,2020-11-15,by_min,-314.69,By,Min,2020-11-15,2020-11-16
pg0,2020-11-16,by_min,-297.04,By,Min,2020-11-16,2020-11-17
pg0,2020-11-17,by_min,-287.72,By,Min,2020-11-17,2020-11-18
pg0,2020-11-18,by_min,-308.07,By,Min,2020-11-18,2020-11-19
pg0,2020-11-19,by_min,-311.29,By,Min,2020-11-19,2020-11-20
pg0,2020-11-20,by_min,-335.69,By,Min,2020-11-20,2020-11-21
pg0,2020-11-21,by_min,-319.15,By,Min,2020-11-21,2020-11-22
pg0,2020-11-22,by_min,-472.96,By,Min,2020-11-22,2020-11-23
pg0,2020-12-18,by_min,-297.04,By,Min,2020-12-18,2020-12-19
pg0,2020-12-19,by_min,-331.58,By,Min,2020-12-19,2020-12-20
pg0,2020-12-20,by_min,-321.14,By,Min,2020-12-20,2020-12-21
pg0,2020-12-21,by_min,-415.61,By,Min,2020-12-21,2020-12-22
pg0,2020-12-22,by_min,-344.07,By,Min,2020-12-22,2020-12-23
pg0,2020-12-23,by_min,-378.08,By,Min,2020-12-23,2020-12-24
pg0,2020-12-24,by_min,-368.93,By,Min,2020-12-24,2020-12-25
pg0,2020-12-25,by_min,-323.08,By,Min,2020-12-25,2020-12-26
pg0,2020-12-26,by_min,-279.74,By,Min,2020-12-26,2020-12-27
pg0,2020-12-27,by_min,-321.26,By,Min,2020-12-27,2020-12-28
pg0,2020-12-28,by_min,-356.39,By,Min,2020-12-28,2020-12-29
pg0,2020-12-29,by_min,-321.03,By,Min,2020-12-29,2020-12-30
pg0,2020-12-30,by_min,-365.83,By,Min,2020-12-30,2020-12-31
pg0,2020-12-31,by_min,-309.47,By,Min,2020-12-31,2021-01-01
pg0,2021-01-01,by_min,-295.17,By,Min,2021-01-01,2021-01-02
pg0,2021-01-02,by_min,-279.04,By,Min,2021-01-02,2021-01-03
pg0,2021-01-03,by_min,-281.68,By,Min,2021-01-03,2021-01-04
pg0,2021-01-04,by_min,-315.34,By,Min,2021-01-04,2021-01-05
pg0,2021-01-05,by_min,-428.1,By,Min,2021-01-05,2021-01-06
pg0,2021-01-06,by_min,-485.75,By,Min,2021-01-06,2021-01-07
pg0,2021-01-07,by_min,-327.71,By,Min,2021-01-07,2021-01-08
pg0,2021-01-08,by_min,-270.42,By,Min,2021-01-08,2021-01-09
pg0,2021-01-09,by_min,-304.49,By,Min,2021-01-09,2021-01-10
pg0,2021-01-10,by_min,-316.8,By,Min,2021-01-10,2021-01-11
pg0,2021-01-11,by_min,-356.27,By,Min,2021-01-11,2021-01-12
pg0,2021-01-12,by_min,-363.83,By,Min,2021-01-12,2021-01-13
pg0,2021-01-13,by_min,-306.6,By,Min,2021-01-13,2021-01-14
pg0,2021-01-14,by_min,-281.56,By,Min,2021-01-14,2021-01-15
pg0,2021-01-15,by_min,-285.31,By,Min,2021-01-15,2021-01-16
pg0,2021-01-16,by_min,-301.91,By,Min,2021-01-16,2021-01-17
pg0,2021-01-17,by_min,-274.64,By,Min,2021-01-17,2021-01-18
pg0,2021-01-18,by_min,-284.79,By,Min,2021-01-18,2021-01-19
pg0,2021-01-19,by_min,-317.74,By,Min,2021-01-19,2021-01-20
pg0,2021-01-20,by_min,-341.84,By,Min,2021-01-20,2021-01-21
pg0,2021-01-21,by_min,-277.34,By,Min,2021-01-21,2021-01-22
pg0,2021-01-22,by_min,-287.13,By,Min,2021-01-22,2021-01-23
pg0,2021-01-23,by_min,-325.07,By,Min,2021-01-23,2021-01-24
pg0,2021-01-24,by_min,-314.34,By,Min,2021-01-24,2021-01-25
pg0,2021-01-25,by_min,-417.84,By,Min,2021-01-25,2021-01-26
pg0,2021-01-26,by_min,-332.87,By,Min,2021-01-26,2021-01-27
pg0,2021-01-27,by_min,-333.16,By,Min,2021-01-27,2021-01-28
pg0,2021-01-28,by_min,-283.32,By,Min,2021-01-28,2021-01-29
pg0,2021-01-29,by_min,-298.39,By,Min,2021-01-29,2021-01-30
pg0,2021-01-30,by_min,-278.1,By,Min,2021-01-30,2021-01-31
pg0,2021-01-31,by_min,-260.04,By,Min,2021-01-31,2021-02-01
pg0,2021-02-01,by_min,-292.06,By,Min,2021-02-01,2021-02-02
pg0,2021-02-02,by_min,-468.04,By,Min,2021-02-02,2021-02-03
pg0,2021-02-03,by_min,-350.23,By,Min,2021-02-03,2021-02-04
pg0,2021-02-04,by_min,-349.52,By,Min,2021-02-04,2021-02-05
pg0,2021-02-05,by_min,-311.53,By,Min,2021-02-05,2021-02-06
pg0,2021-02-06,by_min,-292.64,By,Min,2021-02-06,2021-02-07
pg0,2021-02-07,by_min,-382.66,By,Min,2021-02-07,2021-02-08
pg0,2021-02-08,by_min,-298.51,By,Min,2021-02-08,2021-02-09
pg0,2021-02-09,by_min,-314.93,By,Min,2021-02-09,2021-02-10
pg0,2021-02-10,by_min,-283.61,By,Min,2021-02-10,2021-02-11
pg0,2021-02-11,by_min,-324.6,By,Min,2021-02-11,2021-02-12
pg0,2021-02-12,by_min,-280.92,By,Min,2021-02-12,2021-02-13
pg0,2021-02-13,by_min,-398.84,By,Min,2021-02-13,2021-02-14
pg0,2021-02-14,by_min,-302.79,By,Min,2021-02-14,2021-02-15
pg0,2021-02-15,by_min,-291.47,By,Min,2021-02-15,2021-02-16
pg0,2021-02-16,by_min,-455.37,By,Min,2021-02-16,2021-02-17
pg0,2021-02-17,by_min,-309.94,By,Min,2021-02-17,2021-02-18
pg0,2021-02-18,by_min,-339.09,By,Min,2021-02-18,2021-02-19
pg0,2021-02-19,by_min,-372.1,By,Min,2021-02-19,2021-02-20
pg0,2021-02-20,by_min,-362.37,By,Min,2021-02-20,2021-02-21
pg0,2021-02-21,by_min,-458.65,By,Min,2021-02-21,2021-02-22
pg0,2021-02-22,by_min,-407.11,By,Min,2021-02-22,2021-02-23
pg0,2021-02-23,by_min,-412.97,By,Min,2021-02-23,2021-02-24
pg0,2021-02-24,by_min,-398.43,By,Min,2021-02-24,2021-02-25
pg0,2021-02-25,by_min,-437.95,By,Min,2021-02-25,2021-02-26
pg0,2021-02-26,by_min,-324.84,By,Min,2021-02-26,2021-02-27
pg0,2021-02-27,by_min,-294.99,By,Min,2021-02-27,2021-02-28
pg0,2021-02-28,by_min,-302.26,By,Min,2021-02-28,2021-03-01
pg0,2021-03-01,by_min,-381.48,By,Min,2021-03-01,2021-03-02
pg0,2021-03-02,by_min,-380.78,By,Min,2021-03-02,2021-03-03
pg0,2021-03-03,by_min,-539.17,By,Min,2021-03-03,2021-03-04
pg0,2021-03-04,by_min,-361.02,By,Min,2021-03-04,2021-03-05
pg0,2021-03-05,by_min,-350.11,By,Min,2021-03-05,2021-03-06
pg0,2021-03-06,by_min,-394.97,By,Min,2021-03-06,2021-03-07
pg0,2021-03-07,by_min,-289.13,By,Min,2021-03-07,2021-03-08
pg0,2021-03-08,by_min,-316.57,By,Min,2021-03-08,2021-03-09
pg0,2021-03-09,by_min,-285.9,By,Min,2021-03-09,2021-03-10
pg0,2021-03-10,by_min,-280.04,By,Min,2021-03-10,2021-03-11
pg0,2021-03-11,by_min,-277.87,By,Min,2021-03-11,2021-03-12
pg0,2021-03-12,by_min,-368.11,By,Min,2021-03-12,2021-03-13
pg0,2021-03-13,by_min,-369.46,By,Min,2021-03-13,2021-03-14
pg0,2021-03-14,by_min,-403.12,By,Min,2021-03-14,2021-03-15
pg0,2021-03-15,by_min,-331.99,By,Min,2021-03-15,2021-03-16
pg0,2021-03-16,by_min,-286.72,By,Min,2021-03-16,2021-03-17
pg0,2021-03-17,by_min,-287.31,By,Min,2021-03-17,2021-03-18
pg0,2021-03-18,by_min,-292.29,By,Min,2021-03-18,2021-03-19
pg0,2021-03-19,by_min,-325.42,By,Min,2021-03-19,2021-03-20
pg0,2021-03-20,by_min,-571.65,By,Min,2021-03-20,2021-03-21
pg0,2021-03-21,by_min,-344.95,By,Min,2021-03-21,2021-03-22
pg0,2021-03-22,by_min,-345.13,By,Min,2021-03-22,2021-03-23
pg0,2021-03-23,by_min,-356.15,By,Min,2021-03-23,2021-03-24
pg0,2021-03-24,by_min,-360.84,By,Min,2021-03-24,2021-03-25
pg0,2021-03-25,by_min,-347.94,By,Min,2021-03-25,2021-03-26
pg0,2021-03-26,by_min,-382.07,By,Min,2021-03-26,2021-03-27
pg0,2021-03-27,by_min,-293.64,By,Min,2021-03-27,2021-03-28
pg0,2021-03-28,by_min,-290.65,By,Min,2021-03-28,2021-03-29
pg0,2021-03-29,by_min,-296.22,By,Min,2021-03-29,2021-03-30
pg0,2021-03-30,by_min,-293.64,By,Min,2021-03-30,2021-03-31
pg0,2021-03-31,by_min,-389.4,By,Min,2021-03-31,2021-04-01
pg0,2021-04-01,by_min,-350.99,By,Min,2021-04-01,2021-04-02
pg0,2021-04-02,by_min,-301.21,By,Min,2021-04-02,2021-04-03
pg0,2021-04-03,by_min,-294.99,By,Min,2021-04-03,2021-04-04
pg0,2021-04-04,by_min,-293.41,By,Min,2021-04-04,2021-04-05
pg0,2021-04-05,by_min,-300.38,By,Min,2021-04-05,2021-04-06
pg0,2021-04-06,by_min,-294.58,By,Min,2021-04-06,2021-04-07
pg0,2021-04-07,by_min,-404.18,By,Min,2021-04-07,2021-04-08
pg0,2021-04-08,by_min,-289.18,By,Min,2021-04-08,2021-04-09
pg0,2021-04-09,by_min,-304.9,By,Min,2021-04-09,2021-04-10
pg0,2021-04-10,by_min,-294.52,By,Min,2021-04-10,2021-04-11
pg0,2021-04-11,by_min,-320.44,By,Min,2021-04-11,2021-04-12
pg0,2021-04-12,by_min,-312.93,By,Min,2021-04-12,2021-04-13
pg0,2021-04-13,by_min,-311.76,By,Min,2021-04-13,2021-04-14
pg0,2021-04-14,by_min,-311.99,By,Min,2021-04-14,2021-04-15
pg0,2021-04-15,by_min,-406.17,By,Min,2021-04-15,2021-04-16
pg0,2021-04-16,by_min,-357.97,By,Min,2021-04-16,2021-04-17
pg0,2021-04-17,by_min,-424.17,By,Min,2021-04-17,2021-04-18
pg0,2021-04-18,by_min,-417.49,By,Min,2021-04-18,2021-04-19
pg0,2021-04-19,by_min,-453.79,By,Min,2021-04-19,2021-04-20
pg0,2021-04-20,by_min,-359.67,By,Min,2021-04-20,2021-04-21
pg0,2021-04-21,by_min,-340.85,By,Min,2021-04-21,2021-04-22
pg0,2021-04-22,by_min,-336.92,By,Min,2021-04-22,2021-04-23
pg0,2021-04-23,by_min,-359.79,By,Min,2021-04-23,2021-04-24
pg0,2021-04-24,by_min,-357.44,By,Min,2021-04-24,2021-04-25
pg0,2021-04-25,by_min,-379.31,By,Min,2021-04-25,2021-04-26
pg0,2021-04-26,by_min,-383.13,By,Min,2021-04-26,2021-04-27
pg0,2021-04-27,by_min,-349.58,By,Min,2021-04-27,2021-04-28
pg0,2021-04-28,by_min,-296.87,By,Min,2021-04-28,2021-04-29
pg0,2021-04-29,by_min,-327.77,By,Min,2021-04-29,2021-04-30
pg0,2021-04-30,by_min,-302.2,By,Min,2021-04-30,2021-05-01
pg0,2021-05-01,by_min,-334.51,By,Min,2021-05-01,2021-05-02
pg0,2021-05-02,by_min,-358.03,By,Min,2021-05-02,2021-05-03
pg0,2021-05-03,by_min,-307.83,By,Min,2021-05-03,2021-05-04
pg0,2021-05-04,by_min,-292.94,By,Min,2021-05-04,2021-05-05
pg0,2021-05-05,by_min,-288.42,By,Min,2021-05-05,2021-05-06
pg0,2021-05-06,by_min,-306.01,By,Min,2021-05-06,2021-05-07
pg0,2021-05-07,by_min,-292.23,By,Min,2021-05-07,2021-05-08
pg0,2021-05-08,by_min,-306.25,By,Min,2021-05-08,2021-05-09
pg0,2021-05-09,by_min,-288.71,By,Min,2021-05-09,2021-05-10
pg0,2021-05-10,by_min,-309.94,By,Min,2021-05-10,2021-05-11
pg0,2021-05-11,by_min,-301.09,By,Min,2021-05-11,2021-05-12
pg0,2021-05-12,by_min,-419.07,By,Min,2021-05-12,2021-05-13
pg0,2021-05-13,by_min,-317.62,By,Min,2021-05-13,2021-05-14
pg0,2021-05-14,by_min,-312.05,By,Min,2021-05-14,2021-05-15
pg0,2021-05-15,by_min,-362.95,By,Min,2021-05-15,2021-05-16
pg0,2021-05-16,by_min,-337.27,By,Min,2021-05-16,2021-05-17
pg0,2021-05-17,by_min,-323.66,By,Min,2021-05-17,2021-05-18
pg0,2021-05-18,by_min,-395.44,By,Min,2021-05-18,2021-05-19
pg0,2021-05-19,by_min,-294.93,By,Min,2021-05-19,2021-05-20
pg0,2021-05-20,by_min,-397.67,By,Min,2021-05-20,2021-05-21
pg0,2021-05-21,by_min,-331.52,By,Min,2021-05-21,2021-05-22
pg0,2021-05-22,by_min,-309.71,By,Min,2021-05-22,2021-05-23
pg0,2021-05-23,by_min,-307.77,By,Min,2021-05-23,2021-05-24
pg0,2021-05-24,by_min,-309.12,By,Min,2021-05-24,2021-05-25
pg0,2021-05-25,by_min,-308.48,By,Min,2021-05-25,2021-05-26
pg0,2021-05-26,by_min,-322.67,By,Min,2021-05-26,2021-05-27
pg0,2021-05-27,by_min,-409.69,By,Min,2021-05-27,2021-05-28
pg0,2021-05-28,by_min,-297.51,By,Min,2021-05-28,2021-05-29
pg0,2021-05-29,by_min,-328.71,By,Min,2021-05-29,2021-05-30
pg0,2021-05-30,by_min,-296.69,By,Min,2021-05-30,2021-05-31
pg0,2021-05-31,by_min,-309.71,By,Min,2021-05-31,2021-06-01
pg0,2021-06-01,by_min,-302.79,By,Min,2021-06-01,2021-06-02
pg0,2021-06-02,by_min,-303.84,By,Min,2021-06-02,2021-06-03
pg0,2021-06-03,by_min,-343.37,By,Min,2021-06-03,2021-06-04
pg0,2021-06-04,by_min,-305.02,By,Min,2021-06-04,2021-06-05
pg0,2021-06-05,by_min,-304.02,By,Min,2021-06-05,2021-06-06
pg0,2021-06-06,by_min,-322.02,By,Min,2021-06-06,2021-06-07
pg0,2021-06-07,by_min,-330.53,By,Min,2021-06-07,2021-06-08
pg0,2021-06-08,by_min,-330.35,By,Min,2021-06-08,2021-06-09
pg0,2021-06-09,by_min,-320.38,By,Min,2021-06-09,2021-06-10
pg0,2021-06-10,by_min,-309.41,By,Min,2021-06-10,2021-06-11
pg0,2021-06-11,by_min,-390.51,By,Min,2021-06-11,2021-06-12
pg0,2021-06-12,by_min,-340.73,By,Min,2021-06-12,2021-06-13
pg0,2021-06-13,by_min,-340.44,By,Min,2021-06-13,2021-06-14
pg0,2021-06-14,by_min,-325.6,By,Min,2021-06-14,2021-06-15
pg0,2021-06-15,by_min,-311.29,By,Min,2021-06-15,2021-06-16
pg0,2024-01-01,by_max,-111.39,By,Max,2024-01-01,2024-01-02
pg0,2024-01-02,by_max,-193.01,By,Max,2024-01-02,2024-01-03
pg0,2024-01-03,by_max,-74.8,By,Max,2024-01-03,2024-01-04
pg0,2024-01-04,by_max,-125.75,By,Max,2024-01-04,2024-01-05
pg0,2024-01-05,by_max,-158.24,By,Max,2024-01-05,2024-01-06
pg0,2024-01-06,by_max,-160.82,By,Max,2024-01-06,2024-01-07
pg0,2024-01-07,by_max,-166.51,By,Max,2024-01-07,2024-01-08
pg0,2024-01-08,by_max,-105.76,By,Max,2024-01-08,2024-01-09
pg0,2024-01-09,by_max,-196.42,By,Max,2024-01-09,2024-01-10
pg0,2024-01-10,by_max,-218.17,By,Max,2024-01-10,2024-01-11
pg0,2024-01-11,by_max,-247.9,By,Max,2024-01-11,2024-01-12
pg0,2024-01-12,by_max,-286.49,By,Max,2024-01-12,2024-01-13
pg0,2024-01-13,by_max,-262.39,By,Max,2024-01-13,2024-01-14
pg0,2024-01-14,by_max,-218.05,By,Max,2024-01-14,2024-01-15
pg0,2024-01-15,by_max,-211.6,By,Max,2024-01-15,2024-01-16
pg0,2024-01-16,by_max,-238.81,By,Max,2024-01-16,2024-01-17
pg0,2024-01-17,by_max,-299.27,By,Max,2024-01-17,2024-01-18
pg0,2024-01-18,by_max,-230.43,By,Max,2024-01-18,2024-01-19
pg0,2024-01-19,by_max,-222.63,By,Max,2024-01-19,2024-01-20
pg0,2024-01-20,by_max,-245.44,By,Max,2024-01-20,2024-01-21
pg0,2024-01-21,by_max,-289.65,By,Max,2024-01-21,2024-01-22
pg0,2024-01-22,by_max,-214.59,By,Max,2024-01-22,2024-01-23
pg0,2024-01-23,by_max,-260.45,By,Max,2024-01-23,2024-01-24
pg0,2024-01-24,by_max,-213.07,By,Max,2024-01-24,2024-01-25
pg0,2024-01-25,by_max,-283.96,By,Max,2024-01-25,2024-01-26
pg0,2024-01-26,by_max,-236.58,By,Max,2024-01-26,2024-01-27
pg0,2024-01-27,by_max,-243.15,By,Max,2024-01-27,2024-01-28
pg0,2024-01-28,by_max,-258.05,By,Max,2024-01-28,2024-01-29
pg0,2024-01-29,by_max,-263.03,By,Max,2024-01-29,2024-01-30
pg0,2024-01-30,by_max,-192.19,By,Max,2024-01-30,2024-01-31
pg0,2024-01-31,by_max,-260.68,By,Max,2024-01-31,2024-02-01
pg0,2024-02-01,by_max,-301.15,By,Max,2024-02-01,2024-02-02
pg0,2024-02-02,by_max,-308.65,By,Max,2024-02-02,2024-02-03
pg0,2024-02-03,by_max,-300.27,By,Max,2024-02-03,2024-02-04
pg0,2024-02-04,by_max,-233.48,By,Max,2024-02-04,2024-02-05
pg0,2024-02-05,by_max,-230.19,By,Max,2024-02-05,2024-02-06
pg0,2024-02-06,by_max,-233.94,By,Max,2024-02-06,2024-02-07
pg0,2024-02-07,by_max,-163.23,By,Max,2024-02-07,2024-02-08
pg0,2024-02-08,by_max,-305.54,By,Max,2024-02-08,2024-02-09
pg0,2024-02-09,by_max,-294.58,By,Max,2024-02-09,2024-02-10
pg0,2024-02-10,by_max,-221.87,By,Max,2024-02-10,2024-02-11
pg0,2024-02-11,by_max,-203.63,By,Max,2024-02-11,2024-02-12
pg0,2024-02-12,by_max,-239.81,By,Max,2024-02-12,2024-02-13
pg0,2024-02-13,by_max,-171.08,By,Max,2024-02-13,2024-02-14
pg0,2024-02-14,by_max,-162.35,By,Max,2024-02-14,2024-02-15
pg0,2024-02-15,by_max,-319.21,By,Max,2024-02-15,2024-02-16
pg0,2024-02-16,by_max,-270.71,By,Max,2024-02-16,2024-02-17
pg0,2024-02-17,by_max,-275.52,By,Max,2024-02-17,2024-02-18
pg0,2024-02-18,by_max,-249.02,By,Max,2024-02-18,2024-02-19
pg0,2024-02-19,by_max,-302.67,By,Max,2024-02-19,2024-02-20
pg0,2024-02-20,by_max,-290.24,By,Max,2024-02-20,2024-02-21
pg0,2024-02-21,by_max,-311.35,By,Max,2024-02-21,2024-02-22
pg0,2024-02-22,by_max,-225.09,By,Max,2024-02-22,2024-02-23
pg0,2024-02-23,by_max,-330.53,By,Max,2024-02-23,2024-02-24
pg0,2024-02-24,by_max,-280.8,By,Max,2024-02-24,2024-02-25
pg0,2024-02-25,by_max,-303.84,By,Max,2024-02-25,2024-02-26
pg0,2024-02-26,by_max,-241.63,By,Max,2024-02-26,2024-02-27
pg0,2024-02-27,by_max,-154.43,By,Max,2024-02-27,2024-02-28
pg0,2024-02-28,by_max,-188.62,By,Max,2024-02-28,2024-02-29
pg0,2024-02-29,by_max,-349.93,By,Max,2024-02-29,2024-03-01
pg0,2024-03-01,by_max,-267.78,By,Max,2024-03-01,2024-03-02
pg0,2024-03-02,by_max,-205.92,By,Max,2024-03-02,2024-03-03
pg0,2024-03-03,by_max,-192.13,By,Max,2024-03-03,2024-03-04
pg0,2024-03-04,by_max,-205.45,By,Max,2024-03-04,2024-03-05
pg0,2024-03-05,by_max,-236.88,By,Max,2024-03-05,2024-03-06
pg0,2024-03-06,by_max,-292.82,By,Max,2024-03-06,2024-03-07
pg0,2024-03-07,by_max,-276.69,By,Max,2024-03-07,2024-03-08
pg0,2024-03-08,by_max,-167.68,By,Max,2024-03-08,2024-03-09
pg0,2024-03-09,by_max,-183.22,By,Max,2024-03-09,2024-03-10
pg0,2024-03-10,by_max,-336.39,By,Max,2024-03-10,2024-03-11
pg0,2024-03-11,by_max,-341.37,By,Max,2024-03-11,2024-03-12
pg0,2024-03-12,by_max,-299.56,By,Max,2024-03-12,2024-03-13
pg0,2024-03-13,by_max,-334.28,By,Max,2024-03-13,2024-03-14
pg0,2024-03-14,by_max,-227.96,By,Max,2024-03-14,2024-03-15
pg0,2024-03-15,by_max,-217.41,By,Max,2024-03-15,2024-03-16
pg0,2024-03-16,by_max,-375.21,By,Max,2024-03-16,2024-03-17
pg0,2024-03-17,by_max,-250.36,By,Max,2024-03-17,2024-03-18
pg0,2024-03-18,by_max,-84.24,By,Max,2024-03-18,2024-03-19
pg0,2024-03-19,by_max,-219.4,By,Max,2024-03-19,2024-03-20
pg0,2024-03-20,by_max,-289.95,By,Max,2024-03-20,2024-03-21
pg0,2024-03-21,by_max,-220.87,By,Max,2024-03-21,2024-03-22
pg0,2024-03-22,by_max,-336.8,By,Max,2024-03-22,2024-03-23
pg0,2024-03-23,by_max,-131.03,By,Max,2024-03-23,2024-03-24
pg0,2024-03-24,by_max,-104.88,By,Max,2024-03-24,2024-03-25
pg0,2024-03-25,by_max,-243.15,By,Max,2024-03-25,2024-03-26
pg0,2024-03-26,by_max,-294.87,By,Max,2024-03-26,2024-03-27
pg0,2024-03-27,by_max,-241.22,By,Max,2024-03-27,2024-03-28
pg0,2024-03-28,by_max,-231.25,By,Max,2024-03-28,2024-03-29
pg0,2024-03-29,by_max,-215.53,By,Max,2024-03-29,2024-03-30
pg0,2024-03-30,by_max,-334.69,By,Max,2024-03-30,2024-03-31
pg0,2024-03-31,by_max,-253.59,By,Max,2024-03-31,2024-04-01
pg0,2024-04-01,by_max,-341.96,By,Max,2024-04-01,2024-04-02
pg0,2024-04-02,by_max,-356.09,By,Max,2024-04-02,2024-04-03
pg0,2024-04-03,by_max,-324.43,By,Max,2024-04-03,2024-04-04
pg0,2024-04-04,by_max,-127.16,By,Max,2024-04-04,2024-04-05
pg0,2024-04-05,by_max,-329.29,By,Max,2024-04-05,2024-04-06
pg0,2024-04-06,by_max,-306.6,By,Max,2024-04-06,2024-04-07
pg0,2024-04-07,by_max,-311.7,By,Max,2024-04-07,2024-04-08
pg0,2024-04-08,by_max,-264.56,By,Max,2024-04-08,2024-04-09
pg0,2024-04-09,by_max,-349.06,By,Max,2024-04-09,2024-04-10
pg0,2024-04-10,by_max,-337.86,By,Max,2024-04-10,2024-04-11
pg0,2024-04-11,by_max,-372.75,By,Max,2024-04-11,2024-04-12
pg0,2024-04-12,by_max,-267.31,By,Max,2024-04-12,2024-04-13
pg0,2024-04-13,by_max,-238.99,By,Max,2024-04-13,2024-04-14
pg0,2024-04-14,by_max,-379.84,By,Max,2024-04-14,2024-04-15
pg0,2024-04-15,by_max,-309.94,By,Max,2024-04-15,2024-04-16
pg0,2024-04-16,by_max,-239.28,By,Max,2024-04-16,2024-04-17
pg0,2024-04-17,by_max,-337.91,By,Max,2024-04-17,2024-04-18
pg0,2024-04-18,by_max,-402.18,By,Max,2024-04-18,2024-04-19
pg0,2024-04-19,by_max,-140.94,By,Max,2024-04-19,2024-04-20
pg0,2024-04-20,by_max,-307.3,By,Max,2024-04-20,2024-04-21
pg0,2024-04-21,by_max,-310.59,By,Max,2024-04-21,2024-04-22
pg0,2024-04-22,by_max,-357.56,By,Max,2024-04-22,2024-04-23
pg0,2024-04-23,by_max,-335.57,By,Max,2024-04-23,2024-04-24
pg0,2024-04-24,by_max,-402.89,By,Max,2024-04-24,2024-04-25
pg0,2024-04-25,by_max,-215.71,By,Max,2024-04-25,2024-04-26
pg0,2024-04-26,by_max,-313.05,By,Max,2024-04-26,2024-04-27
pg0,2024-04-27,by_max,-283.67,By,Max,2024-04-27,2024-04-28
pg0,2024-04-28,by_max,-330.64,By,Max,2024-04-28,2024-04-29
pg0,2024-04-29,by_max,-257.05,By,Max,2024-04-29,2024-04-30
pg0,2024-04-30,by_max,-139.53,By,Max,2024-04-30,2024-05-01
pg0,2024-05-01,by_max,-286.02,By,Max,2024-05-01,2024-05-02
pg0,2024-05-02,by_max,66.75,By,Max,2024-05-02,2024-05-03
pg0,2024-05-03,by_max,-297.75,By,Max,2024-05-03,2024-05-04
pg0,2024-05-04,by_max,-262.15,By,Max,2024-05-04,2024-05-05
pg0,2024-05-05,by_max,-263.97,By,Max,2024-05-05,2024-05-06
pg0,2024-05-06,by_max,-249.31,By,Max,2024-05-06,2024-05-07
pg0,2024-05-07,by_max,-234.94,By,Max,2024-05-07,2024-05-08
pg0,2024-05-08,by_max,-256.58,By,Max,2024-05-08,2024-05-09
pg0,2024-05-09,by_max,-378.14,By,Max,2024-05-09,2024-05-10
pg0,2024-05-10,by_max,207.37,By,Max,2024-05-10,2024-05-11
pg0,2024-05-11,by_max,-32.93,By,Max,2024-05-11,2024-05-12
pg0,2024-05-12,by_max,268.3,By,Max,2024-05-12,2024-05-13
pg0,2024-05-13,by_max,-218.99,By,Max,2024-05-13,2024-05-14
pg0,2024-05-14,by_max,-378.14,By,Max,2024-05-14,2024-05-15
pg0,2024-05-15,by_max,-259.86,By,Max,2024-05-15,2024-05-16
pg0,2024-05-16,by_max,-384.94,By,Max,2024-05-16,2024-05-17
pg0,2024-05-17,by_max,-205.09,By,Max,2024-05-17,2024-05-18
pg0,2024-05-18,by_max,-295.28,By,Max,2024-05-18,2024-05-19
pg0,2024-05-19,by_max,-386.06,By,Max,2024-05-19,2024-05-20
pg0,2024-05-20,by_max,-395.2,By,Max,2024-05-20,2024-05-21
pg0,2024-05-21,by_max,-383.48,By,Max,2024-05-21,2024-05-22
pg0,2024-05-22,by_max,-388.99,By,Max,2024-05-22,2024-05-23
pg0,2024-05-23,by_max,-291.12,By,Max,2024-05-23,2024-05-24
pg0,2024-05-24,by_max,-244.73,By,Max,2024-05-24,2024-05-25
pg0,2024-05-25,by_max,-280.8,By,Max,2024-05-25,2024-05-26
pg0,2024-05-26,by_max,-282.38,By,Max,2024-05-26,2024-05-27
pg0,2024-05-27,by_max,-284.02,By,Max,2024-05-27,2024-05-28
pg0,2024-05-28,by_max,-395.15,By,Max,2024-05-28,2024-05-29
pg0,2024-05-29,by_max,-381.89,By,Max,2024-05-29,2024-05-30
pg0,2024-05-30,by_max,-307.01,By,Max,2024-05-30,2024-05-31
pg0,2024-05-31,by_max,-350.64,By,Max,2024-05-31,2024-06-01
pg0,2024-06-01,by_max,-368.11,By,Max,2024-06-01,2024-06-02
pg0,2024-06-02,by_max,-325.07,By,Max,2024-06-02,2024-06-03
pg0,2024-06-03,by_max,-348.35,By,Max,2024-06-03,2024-06-04
pg0,2024-06-04,by_max,-369.64,By,Max,2024-06-04,2024-06-05
pg0,2024-06-05,by_max,-378.79,By,Max,2024-06-05,2024-06-06
pg0,2024-06-06,by_max,-396.26,By,Max,2024-06-06,2024-06-07
pg0,2024-06-07,by_max,-362.25,By,Max,2024-06-07,2024-06-08
pg0,2024-06-08,by_max,-278.75,By,Max,2024-06-08,2024-06-09
pg0,2024-06-09,by_max,-377.5,By,Max,2024-06-09,2024-06-10
pg0,2024-06-10,by_max,-377.55,By,Max,2024-06-10,2024-06-11
pg0,2024-06-11,by_max,-351.34,By,Max,2024-06-11,2024-06-12
pg0,2024-06-12,by_max,-385.47,By,Max,2024-06-12,2024-06-13
pg0,2024-06-13,by_max,-410.63,By,Max,2024-06-13,2024-06-14
pg0,2024-06-14,by_max,-383.89,By,Max,2024-06-14,2024-06-15
pg0,2024-06-15,by_max,-345.89,By,Max,2024-06-15,2024-06-16
pg0,2024-06-16,by_max,-318.39,By,Max,2024-06-16,2024-06-17
pg0,2024-06-17,by_max,-378.9,By,Max,2024-06-17,2024-06-18
pg0,2024-06-18,by_max,-389.69,By,Max,2024-06-18,2024-06-19
pg0,2024-06-19,by_max,-367.35,By,Max,2024-06-19,2024-06-20
pg0,2024-06-20,by_max,-355.15,By,Max,2024-06-20,2024-06-21
pg0,2024-06-21,by_max,-408.99,By,Max,2024-06-21,2024-06-22
pg0,2024-06-22,by_max,-380.43,By,Max,2024-06-22,2024-06-23
pg0,2024-06-23,by_max,-372.8,By,Max,2024-06-23,2024-06-24
pg0,2024-06-24,by_max,-299.15,By,Max,2024-06-24,2024-06-25
pg0,2024-06-25,by_max,-408.16,By,Max,2024-06-25,2024-06-26
pg0,2024-06-26,by_max,-400.66,By,Max,2024-06-26,2024-06-27
pg0,2024-06-27,by_max,-396.32,By,Max,2024-06-27,2024-06-28
pg0,2024-10-08,by_max,-390.4,By,Max,2024-10-08,2024-10-09
pg0,2024-10-09,by_max,-342.78,By,Max,2024-10-09,2024-10-10
pg0,2024-10-10,by_max,368.4,By,Max,2024-10-10,2024-10-11
pg0,2024-10-11,by_max,4.01,By,Max,2024-10-11,2024-10-12
pg0,2024-10-12,by_max,-276.69,By,Max,2024-10-12,2024-10-13
pg0,2024-10-13,by_max,-372.98,By,Max,2024-10-13,2024-10-14
pg0,2024-10-14,by_max,-251.77,By,Max,2024-10-14,2024-10-15
pg0,2024-10-15,by_max,-272.88,By,Max,2024-10-15,2024-10-16
pg0,2024-10-16,by_max,-292.12,By,Max,2024-10-16,2024-10-17
pg0,2024-10-17,by_max,-313.99,By,Max,2024-10-17,2024-10-18
pg0,2024-10-18,by_max,-279.1,By,Max,2024-10-18,2024-10-19
pg0,2024-10-19,by_max,-240.1,By,Max,2024-10-19,2024-10-20
pg0,2024-10-20,by_max,-320.61,By,Max,2024-10-20,2024-10-21
pg0,2024-10-21,by_max,-356.5,By,Max,2024-10-21,2024-10-22
pg0,2024-10-22,by_max,-343.19,By,Max,2024-10-22,2024-10-23
pg0,2024-10-23,by_max,-355.27,By,Max,2024-10-23,2024-10-24
pg0,2024-10-24,by_max,-297.92,By,Max,2024-10-24,2024-10-25
pg0,2024-10-25,by_max,-333.28,By,Max,2024-10-25,2024-10-26
pg0,2024-10-26,by_max,-212.66,By,Max,2024-10-26,2024-10-27
pg0,2024-10-27,by_max,-333.52,By,Max,2024-10-27,2024-10-28
pg0,2024-10-28,by_max,-289.89,By,Max,2024-10-28,2024-10-29
pg0,2024-10-29,by_max,-109.22,By,Max,2024-10-29,2024-10-30
pg0,2024-10-30,by_max,-193.48,By,Max,2024-10-30,2024-10-31
pg0,2024-10-31,by_max,-216.88,By,Max,2024-10-31,2024-11-01
pg0,2024-11-01,by_max,-253.94,By,Max,2024-11-01,2024-11-02
pg0,2024-11-02,by_max,-249.78,By,Max,2024-11-02,2024-11-03
pg0,2024-11-03,by_max,-224.21,By,Max,2024-11-03,2024-11-04
pg0,2024-11-04,by_max,-255.82,By,Max,2024-11-04,2024-11-05
pg0,2024-11-05,by_max,-288.13,By,Max,2024-11-05,2024-11-06
pg0,2024-11-06,by_max,-332.87,By,Max,2024-11-06,2024-11-07
pg0,2024-11-07,by_max,-266.02,By,Max,2024-11-07,2024-11-08
pg0,2024-11-08,by_max,-167.15,By,Max,2024-11-08,2024-11-09
pg0,2024-11-09,by_max,-217.64,By,Max,2024-11-09,2024-11-10
pg0,2024-11-10,by_max,-69.99,By,Max,2024-11-10,2024-11-11
pg0,2024-11-11,by_max,-331.05,By,Max,2024-11-11,2024-11-12
pg0,2024-11-12,by_max,-343.31,By,Max,2024-11-12,2024-11-13
pg0,2024-11-13,by_max,-325.42,By,Max,2024-11-13,2024-11-14
pg0,2024-11-14,by_max,-221.4,By,Max,2024-11-14,2024-11-15
pg0,2024-11-15,by_max,-260.63,By,Max,2024-11-15,2024-11-16
pg0,2024-11-16,by_max,-260.92,By,Max,2024-11-16,2024-11-17
pg0,2024-11-17,by_max,-365.42,By,Max,2024-11-17,2024-11-18
pg0,2024-11-18,by_max,-298.04,By,Max,2024-11-18,2024-11-19
pg0,2024-11-19,by_max,-333.34,By,Max,2024-11-19,2024-11-20
pg0,2024-11-20,by_max,-334.16,By,Max,2024-11-20,2024-11-21
pg0,2024-11-21,by_max,-244.73,By,Max,2024-11-21,2024-11-22
pg0,2024-11-22,by_max,-231.36,By,Max,2024-11-22,2024-11-23
pg0,2024-11-23,by_max,-297.57,By,Max,2024-11-23,2024-11-24
pg0,2024-11-24,by_max,-198.76,By,Max,2024-11-24,2024-11-25
pg0,2024-11-25,by_max,-174.01,By,Max,2024-11-25,2024-11-26
pg0,2024-11-26,by_max,-276.58,By,Max,2024-11-26,2024-11-27
pg0,2024-11-27,by_max,-318.8,By,Max,2024-11-27,2024-11-28
pg0,2024-11-28,by_max,-332.69,By,Max,2024-11-28,2024-11-29
pg0,2024-11-29,by_max,-274.05,By,Max,2024-11-29,2024-11-30
pg0,2024-11-30,by_max,-205.09,By,Max,2024-11-30,2024-12-01
pg0,2024-12-01,by_max,-278.51,By,Max,2024-12-01,2024-12-02
pg0,2024-12-02,by_max,-269.48,By,Max,2024-12-02,2024-12-03
pg0,2024-12-03,by_max,-202.69,By,Max,2024-12-03,2024-12-04
pg0,2024-12-04,by_max,-252.36,By,Max,2024-12-04,2024-12-05
pg0,2024-12-05,by_max,-325.01,By,Max,2024-12-05,2024-12-06
pg0,2024-12-06,by_max,-326.01,By,Max,2024-12-06,2024-12-07
pg0,2024-12-07,by_max,-341.26,By,Max,2024-12-07,2024-12-08
pg0,2024-12-08,by_max,-335.98,By,Max,2024-12-08,2024-12-09
pg0,2024-12-09,by_max,-221.34,By,Max,2024-12-09,2024-12-10
pg0,2024-12-10,by_max,-244.56,By,Max,2024-12-10,2024-12-11
pg0,2024-12-11,by_max,-266.37,By,Max,2024-12-11,2024-12-12
pg0,2024-12-12,by_max,-305.08,By,Max,2024-12-12,2024-12-13
pg0,2024-12-13,by_max,-336.8,By,Max,2024-12-13,2024-12-14
pg0,2024-12-14,by_max,-281.03,By,Max,2024-12-14,2024-12-15
pg0,2024-12-15,by_max,-184.39,By,Max,2024-12-15,2024-12-16
pg0,2024-12-16,by_max,-263.56,By,Max,2024-12-16,2024-12-17
pg0,2024-12-17,by_max,-45.77,By,Max,2024-12-17,2024-12-18
pg0,2024-12-18,by_max,-217.94,By,Max,2024-12-18,2024-12-19
pg0,2024-12-19,by_max,-223.98,By,Max,2024-12-19,2024-12-20
pg0,2024-12-20,by_max,-199.99,By,Max,2024-12-20,2024-12-21
pg0,2024-12-21,by_max,-215.36,By,Max,2024-12-21,2024-12-22
pg0,2024-12-22,by_max,-181.34,By,Max,2024-12-22,2024-12-23
pg0,2024-12-23,by_max,-158.59,By,Max,2024-12-23,2024-12-24
pg0,2024-12-24,by_max,-283.09,By,Max,2024-12-24,2024-12-25
pg0,2024-12-25,by_max,-309.94,By,Max,2024-12-25,2024-12-26
pg0,2024-12-26,by_max,-382.42,By,Max,2024-12-26,2024-12-27
pg0,2024-12-27,by_max,-371.69,By,Max,2024-12-27,2024-12-28
pg0,2024-12-28,by_max,-363.6,By,Max,2024-12-28,2024-12-29
pg0,2024-12-29,by_max,-350.76,By,Max,2024-12-29,2024-12-30
pg0,2024-12-30,by_max,-325.36,By,Max,2024-12-30,2024-12-31
pg0,2024-12-31,by_max,-167.62,By,Max,2024-12-31,2025-01-01
pg1,2024-01-01,by_max,-807.9,By,Max,2024-01-01,2024-01-02
pg1,2024-01-02,by_max,-886.58,By,Max,2024-01-02,2024-01-03
pg1,2024-01-03,by_max,-837.0,By,Max,2024-01-03,2024-01-04
pg1,2024-01-04,by_max,-891.64,By,Max,2024-01-04,2024-01-05
pg1,2024-01-05,by_max,-919.98,By,Max,2024-01-05,2024-01-06
pg1,2024-01-06,by_max,-969.69,By,Max,2024-01-06,2024-01-07
pg1,2024-01-07,by_max,-999.67,By,Max,2024-01-07,2024-01-08
pg1,2024-01-08,by_max,-933.76,By,Max,2024-01-08,2024-01-09
pg1,2024-01-09,by_max,-897.46,By,Max,2024-01-09,2024-01-10
pg1,2024-01-10,by_max,-908.72,By,Max,2024-01-10,2024-01-11
pg1,2024-01-11,by_max,-936.55,By,Max,2024-01-11,2024-01-12
pg1,2024-01-12,by_max,-976.27,By,Max,2024-01-12,2024-01-13
pg1,2024-01-13,by_max,-947.05,By,Max,2024-01-13,2024-01-14
pg1,2024-01-14,by_max,-897.46,By,Max,2024-01-14,2024-01-15
pg1,2024-01-15,by_max,-890.25,By,Max,2024-01-15,2024-01-16
pg1,2024-01-16,by_max,-918.21,By,Max,2024-01-16,2024-01-17
pg1,2024-01-17,by_max,-983.98,By,Max,2024-01-17,2024-01-18
pg1,2024-01-18,by_max,-912.26,By,Max,2024-01-18,2024-01-19
pg1,2024-01-19,by_max,-898.98,By,Max,2024-01-19,2024-01-20
pg1,2024-01-20,by_max,-928.83,By,Max,2024-01-20,2024-01-21
pg1,2024-01-21,by_max,-978.16,By,Max,2024-01-21,2024-01-22
pg1,2024-01-22,by_max,-896.83,By,Max,2024-01-22,2024-01-23
pg1,2024-01-23,by_max,-941.99,By,Max,2024-01-23,2024-01-24
pg1,2024-01-24,by_max,-898.6,By,Max,2024-01-24,2024-01-25
pg1,2024-01-25,by_max,-956.15,By,Max,2024-01-25,2024-01-26
pg1,2024-01-26,by_max,-926.81,By,Max,2024-01-26,2024-01-27
pg1,2024-01-27,by_max,-927.44,By,Max,2024-01-27,2024-01-28
pg1,2024-01-28,by_max,-938.32,By,Max,2024-01-28,2024-01-29
pg1,2024-01-29,by_max,-950.59,By,Max,2024-01-29,2024-01-30
pg1,2024-01-30,by_max,-894.05,By,Max,2024-01-30,2024-01-31
pg1,2024-01-31,by_max,-935.16,By,Max,2024-01-31,2024-02-01
pg1,2024-02-01,by_max,-987.27,By,Max,2024-02-01,2024-02-02
pg1,2024-02-02,by_max,-992.08,By,Max,2024-02-02,2024-02-03
pg1,2024-02-03,by_max,-978.54,By,Max,2024-02-03,2024-02-04
pg1,2024-02-04,by_max,-919.6,By,Max,2024-02-04,2024-02-05
pg1,2024-02-05,by_max,-922.51,By,Max,2024-02-05,2024-02-06
pg1,2024-02-06,by_max,-923.14,By,Max,2024-02-06,2024-02-07
pg1,2024-02-07,by_max,-986.26,By,Max,2024-02-07,2024-02-08
pg1,2024-02-08,by_max,-999.29,By,Max,2024-02-08,2024-02-09
pg1,2024-02-09,by_max,-1017.5,By,Max,2024-02-09,2024-02-10
pg1,2024-02-10,by_max,-1030.15,By,Max,2024-02-10,2024-02-11
pg1,2024-02-11,by_max,-955.9,By,Max,2024-02-11,2024-02-12
pg1,2024-02-12,by_max,-927.44,By,Max,2024-02-12,2024-02-13
pg1,2024-02-13,by_max,-799.94,By,Max,2024-02-13,2024-02-14
pg1,2024-02-14,by_max,-840.16,By,Max,2024-02-14,2024-02-15
pg1,2024-02-15,by_max,-1008.14,By,Max,2024-02-15,2024-02-16
pg1,2024-02-16,by_max,-942.87,By,Max,2024-02-16,2024-02-17
pg1,2024-02-17,by_max,-963.49,By,Max,2024-02-17,2024-02-18
pg1,2024-02-18,by_max,-933.13,By,Max,2024-02-18,2024-02-19
pg1,2024-02-19,by_max,-987.02,By,Max,2024-02-19,2024-02-20
pg1,2024-02-20,by_max,-974.49,By,Max,2024-02-20,2024-02-21
pg1,2024-02-21,by_max,-991.19,By,Max,2024-02-21,2024-02-22
pg1,2024-02-22,by_max,-984.23,By,Max,2024-02-22,2024-02-23
pg1,2024-02-23,by_max,-1008.39,By,Max,2024-02-23,2024-02-24
pg1,2024-02-24,by_max,-949.7,By,Max,2024-02-24,2024-02-25
pg1,2024-02-25,by_max,-986.76,By,Max,2024-02-25,2024-02-26
pg1,2024-02-26,by_max,-912.89,By,Max,2024-02-26,2024-02-27
pg1,2024-04-30,by_max,-768.69,By,Max,2024-04-30,2024-05-01
pg1,2024-05-01,by_max,-944.9,By,Max,2024-05-01,2024-05-02
pg1,2024-05-02,by_max,-595.14,By,Max,2024-05-02,2024-05-03
pg1,2024-05-03,by_max,-944.64,By,Max,2024-05-03,2024-05-04
pg1,2024-05-04,by_max,-916.18,By,Max,2024-05-04,2024-05-05
pg1,2024-05-05,by_max,-932.75,By,Max,2024-05-05,2024-05-06
pg1,2024-05-06,by_max,-914.66,By,Max,2024-05-06,2024-05-07
pg1,2024-05-07,by_max,-1045.2,By,Max,2024-05-07,2024-05-08
pg1,2024-05-08,by_max,-1057.98,By,Max,2024-05-08,2024-05-09
pg1,2024-05-09,by_max,-1045.96,By,Max,2024-05-09,2024-05-10
pg1,2024-05-10,by_max,-452.34,By,Max,2024-05-10,2024-05-11
pg1,2024-05-11,by_max,-711.39,By,Max,2024-05-11,2024-05-12
pg1,2024-05-12,by_max,-365.44,By,Max,2024-05-12,2024-05-13
pg1,2024-05-13,by_max,-843.7,By,Max,2024-05-13,2024-05-14
pg1,2024-05-14,by_max,-1036.85,By,Max,2024-05-14,2024-05-15
pg1,2024-05-15,by_max,-999.79,By,Max,2024-05-15,2024-05-16
pg1,2024-05-16,by_max,-1049.0,By,Max,2024-05-16,2024-05-17
pg1,2024-05-17,by_max,-867.36,By,Max,2024-05-17,2024-05-18
pg1,2024-05-18,by_max,-965.77,By,Max,2024-05-18,2024-05-19
pg1,2024-05-19,by_max,-1057.35,By,Max,2024-05-19,2024-05-20
pg1,2024-05-20,by_max,-1064.94,By,Max,2024-05-20,2024-05-21
pg1,2024-05-21,by_max,-1054.06,By,Max,2024-05-21,2024-05-22
pg1,2024-05-22,by_max,-1061.65,By,Max,2024-05-22,2024-05-23
pg1,2024-05-23,by_max,-959.44,By,Max,2024-05-23,2024-05-24
pg1,2024-05-24,by_max,-1041.54,By,Max,2024-05-24,2024-05-25
pg1,2024-05-25,by_max,-1027.24,By,Max,2024-05-25,2024-05-26
pg1,2024-05-26,by_max,-1036.1,By,Max,2024-05-26,2024-05-27
pg1,2024-05-27,by_max,-1026.61,By,Max,2024-05-27,2024-05-28
pg1,2024-05-28,by_max,-1061.65,By,Max,2024-05-28,2024-05-29
pg1,2024-05-29,by_max,-1049.25,By,Max,2024-05-29,2024-05-30
pg1,2024-05-30,by_max,-969.06,By,Max,2024-05-30,2024-05-31
pg1,2024-05-31,by_max,-1016.62,By,Max,2024-05-31,2024-06-01
pg1,2024-06-01,by_max,-1026.99,By,Max,2024-06-01,2024-06-02
pg1,2024-06-02,by_max,-983.22,By,Max,2024-06-02,2024-06-03
pg1,2024-06-03,by_max,-1008.9,By,Max,2024-06-03,2024-06-04
pg1,2024-06-04,by_max,-1036.85,By,Max,2024-06-04,2024-06-05
pg1,2024-06-05,by_max,-1048.37,By,Max,2024-06-05,2024-06-06
pg1,2024-06-06,by_max,-1060.38,By,Max,2024-06-06,2024-06-07
pg1,2024-06-07,by_max,-1027.87,By,Max,2024-06-07,2024-06-08
pg1,2024-06-08,by_max,-934.02,By,Max,2024-06-08,2024-06-09
pg1,2024-06-09,by_max,-1032.05,By,Max,2024-06-09,2024-06-10
pg1,2024-06-10,by_max,-1045.33,By,Max,2024-06-10,2024-06-11
pg1,2024-06-11,by_max,-1018.26,By,Max,2024-06-11,2024-06-12
pg1,2024-06-12,by_max,-1050.77,By,Max,2024-06-12,2024-06-13
pg1,2024-06-13,by_max,-1081.13,By,Max,2024-06-13,2024-06-14
pg1,2024-06-14,by_max,-1053.68,By,Max,2024-06-14,2024-06-15
pg1,2024-06-15,by_max,-994.86,By,Max,2024-06-15,2024-06-16
pg1,2024-06-16,by_max,-952.11,By,Max,2024-06-16,2024-06-17
pg1,2024-06-17,by_max,-1047.99,By,Max,2024-06-17,2024-06-18
pg1,2024-06-18,by_max,-1050.26,By,Max,2024-06-18,2024-06-19
pg1,2024-06-19,by_max,-1018.01,By,Max,2024-06-19,2024-06-20
pg1,2024-06-20,by_max,-1019.78,By,Max,2024-06-20,2024-06-21
pg1,2024-06-21,by_max,-1075.06,By,Max,2024-06-21,2024-06-22
pg1,2024-06-22,by_max,-1045.58,By,Max,2024-06-22,2024-06-23
pg1,2024-06-23,by_max,-1029.64,By,Max,2024-06-23,2024-06-24
pg1,2024-06-24,by_max,-1052.79,By,Max,2024-06-24,2024-06-25
pg1,2024-06-25,by_max,-1056.71,By,Max,2024-06-25,2024-06-26
pg1,2024-06-26,by_max,-1065.82,By,Max,2024-06-26,2024-06-27
pg1,2024-06-27,by_max,-997.77,By,Max,2024-06-27,2024-06-28
pg1,2024-06-28,by_max,-971.84,By,Max,2024-06-28,2024-06-29
pg1,2024-06-29,by_max,-955.65,By,Max,2024-06-29,2024-06-30
pg1,2024-06-30,by_max,-1045.71,By,Max,2024-06-30,2024-07-01
pg1,2024-07-01,by_max,-1068.35,By,Max,2024-07-01,2024-07-02
pg1,2024-07-02,by_max,-1063.29,By,Max,2024-07-02,2024-07-03
pg1,2024-07-03,by_max,-1072.65,By,Max,2024-07-03,2024-07-04
pg1,2024-07-04,by_max,-1050.9,By,Max,2024-07-04,2024-07-05
pg1,2024-07-05,by_max,-1049.12,By,Max,2024-07-05,2024-07-06
pg1,2024-07-06,by_max,-1070.25,By,Max,2024-07-06,2024-07-07
pg1,2024-11-01,by_max,-929.97,By,Max,2024-11-01,2024-11-02
pg1,2024-11-02,by_max,-919.72,By,Max,2024-11-02,2024-11-03
pg1,2024-11-03,by_max,-883.93,By,Max,2024-11-03,2024-11-04
pg1,2024-11-04,by_max,-929.97,By,Max,2024-11-04,2024-11-05
pg1,2024-11-05,by_max,-948.31,By,Max,2024-11-05,2024-11-06
pg1,2024-11-06,by_max,-1000.17,By,Max,2024-11-06,2024-11-07
pg1,2024-11-07,by_max,-934.78,By,Max,2024-11-07,2024-11-08
pg1,2024-11-08,by_max,-823.84,By,Max,2024-11-08,2024-11-09
pg1,2024-11-09,by_max,-894.68,By,Max,2024-11-09,2024-11-10
pg1,2024-11-10,by_max,-722.14,By,Max,2024-11-10,2024-11-11
pg1,2024-11-11,by_max,-1002.32,By,Max,2024-11-11,2024-11-12
pg1,2024-11-12,by_max,-1018.01,By,Max,2024-11-12,2024-11-13
pg1,2024-11-13,by_max,-998.4,By,Max,2024-11-13,2024-11-14
pg1,2024-11-14,by_max,-878.61,By,Max,2024-11-14,2024-11-15
pg1,2024-11-15,by_max,-927.69,By,Max,2024-11-15,2024-11-16
pg1,2024-11-16,by_max,-928.83,By,Max,2024-11-16,2024-11-17
pg1,2024-11-17,by_max,-1042.42,By,Max,2024-11-17,2024-11-18
pg1,2024-11-18,by_max,-968.17,By,Max,2024-11-18,2024-11-19
pg1,2024-11-19,by_max,-1006.62,By,Max,2024-11-19,2024-11-20
pg1,2024-11-20,by_max,-1017.25,By,Max,2024-11-20,2024-11-21
pg1,2024-11-21,by_max,-923.52,By,Max,2024-11-21,2024-11-22
pg1,2024-11-22,by_max,-888.99,By,Max,2024-11-22,2024-11-23
pg1,2024-11-23,by_max,-975.25,By,Max,2024-11-23,2024-11-24
pg1,2024-11-24,by_max,-877.85,By,Max,2024-11-24,2024-11-25
pg1,2024-11-25,by_max,-845.6,By,Max,2024-11-25,2024-11-26
pg1,2024-11-26,by_max,-957.04,By,Max,2024-11-26,2024-11-27
pg1,2024-11-27,by_max,-1000.43,By,Max,2024-11-27,2024-11-28
pg1,2024-11-28,by_max,-1020.66,By,Max,2024-11-28,2024-11-29
pg1,2024-11-29,by_max,-958.81,By,Max,2024-11-29,2024-11-30
pg1,2024-11-30,by_max,-895.94,By,Max,2024-11-30,2024-12-01
pg1,2024-12-01,by_max,-960.33,By,Max,2024-12-01,2024-12-02
pg1,2024-12-02,by_max,-954.26,By,Max,2024-12-02,2024-12-03
pg1,2024-12-03,by_max,-880.76,By,Max,2024-12-03,2024-12-04
pg1,2024-12-04,by_max,-872.16,By,Max,2024-12-04,2024-12-05
pg1,2024-12-05,by_max,-1010.67,By,Max,2024-12-05,2024-12-06
pg1,2024-12-06,by_max,-1012.44,By,Max,2024-12-06,2024-12-07
pg1,2024-12-07,by_max,-1025.98,By,Max,2024-12-07,2024-12-08
pg1,2024-12-08,by_max,-1023.32,By,Max,2024-12-08,2024-12-09
pg1,2024-12-09,by_max,-901.0,By,Max,2024-12-09,2024-12-10
pg1,2024-12-10,by_max,-929.21,By,Max,2024-12-10,2024-12-11
pg1,2024-12-11,by_max,-951.73,By,Max,2024-12-11,2024-12-12
pg1,2024-12-12,by_max,-986.64,By,Max,2024-12-12,2024-12-13
pg1,2024-12-13,by_max,-1020.79,By,Max,2024-12-13,2024-12-14
pg1,2024-12-14,by_max,-967.66,By,Max,2024-12-14,2024-12-15
pg1,2024-12-15,by_max,-871.53,By,Max,2024-12-15,2024-12-16
pg1,2024-12-16,by_max,-950.71,By,Max,2024-12-16,2024-12-17
pg1,2024-12-17,by_max,-843.83,By,Max,2024-12-17,2024-12-18
pg1,2024-12-18,by_max,-891.52,By,Max,2024-12-18,2024-12-19
pg1,2024-12-19,by_max,-881.78,By,Max,2024-12-19,2024-12-20
pg1,2024-12-20,by_max,-888.61,By,Max,2024-12-20,2024-12-21
pg1,2024-12-21,by_max,-823.97,By,Max,2024-12-21,2024-12-22
pg1,2024-12-22,by_max,-851.92,By,Max,2024-12-22,2024-12-23
pg1,2024-12-23,by_max,-826.37,By,Max,2024-12-23,2024-12-24
pg1,2024-12-24,by_max,-962.6,By,Max,2024-12-24,2024-12-25
pg1,2024-12-25,by_max,-965.89,By,Max,2024-12-25,2024-12-26
pg1,2024-12-26,by_max,-1066.07,By,Max,2024-12-26,2024-12-27
pg1,2024-12-27,by_max,-1052.41,By,Max,2024-12-27,2024-12-28
pg1,2024-12-28,by_max,-1059.24,By,Max,2024-12-28,2024-12-29
pg1,2024-12-29,by_max,-1047.73,By,Max,2024-12-29,2024-12-30
pg1,2024-12-30,by_max,-1011.43,By,Max,2024-12-30,2024-12-31
pg1,2024-12-31,by_max,-836.49,By,Max,2024-12-31,2025-01-01
pg2,2024-01-01,by_max,-340.52,By,Max,2024-01-01,2024-01-02
pg2,2024-01-02,by_max,-475.12,By,Max,2024-01-02,2024-01-03
pg2,2024-01-03,by_max,-433.57,By,Max,2024-01-03,2024-01-04
pg2,2024-01-04,by_max,-405.99,By,Max,2024-01-04,2024-01-05
pg2,2024-01-05,by_max,-383.93,By,Max,2024-01-05,2024-01-06
pg2,2024-01-06,by_max,-442.88,By,Max,2024-01-06,2024-01-07
pg2,2024-01-07,by_max,-495.02,By,Max,2024-01-07,2024-01-08
pg2,2024-01-08,by_max,-513.52,By,Max,2024-01-08,2024-01-09
pg2,2024-01-09,by_max,-354.66,By,Max,2024-01-09,2024-01-10
pg2,2024-01-10,by_max,-440.09,By,Max,2024-01-10,2024-01-11
pg2,2024-01-11,by_max,-430.37,By,Max,2024-01-11,2024-01-12
pg2,2024-01-12,by_max,-491.99,By,Max,2024-01-12,2024-01-13
pg2,2024-01-13,by_max,-425.6,By,Max,2024-01-13,2024-01-14
pg2,2024-01-14,by_max,-456.38,By,Max,2024-01-14,2024-01-15
pg2,2024-01-15,by_max,-465.17,By,Max,2024-01-15,2024-01-16
pg2,2024-01-16,by_max,-481.69,By,Max,2024-01-16,2024-01-17
pg2,2024-01-17,by_max,-546.64,By,Max,2024-01-17,2024-01-18
pg2,2024-01-18,by_max,-465.05,By,Max,2024-01-18,2024-01-19
pg2,2024-01-19,by_max,-485.77,By,Max,2024-01-19,2024-01-20
pg2,2024-01-20,by_max,-431.12,By,Max,2024-01-20,2024-01-21
pg2,2024-01-21,by_max,-514.11,By,Max,2024-01-21,2024-01-22
pg2,2024-01-22,by_max,-503.63,By,Max,2024-01-22,2024-01-23
pg2,2024-01-23,by_max,-527.32,By,Max,2024-01-23,2024-01-24
pg2,2024-01-24,by_max,-488.09,By,Max,2024-01-24,2024-01-25
pg2,2024-01-25,by_max,-557.98,By,Max,2024-01-25,2024-01-26
pg2,2024-01-26,by_max,-511.49,By,Max,2024-01-26,2024-01-27
pg2,2024-01-27,by_max,-523.88,By,Max,2024-01-27,2024-01-28
pg2,2024-01-28,by_max,-507.53,By,Max,2024-01-28,2024-01-29
pg2,2024-01-29,by_max,-495.6,By,Max,2024-01-29,2024-01-30
pg2,2024-01-30,by_max,-510.73,By,Max,2024-01-30,2024-01-31
pg2,2024-01-31,by_max,-567.82,By,Max,2024-01-31,2024-02-01
pg2,2024-02-01,by_max,-575.62,By,Max,2024-02-01,2024-02-02
pg2,2024-02-02,by_max,-575.96,By,Max,2024-02-02,2024-02-03
pg2,2024-02-03,by_max,-552.28,By,Max,2024-02-03,2024-02-04
pg2,2024-02-04,by_max,-524.52,By,Max,2024-02-04,2024-02-05
pg2,2024-02-05,by_max,-530.34,By,Max,2024-02-05,2024-02-06
pg2,2024-02-06,by_max,-530.98,By,Max,2024-02-06,2024-02-07
pg2,2024-02-07,by_max,-483.67,By,Max,2024-02-07,2024-02-08
pg2,2024-02-08,by_max,-479.02,By,Max,2024-02-08,2024-02-09
pg2,2024-02-09,by_max,-558.33,By,Max,2024-02-09,2024-02-10
pg2,2024-02-10,by_max,-551.47,By,Max,2024-02-10,2024-02-11
pg2,2024-02-11,by_max,-461.15,By,Max,2024-02-11,2024-02-12
pg2,2024-02-12,by_max,-502.88,By,Max,2024-02-12,2024-02-13
pg2,2024-02-13,by_max,-336.39,By,Max,2024-02-13,2024-02-14
pg2,2024-02-14,by_max,-430.19,By,Max,2024-02-14,2024-02-15
pg2,2024-02-15,by_max,-492.05,By,Max,2024-02-15,2024-02-16
pg2,2024-02-16,by_max,-477.1,By,Max,2024-02-16,2024-02-17
pg2,2024-02-17,by_max,-442.18,By,Max,2024-02-17,2024-02-18
pg2,2024-02-18,by_max,-529.18,By,Max,2024-02-18,2024-02-19
pg2,2024-02-19,by_max,-505.44,By,Max,2024-02-19,2024-02-20
pg2,2024-02-20,by_max,-574.74,By,Max,2024-02-20,2024-02-21
pg2,2024-02-21,by_max,-594.41,By,Max,2024-02-21,2024-02-22
pg2,2024-02-22,by_max,-581.9,By,Max,2024-02-22,2024-02-23
pg2,2024-02-23,by_max,-592.03,By,Max,2024-02-23,2024-02-24
pg2,2024-02-24,by_max,-534.24,By,Max,2024-02-24,2024-02-25
pg2,2024-02-25,by_max,-566.6,By,Max,2024-02-25,2024-02-26
pg2,2024-02-26,by_max,-487.28,By,Max,2024-02-26,2024-02-27
pg2,2024-02-27,by_max,-346.22,By,Max,2024-02-27,2024-02-28
pg2,2024-02-28,by_max,-575.5,By,Max,2024-02-28,2024-02-29
pg2,2024-02-29,by_max,-524.87,By,Max,2024-02-29,2024-03-01
pg2,2024-03-01,by_max,-466.62,By,Max,2024-03-01,2024-03-02
pg2,2024-03-02,by_max,-477.85,By,Max,2024-03-02,2024-03-03
pg2,2024-03-03,by_max,-451.43,By,Max,2024-03-03,2024-03-04
pg2,2024-03-04,by_max,-482.22,By,Max,2024-03-04,2024-03-05
pg2,2024-03-05,by_max,-502.93,By,Max,2024-03-05,2024-03-06
pg2,2024-03-06,by_max,-556.59,By,Max,2024-03-06,2024-03-07
pg2,2024-03-07,by_max,-527.67,By,Max,2024-03-07,2024-03-08
pg2,2024-03-08,by_max,-124.8,By,Max,2024-03-08,2024-03-09
pg2,2024-03-09,by_max,-451.49,By,Max,2024-03-09,2024-03-10
pg2,2024-03-10,by_max,-585.33,By,Max,2024-03-10,2024-03-11
pg2,2024-03-11,by_max,-487.11,By,Max,2024-03-11,2024-03-12
pg2,2024-03-12,by_max,-546.75,By,Max,2024-03-12,2024-03-13
pg2,2024-03-13,by_max,-492.4,By,Max,2024-03-13,2024-03-14
pg2,2024-03-14,by_max,-483.96,By,Max,2024-03-14,2024-03-15
pg2,2024-03-15,by_max,-475.7,By,Max,2024-03-15,2024-03-16
pg2,2024-03-16,by_max,-643.35,By,Max,2024-03-16,2024-03-17
pg2,2024-03-17,by_max,-644.05,By,Max,2024-03-17,2024-03-18
pg2,2024-03-18,by_max,-480.36,By,Max,2024-03-18,2024-03-19
pg2,2024-03-19,by_max,-542.91,By,Max,2024-03-19,2024-03-20
pg2,2024-03-20,by_max,-533.31,By,Max,2024-03-20,2024-03-21
pg2,2024-03-21,by_max,-498.57,By,Max,2024-03-21,2024-03-22
pg2,2024-03-22,by_max,-586.44,By,Max,2024-03-22,2024-03-23
pg2,2024-03-23,by_max,-391.09,By,Max,2024-03-23,2024-03-24
pg2,2024-03-24,by_max,-336.85,By,Max,2024-03-24,2024-03-25
pg2,2024-03-25,by_max,-469.82,By,Max,2024-03-25,2024-03-26
pg2,2024-03-26,by_max,-522.95,By,Max,2024-03-26,2024-03-27
pg2,2024-03-27,by_max,-605.7,By,Max,2024-03-27,2024-03-28
pg2,2024-03-28,by_max,-611.58,By,Max,2024-03-28,2024-03-29
pg2,2024-03-29,by_max,-488.85,By,Max,2024-03-29,2024-03-30
pg2,2024-03-30,by_max,-490.42,By,Max,2024-03-30,2024-03-31
pg2,2024-03-31,by_max,-476.17,By,Max,2024-03-31,2024-04-01
pg2,2024-04-01,by_max,-604.48,By,Max,2024-04-01,2024-04-02
pg2,2024-04-02,by_max,-601.22,By,Max,2024-04-02,2024-04-03
pg2,2024-04-03,by_max,-568.57,By,Max,2024-04-03,2024-04-04
pg2,2024-04-04,by_max,-211.74,By,Max,2024-04-04,2024-04-05
pg2,2024-04-05,by_max,-582.37,By,Max,2024-04-05,2024-04-06
pg2,2024-04-06,by_max,-486.76,By,Max,2024-04-06,2024-04-07
pg2,2024-04-07,by_max,-526.68,By,Max,2024-04-07,2024-04-08
pg2,2024-04-08,by_max,-494.73,By,Max,2024-04-08,2024-04-09
pg2,2024-04-09,by_max,-506.54,By,Max,2024-04-09,2024-04-10
pg2,2024-04-10,by_max,-470.23,By,Max,2024-04-10,2024-04-11
pg2,2024-04-11,by_max,-469.41,By,Max,2024-04-11,2024-04-12
pg2,2024-04-12,by_max,-492.46,By,Max,2024-04-12,2024-04-13
pg2,2024-04-13,by_max,-603.49,By,Max,2024-04-13,2024-04-14
pg2,2024-04-14,by_max,-475.35,By,Max,2024-04-14,2024-04-15
pg2,2024-04-15,by_max,-512.48,By,Max,2024-04-15,2024-04-16
pg2,2024-04-16,by_max,-336.5,By,Max,2024-04-16,2024-04-17
pg2,2024-04-17,by_max,-579.75,By,Max,2024-04-17,2024-04-18
pg2,2024-04-18,by_max,-647.66,By,Max,2024-04-18,2024-04-19
pg2,2024-04-19,by_max,-361.35,By,Max,2024-04-19,2024-04-20
pg2,2024-04-20,by_max,-464.53,By,Max,2024-04-20,2024-04-21
pg2,2024-04-21,by_max,-426.35,By,Max,2024-04-21,2024-04-22
pg2,2024-04-22,by_max,-498.1,By,Max,2024-04-22,2024-04-23
pg2,2024-04-23,by_max,-531.68,By,Max,2024-04-23,2024-04-24
pg2,2024-04-24,by_max,-512.13,By,Max,2024-04-24,2024-04-25
pg2,2024-04-25,by_max,-503.22,By,Max,2024-04-25,2024-04-26
pg2,2024-04-26,by_max,-461.56,By,Max,2024-04-26,2024-04-27
pg2,2024-04-27,by_max,-438.17,By,Max,2024-04-27,2024-04-28
pg2,2024-04-28,by_max,-490.31,By,Max,2024-04-28,2024-04-29
pg2,2024-04-29,by_max,-622.93,By,Max,2024-04-29,2024-04-30
pg2,2024-04-30,by_max,-225.42,By,Max,2024-04-30,2024-05-01
pg2,2024-05-01,by_max,-443.93,By,Max,2024-05-01,2024-05-02
pg2,2024-05-02,by_max,-187.24,By,Max,2024-05-02,2024-05-03
pg2,2024-05-03,by_max,-473.78,By,Max,2024-05-03,2024-05-04
pg2,2024-05-04,by_max,-348.26,By,Max,2024-05-04,2024-05-05
pg2,2024-05-05,by_max,-403.25,By,Max,2024-05-05,2024-05-06
pg2,2024-05-06,by_max,-474.59,By,Max,2024-05-06,2024-05-07
pg2,2024-05-07,by_max,-468.83,By,Max,2024-05-07,2024-05-08
pg2,2024-05-08,by_max,-471.86,By,Max,2024-05-08,2024-05-09
pg2,2024-05-09,by_max,-491.41,By,Max,2024-05-09,2024-05-10
pg2,2024-05-10,by_max,-22.62,By,Max,2024-05-10,2024-05-11
pg2,2024-05-11,by_max,-299.49,By,Max,2024-05-11,2024-05-12
pg2,2024-05-12,by_max,183.9,By,Max,2024-05-12,2024-05-13
pg2,2024-05-13,by_max,-401.1,By,Max,2024-05-13,2024-05-14
pg2,2024-05-14,by_max,-512.88,By,Max,2024-05-14,2024-05-15
pg2,2024-05-15,by_max,-537.56,By,Max,2024-05-15,2024-05-16
pg2,2024-05-16,by_max,-437.06,By,Max,2024-05-16,2024-05-17
pg2,2024-05-17,by_max,-405.0,By,Max,2024-05-17,2024-05-18
pg2,2024-05-18,by_max,-472.79,By,Max,2024-05-18,2024-05-19
pg2,2024-05-19,by_max,-492.11,By,Max,2024-05-19,2024-05-20
pg2,2024-05-20,by_max,-468.66,By,Max,2024-05-20,2024-05-21
pg2,2024-05-21,by_max,-520.22,By,Max,2024-05-21,2024-05-22
pg2,2024-05-22,by_max,-627.11,By,Max,2024-05-22,2024-05-23
pg2,2024-05-23,by_max,-467.44,By,Max,2024-05-23,2024-05-24
pg2,2024-05-24,by_max,-504.21,By,Max,2024-05-24,2024-05-25
pg2,2024-05-25,by_max,-497.46,By,Max,2024-05-25,2024-05-26
pg2,2024-05-26,by_max,-492.11,By,Max,2024-05-26,2024-05-27
pg2,2024-05-27,by_max,-500.78,By,Max,2024-05-27,2024-05-28
pg2,2024-05-28,by_max,-510.15,By,Max,2024-05-28,2024-05-29
pg2,2024-05-29,by_max,-615.65,By,Max,2024-05-29,2024-05-30
pg2,2024-05-30,by_max,-514.92,By,Max,2024-05-30,2024-05-31
pg2,2024-05-31,by_max,-578.93,By,Max,2024-05-31,2024-06-01
pg2,2024-06-01,by_max,-481.0,By,Max,2024-06-01,2024-06-02
pg2,2024-06-02,by_max,-504.33,By,Max,2024-06-02,2024-06-03
pg2,2024-06-03,by_max,-508.05,By,Max,2024-06-03,2024-06-04
pg2,2024-06-04,by_max,-502.53,By,Max,2024-06-04,2024-06-05
pg2,2024-06-05,by_max,-519.11,By,Max,2024-06-05,2024-06-06
pg2,2024-06-06,by_max,-498.05,By,Max,2024-06-06,2024-06-07
pg2,2024-06-07,by_max,-508.35,By,Max,2024-06-07,2024-06-08
pg2,2024-06-08,by_max,-495.48,By,Max,2024-06-08,2024-06-09
pg2,2024-06-09,by_max,-469.71,By,Max,2024-06-09,2024-06-10
pg2,2024-06-10,by_max,-513.18,By,Max,2024-06-10,2024-06-11
pg2,2024-06-11,by_max,-483.73,By,Max,2024-06-11,2024-06-12
pg2,2024-06-12,by_max,-615.94,By,Max,2024-06-12,2024-06-13
pg2,2024-06-13,by_max,-647.42,By,Max,2024-06-13,2024-06-14
pg2,2024-06-14,by_max,-499.5,By,Max,2024-06-14,2024-06-15
pg2,2024-06-15,by_max,-457.02,By,Max,2024-06-15,2024-06-16
pg2,2024-06-16,by_max,-433.86,By,Max,2024-06-16,2024-06-17
pg2,2024-06-17,by_max,-504.85,By,Max,2024-06-17,2024-06-18
pg2,2024-06-18,by_max,-487.11,By,Max,2024-06-18,2024-06-19
pg2,2024-06-19,by_max,-506.37,By,Max,2024-06-19,2024-06-20
pg2,2024-06-20,by_max,-481.98,By,Max,2024-06-20,2024-06-21
pg2,2024-06-21,by_max,-509.22,By,Max,2024-06-21,2024-06-22
pg2,2024-06-22,by_max,-610.88,By,Max,2024-06-22,2024-06-23
pg2,2024-06-23,by_max,-508.75,By,Max,2024-06-23,2024-06-24
pg2,2024-06-24,by_max,-652.02,By,Max,2024-06-24,2024-06-25
pg3,2024-01-01,by_max,-470.16,By,Max,2024-01-01,2024-01-02
pg3,2024-01-02,by_max,-644.61,By,Max,2024-01-02,2024-01-03
pg3,2024-01-03,by_max,-611.84,By,Max,2024-01-03,2024-01-04
pg3,2024-01-04,by_max,-626.86,By,Max,2024-01-04,2024-01-05
pg3,2024-01-05,by_max,-574.08,By,Max,2024-01-05,2024-01-06
pg3,2024-01-06,by_max,-666.82,By,Max,2024-01-06,2024-01-07
pg3,2024-01-07,by_max,-775.38,By,Max,2024-01-07,2024-01-08
pg3,2024-01-08,by_max,-701.56,By,Max,2024-01-08,2024-01-09
pg3,2024-01-09,by_max,-667.92,By,Max,2024-01-09,2024-01-10
pg3,2024-01-10,by_max,-727.13,By,Max,2024-01-10,2024-01-11
pg3,2024-01-11,by_max,-732.23,By,Max,2024-01-11,2024-01-12
pg3,2024-01-12,by_max,-781.76,By,Max,2024-01-12,2024-01-13
pg3,2024-01-13,by_max,-694.6,By,Max,2024-01-13,2024-01-14
pg3,2024-01-14,by_max,-667.69,By,Max,2024-01-14,2024-01-15
pg3,2024-01-15,by_max,-670.59,By,Max,2024-01-15,2024-01-16
pg3,2024-01-16,by_max,-654.81,By,Max,2024-01-16,2024-01-17
pg3,2024-01-17,by_max,-737.28,By,Max,2024-01-17,2024-01-18
pg3,2024-01-18,by_max,-719.88,By,Max,2024-01-18,2024-01-19
pg3,2024-01-19,by_max,-671.46,By,Max,2024-01-19,2024-01-20
pg3,2024-01-20,by_max,-706.14,By,Max,2024-01-20,2024-01-21
pg3,2024-01-21,by_max,-765.29,By,Max,2024-01-21,2024-01-22
pg3,2024-01-22,by_max,-690.54,By,Max,2024-01-22,2024-01-23
pg3,2024-01-23,by_max,-691.81,By,Max,2024-01-23,2024-01-24
pg3,2024-01-24,by_max,-622.28,By,Max,2024-01-24,2024-01-25
pg3,2024-01-25,by_max,-743.02,By,Max,2024-01-25,2024-01-26
pg3,2024-01-26,by_max,-706.37,By,Max,2024-01-26,2024-01-27
pg3,2024-01-27,by_max,-696.97,By,Max,2024-01-27,2024-01-28
pg3,2024-01-28,by_max,-725.45,By,Max,2024-01-28,2024-01-29
pg3,2024-01-29,by_max,-733.45,By,Max,2024-01-29,2024-01-30
pg3,2024-01-30,by_max,-707.24,By,Max,2024-01-30,2024-01-31
pg3,2024-01-31,by_max,-766.97,By,Max,2024-01-31,2024-02-01
pg3,2024-02-01,by_max,-747.66,By,Max,2024-02-01,2024-02-02
pg3,2024-02-02,by_max,-762.28,By,Max,2024-02-02,2024-02-03
pg3,2024-02-03,by_max,-794.06,By,Max,2024-02-03,2024-02-04
pg3,2024-02-04,by_max,-730.61,By,Max,2024-02-04,2024-02-05
pg3,2024-02-05,by_max,-742.44,By,Max,2024-02-05,2024-02-06
pg3,2024-02-06,by_max,-732.12,By,Max,2024-02-06,2024-02-07
pg3,2024-02-07,by_max,-741.63,By,Max,2024-02-07,2024-02-08
pg3,2024-02-08,by_max,-686.65,By,Max,2024-02-08,2024-02-09
pg3,2024-02-09,by_max,-815.86,By,Max,2024-02-09,2024-02-10
pg3,2024-02-10,by_max,-791.68,By,Max,2024-02-10,2024-02-11
pg3,2024-02-11,by_max,-691.81,By,Max,2024-02-11,2024-02-12
pg3,2024-02-12,by_max,-697.15,By,Max,2024-02-12,2024-02-13
pg3,2024-02-13,by_max,-609.98,By,Max,2024-02-13,2024-02-14
pg3,2024-02-14,by_max,-670.12,By,Max,2024-02-14,2024-02-15
pg3,2024-02-15,by_max,-707.65,By,Max,2024-02-15,2024-02-16
pg3,2024-02-16,by_max,-671.92,By,Max,2024-02-16,2024-02-17
pg3,2024-02-17,by_max,-758.91,By,Max,2024-02-17,2024-02-18
pg3,2024-02-18,by_max,-726.78,By,Max,2024-02-18,2024-02-19
pg3,2024-02-19,by_max,-787.21,By,Max,2024-02-19,2024-02-20
pg3,2024-02-20,by_max,-789.24,By,Max,2024-02-20,2024-02-21
pg3,2024-02-21,by_max,-622.08,By,Max,2024-02-21,2024-02-22
pg3,2024-02-22,by_max,-778.51,By,Max,2024-02-22,2024-02-23
pg3,2024-02-23,by_max,-780.43,By,Max,2024-02-23,2024-02-24
pg3,2024-02-24,by_max,-697.55,By,Max,2024-02-24,2024-02-25
pg3,2024-02-25,by_max,-750.62,By,Max,2024-02-25,2024-02-26
pg3,2024-02-26,by_max,-657.83,By,Max,2024-02-26,2024-02-27
pg3,2024-02-27,by_max,-511.45,By,Max,2024-02-27,2024-02-28
pg3,2024-02-28,by_max,-760.36,By,Max,2024-02-28,2024-02-29
pg3,2024-02-29,by_max,-818.94,By,Max,2024-02-29,2024-03-01
pg3,2024-03-01,by_max,-695.64,By,Max,2024-03-01,2024-03-02
pg3,2024-03-02,by_max,-760.71,By,Max,2024-03-02,2024-03-03
pg3,2024-03-03,by_max,-648.72,By,Max,2024-03-03,2024-03-04
pg3,2024-03-04,by_max,-675.75,By,Max,2024-03-04,2024-03-05
pg3,2024-03-05,by_max,-695.64,By,Max,2024-03-05,2024-03-06
pg3,2024-03-06,by_max,-740.76,By,Max,2024-03-06,2024-03-07
pg3,2024-03-07,by_max,-752.13,By,Max,2024-03-07,2024-03-08
pg3,2024-03-08,by_max,-265.5,By,Max,2024-03-08,2024-03-09
pg3,2024-03-09,by_max,-625.06,By,Max,2024-03-09,2024-03-10
pg3,2024-03-10,by_max,-735.77,By,Max,2024-03-10,2024-03-11
pg3,2024-03-11,by_max,-783.39,By,Max,2024-03-11,2024-03-12
pg3,2024-03-12,by_max,-682.42,By,Max,2024-03-12,2024-03-13
pg3,2024-03-13,by_max,-755.78,By,Max,2024-03-13,2024-03-14
pg3,2024-03-14,by_max,-694.48,By,Max,2024-03-14,2024-03-15
pg3,2024-03-15,by_max,-655.51,By,Max,2024-03-15,2024-03-16
pg3,2024-03-16,by_max,-850.14,By,Max,2024-03-16,2024-03-17
pg3,2024-03-17,by_max,-853.73,By,Max,2024-03-17,2024-03-18
pg3,2024-03-18,by_max,-668.15,By,Max,2024-03-18,2024-03-19
pg3,2024-03-19,by_max,-732.18,By,Max,2024-03-19,2024-03-20
pg3,2024-03-20,by_max,-756.07,By,Max,2024-03-20,2024-03-21
pg3,2024-03-21,by_max,-712.75,By,Max,2024-03-21,2024-03-22
pg3,2024-03-22,by_max,-728.99,By,Max,2024-03-22,2024-03-23
pg3,2024-03-23,by_max,-598.09,By,Max,2024-03-23,2024-03-24
pg3,2024-03-24,by_max,-532.04,By,Max,2024-03-24,2024-03-25
pg3,2024-03-25,by_max,-728.12,By,Max,2024-03-25,2024-03-26
pg3,2024-03-26,by_max,-714.66,By,Max,2024-03-26,2024-03-27
pg3,2024-03-27,by_max,-735.66,By,Max,2024-03-27,2024-03-28
pg3,2024-03-28,by_max,-813.25,By,Max,2024-03-28,2024-03-29
pg3,2024-03-29,by_max,-802.64,By,Max,2024-03-29,2024-03-30
pg3,2024-03-30,by_max,-822.01,By,Max,2024-03-30,2024-03-31
pg3,2024-03-31,by_max,-722.84,By,Max,2024-03-31,2024-04-01
pg3,2024-04-01,by_max,-818.41,By,Max,2024-04-01,2024-04-02
pg3,2024-04-02,by_max,-807.22,By,Max,2024-04-02,2024-04-03
pg3,2024-04-03,by_max,-733.97,By,Max,2024-04-03,2024-04-04
pg3,2024-04-04,by_max,-317.64,By,Max,2024-04-04,2024-04-05
pg3,2024-04-05,by_max,-755.72,By,Max,2024-04-05,2024-04-06
pg3,2024-04-06,by_max,-714.26,By,Max,2024-04-06,2024-04-07
pg3,2024-04-07,by_max,-770.1,By,Max,2024-04-07,2024-04-08
pg3,2024-04-08,by_max,-759.32,By,Max,2024-04-08,2024-04-09
pg3,2024-04-09,by_max,-802.29,By,Max,2024-04-09,2024-04-10
pg3,2024-04-10,by_max,-822.53,By,Max,2024-04-10,2024-04-11
pg3,2024-04-11,by_max,-835.7,By,Max,2024-04-11,2024-04-12
pg3,2024-04-12,by_max,-841.67,By,Max,2024-04-12,2024-04-13
pg3,2024-04-13,by_max,-824.33,By,Max,2024-04-13,2024-04-14
pg3,2024-04-14,by_max,-830.13,By,Max,2024-04-14,2024-04-15
pg3,2024-04-15,by_max,-648.38,By,Max,2024-04-15,2024-04-16
pg3,2024-04-16,by_max,-698.48,By,Max,2024-04-16,2024-04-17
pg3,2024-04-17,by_max,-795.04,By,Max,2024-04-17,2024-04-18
pg3,2024-04-18,by_max,-855.12,By,Max,2024-04-18,2024-04-19
pg3,2024-04-19,by_max,-571.36,By,Max,2024-04-19,2024-04-20
pg3,2024-04-20,by_max,-670.01,By,Max,2024-04-20,2024-04-21
pg3,2024-04-21,by_max,-641.65,By,Max,2024-04-21,2024-04-22
pg3,2024-04-22,by_max,-783.33,By,Max,2024-04-22,2024-04-23
pg3,2024-04-23,by_max,-727.88,By,Max,2024-04-23,2024-04-24
pg3,2024-04-24,by_max,-853.09,By,Max,2024-04-24,2024-04-25
pg3,2024-04-25,by_max,-787.85,By,Max,2024-04-25,2024-04-26
pg3,2024-04-26,by_max,-769.47,By,Max,2024-04-26,2024-04-27
pg3,2024-04-27,by_max,-746.44,By,Max,2024-04-27,2024-04-28
pg3,2024-04-28,by_max,-729.45,By,Max,2024-04-28,2024-04-29
pg3,2024-04-29,by_max,-844.16,By,Max,2024-04-29,2024-04-30
pg3,2024-04-30,by_max,-351.68,By,Max,2024-04-30,2024-05-01
pg3,2024-05-01,by_max,-651.45,By,Max,2024-05-01,2024-05-02
pg3,2024-05-02,by_max,-461.0,By,Max,2024-05-02,2024-05-03
pg3,2024-05-03,by_max,-692.28,By,Max,2024-05-03,2024-05-04
pg3,2024-05-04,by_max,-611.61,By,Max,2024-05-04,2024-05-05
pg3,2024-05-05,by_max,-728.87,By,Max,2024-05-05,2024-05-06
pg3,2024-05-06,by_max,-693.2,By,Max,2024-05-06,2024-05-07
pg3,2024-05-07,by_max,-844.45,By,Max,2024-05-07,2024-05-08
pg3,2024-05-08,by_max,-857.33,By,Max,2024-05-08,2024-05-09
pg3,2024-05-09,by_max,-834.36,By,Max,2024-05-09,2024-05-10
pg3,2024-05-10,by_max,-275.76,By,Max,2024-05-10,2024-05-11
pg3,2024-05-11,by_max,-437.86,By,Max,2024-05-11,2024-05-12
pg3,2024-05-12,by_max,147.12,By,Max,2024-05-12,2024-05-13
pg3,2024-05-13,by_max,-666.41,By,Max,2024-05-13,2024-05-14
pg3,2024-05-14,by_max,-813.54,By,Max,2024-05-14,2024-05-15
pg3,2024-05-15,by_max,-798.06,By,Max,2024-05-15,2024-05-16
pg3,2024-05-16,by_max,-543.93,By,Max,2024-05-16,2024-05-17
pg3,2024-05-17,by_max,-651.97,By,Max,2024-05-17,2024-05-18
pg3,2024-05-18,by_max,-765.47,By,Max,2024-05-18,2024-05-19
pg3,2024-05-19,by_max,-825.55,By,Max,2024-05-19,2024-05-20
pg3,2024-05-20,by_max,-854.83,By,Max,2024-05-20,2024-05-21
pg3,2024-05-21,by_max,-840.74,By,Max,2024-05-21,2024-05-22
pg3,2024-05-22,by_max,-839.06,By,Max,2024-05-22,2024-05-23
pg3,2024-05-23,by_max,-739.66,By,Max,2024-05-23,2024-05-24
pg3,2024-05-24,by_max,-707.36,By,Max,2024-05-24,2024-05-25
pg3,2024-05-25,by_max,-683.17,By,Max,2024-05-25,2024-05-26
pg3,2024-05-26,by_max,-719.82,By,Max,2024-05-26,2024-05-27
pg3,2024-05-27,by_max,-738.73,By,Max,2024-05-27,2024-05-28
pg3,2024-05-28,by_max,-731.07,By,Max,2024-05-28,2024-05-29
pg3,2024-05-29,by_max,-850.31,By,Max,2024-05-29,2024-05-30
pg3,2024-05-30,by_max,-705.5,By,Max,2024-05-30,2024-05-31
pg3,2024-05-31,by_max,-793.36,By,Max,2024-05-31,2024-06-01
pg3,2024-06-01,by_max,-738.67,By,Max,2024-06-01,2024-06-02
pg3,2024-06-02,by_max,-700.4,By,Max,2024-06-02,2024-06-03
pg3,2024-06-03,by_max,-738.38,By,Max,2024-06-03,2024-06-04
pg3,2024-06-04,by_max,-842.42,By,Max,2024-06-04,2024-06-05
pg3,2024-06-05,by_max,-847.0,By,Max,2024-06-05,2024-06-06
pg3,2024-06-06,by_max,-843.99,By,Max,2024-06-06,2024-06-07
pg3,2024-06-07,by_max,-764.71,By,Max,2024-06-07,2024-06-08
pg3,2024-06-08,by_max,-672.62,By,Max,2024-06-08,2024-06-09
pg3,2024-06-09,by_max,-767.96,By,Max,2024-06-09,2024-06-10
pg3,2024-06-10,by_max,-819.46,By,Max,2024-06-10,2024-06-11
pg3,2024-06-11,by_max,-735.71,By,Max,2024-06-11,2024-06-12
pg3,2024-06-12,by_max,-846.77,By,Max,2024-06-12,2024-06-13
pg3,2024-06-13,by_max,-867.01,By,Max,2024-06-13,2024-06-14
pg3,2024-06-14,by_max,-806.76,By,Max,2024-06-14,2024-06-15
pg3,2024-06-15,by_max,-622.34,By,Max,2024-06-15,2024-06-16
pg3,2024-06-16,by_max,-621.35,By,Max,2024-06-16,2024-06-17
pg3,2024-06-17,by_max,-836.8,By,Max,2024-06-17,2024-06-18
pg3,2024-06-18,by_max,-823.34,By,Max,2024-06-18,2024-06-19
pg3,2024-06-19,by_max,-576.52,By,Max,2024-06-19,2024-06-20
pg3,2024-06-20,by_max,-734.09,By,Max,2024-06-20,2024-06-21
pg3,2024-06-21,by_max,-853.5,By,Max,2024-06-21,2024-06-22
pg3,2024-06-22,by_max,-835.58,By,Max,2024-06-22,2024-06-23
pg3,2024-06-23,by_max,-676.62,By,Max,2024-06-23,2024-06-24
pg3,2024-06-24,by_max,-838.25,By,Max,2024-06-24,2024-06-25
pg3,2024-06-25,by_max,-829.43,By,Max,2024-06-25,2024-06-26
pg3,2024-06-26,by_max,-796.09,By,Max,2024-06-26,2024-06-27
pg3,2024-06-27,by_max,-764.54,By,Max,2024-06-27,2024-06-28
pg3,2024-06-28,by_max,-768.89,By,Max,2024-06-28,2024-06-29
pg3,2024-06-29,by_max,-671.46,By,Max,2024-06-29,2024-06-30
pg3,2024-06-30,by_max,-845.55,By,Max,2024-06-30,2024-07-01
pg3,2024-07-01,by_max,-787.39,By,Max,2024-07-01,2024-07-02
pg3,2024-07-02,by_max,-820.5,By,Max,2024-07-02,2024-07-03
pg3,2024-07-03,by_max,-842.71,By,Max,2024-07-03,2024-07-04
pg3,2024-07-04,by_max,-806.7,By,Max,2024-07-04,2024-07-05
pg3,2024-07-05,by_max,-848.8,By,Max,2024-07-05,2024-07-06
pg3,2024-10-19,by_max,-721.1,By,Max,2024-10-19,2024-10-20
pg3,2024-10-20,by_max,-740.53,By,Max,2024-10-20,2024-10-21
pg3,2024-10-21,by_max,-829.78,By,Max,2024-10-21,2024-10-22
pg3,2024-10-22,by_max,-804.73,By,Max,2024-10-22,2024-10-23
pg3,2024-10-23,by_max,-843.52,By,Max,2024-10-23,2024-10-24
pg3,2024-10-24,by_max,-687.06,By,Max,2024-10-24,2024-10-25
pg3,2024-10-25,by_max,-785.65,By,Max,2024-10-25,2024-10-26
pg3,2024-10-26,by_max,-705.15,By,Max,2024-10-26,2024-10-27
pg3,2024-10-27,by_max,-798.06,By,Max,2024-10-27,2024-10-28
pg3,2024-10-28,by_max,-751.78,By,Max,2024-10-28,2024-10-29
pg3,2024-10-29,by_max,-604.53,By,Max,2024-10-29,2024-10-30
pg3,2024-10-30,by_max,-667.75,By,Max,2024-10-30,2024-10-31
pg3,2024-10-31,by_max,-686.13,By,Max,2024-10-31,2024-11-01
pg3,2024-11-01,by_max,-730.9,By,Max,2024-11-01,2024-11-02
pg3,2024-11-02,by_max,-700.34,By,Max,2024-11-02,2024-11-03
pg3,2024-11-03,by_max,-656.61,By,Max,2024-11-03,2024-11-04
pg3,2024-11-04,by_max,-727.07,By,Max,2024-11-04,2024-11-05
pg3,2024-11-05,by_max,-742.85,By,Max,2024-11-05,2024-11-06
pg3,2024-11-06,by_max,-777.59,By,Max,2024-11-06,2024-11-07
pg3,2024-11-07,by_max,-727.25,By,Max,2024-11-07,2024-11-08
pg3,2024-11-08,by_max,-603.78,By,Max,2024-11-08,2024-11-09
pg3,2024-11-09,by_max,-677.55,By,Max,2024-11-09,2024-11-10
pg3,2024-11-10,by_max,-530.01,By,Max,2024-11-10,2024-11-11
pg3,2024-11-11,by_max,-753.46,By,Max,2024-11-11,2024-11-12
pg3,2024-12-12,by_max,-761.58,By,Max,2024-12-12,2024-12-13
pg3,2024-12-13,by_max,-826.59,By,Max,2024-12-13,2024-12-14
pg3,2024-12-14,by_max,-790.63,By,Max,2024-12-14,2024-12-15
pg3,2024-12-15,by_max,-678.18,By,Max,2024-12-15,2024-12-16
pg3,2024-12-16,by_max,-759.61,By,Max,2024-12-16,2024-12-17
pg3,2024-12-17,by_max,-581.04,By,Max,2024-12-17,2024-12-18
pg3,2024-12-18,by_max,-580.64,By,Max,2024-12-18,2024-12-19
pg3,2024-12-19,by_max,-697.55,By,Max,2024-12-19,2024-12-20
pg3,2024-12-20,by_max,-700.98,By,Max,2024-12-20,2024-12-21
pg3,2024-12-21,by_max,-547.81,By,Max,2024-12-21,2024-12-22
pg3,2024-12-22,by_max,-721.85,By,Max,2024-12-22,2024-12-23
pg3,2024-12-23,by_max,-578.61,By,Max,2024-12-23,2024-12-24
pg3,2024-12-24,by_max,-745.98,By,Max,2024-12-24,2024-12-25
pg3,2024-12-25,by_max,-734.15,By,Max,2024-12-25,2024-12-26
pg3,2024-12-26,by_max,-866.61,By,Max,2024-12-26,2024-12-27
pg3,2024-12-27,by_max,-846.08,By,Max,2024-12-27,2024-12-28
pg3,2024-12-28,by_max,-850.02,By,Max,2024-12-28,2024-12-29
pg3,2024-12-29,by_max,-795.74,By,Max,2024-12-29,2024-12-30
pg3,2024-12-30,by_max,-748.94,By,Max,2024-12-30,2024-12-31
pg3,2024-12-31,by_max,-696.51,By,Max,2024-12-31,2025-01-01
pg4,2024-01-01,by_max,-264.39,By,Max,2024-01-01,2024-01-02
pg4,2024-01-02,by_max,-292.3,By,Max,2024-01-02,2024-01-03
pg4,2024-01-03,by_max,-208.17,By,Max,2024-01-03,2024-01-04
pg4,2024-01-04,by_max,-306.23,By,Max,2024-01-04,2024-01-05
pg4,2024-01-05,by_max,-425.74,By,Max,2024-01-05,2024-01-06
pg4,2024-01-06,by_max,-367.16,By,Max,2024-01-06,2024-01-07
pg4,2024-01-07,by_max,-508.49,By,Max,2024-01-07,2024-01-08
pg4,2024-01-08,by_max,-442.89,By,Max,2024-01-08,2024-01-09
pg4,2024-01-09,by_max,-404.68,By,Max,2024-01-09,2024-01-10
pg4,2024-01-10,by_max,-512.98,By,Max,2024-01-10,2024-01-11
pg4,2024-01-11,by_max,-491.97,By,Max,2024-01-11,2024-01-12
pg4,2024-01-12,by_max,-498.19,By,Max,2024-01-12,2024-01-13
pg4,2024-01-13,by_max,-502.39,By,Max,2024-01-13,2024-01-14
pg4,2024-01-14,by_max,-378.44,By,Max,2024-01-14,2024-01-15
pg4,2024-01-15,by_max,-483.0,By,Max,2024-01-15,2024-01-16
pg4,2024-01-16,by_max,-435.18,By,Max,2024-01-16,2024-01-17
pg4,2024-01-17,by_max,-487.77,By,Max,2024-01-17,2024-01-18
pg4,2024-01-18,by_max,-487.43,By,Max,2024-01-18,2024-01-19
pg4,2024-01-19,by_max,-417.97,By,Max,2024-01-19,2024-01-20
pg4,2024-01-20,by_max,-444.67,By,Max,2024-01-20,2024-01-21
pg4,2024-01-21,by_max,-525.81,By,Max,2024-01-21,2024-01-22
pg4,2024-01-22,by_max,-391.1,By,Max,2024-01-22,2024-01-23
pg4,2024-01-23,by_max,-402.03,By,Max,2024-01-23,2024-01-24
pg4,2024-01-24,by_max,-319.0,By,Max,2024-01-24,2024-01-25
pg4,2024-01-25,by_max,-521.21,By,Max,2024-01-25,2024-01-26
pg4,2024-01-26,by_max,-401.23,By,Max,2024-01-26,2024-01-27
pg4,2024-01-27,by_max,-450.89,By,Max,2024-01-27,2024-01-28
pg4,2024-01-28,by_max,-483.57,By,Max,2024-01-28,2024-01-29
pg4,2024-01-29,by_max,-462.34,By,Max,2024-01-29,2024-01-30
pg4,2024-01-30,by_max,-466.02,By,Max,2024-01-30,2024-01-31
pg4,2024-01-31,by_max,-529.26,By,Max,2024-01-31,2024-02-01
pg4,2024-02-01,by_max,-464.87,By,Max,2024-02-01,2024-02-02
pg4,2024-02-02,by_max,-516.66,By,Max,2024-02-02,2024-02-03
pg4,2024-02-03,by_max,-562.64,By,Max,2024-02-03,2024-02-04
pg4,2024-02-04,by_max,-513.61,By,Max,2024-02-04,2024-02-05
pg4,2024-02-05,by_max,-525.0,By,Max,2024-02-05,2024-02-06
pg4,2024-02-06,by_max,-376.49,By,Max,2024-02-06,2024-02-07
pg4,2024-02-07,by_max,-368.77,By,Max,2024-02-07,2024-02-08
pg4,2024-02-08,by_max,-528.86,By,Max,2024-02-08,2024-02-09
pg4,2024-02-09,by_max,-552.28,By,Max,2024-02-09,2024-02-10
pg4,2024-02-10,by_max,-542.32,By,Max,2024-02-10,2024-02-11
pg4,2024-02-11,by_max,-361.7,By,Max,2024-02-11,2024-02-12
pg4,2024-02-12,by_max,-475.92,By,Max,2024-02-12,2024-02-13
pg4,2024-02-13,by_max,-275.09,By,Max,2024-02-13,2024-02-14
pg4,2024-02-14,by_max,-352.84,By,Max,2024-02-14,2024-02-15
pg4,2024-02-15,by_max,-343.63,By,Max,2024-02-15,2024-02-16
pg4,2024-02-16,by_max,-496.29,By,Max,2024-02-16,2024-02-17
pg4,2024-02-17,by_max,-474.08,By,Max,2024-02-17,2024-02-18
pg4,2024-02-18,by_max,-390.24,By,Max,2024-02-18,2024-02-19
pg4,2024-02-19,by_max,-394.78,By,Max,2024-02-19,2024-02-20
pg4,2024-02-20,by_max,-539.79,By,Max,2024-02-20,2024-02-21
pg4,2024-02-21,by_max,-553.08,By,Max,2024-02-21,2024-02-22
pg4,2024-02-22,by_max,-519.88,By,Max,2024-02-22,2024-02-23
pg4,2024-02-23,by_max,-548.83,By,Max,2024-02-23,2024-02-24
pg4,2024-02-24,by_max,-567.07,By,Max,2024-02-24,2024-02-25
pg4,2024-02-25,by_max,-486.74,By,Max,2024-02-25,2024-02-26
pg4,2024-02-26,by_max,-522.82,By,Max,2024-02-26,2024-02-27
pg4,2024-02-27,by_max,-462.86,By,Max,2024-02-27,2024-02-28
pg4,2024-02-28,by_max,-537.55,By,Max,2024-02-28,2024-02-29
pg4,2024-02-29,by_max,-575.64,By,Max,2024-02-29,2024-03-01
pg4,2024-03-01,by_max,-483.51,By,Max,2024-03-01,2024-03-02
pg4,2024-03-02,by_max,-504.29,By,Max,2024-03-02,2024-03-03
pg4,2024-03-03,by_max,-577.71,By,Max,2024-03-03,2024-03-04
pg4,2024-03-04,by_max,-533.0,By,Max,2024-03-04,2024-03-05
pg4,2024-03-05,by_max,-495.54,By,Max,2024-03-05,2024-03-06
pg4,2024-03-06,by_max,-484.15,By,Max,2024-03-06,2024-03-07
pg4,2024-03-07,by_max,-537.26,By,Max,2024-03-07,2024-03-08
pg4,2024-03-08,by_max,-419.41,By,Max,2024-03-08,2024-03-09
pg4,2024-03-09,by_max,-529.15,By,Max,2024-03-09,2024-03-10
pg4,2024-03-10,by_max,-295.18,By,Max,2024-03-10,2024-03-11
pg4,2024-03-11,by_max,-491.97,By,Max,2024-03-11,2024-03-12
pg4,2024-03-12,by_max,-326.83,By,Max,2024-03-12,2024-03-13
pg4,2024-03-13,by_max,-424.99,By,Max,2024-03-13,2024-03-14
pg4,2024-03-14,by_max,-467.98,By,Max,2024-03-14,2024-03-15
pg4,2024-03-15,by_max,-460.09,By,Max,2024-03-15,2024-03-16
pg4,2024-03-16,by_max,-535.36,By,Max,2024-03-16,2024-03-17
pg4,2024-03-17,by_max,-504.75,By,Max,2024-03-17,2024-03-18
pg4,2024-03-18,by_max,-533.29,By,Max,2024-03-18,2024-03-19
pg4,2024-03-19,by_max,-480.58,By,Max,2024-03-19,2024-03-20
pg4,2024-03-20,by_max,-516.89,By,Max,2024-03-20,2024-03-21
pg4,2024-03-21,by_max,-503.31,By,Max,2024-03-21,2024-03-22
pg4,2024-03-22,by_max,-501.93,By,Max,2024-03-22,2024-03-23
pg4,2024-03-23,by_max,-418.2,By,Max,2024-03-23,2024-03-24
pg4,2024-03-24,by_max,-422.12,By,Max,2024-03-24,2024-03-25
pg4,2024-03-25,by_max,-474.19,By,Max,2024-03-25,2024-03-26
pg4,2024-03-26,by_max,-443.47,By,Max,2024-03-26,2024-03-27
pg4,2024-03-27,by_max,-495.08,By,Max,2024-03-27,2024-03-28
pg4,2024-03-28,by_max,-518.73,By,Max,2024-03-28,2024-03-29
pg4,2024-03-29,by_max,-506.47,By,Max,2024-03-29,2024-03-30
pg4,2024-03-30,by_max,-523.45,By,Max,2024-03-30,2024-03-31
pg4,2024-03-31,by_max,-505.96,By,Max,2024-03-31,2024-04-01
pg4,2024-04-01,by_max,-391.16,By,Max,2024-04-01,2024-04-02
pg4,2024-04-02,by_max,-462.11,By,Max,2024-04-02,2024-04-03
pg4,2024-04-03,by_max,-467.12,By,Max,2024-04-03,2024-04-04
pg4,2024-04-04,by_max,-495.37,By,Max,2024-04-04,2024-04-05
pg4,2024-04-05,by_max,-363.48,By,Max,2024-04-05,2024-04-06
pg4,2024-04-06,by_max,-476.03,By,Max,2024-04-06,2024-04-07
pg4,2024-04-07,by_max,-440.53,By,Max,2024-04-07,2024-04-08
pg4,2024-04-08,by_max,-271.81,By,Max,2024-04-08,2024-04-09
pg4,2024-04-09,by_max,-446.98,By,Max,2024-04-09,2024-04-10
pg4,2024-04-10,by_max,-495.6,By,Max,2024-04-10,2024-04-11
pg4,2024-04-30,by_max,5.53,By,Max,2024-04-30,2024-05-01
pg4,2024-05-01,by_max,-316.99,By,Max,2024-05-01,2024-05-02
pg4,2024-05-02,by_max,-102.24,By,Max,2024-05-02,2024-05-03
pg4,2024-05-03,by_max,-322.97,By,Max,2024-05-03,2024-05-04
pg4,2024-05-04,by_max,-263.01,By,Max,2024-05-04,2024-05-05
pg4,2024-05-05,by_max,-347.83,By,Max,2024-05-05,2024-05-06
pg4,2024-05-06,by_max,-264.1,By,Max,2024-05-06,2024-05-07
pg4,2024-05-07,by_max,-405.83,By,Max,2024-05-07,2024-05-08
pg4,2024-05-08,by_max,-473.73,By,Max,2024-05-08,2024-05-09
pg4,2024-05-09,by_max,-465.45,By,Max,2024-05-09,2024-05-10
pg4,2024-05-10,by_max,110.49,By,Max,2024-05-10,2024-05-11
pg4,2024-05-11,by_max,220.05,By,Max,2024-05-11,2024-05-12
pg4,2024-05-12,by_max,810.73,By,Max,2024-05-12,2024-05-13
pg4,2024-05-13,by_max,-280.22,By,Max,2024-05-13,2024-05-14
pg4,2024-05-14,by_max,-457.05,By,Max,2024-05-14,2024-05-15
pg4,2024-05-15,by_max,-415.84,By,Max,2024-05-15,2024-05-16
pg4,2024-05-16,by_max,303.37,By,Max,2024-05-16,2024-05-17
pg4,2024-05-17,by_max,-232.51,By,Max,2024-05-17,2024-05-18
pg4,2024-05-18,by_max,-330.16,By,Max,2024-05-18,2024-05-19
pg4,2024-05-19,by_max,-426.95,By,Max,2024-05-19,2024-05-20
pg4,2024-05-20,by_max,-479.14,By,Max,2024-05-20,2024-05-21
pg4,2024-05-21,by_max,-460.67,By,Max,2024-05-21,2024-05-22
pg4,2024-05-22,by_max,-449.33,By,Max,2024-05-22,2024-05-23
pg4,2024-05-23,by_max,-201.79,By,Max,2024-05-23,2024-05-24
pg4,2024-05-24,by_max,-268.13,By,Max,2024-05-24,2024-05-25
pg4,2024-05-25,by_max,-456.47,By,Max,2024-05-25,2024-05-26
pg4,2024-05-26,by_max,-294.72,By,Max,2024-05-26,2024-05-27
pg4,2024-05-27,by_max,-295.87,By,Max,2024-05-27,2024-05-28
pg4,2024-05-28,by_max,-304.56,By,Max,2024-05-28,2024-05-29
pg4,2024-05-29,by_max,-491.11,By,Max,2024-05-29,2024-05-30
pg4,2024-05-30,by_max,-337.47,By,Max,2024-05-30,2024-05-31
pg4,2024-05-31,by_max,-381.78,By,Max,2024-05-31,2024-06-01
pg4,2024-06-01,by_max,-379.65,By,Max,2024-06-01,2024-06-02
pg4,2024-06-02,by_max,-346.85,By,Max,2024-06-02,2024-06-03
pg4,2024-06-03,by_max,-479.66,By,Max,2024-06-03,2024-06-04
pg4,2024-06-04,by_max,-444.67,By,Max,2024-06-04,2024-06-05
pg4,2024-06-05,by_max,-514.42,By,Max,2024-06-05,2024-06-06
pg4,2024-06-06,by_max,-474.31,By,Max,2024-06-06,2024-06-07
pg4,2024-06-07,by_max,-366.01,By,Max,2024-06-07,2024-06-08
pg4,2024-06-08,by_max,-251.91,By,Max,2024-06-08,2024-06-09
pg4,2024-06-09,by_max,-446.0,By,Max,2024-06-09,2024-06-10
pg4,2024-06-10,by_max,-498.99,By,Max,2024-06-10,2024-06-11
pg4,2024-06-11,by_max,-423.73,By,Max,2024-06-11,2024-06-12
pg4,2024-06-12,by_max,-487.66,By,Max,2024-06-12,2024-06-13
pg4,2024-06-13,by_max,-543.53,By,Max,2024-06-13,2024-06-14
pg4,2024-06-14,by_max,-486.51,By,Max,2024-06-14,2024-06-15
pg4,2024-06-15,by_max,-174.11,By,Max,2024-06-15,2024-06-16
pg4,2024-06-16,by_max,-332.87,By,Max,2024-06-16,2024-06-17
pg4,2024-06-17,by_max,-503.77,By,Max,2024-06-17,2024-06-18
pg4,2024-06-18,by_max,-471.26,By,Max,2024-06-18,2024-06-19
pg4,2024-06-19,by_max,-217.67,By,Max,2024-06-19,2024-06-20
pg4,2024-06-20,by_max,-360.49,By,Max,2024-06-20,2024-06-21
pg4,2024-06-21,by_max,-427.01,By,Max,2024-06-21,2024-06-22
pg4,2024-06-22,by_max,-505.38,By,Max,2024-06-22,2024-06-23
pg4,2024-06-23,by_max,-276.76,By,Max,2024-06-23,2024-06-24
pg4,2024-06-24,by_max,-505.5,By,Max,2024-06-24,2024-06-25
pg4,2024-06-25,by_max,-465.5,By,Max,2024-06-25,2024-06-26
pg4,2024-06-26,by_max,-343.17,By,Max,2024-06-26,2024-06-27
pg4,2024-06-27,by_max,-315.49,By,Max,2024-06-27,2024-06-28
pg4,2024-06-28,by_max,-409.4,By,Max,2024-06-28,2024-06-29
pg4,2024-06-29,by_max,-405.2,By,Max,2024-06-29,2024-06-30
pg4,2024-06-30,by_max,-451.0,By,Max,2024-06-30,2024-07-01
pg4,2024-07-01,by_max,-445.48,By,Max,2024-07-01,2024-07-02
pg4,2024-07-02,by_max,-483.11,By,Max,2024-07-02,2024-07-03
pg4,2024-07-03,by_max,-481.27,By,Max,2024-07-03,2024-07-04
pg4,2024-07-04,by_max,-481.04,By,Max,2024-07-04,2024-07-05
pg4,2024-07-05,by_max,-544.74,By,Max,2024-07-05,2024-07-06
pg4,2024-10-20,by_max,-492.15,By,Max,2024-10-20,2024-10-21
pg4,2024-10-21,by_max,-533.06,By,Max,2024-10-21,2024-10-22
pg4,2024-10-22,by_max,-473.73,By,Max,2024-10-22,2024-10-23
pg4,2024-10-23,by_max,-536.51,By,Max,2024-10-23,2024-10-24
pg4,2024-10-24,by_max,-350.19,By,Max,2024-10-24,2024-10-25
pg4,2024-10-25,by_max,-491.28,By,Max,2024-10-25,2024-10-26
pg4,2024-10-26,by_max,-431.32,By,Max,2024-10-26,2024-10-27
pg4,2024-10-27,by_max,-468.27,By,Max,2024-10-27,2024-10-28
pg4,2024-10-28,by_max,-374.07,By,Max,2024-10-28,2024-10-29
pg4,2024-10-29,by_max,-225.95,By,Max,2024-10-29,2024-10-30
pg4,2024-10-30,by_max,-286.26,By,Max,2024-10-30,2024-10-31
pg4,2024-10-31,by_max,-288.44,By,Max,2024-10-31,2024-11-01
pg4,2024-11-01,by_max,-432.93,By,Max,2024-11-01,2024-11-02
pg4,2024-11-02,by_max,-421.6,By,Max,2024-11-02,2024-11-03
pg4,2024-11-03,by_max,-217.03,By,Max,2024-11-03,2024-11-04
pg4,2024-11-04,by_max,-352.09,By,Max,2024-11-04,2024-11-05
pg4,2024-11-05,by_max,-477.07,By,Max,2024-11-05,2024-11-06
pg4,2024-11-06,by_max,-454.57,By,Max,2024-11-06,2024-11-07
pg4,2024-11-07,by_max,-390.99,By,Max,2024-11-07,2024-11-08
pg4,2024-11-08,by_max,-363.08,By,Max,2024-11-08,2024-11-09
pg4,2024-11-09,by_max,-329.42,By,Max,2024-11-09,2024-11-10
pg4,2024-11-10,by_max,-340.64,By,Max,2024-11-10,2024-11-11
pg4,2024-11-11,by_max,-377.81,By,Max,2024-11-11,2024-11-12
pg4,2024-11-12,by_max,-358.53,By,Max,2024-11-12,2024-11-13
pg4,2024-11-13,by_max,-445.13,By,Max,2024-11-13,2024-11-14
pg4,2024-11-14,by_max,-256.62,By,Max,2024-11-14,2024-11-15
pg4,2024-11-15,by_max,-372.57,By,Max,2024-11-15,2024-11-16
pg4,2024-11-16,by_max,-296.33,By,Max,2024-11-16,2024-11-17
pg4,2024-11-17,by_max,-456.18,By,Max,2024-11-17,2024-11-18
pg4,2024-11-18,by_max,-449.51,By,Max,2024-11-18,2024-11-19
pg4,2024-11-19,by_max,-382.93,By,Max,2024-11-19,2024-11-20
pg4,2024-11-20,by_max,-473.33,By,Max,2024-11-20,2024-11-21
pg4,2024-11-21,by_max,-382.53,By,Max,2024-11-21,2024-11-22
pg4,2024-11-22,by_max,-333.33,By,Max,2024-11-22,2024-11-23
pg4,2024-11-23,by_max,-453.19,By,Max,2024-11-23,2024-11-24
pg4,2024-11-24,by_max,-300.24,By,Max,2024-11-24,2024-11-25
pg4,2024-11-25,by_max,-368.95,By,Max,2024-11-25,2024-11-26
pg4,2024-11-26,by_max,-376.72,By,Max,2024-11-26,2024-11-27
pg4,2024-11-27,by_max,-375.16,By,Max,2024-11-27,2024-11-28
pg4,2024-11-28,by_max,-468.38,By,Max,2024-11-28,2024-11-29
pg4,2024-11-29,by_max,-293.34,By,Max,2024-11-29,2024-11-30
pg4,2024-11-30,by_max,-325.73,By,Max,2024-11-30,2024-12-01
pg4,2024-12-01,by_max,-443.52,By,Max,2024-12-01,2024-12-02
pg4,2024-12-02,by_max,-411.87,By,Max,2024-12-02,2024-12-03
pg4,2024-12-03,by_max,-313.76,By,Max,2024-12-03,2024-12-04
pg4,2024-12-04,by_max,-425.17,By,Max,2024-12-04,2024-12-05
pg4,2024-12-05,by_max,-454.8,By,Max,2024-12-05,2024-12-06
pg4,2024-12-06,by_max,-432.76,By,Max,2024-12-06,2024-12-07
pg4,2024-12-07,by_max,-473.44,By,Max,2024-12-07,2024-12-08
pg4,2024-12-08,by_max,-467.92,By,Max,2024-12-08,2024-12-09
pg4,2024-12-09,by_max,-345.47,By,Max,2024-12-09,2024-12-10
pg4,2024-12-10,by_max,-407.85,By,Max,2024-12-10,2024-12-11
pg4,2024-12-11,by_max,-398.47,By,Max,2024-12-11,2024-12-12
pg4,2024-12-12,by_max,-372.28,By,Max,2024-12-12,2024-12-13
pg4,2024-12-13,by_max,-499.11,By,Max,2024-12-13,2024-12-14
pg4,2024-12-14,by_max,-456.93,By,Max,2024-12-14,2024-12-15
pg4,2024-12-15,by_max,-322.22,By,Max,2024-12-15,2024-12-16
pg4,2024-12-16,by_max,-430.06,By,Max,2024-12-16,2024-12-17
pg4,2024-12-17,by_max,-312.44,By,Max,2024-12-17,2024-12-18
pg4,2024-12-18,by_max,-40.61,By,Max,2024-12-18,2024-12-19
pg4,2024-12-19,by_max,-176.98,By,Max,2024-12-19,2024-12-20
pg4,2024-12-20,by_max,-369.47,By,Max,2024-12-20,2024-12-21
pg4,2024-12-21,by_max,-276.59,By,Max,2024-12-21,2024-12-22
pg4,2024-12-22,by_max,-377.35,By,Max,2024-12-22,2024-12-23
pg4,2024-12-23,by_max,-307.38,By,Max,2024-12-23,2024-12-24
pg4,2024-12-24,by_max,-366.99,By,Max,2024-12-24,2024-12-25
pg4,2024-12-25,by_max,-416.07,By,Max,2024-12-25,2024-12-26
pg4,2024-12-26,by_max,-518.39,By,Max,2024-12-26,2024-12-27
pg4,2024-12-27,by_max,-345.7,By,Max,2024-12-27,2024-12-28
pg4,2024-12-28,by_max,-511.31,By,Max,2024-12-28,2024-12-29
pg4,2024-12-29,by_max,-453.19,By,Max,2024-12-29,2024-12-30
pg4,2024-12-30,by_max,-421.89,By,Max,2024-12-30,2024-12-31
pg4,2024-12-31,by_max,-368.03,By,Max,2024-12-31,2025-01-01
pg5,2024-01-01,by_max,85.07,By,Max,2024-01-01,2024-01-02
pg5,2024-01-02,by_max,71.91,By,Max,2024-01-02,2024-01-03
pg5,2024-01-03,by_max,-0.04,By,Max,2024-01-03,2024-01-04
pg5,2024-01-04,by_max,-64.37,By,Max,2024-01-04,2024-01-05
pg5,2024-01-05,by_max,-5.87,By,Max,2024-01-05,2024-01-06
pg5,2024-01-06,by_max,-60.02,By,Max,2024-01-06,2024-01-07
pg5,2024-01-07,by_max,-59.78,By,Max,2024-01-07,2024-01-08
pg5,2024-01-08,by_max,9.84,By,Max,2024-01-08,2024-01-09
pg5,2024-01-09,by_max,-141.92,By,Max,2024-01-09,2024-01-10
pg5,2024-01-10,by_max,6.92,By,Max,2024-01-10,2024-01-11
pg5,2024-01-11,by_max,20.21,By,Max,2024-01-11,2024-01-12
pg5,2024-01-12,by_max,-200.12,By,Max,2024-01-12,2024-01-13
pg5,2024-01-13,by_max,5.43,By,Max,2024-01-13,2024-01-14
pg5,2024-01-14,by_max,-17.85,By,Max,2024-01-14,2024-01-15
pg5,2024-01-15,by_max,31.17,By,Max,2024-01-15,2024-01-16
pg5,2024-01-16,by_max,-119.35,By,Max,2024-01-16,2024-01-17
pg5,2024-01-17,by_max,-10.52,By,Max,2024-01-17,2024-01-18
pg5,2024-01-18,by_max,-121.61,By,Max,2024-01-18,2024-01-19
pg5,2024-01-19,by_max,64.7,By,Max,2024-01-19,2024-01-20
pg5,2024-01-20,by_max,8.11,By,Max,2024-01-20,2024-01-21
pg5,2024-01-21,by_max,-6.23,By,Max,2024-01-21,2024-01-22
pg5,2024-01-22,by_max,-170.45,By,Max,2024-01-22,2024-01-23
pg5,2024-01-23,by_max,-120.54,By,Max,2024-01-23,2024-01-24
pg5,2024-01-24,by_max,-47.45,By,Max,2024-01-24,2024-01-25
pg5,2024-01-25,by_max,-213.22,By,Max,2024-01-25,2024-01-26
pg5,2024-01-26,by_max,-79.79,By,Max,2024-01-26,2024-01-27
pg5,2024-01-27,by_max,-119.29,By,Max,2024-01-27,2024-01-28
pg5,2024-01-28,by_max,-170.21,By,Max,2024-01-28,2024-01-29
pg5,2024-01-29,by_max,-141.09,By,Max,2024-01-29,2024-01-30
pg5,2024-01-30,by_max,-155.14,By,Max,2024-01-30,2024-01-31
pg5,2024-01-31,by_max,-204.52,By,Max,2024-01-31,2024-02-01
pg5,2024-02-01,by_max,-171.76,By,Max,2024-02-01,2024-02-02
pg5,2024-02-02,by_max,-208.04,By,Max,2024-02-02,2024-02-03
pg5,2024-02-03,by_max,-34.41,By,Max,2024-02-03,2024-02-04
pg5,2024-02-04,by_max,-199.64,By,Max,2024-02-04,2024-02-05
pg5,2024-02-05,by_max,-213.93,By,Max,2024-02-05,2024-02-06
pg5,2024-02-06,by_max,-110.65,By,Max,2024-02-06,2024-02-07
pg5,2024-02-07,by_max,-218.04,By,Max,2024-02-07,2024-02-08
pg5,2024-02-08,by_max,-16.24,By,Max,2024-02-08,2024-02-09
pg5,2024-02-09,by_max,-223.88,By,Max,2024-02-09,2024-02-10
pg5,2024-02-10,by_max,-242.64,By,Max,2024-02-10,2024-02-11
pg5,2024-02-11,by_max,-17.97,By,Max,2024-02-11,2024-02-12
pg5,2024-02-12,by_max,-180.4,By,Max,2024-02-12,2024-02-13
pg5,2024-02-13,by_max,-8.44,By,Max,2024-02-13,2024-02-14
pg5,2024-02-14,by_max,-175.46,By,Max,2024-02-14,2024-02-15
pg5,2024-02-15,by_max,-91.05,By,Max,2024-02-15,2024-02-16
pg5,2024-02-16,by_max,-187.79,By,Max,2024-02-16,2024-02-17
pg5,2024-02-17,by_max,-35.72,By,Max,2024-02-17,2024-02-18
pg5,2024-02-18,by_max,-18.08,By,Max,2024-02-18,2024-02-19
pg5,2024-02-19,by_max,-251.4,By,Max,2024-02-19,2024-02-20
pg5,2024-02-20,by_max,-236.87,By,Max,2024-02-20,2024-02-21
pg5,2024-02-21,by_max,-63.12,By,Max,2024-02-21,2024-02-22
pg5,2024-02-22,by_max,-40.78,By,Max,2024-02-22,2024-02-23
pg5,2024-02-23,by_max,-220.78,By,Max,2024-02-23,2024-02-24
pg5,2024-02-24,by_max,-182.13,By,Max,2024-02-24,2024-02-25
pg5,2024-02-25,by_max,-148.47,By,Max,2024-02-25,2024-02-26
pg5,2024-02-26,by_max,-48.7,By,Max,2024-02-26,2024-02-27
pg5,2024-02-27,by_max,56.18,By,Max,2024-02-27,2024-02-28
pg5,2024-02-28,by_max,-27.38,By,Max,2024-02-28,2024-02-29
pg5,2024-02-29,by_max,-247.65,By,Max,2024-02-29,2024-03-01
pg5,2024-03-01,by_max,-1.11,By,Max,2024-03-01,2024-03-02
pg5,2024-03-02,by_max,-110.77,By,Max,2024-03-02,2024-03-03
pg5,2024-03-03,by_max,19.49,By,Max,2024-03-03,2024-03-04
pg5,2024-03-04,by_max,-99.15,By,Max,2024-03-04,2024-03-05
pg5,2024-03-05,by_max,-117.08,By,Max,2024-03-05,2024-03-06
pg5,2024-03-06,by_max,-134.59,By,Max,2024-03-06,2024-03-07
pg5,2024-03-07,by_max,-226.98,By,Max,2024-03-07,2024-03-08
pg5,2024-03-08,by_max,198.78,By,Max,2024-03-08,2024-03-09
pg5,2024-03-09,by_max,-52.45,By,Max,2024-03-09,2024-03-10
pg5,2024-03-10,by_max,-155.08,By,Max,2024-03-10,2024-03-11
pg5,2024-03-11,by_max,-179.8,By,Max,2024-03-11,2024-03-12
pg5,2024-03-12,by_max,30.57,By,Max,2024-03-12,2024-03-13
pg5,2024-03-13,by_max,-178.02,By,Max,2024-03-13,2024-03-14
pg5,2024-03-14,by_max,-119.58,By,Max,2024-03-14,2024-03-15
pg5,2024-03-15,by_max,-67.64,By,Max,2024-03-15,2024-03-16
pg5,2024-03-16,by_max,-26.13,By,Max,2024-03-16,2024-03-17
pg5,2024-03-17,by_max,-267.84,By,Max,2024-03-17,2024-03-18
pg5,2024-03-18,by_max,-86.7,By,Max,2024-03-18,2024-03-19
pg5,2024-03-19,by_max,-72.65,By,Max,2024-03-19,2024-03-20
pg5,2024-03-20,by_max,-27.79,By,Max,2024-03-20,2024-03-21
pg5,2024-03-21,by_max,-114.52,By,Max,2024-03-21,2024-03-22
pg5,2024-03-22,by_max,-181.77,By,Max,2024-03-22,2024-03-23
pg5,2024-03-23,by_max,26.82,By,Max,2024-03-23,2024-03-24
pg5,2024-03-24,by_max,150.71,By,Max,2024-03-24,2024-03-25
pg5,2024-03-25,by_max,0.19,By,Max,2024-03-25,2024-03-26
pg5,2024-03-26,by_max,-34.29,By,Max,2024-03-26,2024-03-27
pg5,2024-03-27,by_max,-74.73,By,Max,2024-03-27,2024-03-28
pg5,2024-03-28,by_max,-131.14,By,Max,2024-03-28,2024-03-29
pg5,2024-03-29,by_max,-138.82,By,Max,2024-03-29,2024-03-30
pg5,2024-03-30,by_max,-243.48,By,Max,2024-03-30,2024-03-31
pg5,2024-03-31,by_max,-96.95,By,Max,2024-03-31,2024-04-01
pg5,2024-04-01,by_max,-187.01,By,Max,2024-04-01,2024-04-02
pg5,2024-04-02,by_max,-228.29,By,Max,2024-04-02,2024-04-03
pg5,2024-04-03,by_max,-197.67,By,Max,2024-04-03,2024-04-04
pg5,2024-04-04,by_max,68.57,By,Max,2024-04-04,2024-04-05
pg5,2024-04-05,by_max,-157.82,By,Max,2024-04-05,2024-04-06
pg5,2024-04-06,by_max,-24.52,By,Max,2024-04-06,2024-04-07
pg5,2024-04-07,by_max,-203.93,By,Max,2024-04-07,2024-04-08
pg5,2024-04-08,by_max,-15.64,By,Max,2024-04-08,2024-04-09
pg5,2024-04-09,by_max,-125.0,By,Max,2024-04-09,2024-04-10
pg5,2024-04-10,by_max,-111.48,By,Max,2024-04-10,2024-04-11
pg5,2024-04-11,by_max,-210.18,By,Max,2024-04-11,2024-04-12
pg5,2024-04-12,by_max,-219.18,By,Max,2024-04-12,2024-04-13
pg5,2024-04-13,by_max,-231.33,By,Max,2024-04-13,2024-04-14
pg5,2024-04-14,by_max,-186.65,By,Max,2024-04-14,2024-04-15
pg5,2024-04-15,by_max,-125.84,By,Max,2024-04-15,2024-04-16
pg5,2024-04-16,by_max,38.19,By,Max,2024-04-16,2024-04-17
pg5,2024-04-17,by_max,-208.63,By,Max,2024-04-17,2024-04-18
pg5,2024-04-18,by_max,-252.0,By,Max,2024-04-18,2024-04-19
pg5,2024-04-19,by_max,101.27,By,Max,2024-04-19,2024-04-20
pg5,2024-04-20,by_max,-137.63,By,Max,2024-04-20,2024-04-21
pg5,2024-04-21,by_max,16.63,By,Max,2024-04-21,2024-04-22
pg5,2024-04-22,by_max,-146.98,By,Max,2024-04-22,2024-04-23
pg5,2024-04-23,by_max,-172.6,By,Max,2024-04-23,2024-04-24
pg5,2024-04-24,by_max,-222.75,By,Max,2024-04-24,2024-04-25
pg5,2024-04-25,by_max,-208.45,By,Max,2024-04-25,2024-04-26
pg5,2024-04-26,by_max,-90.58,By,Max,2024-04-26,2024-04-27
pg5,2024-04-27,by_max,-152.34,By,Max,2024-04-27,2024-04-28
pg5,2024-04-28,by_max,34.98,By,Max,2024-04-28,2024-04-29
pg5,2024-04-29,by_max,-234.31,By,Max,2024-04-29,2024-04-30
pg5,2024-04-30,by_max,146.78,By,Max,2024-04-30,2024-05-01
pg5,2024-05-01,by_max,-93.14,By,Max,2024-05-01,2024-05-02
pg5,2024-05-02,by_max,29.86,By,Max,2024-05-02,2024-05-03
pg5,2024-05-03,by_max,-101.3,By,Max,2024-05-03,2024-05-04
pg5,2024-05-04,by_max,-64.84,By,Max,2024-05-04,2024-05-05
pg5,2024-05-05,by_max,-98.26,By,Max,2024-05-05,2024-05-06
pg5,2024-05-06,by_max,-52.51,By,Max,2024-05-06,2024-05-07
pg5,2024-05-07,by_max,-189.81,By,Max,2024-05-07,2024-05-08
pg5,2024-05-08,by_max,-222.21,By,Max,2024-05-08,2024-05-09
pg5,2024-05-09,by_max,-205.89,By,Max,2024-05-09,2024-05-10
pg5,2024-05-10,by_max,279.08,By,Max,2024-05-10,2024-05-11
pg5,2024-05-11,by_max,210.58,By,Max,2024-05-11,2024-05-12
pg5,2024-05-12,by_max,593.76,By,Max,2024-05-12,2024-05-13
pg5,2024-05-13,by_max,-79.02,By,Max,2024-05-13,2024-05-14
pg5,2024-05-14,by_max,-219.47,By,Max,2024-05-14,2024-05-15
pg5,2024-05-15,by_max,-164.79,By,Max,2024-05-15,2024-05-16
pg5,2024-05-16,by_max,358.0,By,Max,2024-05-16,2024-05-17
pg5,2024-05-17,by_max,-4.27,By,Max,2024-05-17,2024-05-18
pg5,2024-05-18,by_max,-142.81,By,Max,2024-05-18,2024-05-19
pg5,2024-05-19,by_max,-192.31,By,Max,2024-05-19,2024-05-20
pg5,2024-05-20,by_max,-251.76,By,Max,2024-05-20,2024-05-21
pg5,2024-05-21,by_max,-217.03,By,Max,2024-05-21,2024-05-22
pg5,2024-05-22,by_max,-227.52,By,Max,2024-05-22,2024-05-23
pg5,2024-05-23,by_max,-135.84,By,Max,2024-05-23,2024-05-24
pg5,2024-05-24,by_max,-12.01,By,Max,2024-05-24,2024-05-25
pg5,2024-05-25,by_max,-202.68,By,Max,2024-05-25,2024-05-26
pg5,2024-05-26,by_max,-161.58,By,Max,2024-05-26,2024-05-27
pg5,2024-05-27,by_max,-13.26,By,Max,2024-05-27,2024-05-28
pg5,2024-05-28,by_max,-225.97,By,Max,2024-05-28,2024-05-29
pg5,2024-05-29,by_max,-215.42,By,Max,2024-05-29,2024-05-30
pg5,2024-05-30,by_max,-64.96,By,Max,2024-05-30,2024-05-31
pg5,2024-05-31,by_max,-113.92,By,Max,2024-05-31,2024-06-01
pg5,2024-06-01,by_max,-107.43,By,Max,2024-06-01,2024-06-02
pg5,2024-06-02,by_max,-171.46,By,Max,2024-06-02,2024-06-03
pg5,2024-06-03,by_max,-222.93,By,Max,2024-06-03,2024-06-04
pg5,2024-06-04,by_max,-194.93,By,Max,2024-06-04,2024-06-05
pg5,2024-06-05,by_max,-234.31,By,Max,2024-06-05,2024-06-06
pg5,2024-06-06,by_max,-213.46,By,Max,2024-06-06,2024-06-07
pg5,2024-06-07,by_max,-168.43,By,Max,2024-06-07,2024-06-08
pg5,2024-06-08,by_max,-22.19,By,Max,2024-06-08,2024-06-09
pg5,2024-06-09,by_max,-190.29,By,Max,2024-06-09,2024-06-10
pg5,2024-06-10,by_max,-225.55,By,Max,2024-06-10,2024-06-11
pg5,2024-06-11,by_max,-173.01,By,Max,2024-06-11,2024-06-12
pg5,2024-06-12,by_max,-204.34,By,Max,2024-06-12,2024-06-13
pg5,2024-06-13,by_max,-259.68,By,Max,2024-06-13,2024-06-14
pg5,2024-06-14,by_max,-228.53,By,Max,2024-06-14,2024-06-15
pg5,2024-06-15,by_max,158.04,By,Max,2024-06-15,2024-06-16
pg5,2024-06-16,by_max,-66.99,By,Max,2024-06-16,2024-06-17
pg5,2024-06-17,by_max,-229.36,By,Max,2024-06-17,2024-06-18
pg5,2024-06-18,by_max,-197.49,By,Max,2024-06-18,2024-06-19
pg5,2024-06-19,by_max,-2.36,By,Max,2024-06-19,2024-06-20
pg5,2024-06-20,by_max,-104.93,By,Max,2024-06-20,2024-06-21
pg5,2024-06-21,by_max,-136.8,By,Max,2024-06-21,2024-06-22
pg5,2024-06-22,by_max,-226.32,By,Max,2024-06-22,2024-06-23
pg5,2024-06-23,by_max,-0.57,By,Max,2024-06-23,2024-06-24
pg5,2024-06-24,by_max,-242.53,By,Max,2024-06-24,2024-06-25
pg5,2024-06-25,by_max,-218.7,By,Max,2024-06-25,2024-06-26
pg5,2024-06-26,by_max,-116.84,By,Max,2024-06-26,2024-06-27
pg5,2024-06-27,by_max,-4.98,By,Max,2024-06-27,2024-06-28
pg5,2024-06-28,by_max,-129.95,By,Max,2024-06-28,2024-06-29
pg5,2024-06-29,by_max,-125.3,By,Max,2024-06-29,2024-06-30
pg5,2024-06-30,by_max,-163.24,By,Max,2024-06-30,2024-07-01
pg5,2024-07-01,by_max,-177.84,By,Max,2024-07-01,2024-07-02
pg5,2024-07-02,by_max,-218.46,By,Max,2024-07-02,2024-07-03
pg5,2024-07-03,by_max,-177.66,By,Max,2024-07-03,2024-07-04
pg5,2024-07-04,by_max,-188.62,By,Max,2024-07-04,2024-07-05
pg5,2024-07-05,by_max,-236.87,By,Max,2024-07-05,2024-07-06
pg5,2024-07-06,by_max,-254.86,By,Max,2024-07-06,2024-07-07
pg5,2024-07-07,by_max,-189.39,By,Max,2024-07-07,2024-07-08
pg5,2024-07-08,by_max,-202.38,By,Max,2024-07-08,2024-07-09
pg5,2024-07-09,by_max,-240.92,By,Max,2024-07-09,2024-07-10
pg5,2024-10-23,by_max,-227.87,By,Max,2024-10-23,2024-10-24
pg5,2024-10-24,by_max,-121.97,By,Max,2024-10-24,2024-10-25
pg5,2024-10-25,by_max,-175.34,By,Max,2024-10-25,2024-10-26
pg5,2024-10-26,by_max,-91.35,By,Max,2024-10-26,2024-10-27
pg5,2024-10-27,by_max,-136.26,By,Max,2024-10-27,2024-10-28
pg5,2024-10-28,by_max,-110.47,By,Max,2024-10-28,2024-10-29
pg5,2024-10-29,by_max,157.68,By,Max,2024-10-29,2024-10-30
pg5,2024-10-30,by_max,-6.35,By,Max,2024-10-30,2024-10-31
pg5,2024-10-31,by_max,9.54,By,Max,2024-10-31,2024-11-01
pg5,2024-11-01,by_max,-131.14,By,Max,2024-11-01,2024-11-02
pg5,2024-11-02,by_max,-115.53,By,Max,2024-11-02,2024-11-03
pg5,2024-11-03,by_max,135.88,By,Max,2024-11-03,2024-11-04
pg5,2024-11-04,by_max,-30.59,By,Max,2024-11-04,2024-11-05
pg5,2024-11-05,by_max,-169.98,By,Max,2024-11-05,2024-11-06
pg5,2024-11-06,by_max,-155.32,By,Max,2024-11-06,2024-11-07
pg5,2024-11-07,by_max,-133.16,By,Max,2024-11-07,2024-11-08
pg5,2024-11-08,by_max,-58.41,By,Max,2024-11-08,2024-11-09
pg5,2024-11-09,by_max,-48.17,By,Max,2024-11-09,2024-11-10
pg5,2024-11-10,by_max,-119.35,By,Max,2024-11-10,2024-11-11
pg5,2024-11-11,by_max,-56.86,By,Max,2024-11-11,2024-11-12
pg5,2024-11-12,by_max,-103.44,By,Max,2024-11-12,2024-11-13
pg5,2024-11-13,by_max,-1.53,By,Max,2024-11-13,2024-11-14
pg5,2024-11-14,by_max,48.08,By,Max,2024-11-14,2024-11-15
pg5,2024-11-15,by_max,-60.91,By,Max,2024-11-15,2024-11-16
pg5,2024-11-16,by_max,-119.52,By,Max,2024-11-16,2024-11-17
pg5,2024-11-17,by_max,-11.23,By,Max,2024-11-17,2024-11-18
pg5,2024-11-18,by_max,-182.66,By,Max,2024-11-18,2024-11-19
pg5,2024-11-19,by_max,-185.76,By,Max,2024-11-19,2024-11-20
pg5,2024-11-20,by_max,-214.71,By,Max,2024-11-20,2024-11-21
pg5,2024-11-21,by_max,-73.96,By,Max,2024-11-21,2024-11-22
pg5,2024-11-22,by_max,-78.25,By,Max,2024-11-22,2024-11-23
pg5,2024-11-23,by_max,-199.82,By,Max,2024-11-23,2024-11-24
pg5,2024-11-24,by_max,-43.94,By,Max,2024-11-24,2024-11-25
pg5,2024-11-25,by_max,-114.82,By,Max,2024-11-25,2024-11-26
pg5,2024-11-26,by_max,-8.55,By,Max,2024-11-26,2024-11-27
pg5,2024-11-27,by_max,-82.18,By,Max,2024-11-27,2024-11-28
pg5,2024-11-28,by_max,-24.7,By,Max,2024-11-28,2024-11-29
pg5,2024-11-29,by_max,-18.2,By,Max,2024-11-29,2024-11-30
pg5,2024-11-30,by_max,-16.77,By,Max,2024-11-30,2024-12-01
pg5,2024-12-01,by_max,-34.88,By,Max,2024-12-01,2024-12-02
pg5,2024-12-02,by_max,-172.48,By,Max,2024-12-02,2024-12-03
pg5,2024-12-03,by_max,-36.79,By,Max,2024-12-03,2024-12-04
pg5,2024-12-04,by_max,34.92,By,Max,2024-12-04,2024-12-05
pg5,2024-12-05,by_max,-6.71,By,Max,2024-12-05,2024-12-06
pg5,2024-12-06,by_max,66.31,By,Max,2024-12-06,2024-12-07
pg5,2024-12-07,by_max,-0.16,By,Max,2024-12-07,2024-12-08
pg5,2024-12-08,by_max,-37.86,By,Max,2024-12-08,2024-12-09
pg5,2024-12-09,by_max,-54.06,By,Max,2024-12-09,2024-12-10
pg5,2024-12-10,by_max,-43.82,By,Max,2024-12-10,2024-12-11
pg5,2024-12-11,by_max,-26.96,By,Max,2024-12-11,2024-12-12
pg5,2024-12-12,by_max,-44.06,By,Max,2024-12-12,2024-12-13
pg5,2024-12-13,by_max,-27.79,By,Max,2024-12-13,2024-12-14
pg5,2024-12-14,by_max,24.26,By,Max,2024-12-14,2024-12-15
pg5,2024-12-15,by_max,0.37,By,Max,2024-12-15,2024-12-16
pg5,2024-12-16,by_max,-181.11,By,Max,2024-12-16,2024-12-17
pg5,2024-12-17,by_max,-20.65,By,Max,2024-12-17,2024-12-18
pg5,2024-12-18,by_max,186.75,By,Max,2024-12-18,2024-12-19
pg5,2024-12-19,by_max,150.06,By,Max,2024-12-19,2024-12-20
pg5,2024-12-20,by_max,14.55,By,Max,2024-12-20,2024-12-21
pg5,2024-12-21,by_max,37.12,By,Max,2024-12-21,2024-12-22
pg5,2024-12-22,by_max,-44.29,By,Max,2024-12-22,2024-12-23
pg5,2024-12-23,by_max,-52.51,By,Max,2024-12-23,2024-12-24
pg5,2024-12-24,by_max,-131.68,By,Max,2024-12-24,2024-12-25
pg5,2024-12-25,by_max,-36.91,By,Max,2024-12-25,2024-12-26
pg5,2024-12-26,by_max,-21.0,By,Max,2024-12-26,2024-12-27
pg5,2024-12-27,by_max,-52.99,By,Max,2024-12-27,2024-12-28
pg5,2024-12-28,by_max,-61.63,By,Max,2024-12-28,2024-12-29
pg5,2024-12-29,by_max,-46.2,By,Max,2024-12-29,2024-12-30
pg5,2024-12-30,by_max,-21.42,By,Max,2024-12-30,2024-12-31
pg5,2024-12-31,by_max,-52.39,By,Max,2024-12-31,2025-01-01
pg0,2020-01-08,by_max,-34.98,By,Max,2020-01-08,2020-01-09
pg0,2020-01-09,by_max,-44.83,By,Max,2020-01-09,2020-01-10
pg0,2020-01-10,by_max,-108.22,By,Max,2020-01-10,2020-01-11
pg0,2020-01-11,by_max,-96.26,By,Max,2020-01-11,2020-01-12
pg0,2020-01-12,by_max,-120.36,By,Max,2020-01-12,2020-01-13
pg0,2020-01-13,by_max,-92.86,By,Max,2020-01-13,2020-01-14
pg0,2020-01-14,by_max,-86.88,By,Max,2020-01-14,2020-01-15
pg0,2020-01-15,by_max,-114.73,By,Max,2020-01-15,2020-01-16
pg0,2020-01-16,by_max,-129.98,By,Max,2020-01-16,2020-01-17
pg0,2020-01-17,by_max,-120.36,By,Max,2020-01-17,2020-01-18
pg0,2020-01-18,by_max,-123.82,By,Max,2020-01-18,2020-01-19
pg0,2020-01-19,by_max,-151.5,By,Max,2020-01-19,2020-01-20
pg0,2020-01-20,by_max,-156.07,By,Max,2020-01-20,2020-01-21
pg0,2020-01-21,by_max,-65.12,By,Max,2020-01-21,2020-01-22
pg0,2020-01-22,by_max,-24.6,By,Max,2020-01-22,2020-01-23
pg0,2020-01-23,by_max,-90.16,By,Max,2020-01-23,2020-01-24
pg0,2020-01-24,by_max,-129.86,By,Max,2020-01-24,2020-01-25
pg0,2020-01-25,by_max,-121.0,By,Max,2020-01-25,2020-01-26
pg0,2020-01-26,by_max,-133.14,By,Max,2020-01-26,2020-01-27
pg0,2020-01-27,by_max,-144.87,By,Max,2020-01-27,2020-01-28
pg0,2020-01-28,by_max,-68.7,By,Max,2020-01-28,2020-01-29
pg0,2020-01-29,by_max,-25.95,By,Max,2020-01-29,2020-01-30
pg0,2020-01-30,by_max,-19.15,By,Max,2020-01-30,2020-01-31
pg0,2020-01-31,by_max,-60.72,By,Max,2020-01-31,2020-02-01
pg0,2020-02-01,by_max,-31.52,By,Max,2020-02-01,2020-02-02
pg0,2020-02-02,by_max,-49.58,By,Max,2020-02-02,2020-02-03
pg0,2020-02-03,by_max,-130.56,By,Max,2020-02-03,2020-02-04
pg0,2020-02-04,by_max,-87.58,By,Max,2020-02-04,2020-02-05
pg0,2020-02-05,by_max,-121.59,By,Max,2020-02-05,2020-02-06
pg0,2020-02-06,by_max,-36.86,By,Max,2020-02-06,2020-02-07
pg0,2020-02-07,by_max,-7.77,By,Max,2020-02-07,2020-02-08
pg0,2020-02-08,by_max,-77.32,By,Max,2020-02-08,2020-02-09
pg0,2020-02-09,by_max,-97.26,By,Max,2020-02-09,2020-02-10
pg0,2020-02-10,by_max,-86.29,By,Max,2020-02-10,2020-02-11
pg0,2020-02-11,by_max,-119.01,By,Max,2020-02-11,2020-02-12
pg0,2020-02-12,by_max,-139.18,By,Max,2020-02-12,2020-02-13
pg0,2020-02-13,by_max,-104.06,By,Max,2020-02-13,2020-02-14
pg0,2020-02-14,by_max,-103.18,By,Max,2020-02-14,2020-02-15
pg0,2020-02-15,by_max,-130.09,By,Max,2020-02-15,2020-02-16
pg0,2020-02-16,by_max,-147.51,By,Max,2020-02-16,2020-02-17
pg0,2020-02-17,by_max,-67.94,By,Max,2020-02-17,2020-02-18
pg0,2020-02-18,by_max,-69.4,By,Max,2020-02-18,2020-02-19
pg0,2020-02-19,by_max,-82.07,By,Max,2020-02-19,2020-02-20
pg0,2020-02-20,by_max,11.92,By,Max,2020-02-20,2020-02-21
pg0,2020-02-21,by_max,3.65,By,Max,2020-02-21,2020-02-22
pg0,2020-02-22,by_max,-76.56,By,Max,2020-02-22,2020-02-23
pg0,2020-02-23,by_max,-144.64,By,Max,2020-02-23,2020-02-24
pg0,2020-02-27,by_max,-136.72,By,Max,2020-02-27,2020-02-28
pg0,2020-02-28,by_max,-112.79,By,Max,2020-02-28,2020-02-29
pg0,2020-02-29,by_max,44.12,By,Max,2020-02-29,2020-03-01
pg0,2020-03-01,by_max,-111.62,By,Max,2020-03-01,2020-03-02
pg0,2020-03-02,by_max,-114.61,By,Max,2020-03-02,2020-03-03
pg0,2020-03-03,by_max,-108.28,By,Max,2020-03-03,2020-03-04
pg0,2020-03-04,by_max,-119.66,By,Max,2020-03-04,2020-03-05
pg0,2020-03-05,by_max,-151.73,By,Max,2020-03-05,2020-03-06
pg0,2020-03-06,by_max,-171.96,By,Max,2020-03-06,2020-03-07
pg0,2020-03-07,by_max,-165.51,By,Max,2020-03-07,2020-03-08
pg0,2020-03-08,by_max,-142.35,By,Max,2020-03-08,2020-03-09
pg0,2020-03-09,by_max,-148.27,By,Max,2020-03-09,2020-03-10
pg0,2020-03-10,by_max,-120.54,By,Max,2020-03-10,2020-03-11
pg0,2020-03-11,by_max,-126.75,By,Max,2020-03-11,2020-03-12
pg0,2020-03-12,by_max,-119.01,By,Max,2020-03-12,2020-03-13
pg0,2020-03-13,by_max,-164.93,By,Max,2020-03-13,2020-03-14
pg0,2020-03-14,by_max,-153.55,By,Max,2020-03-14,2020-03-15
pg0,2020-03-15,by_max,-107.63,By,Max,2020-03-15,2020-03-16
pg0,2020-03-16,by_max,-106.99,By,Max,2020-03-16,2020-03-17
pg0,2020-03-17,by_max,-148.86,By,Max,2020-03-17,2020-03-18
pg0,2020-03-18,by_max,-133.38,By,Max,2020-03-18,2020-03-19
pg0,2020-03-19,by_max,-40.73,By,Max,2020-03-19,2020-03-20
pg0,2020-03-20,by_max,-83.94,By,Max,2020-03-20,2020-03-21
pg0,2020-03-21,by_max,-152.08,By,Max,2020-03-21,2020-03-22
pg0,2020-03-22,by_max,-136.49,By,Max,2020-03-22,2020-03-23
pg0,2020-03-23,by_max,-82.83,By,Max,2020-03-23,2020-03-24
pg0,2020-03-24,by_max,-127.04,By,Max,2020-03-24,2020-03-25
pg0,2020-03-25,by_max,-172.2,By,Max,2020-03-25,2020-03-26
pg0,2020-03-26,by_max,-95.5,By,Max,2020-03-26,2020-03-27
pg0,2020-03-27,by_max,-151.79,By,Max,2020-03-27,2020-03-28
pg0,2020-03-28,by_max,-119.07,By,Max,2020-03-28,2020-03-29
pg0,2020-03-29,by_max,-149.91,By,Max,2020-03-29,2020-03-30
pg0,2020-03-30,by_max,-27.24,By,Max,2020-03-30,2020-03-31
pg0,2020-03-31,by_max,-92.8,By,Max,2020-03-31,2020-04-01
pg0,2020-04-01,by_max,-154.25,By,Max,2020-04-01,2020-04-02
pg0,2020-04-02,by_max,-90.04,By,Max,2020-04-02,2020-04-03
pg0,2020-04-03,by_max,-59.78,By,Max,2020-04-03,2020-04-04
pg0,2020-04-04,by_max,-120.07,By,Max,2020-04-04,2020-04-05
pg0,2020-04-05,by_max,-185.51,By,Max,2020-04-05,2020-04-06
pg0,2020-04-06,by_max,-198.94,By,Max,2020-04-06,2020-04-07
pg0,2020-04-07,by_max,-114.5,By,Max,2020-04-07,2020-04-08
pg0,2020-04-08,by_max,-60.43,By,Max,2020-04-08,2020-04-09
pg0,2020-04-09,by_max,-182.34,By,Max,2020-04-09,2020-04-10
pg0,2020-04-11,by_max,-181.34,By,Max,2020-04-11,2020-04-12
pg0,2020-04-12,by_max,-155.48,By,Max,2020-04-12,2020-04-13
pg0,2020-04-13,by_max,-147.51,By,Max,2020-04-13,2020-04-14
pg0,2020-04-14,by_max,-158.18,By,Max,2020-04-14,2020-04-15
pg0,2020-04-15,by_max,-118.78,By,Max,2020-04-15,2020-04-16
pg0,2020-04-16,by_max,-134.96,By,Max,2020-04-16,2020-04-17
pg0,2020-04-21,by_max,-94.62,By,Max,2020-04-21,2020-04-22
pg0,2020-04-22,by_max,-101.01,By,Max,2020-04-22,2020-04-23
pg0,2020-04-23,by_max,-149.21,By,Max,2020-04-23,2020-04-24
pg0,2020-04-24,by_max,-112.33,By,Max,2020-04-24,2020-04-25
pg0,2020-04-25,by_max,-185.86,By,Max,2020-04-25,2020-04-26
pg0,2020-04-26,by_max,-114.32,By,Max,2020-04-26,2020-04-27
pg0,2020-04-27,by_max,-145.52,By,Max,2020-04-27,2020-04-28
pg0,2020-04-28,by_max,-141.35,By,Max,2020-04-28,2020-04-29
pg0,2020-04-29,by_max,-190.9,By,Max,2020-04-29,2020-04-30
pg0,2020-04-30,by_max,-193.6,By,Max,2020-04-30,2020-05-01
pg0,2020-05-01,by_max,-205.5,By,Max,2020-05-01,2020-05-02
pg0,2020-05-02,by_max,-176.48,By,Max,2020-05-02,2020-05-03
pg0,2020-05-03,by_max,-179.7,By,Max,2020-05-03,2020-05-04
pg0,2020-05-04,by_max,-170.44,By,Max,2020-05-04,2020-05-05
pg0,2020-05-05,by_max,-160.23,By,Max,2020-05-05,2020-05-06
pg0,2020-05-06,by_max,-171.08,By,Max,2020-05-06,2020-05-07
pg0,2020-05-07,by_max,-201.46,By,Max,2020-05-07,2020-05-08
pg0,2020-05-08,by_max,-180.88,By,Max,2020-05-08,2020-05-09
pg0,2020-05-09,by_max,-196.53,By,Max,2020-05-09,2020-05-10
pg0,2020-05-10,by_max,-172.55,By,Max,2020-05-10,2020-05-11
pg0,2020-05-11,by_max,-174.07,By,Max,2020-05-11,2020-05-12
pg0,2020-05-12,by_max,-150.62,By,Max,2020-05-12,2020-05-13
pg0,2020-05-13,by_max,-179.82,By,Max,2020-05-13,2020-05-14
pg0,2020-05-14,by_max,-190.73,By,Max,2020-05-14,2020-05-15
pg0,2020-05-15,by_max,-212.72,By,Max,2020-05-15,2020-05-16
pg0,2020-05-16,by_max,-206.33,By,Max,2020-05-16,2020-05-17
pg0,2020-05-17,by_max,-190.96,By,Max,2020-05-17,2020-05-18
pg0,2020-05-18,by_max,-184.22,By,Max,2020-05-18,2020-05-19
pg0,2020-05-19,by_max,-187.38,By,Max,2020-05-19,2020-05-20
pg0,2020-05-20,by_max,-205.04,By,Max,2020-05-20,2020-05-21
pg0,2020-05-21,by_max,-161.41,By,Max,2020-05-21,2020-05-22
pg0,2020-05-22,by_max,-179.18,By,Max,2020-05-22,2020-05-23
pg0,2020-05-23,by_max,-174.6,By,Max,2020-05-23,2020-05-24
pg0,2020-05-24,by_max,-173.37,By,Max,2020-05-24,2020-05-25
pg0,2020-05-25,by_max,-165.98,By,Max,2020-05-25,2020-05-26
pg0,2020-05-26,by_max,-153.49,By,Max,2020-05-26,2020-05-27
pg0,2020-05-27,by_max,-207.91,By,Max,2020-05-27,2020-05-28
pg0,2020-05-28,by_max,-213.77,By,Max,2020-05-28,2020-05-29
pg0,2020-05-29,by_max,-196.53,By,Max,2020-05-29,2020-05-30
pg0,2020-05-30,by_max,-86.05,By,Max,2020-05-30,2020-05-31
pg0,2020-05-31,by_max,-175.07,By,Max,2020-05-31,2020-06-01
pg0,2020-06-01,by_max,-58.9,By,Max,2020-06-01,2020-06-02
pg0,2020-06-02,by_max,-144.64,By,Max,2020-06-02,2020-06-03
pg0,2020-06-03,by_max,-205.15,By,Max,2020-06-03,2020-06-04
pg0,2020-06-04,by_max,-207.09,By,Max,2020-06-04,2020-06-05
pg0,2020-11-06,by_max,-177.24,By,Max,2020-11-06,2020-11-07
pg0,2020-11-07,by_max,-143.7,By,Max,2020-11-07,2020-11-08
pg0,2020-11-08,by_max,-184.92,By,Max,2020-11-08,2020-11-09
pg0,2020-11-09,by_max,-219.93,By,Max,2020-11-09,2020-11-10
pg0,2020-11-10,by_max,-220.22,By,Max,2020-11-10,2020-11-11
pg0,2020-11-11,by_max,-162.58,By,Max,2020-11-11,2020-11-12
pg0,2020-11-12,by_max,-201.11,By,Max,2020-11-12,2020-11-13
pg0,2020-11-13,by_max,-188.85,By,Max,2020-11-13,2020-11-14
pg0,2020-11-14,by_max,-155.07,By,Max,2020-11-14,2020-11-15
pg0,2020-11-15,by_max,-162.76,By,Max,2020-11-15,2020-11-16
pg0,2020-11-16,by_max,-202.16,By,Max,2020-11-16,2020-11-17
pg0,2020-11-17,by_max,-115.55,By,Max,2020-11-17,2020-11-18
pg0,2020-11-18,by_max,-149.5,By,Max,2020-11-18,2020-11-19
pg0,2020-11-19,by_max,-127.4,By,Max,2020-11-19,2020-11-20
pg0,2020-11-20,by_max,-110.33,By,Max,2020-11-20,2020-11-21
pg0,2020-11-21,by_max,-71.63,By,Max,2020-11-21,2020-11-22
pg0,2020-11-22,by_max,-40.37,By,Max,2020-11-22,2020-11-23
pg0,2020-12-18,by_max,-154.02,By,Max,2020-12-18,2020-12-19
pg0,2020-12-19,by_max,-127.04,By,Max,2020-12-19,2020-12-20
pg0,2020-12-20,by_max,-147.74,By,Max,2020-12-20,2020-12-21
pg0,2020-12-21,by_max,-11.41,By,Max,2020-12-21,2020-12-22
pg0,2020-12-22,by_max,-62.01,By,Max,2020-12-22,2020-12-23
pg0,2020-12-23,by_max,-71.16,By,Max,2020-12-23,2020-12-24
pg0,2020-12-24,by_max,-145.75,By,Max,2020-12-24,2020-12-25
pg0,2020-12-25,by_max,-167.86,By,Max,2020-12-25,2020-12-26
pg0,2020-12-26,by_max,-153.61,By,Max,2020-12-26,2020-12-27
pg0,2020-12-27,by_max,-14.63,By,Max,2020-12-27,2020-12-28
pg0,2020-12-28,by_max,-67.41,By,Max,2020-12-28,2020-12-29
pg0,2020-12-29,by_max,-75.56,By,Max,2020-12-29,2020-12-30
pg0,2020-12-30,by_max,-53.22,By,Max,2020-12-30,2020-12-31
pg0,2020-12-31,by_max,-152.2,By,Max,2020-12-31,2021-01-01
pg0,2021-01-01,by_max,-171.55,By,Max,2021-01-01,2021-01-02
pg0,2021-01-02,by_max,-155.19,By,Max,2021-01-02,2021-01-03
pg0,2021-01-03,by_max,-145.81,By,Max,2021-01-03,2021-01-04
pg0,2021-01-04,by_max,-132.44,By,Max,2021-01-04,2021-01-05
pg0,2021-01-05,by_max,-107.05,By,Max,2021-01-05,2021-01-06
pg0,2021-01-06,by_max,-94.32,By,Max,2021-01-06,2021-01-07
pg0,2021-01-07,by_max,6.41,By,Max,2021-01-07,2021-01-08
pg0,2021-01-08,by_max,-172.67,By,Max,2021-01-08,2021-01-09
pg0,2021-01-09,by_max,-168.39,By,Max,2021-01-09,2021-01-10
pg0,2021-01-10,by_max,-137.48,By,Max,2021-01-10,2021-01-11
pg0,2021-01-11,by_max,-44.01,By,Max,2021-01-11,2021-01-12
pg0,2021-01-12,by_max,-72.98,By,Max,2021-01-12,2021-01-13
pg0,2021-01-13,by_max,-142.94,By,Max,2021-01-13,2021-01-14
pg0,2021-01-14,by_max,-176.71,By,Max,2021-01-14,2021-01-15
pg0,2021-01-15,by_max,-152.32,By,Max,2021-01-15,2021-01-16
pg0,2021-01-16,by_max,-113.97,By,Max,2021-01-16,2021-01-17
pg0,2021-01-17,by_max,-167.92,By,Max,2021-01-17,2021-01-18
pg0,2021-01-18,by_max,-100.3,By,Max,2021-01-18,2021-01-19
pg0,2021-01-19,by_max,-160.88,By,Max,2021-01-19,2021-01-20
pg0,2021-01-20,by_max,-143.93,By,Max,2021-01-20,2021-01-21
pg0,2021-01-21,by_max,-174.01,By,Max,2021-01-21,2021-01-22
pg0,2021-01-22,by_max,-157.13,By,Max,2021-01-22,2021-01-23
pg0,2021-01-23,by_max,-144.34,By,Max,2021-01-23,2021-01-24
pg0,2021-01-24,by_max,-129.39,By,Max,2021-01-24,2021-01-25
pg0,2021-01-25,by_max,74.9,By,Max,2021-01-25,2021-01-26
pg0,2021-01-26,by_max,-89.28,By,Max,2021-01-26,2021-01-27
pg0,2021-01-27,by_max,-112.97,By,Max,2021-01-27,2021-01-28
pg0,2021-01-28,by_max,-76.14,By,Max,2021-01-28,2021-01-29
pg0,2021-01-29,by_max,-170.26,By,Max,2021-01-29,2021-01-30
pg0,2021-01-30,by_max,-179.35,By,Max,2021-01-30,2021-01-31
pg0,2021-01-31,by_max,-159.88,By,Max,2021-01-31,2021-02-01
pg0,2021-02-01,by_max,-111.62,By,Max,2021-02-01,2021-02-02
pg0,2021-02-02,by_max,-20.67,By,Max,2021-02-02,2021-02-03
pg0,2021-02-03,by_max,-9.65,By,Max,2021-02-03,2021-02-04
pg0,2021-02-04,by_max,-132.56,By,Max,2021-02-04,2021-02-05
pg0,2021-02-05,by_max,-47.41,By,Max,2021-02-05,2021-02-06
pg0,2021-02-06,by_max,-121.83,By,Max,2021-02-06,2021-02-07
pg0,2021-02-07,by_max,-55.56,By,Max,2021-02-07,2021-02-08
pg0,2021-02-08,by_max,-92.56,By,Max,2021-02-08,2021-02-09
pg0,2021-02-09,by_max,-139.83,By,Max,2021-02-09,2021-02-10
pg0,2021-02-10,by_max,-165.86,By,Max,2021-02-10,2021-02-11
pg0,2021-02-11,by_max,-181.05,By,Max,2021-02-11,2021-02-12
pg0,2021-02-12,by_max,-139.24,By,Max,2021-02-12,2021-02-13
pg0,2021-02-13,by_max,-110.57,By,Max,2021-02-13,2021-02-14
pg0,2021-02-14,by_max,-176.18,By,Max,2021-02-14,2021-02-15
pg0,2021-02-15,by_max,-102.94,By,Max,2021-02-15,2021-02-16
pg0,2021-02-16,by_max,-149.8,By,Max,2021-02-16,2021-02-17
pg0,2021-02-17,by_max,-128.51,By,Max,2021-02-17,2021-02-18
pg0,2021-02-18,by_max,-165.86,By,Max,2021-02-18,2021-02-19
pg0,2021-02-19,by_max,-17.8,By,Max,2021-02-19,2021-02-20
pg0,2021-02-20,by_max,68.22,By,Max,2021-02-20,2021-02-21
pg0,2021-02-21,by_max,63.88,By,Max,2021-02-21,2021-02-22
pg0,2021-02-22,by_max,-10.29,By,Max,2021-02-22,2021-02-23
pg0,2021-02-23,by_max,-102.94,By,Max,2021-02-23,2021-02-24
pg0,2021-02-24,by_max,-58.44,By,Max,2021-02-24,2021-02-25
pg0,2021-02-25,by_max,-110.39,By,Max,2021-02-25,2021-02-26
pg0,2021-02-26,by_max,-119.48,By,Max,2021-02-26,2021-02-27
pg0,2021-02-27,by_max,-205.33,By,Max,2021-02-27,2021-02-28
pg0,2021-02-28,by_max,-84.82,By,Max,2021-02-28,2021-03-01
pg0,2021-03-01,by_max,-81.95,By,Max,2021-03-01,2021-03-02
pg0,2021-03-02,by_max,48.63,By,Max,2021-03-02,2021-03-03
pg0,2021-03-03,by_max,-70.98,By,Max,2021-03-03,2021-03-04
pg0,2021-03-04,by_max,-44.01,By,Max,2021-03-04,2021-03-05
pg0,2021-03-05,by_max,-159.71,By,Max,2021-03-05,2021-03-06
pg0,2021-03-06,by_max,-144.93,By,Max,2021-03-06,2021-03-07
pg0,2021-03-07,by_max,-110.8,By,Max,2021-03-07,2021-03-08
pg0,2021-03-08,by_max,-134.67,By,Max,2021-03-08,2021-03-09
pg0,2021-03-09,by_max,-212.89,By,Max,2021-03-09,2021-03-10
pg0,2021-03-10,by_max,-219.87,By,Max,2021-03-10,2021-03-11
pg0,2021-03-11,by_max,-159.18,By,Max,2021-03-11,2021-03-12
pg0,2021-03-12,by_max,-78.72,By,Max,2021-03-12,2021-03-13
pg0,2021-03-13,by_max,-58.85,By,Max,2021-03-13,2021-03-14
pg0,2021-03-14,by_max,-50.34,By,Max,2021-03-14,2021-03-15
pg0,2021-03-15,by_max,-173.25,By,Max,2021-03-15,2021-03-16
pg0,2021-03-16,by_max,-213.01,By,Max,2021-03-16,2021-03-17
pg0,2021-03-17,by_max,-193.66,By,Max,2021-03-17,2021-03-18
pg0,2021-03-18,by_max,-115.96,By,Max,2021-03-18,2021-03-19
pg0,2021-03-19,by_max,-146.81,By,Max,2021-03-19,2021-03-20
pg0,2021-03-20,by_max,212.0,By,Max,2021-03-20,2021-03-21
pg0,2021-03-21,by_max,-39.2,By,Max,2021-03-21,2021-03-22
pg0,2021-03-22,by_max,-170.85,By,Max,2021-03-22,2021-03-23
pg0,2021-03-23,by_max,-133.03,By,Max,2021-03-23,2021-03-24
pg0,2021-03-24,by_max,-80.95,By,Max,2021-03-24,2021-03-25
pg0,2021-03-25,by_max,-94.26,By,Max,2021-03-25,2021-03-26
pg0,2021-03-26,by_max,-153.67,By,Max,2021-03-26,2021-03-27
pg0,2021-03-27,by_max,-134.43,By,Max,2021-03-27,2021-03-28
pg0,2021-03-28,by_max,-169.79,By,Max,2021-03-28,2021-03-29
pg0,2021-03-29,by_max,-205.09,By,Max,2021-03-29,2021-03-30
pg0,2021-03-30,by_max,-181.4,By,Max,2021-03-30,2021-03-31
pg0,2021-03-31,by_max,-105.93,By,Max,2021-03-31,2021-04-01
pg0,2021-04-01,by_max,-201.58,By,Max,2021-04-01,2021-04-02
pg0,2021-04-02,by_max,-185.92,By,Max,2021-04-02,2021-04-03
pg0,2021-04-03,by_max,-193.72,By,Max,2021-04-03,2021-04-04
pg0,2021-04-04,by_max,-223.21,By,Max,2021-04-04,2021-04-05
pg0,2021-04-05,by_max,-223.39,By,Max,2021-04-05,2021-04-06
pg0,2021-04-06,by_max,-226.79,By,Max,2021-04-06,2021-04-07
pg0,2021-04-07,by_max,-191.02,By,Max,2021-04-07,2021-04-08
pg0,2021-04-08,by_max,-217.99,By,Max,2021-04-08,2021-04-09
pg0,2021-04-09,by_max,-239.81,By,Max,2021-04-09,2021-04-10
pg0,2021-04-10,by_max,-181.58,By,Max,2021-04-10,2021-04-11
pg0,2021-04-11,by_max,-209.37,By,Max,2021-04-11,2021-04-12
pg0,2021-04-12,by_max,-222.57,By,Max,2021-04-12,2021-04-13
pg0,2021-04-13,by_max,-237.17,By,Max,2021-04-13,2021-04-14
pg0,2021-04-14,by_max,-117.6,By,Max,2021-04-14,2021-04-15
pg0,2021-04-15,by_max,-233.83,By,Max,2021-04-15,2021-04-16
pg0,2021-04-16,by_max,-47.24,By,Max,2021-04-16,2021-04-17
pg0,2021-04-17,by_max,66.93,By,Max,2021-04-17,2021-04-18
pg0,2021-04-18,by_max,-35.98,By,Max,2021-04-18,2021-04-19
pg0,2021-04-19,by_max,-82.6,By,Max,2021-04-19,2021-04-20
pg0,2021-04-20,by_max,-120.83,By,Max,2021-04-20,2021-04-21
pg0,2021-04-21,by_max,-208.67,By,Max,2021-04-21,2021-04-22
pg0,2021-04-22,by_max,-167.51,By,Max,2021-04-22,2021-04-23
pg0,2021-04-23,by_max,9.23,By,Max,2021-04-23,2021-04-24
pg0,2021-04-24,by_max,132.84,By,Max,2021-04-24,2021-04-25
pg0,2021-04-25,by_max,6.53,By,Max,2021-04-25,2021-04-26
pg0,2021-04-26,by_max,-31.46,By,Max,2021-04-26,2021-04-27
pg0,2021-04-27,by_max,-176.18,By,Max,2021-04-27,2021-04-28
pg0,2021-04-28,by_max,-232.54,By,Max,2021-04-28,2021-04-29
pg0,2021-04-29,by_max,-244.97,By,Max,2021-04-29,2021-04-30
pg0,2021-04-30,by_max,-217.23,By,Max,2021-04-30,2021-05-01
pg0,2021-05-01,by_max,-206.79,By,Max,2021-05-01,2021-05-02
pg0,2021-05-02,by_max,-237.7,By,Max,2021-05-02,2021-05-03
pg0,2021-05-03,by_max,-239.93,By,Max,2021-05-03,2021-05-04
pg0,2021-05-04,by_max,-236.64,By,Max,2021-05-04,2021-05-05
pg0,2021-05-05,by_max,-257.34,By,Max,2021-05-05,2021-05-06
pg0,2021-05-06,by_max,-256.7,By,Max,2021-05-06,2021-05-07
pg0,2021-05-07,by_max,-261.39,By,Max,2021-05-07,2021-05-08
pg0,2021-05-08,by_max,-260.98,By,Max,2021-05-08,2021-05-09
pg0,2021-05-09,by_max,-257.23,By,Max,2021-05-09,2021-05-10
pg0,2021-05-10,by_max,-207.5,By,Max,2021-05-10,2021-05-11
pg0,2021-05-11,by_max,-251.13,By,Max,2021-05-11,2021-05-12
pg0,2021-05-12,by_max,-110.04,By,Max,2021-05-12,2021-05-13
pg0,2021-05-13,by_max,-167.1,By,Max,2021-05-13,2021-05-14
pg0,2021-05-14,by_max,-137.31,By,Max,2021-05-14,2021-05-15
pg0,2021-05-15,by_max,-105.52,By,Max,2021-05-15,2021-05-16
pg0,2021-05-16,by_max,-234.3,By,Max,2021-05-16,2021-05-17
pg0,2021-05-17,by_max,-175.3,By,Max,2021-05-17,2021-05-18
pg0,2021-05-18,by_max,-229.55,By,Max,2021-05-18,2021-05-19
pg0,2021-05-19,by_max,-62.77,By,Max,2021-05-19,2021-05-20
pg0,2021-05-20,by_max,80.88,By,Max,2021-05-20,2021-05-21
pg0,2021-05-21,by_max,-192.25,By,Max,2021-05-21,2021-05-22
pg0,2021-05-22,by_max,-201.87,By,Max,2021-05-22,2021-05-23
pg0,2021-05-23,by_max,-223.62,By,Max,2021-05-23,2021-05-24
pg0,2021-05-24,by_max,-256.29,By,Max,2021-05-24,2021-05-25
pg0,2021-05-25,by_max,-215.65,By,Max,2021-05-25,2021-05-26
pg0,2021-05-26,by_max,-119.77,By,Max,2021-05-26,2021-05-27
pg0,2021-05-27,by_max,-177.83,By,Max,2021-05-27,2021-05-28
pg0,2021-05-28,by_max,-250.01,By,Max,2021-05-28,2021-05-29
pg0,2021-05-29,by_max,-242.45,By,Max,2021-05-29,2021-05-30
pg0,2021-05-30,by_max,-219.23,By,Max,2021-05-30,2021-05-31
pg0,2021-05-31,by_max,-257.28,By,Max,2021-05-31,2021-06-01
pg0,2021-06-01,by_max,-260.8,By,Max,2021-06-01,2021-06-02
pg0,2021-06-02,by_max,-257.75,By,Max,2021-06-02,2021-06-03
pg0,2021-06-03,by_max,-257.52,By,Max,2021-06-03,2021-06-04
pg0,2021-06-04,by_max,-247.67,By,Max,2021-06-04,2021-06-05
pg0,2021-06-05,by_max,-218.93,By,Max,2021-06-05,2021-06-06
pg0,2021-06-06,by_max,-260.33,By,Max,2021-06-06,2021-06-07
pg0,2021-06-07,by_max,-176.71,By,Max,2021-06-07,2021-06-08
pg0,2021-06-08,by_max,-234.71,By,Max,2021-06-08,2021-06-09
pg0,2021-06-09,by_max,-235.18,By,Max,2021-06-09,2021-06-10
pg0,2021-06-10,by_max,-221.69,By,Max,2021-06-10,2021-06-11
pg0,2021-06-11,by_max,-180.58,By,Max,2021-06-11,2021-06-12
pg0,2021-06-12,by_max,-191.14,By,Max,2021-06-12,2021-06-13
pg0,2021-06-13,by_max,-167.92,By,Max,2021-06-13,2021-06-14
pg0,2021-06-14,by_max,-257.93,By,Max,2021-06-14,2021-06-15
pg0,2021-06-15,by_max,-277.34,By,Max,2021-06-15,2021-06-16
pg0,2024-01-01,by_mean,-381.0373885784862,By,Mean,2024-01-01,2024-01-02
pg0,2024-01-02,by_mean,-393.39410069571153,By,Mean,2024-01-02,2024-01-03
pg0,2024-01-03,by_mean,-371.9776913930518,By,Mean,2024-01-03,2024-01-04
pg0,2024-01-04,by_mean,-387.9675377386197,By,Mean,2024-01-04,2024-01-05
pg0,2024-01-05,by_mean,-377.1015781478167,By,Mean,2024-01-05,2024-01-06
pg0,2024-01-06,by_mean,-372.7896321668609,By,Mean,2024-01-06,2024-01-07
pg0,2024-01-07,by_mean,-397.8804735611658,By,Mean,2024-01-07,2024-01-08
pg0,2024-01-08,by_mean,-375.28390434455696,By,Mean,2024-01-08,2024-01-09
pg0,2024-01-09,by_mean,-373.6094698213197,By,Mean,2024-01-09,2024-01-10
pg0,2024-01-10,by_mean,-377.64266597222223,By,Mean,2024-01-10,2024-01-11
pg0,2024-01-11,by_mean,-367.14565983796297,By,Mean,2024-01-11,2024-01-12
pg0,2024-01-12,by_mean,-382.6310986111112,By,Mean,2024-01-12,2024-01-13
pg0,2024-01-13,by_mean,-368.6879302083333,By,Mean,2024-01-13,2024-01-14
pg0,2024-01-14,by_mean,-380.11326388888887,By,Mean,2024-01-14,2024-01-15
pg0,2024-01-15,by_mean,-373.6948385416667,By,Mean,2024-01-15,2024-01-16
pg0,2024-01-16,by_mean,-390.2850998842592,By,Mean,2024-01-16,2024-01-17
pg0,2024-01-17,by_mean,-384.0837791666667,By,Mean,2024-01-17,2024-01-18
pg0,2024-01-18,by_mean,-377.07328530092593,By,Mean,2024-01-18,2024-01-19
pg0,2024-01-19,by_mean,-353.7853855324074,By,Mean,2024-01-19,2024-01-20
pg0,2024-01-20,by_mean,-381.592746875,By,Mean,2024-01-20,2024-01-21
pg0,2024-01-21,by_mean,-373.5140841435185,By,Mean,2024-01-21,2024-01-22
pg0,2024-01-22,by_mean,-381.1473174768518,By,Mean,2024-01-22,2024-01-23
pg0,2024-01-23,by_mean,-378.94992384259257,By,Mean,2024-01-23,2024-01-24
pg0,2024-01-24,by_mean,-379.3524427083333,By,Mean,2024-01-24,2024-01-25
pg0,2024-01-25,by_mean,-394.3494329861111,By,Mean,2024-01-25,2024-01-26
pg0,2024-01-26,by_mean,-376.7973128472222,By,Mean,2024-01-26,2024-01-27
pg0,2024-01-27,by_mean,-378.5364540509259,By,Mean,2024-01-27,2024-01-28
pg0,2024-01-28,by_mean,-387.8447780092592,By,Mean,2024-01-28,2024-01-29
pg0,2024-01-29,by_mean,-393.2941289351852,By,Mean,2024-01-29,2024-01-30
pg0,2024-01-30,by_mean,-381.0512554398148,By,Mean,2024-01-30,2024-01-31
pg0,2024-01-31,by_mean,-384.88320833333336,By,Mean,2024-01-31,2024-02-01
pg0,2024-02-01,by_mean,-397.9751489583333,By,Mean,2024-02-01,2024-02-02
pg0,2024-02-02,by_mean,-390.4884280092593,By,Mean,2024-02-02,2024-02-03
pg0,2024-02-03,by_mean,-397.98219907407406,By,Mean,2024-02-03,2024-02-04
pg0,2024-02-04,by_mean,-375.4683657407408,By,Mean,2024-02-04,2024-02-05
pg0,2024-02-05,by_mean,-379.79505358796297,By,Mean,2024-02-05,2024-02-06
pg0,2024-02-06,by_mean,-387.5243523346418,By,Mean,2024-02-06,2024-02-07
pg0,2024-02-07,by_mean,-381.1836263089775,By,Mean,2024-02-07,2024-02-08
pg0,2024-02-08,by_mean,-394.1511117115635,By,Mean,2024-02-08,2024-02-09
pg0,2024-02-09,by_mean,-397.6813409476952,By,Mean,2024-02-09,2024-02-10
pg0,2024-02-10,by_mean,-400.9559499532273,By,Mean,2024-02-10,2024-02-11
pg0,2024-02-11,by_mean,-393.723590488925,By,Mean,2024-02-11,2024-02-12
pg0,2024-02-12,by_mean,-391.2180733796297,By,Mean,2024-02-12,2024-02-13
pg0,2024-02-13,by_mean,-396.5548964096391,By,Mean,2024-02-13,2024-02-14
pg0,2024-02-14,by_mean,-373.8353597222222,By,Mean,2024-02-14,2024-02-15
pg0,2024-02-15,by_mean,-398.6190640046296,By,Mean,2024-02-15,2024-02-16
pg0,2024-02-16,by_mean,-378.88637939814816,By,Mean,2024-02-16,2024-02-17
pg0,2024-02-17,by_mean,-383.8359899305555,By,Mean,2024-02-17,2024-02-18
pg0,2024-02-18,by_mean,-367.2540953703704,By,Mean,2024-02-18,2024-02-19
pg0,2024-02-19,by_mean,-385.5242368055556,By,Mean,2024-02-19,2024-02-20
pg0,2024-02-20,by_mean,-394.011662037037,By,Mean,2024-02-20,2024-02-21
pg0,2024-02-21,by_mean,-389.1558431712962,By,Mean,2024-02-21,2024-02-22
pg0,2024-02-22,by_mean,-389.3699454671761,By,Mean,2024-02-22,2024-02-23
pg0,2024-02-23,by_mean,-390.30640467646725,By,Mean,2024-02-23,2024-02-24
pg0,2024-02-24,by_mean,-393.91929583333336,By,Mean,2024-02-24,2024-02-25
pg0,2024-02-25,by_mean,-407.3344145833333,By,Mean,2024-02-25,2024-02-26
pg0,2024-02-26,by_mean,-391.4004170138889,By,Mean,2024-02-26,2024-02-27
pg0,2024-02-27,by_mean,-376.0101103188017,By,Mean,2024-02-27,2024-02-28
pg0,2024-02-28,by_mean,-391.5620142377589,By,Mean,2024-02-28,2024-02-29
pg0,2024-02-29,by_mean,-402.6990789138637,By,Mean,2024-02-29,2024-03-01
pg0,2024-03-01,by_mean,-383.14924814814816,By,Mean,2024-03-01,2024-03-02
pg0,2024-03-02,by_mean,-393.1153242048243,By,Mean,2024-03-02,2024-03-03
pg0,2024-03-03,by_mean,-379.44920863142784,By,Mean,2024-03-03,2024-03-04
pg0,2024-03-04,by_mean,-372.7134200231481,By,Mean,2024-03-04,2024-03-05
pg0,2024-03-05,by_mean,-385.8811782407407,By,Mean,2024-03-05,2024-03-06
pg0,2024-03-06,by_mean,-396.9769704861111,By,Mean,2024-03-06,2024-03-07
pg0,2024-03-07,by_mean,-393.0701222222223,By,Mean,2024-03-07,2024-03-08
pg0,2024-03-08,by_mean,-381.1925774305555,By,Mean,2024-03-08,2024-03-09
pg0,2024-03-09,by_mean,-392.17980868055554,By,Mean,2024-03-09,2024-03-10
pg0,2024-03-10,by_mean,-404.0567403935185,By,Mean,2024-03-10,2024-03-11
pg0,2024-03-11,by_mean,-405.25143969907407,By,Mean,2024-03-11,2024-03-12
pg0,2024-03-12,by_mean,-403.0761690972223,By,Mean,2024-03-12,2024-03-13
pg0,2024-03-13,by_mean,-404.9475704861112,By,Mean,2024-03-13,2024-03-14
pg0,2024-03-14,by_mean,-389.9730401620371,By,Mean,2024-03-14,2024-03-15
pg0,2024-03-15,by_mean,-398.1661980601403,By,Mean,2024-03-15,2024-03-16
pg0,2024-03-16,by_mean,-409.4900331018519,By,Mean,2024-03-16,2024-03-17
pg0,2024-03-17,by_mean,-408.6836517894347,By,Mean,2024-03-17,2024-03-18
pg0,2024-03-18,by_mean,-387.2248028374713,By,Mean,2024-03-18,2024-03-19
pg0,2024-03-19,by_mean,-403.1827207242852,By,Mean,2024-03-19,2024-03-20
pg0,2024-03-20,by_mean,-405.5588291666666,By,Mean,2024-03-20,2024-03-21
pg0,2024-03-21,by_mean,-386.6403086805556,By,Mean,2024-03-21,2024-03-22
pg0,2024-03-22,by_mean,-417.6470829570976,By,Mean,2024-03-22,2024-03-23
pg0,2024-03-23,by_mean,-389.0912666666666,By,Mean,2024-03-23,2024-03-24
pg0,2024-03-24,by_mean,-412.7099576339854,By,Mean,2024-03-24,2024-03-25
pg0,2024-03-25,by_mean,-420.8325153374233,By,Mean,2024-03-25,2024-03-26
pg0,2024-03-26,by_mean,-399.0899795134146,By,Mean,2024-03-26,2024-03-27
pg0,2024-03-27,by_mean,-415.1948049542772,By,Mean,2024-03-27,2024-03-28
pg0,2024-03-28,by_mean,-416.538735657572,By,Mean,2024-03-28,2024-03-29
pg0,2024-03-29,by_mean,-421.17170168407887,By,Mean,2024-03-29,2024-03-30
pg0,2024-03-30,by_mean,-407.18513506944447,By,Mean,2024-03-30,2024-03-31
pg0,2024-03-31,by_mean,-399.1879580545846,By,Mean,2024-03-31,2024-04-01
pg0,2024-04-01,by_mean,-412.0996965277778,By,Mean,2024-04-01,2024-04-02
pg0,2024-04-02,by_mean,-412.2622228009259,By,Mean,2024-04-02,2024-04-03
pg0,2024-04-03,by_mean,-409.2247415509258,By,Mean,2024-04-03,2024-04-04
pg0,2024-04-04,by_mean,-398.4843615740741,By,Mean,2024-04-04,2024-04-05
pg0,2024-04-05,by_mean,-419.4799206018519,By,Mean,2024-04-05,2024-04-06
pg0,2024-04-06,by_mean,-415.3674587943886,By,Mean,2024-04-06,2024-04-07
pg0,2024-04-07,by_mean,-410.16398064546,By,Mean,2024-04-07,2024-04-08
pg0,2024-04-08,by_mean,-426.8870832465218,By,Mean,2024-04-08,2024-04-09
pg0,2024-04-09,by_mean,-418.33690584776366,By,Mean,2024-04-09,2024-04-10
pg0,2024-04-10,by_mean,-415.1165276620371,By,Mean,2024-04-10,2024-04-11
pg0,2024-04-11,by_mean,-415.6937608796296,By,Mean,2024-04-11,2024-04-12
pg0,2024-04-12,by_mean,-418.6000814241701,By,Mean,2024-04-12,2024-04-13
pg0,2024-04-13,by_mean,-418.2194486000788,By,Mean,2024-04-13,2024-04-14
pg0,2024-04-14,by_mean,-416.4528486111112,By,Mean,2024-04-14,2024-04-15
pg0,2024-04-15,by_mean,-409.276523797398,By,Mean,2024-04-15,2024-04-16
pg0,2024-04-16,by_mean,-411.03305798611103,By,Mean,2024-04-16,2024-04-17
pg0,2024-04-17,by_mean,-422.7796847222223,By,Mean,2024-04-17,2024-04-18
pg0,2024-04-18,by_mean,-424.6578668981482,By,Mean,2024-04-18,2024-04-19
pg0,2024-04-19,by_mean,-419.3850106481482,By,Mean,2024-04-19,2024-04-20
pg0,2024-04-20,by_mean,-420.0594206018518,By,Mean,2024-04-20,2024-04-21
pg0,2024-04-21,by_mean,-421.89308009259264,By,Mean,2024-04-21,2024-04-22
pg0,2024-04-22,by_mean,-429.0392041666666,By,Mean,2024-04-22,2024-04-23
pg0,2024-04-23,by_mean,-422.6124881944445,By,Mean,2024-04-23,2024-04-24
pg0,2024-04-24,by_mean,-425.6484798611112,By,Mean,2024-04-24,2024-04-25
pg0,2024-04-25,by_mean,-421.2254070238841,By,Mean,2024-04-25,2024-04-26
pg0,2024-04-26,by_mean,-426.4511103136937,By,Mean,2024-04-26,2024-04-27
pg0,2024-04-27,by_mean,-402.79349062500006,By,Mean,2024-04-27,2024-04-28
pg0,2024-04-28,by_mean,-420.47731701388886,By,Mean,2024-04-28,2024-04-29
pg0,2024-04-29,by_mean,-427.0513115797759,By,Mean,2024-04-29,2024-04-30
pg0,2024-04-30,by_mean,-398.5731420866224,By,Mean,2024-04-30,2024-05-01
pg0,2024-05-01,by_mean,-420.8291715277778,By,Mean,2024-05-01,2024-05-02
pg0,2024-05-02,by_mean,-405.4506650462963,By,Mean,2024-05-02,2024-05-03
pg0,2024-05-03,by_mean,-420.91625625,By,Mean,2024-05-03,2024-05-04
pg0,2024-05-04,by_mean,-415.5065953703704,By,Mean,2024-05-04,2024-05-05
pg0,2024-05-05,by_mean,-413.9740003472223,By,Mean,2024-05-05,2024-05-06
pg0,2024-05-06,by_mean,-419.6044601851852,By,Mean,2024-05-06,2024-05-07
pg0,2024-05-07,by_mean,-423.0674514163945,By,Mean,2024-05-07,2024-05-08
pg0,2024-05-08,by_mean,-427.5141981159404,By,Mean,2024-05-08,2024-05-09
pg0,2024-05-09,by_mean,-422.740805787037,By,Mean,2024-05-09,2024-05-10
pg0,2024-05-10,by_mean,-351.2346376157408,By,Mean,2024-05-10,2024-05-11
pg0,2024-05-11,by_mean,-479.49081990740746,By,Mean,2024-05-11,2024-05-12
pg0,2024-05-12,by_mean,-373.27516712962966,By,Mean,2024-05-12,2024-05-13
pg0,2024-05-13,by_mean,-414.5875442129629,By,Mean,2024-05-13,2024-05-14
pg0,2024-05-14,by_mean,-425.7029327546296,By,Mean,2024-05-14,2024-05-15
pg0,2024-05-15,by_mean,-417.508085938412,By,Mean,2024-05-15,2024-05-16
pg0,2024-05-16,by_mean,-447.33571817129626,By,Mean,2024-05-16,2024-05-17
pg0,2024-05-17,by_mean,-400.3420162037037,By,Mean,2024-05-17,2024-05-18
pg0,2024-05-18,by_mean,-440.862859837963,By,Mean,2024-05-18,2024-05-19
pg0,2024-05-19,by_mean,-429.5396116898149,By,Mean,2024-05-19,2024-05-20
pg0,2024-05-20,by_mean,-429.51680300925926,By,Mean,2024-05-20,2024-05-21
pg0,2024-05-21,by_mean,-428.7354261574074,By,Mean,2024-05-21,2024-05-22
pg0,2024-05-22,by_mean,-423.1028136574074,By,Mean,2024-05-22,2024-05-23
pg0,2024-05-23,by_mean,-425.4162867124724,By,Mean,2024-05-23,2024-05-24
pg0,2024-05-24,by_mean,-437.5422689391713,By,Mean,2024-05-24,2024-05-25
pg0,2024-05-25,by_mean,-427.9512926924028,By,Mean,2024-05-25,2024-05-26
pg0,2024-05-26,by_mean,-429.3025223516663,By,Mean,2024-05-26,2024-05-27
pg0,2024-05-27,by_mean,-434.0188907592701,By,Mean,2024-05-27,2024-05-28
pg0,2024-05-28,by_mean,-430.3429958752527,By,Mean,2024-05-28,2024-05-29
pg0,2024-05-29,by_mean,-426.2429320601852,By,Mean,2024-05-29,2024-05-30
pg0,2024-05-30,by_mean,-417.5008269675926,By,Mean,2024-05-30,2024-05-31
pg0,2024-05-31,by_mean,-431.150162037037,By,Mean,2024-05-31,2024-06-01
pg0,2024-06-01,by_mean,-432.44192268518526,By,Mean,2024-06-01,2024-06-02
pg0,2024-06-02,by_mean,-429.3755800925925,By,Mean,2024-06-02,2024-06-03
pg0,2024-06-03,by_mean,-434.3856414351852,By,Mean,2024-06-03,2024-06-04
pg0,2024-06-04,by_mean,-432.8319510416667,By,Mean,2024-06-04,2024-06-05
pg0,2024-06-05,by_mean,-427.9081024305555,By,Mean,2024-06-05,2024-06-06
pg0,2024-06-06,by_mean,-435.9614598379629,By,Mean,2024-06-06,2024-06-07
pg0,2024-06-07,by_mean,-439.9644811342592,By,Mean,2024-06-07,2024-06-08
pg0,2024-06-08,by_mean,-418.53485972222217,By,Mean,2024-06-08,2024-06-09
pg0,2024-06-09,by_mean,-430.4696112268518,By,Mean,2024-06-09,2024-06-10
pg0,2024-06-10,by_mean,-426.1583630787037,By,Mean,2024-06-10,2024-06-11
pg0,2024-06-11,by_mean,-429.6870856481482,By,Mean,2024-06-11,2024-06-12
pg0,2024-06-12,by_mean,-430.8085747685185,By,Mean,2024-06-12,2024-06-13
pg0,2024-06-13,by_mean,-432.4823583333334,By,Mean,2024-06-13,2024-06-14
pg0,2024-06-14,by_mean,-435.7583900462964,By,Mean,2024-06-14,2024-06-15
pg0,2024-06-15,by_mean,-439.7344417824074,By,Mean,2024-06-15,2024-06-16
pg0,2024-06-16,by_mean,-430.2762800925925,By,Mean,2024-06-16,2024-06-17
pg0,2024-06-17,by_mean,-431.4036428240741,By,Mean,2024-06-17,2024-06-18
pg0,2024-06-18,by_mean,-442.2823278935185,By,Mean,2024-06-18,2024-06-19
pg0,2024-06-19,by_mean,-435.5315694444445,By,Mean,2024-06-19,2024-06-20
pg0,2024-06-20,by_mean,-426.4307909722223,By,Mean,2024-06-20,2024-06-21
pg0,2024-06-21,by_mean,-433.2232887731481,By,Mean,2024-06-21,2024-06-22
pg0,2024-06-22,by_mean,-431.8434385416667,By,Mean,2024-06-22,2024-06-23
pg0,2024-06-23,by_mean,-438.9497334490741,By,Mean,2024-06-23,2024-06-24
pg0,2024-06-24,by_mean,-434.2457302138328,By,Mean,2024-06-24,2024-06-25
pg0,2024-06-25,by_mean,-426.2761747801399,By,Mean,2024-06-25,2024-06-26
pg0,2024-06-26,by_mean,-434.5509523809524,By,Mean,2024-06-26,2024-06-27
pg0,2024-06-27,by_mean,-430.7411111111112,By,Mean,2024-06-27,2024-06-28
pg0,2024-10-08,by_mean,-491.499375,By,Mean,2024-10-08,2024-10-09
pg0,2024-10-09,by_mean,-468.72,By,Mean,2024-10-09,2024-10-10
pg0,2024-10-10,by_mean,-318.14442274533326,By,Mean,2024-10-10,2024-10-11
pg0,2024-10-11,by_mean,-450.51501319444446,By,Mean,2024-10-11,2024-10-12
pg0,2024-10-12,by_mean,-464.82591712962966,By,Mean,2024-10-12,2024-10-13
pg0,2024-10-13,by_mean,-449.2351788194444,By,Mean,2024-10-13,2024-10-14
pg0,2024-10-14,by_mean,-430.17935625,By,Mean,2024-10-14,2024-10-15
pg0,2024-10-15,by_mean,-441.0675163194444,By,Mean,2024-10-15,2024-10-16
pg0,2024-10-16,by_mean,-437.8718267361111,By,Mean,2024-10-16,2024-10-17
pg0,2024-10-17,by_mean,-427.4255472348896,By,Mean,2024-10-17,2024-10-18
pg0,2024-10-18,by_mean,-433.6988429398148,By,Mean,2024-10-18,2024-10-19
pg0,2024-10-19,by_mean,-422.01519189814815,By,Mean,2024-10-19,2024-10-20
pg0,2024-10-20,by_mean,-442.0020136574075,By,Mean,2024-10-20,2024-10-21
pg0,2024-10-21,by_mean,-446.9405715277778,By,Mean,2024-10-21,2024-10-22
pg0,2024-10-22,by_mean,-452.74065891203713,By,Mean,2024-10-22,2024-10-23
pg0,2024-10-23,by_mean,-447.3931971064815,By,Mean,2024-10-23,2024-10-24
pg0,2024-10-24,by_mean,-430.9707744212964,By,Mean,2024-10-24,2024-10-25
pg0,2024-10-25,by_mean,-448.1266157407408,By,Mean,2024-10-25,2024-10-26
pg0,2024-10-26,by_mean,-448.1728245370371,By,Mean,2024-10-26,2024-10-27
pg0,2024-10-27,by_mean,-485.6348194444444,By,Mean,2024-10-27,2024-10-28
pg0,2024-10-28,by_mean,-481.5028703703704,By,Mean,2024-10-28,2024-10-29
pg0,2024-10-29,by_mean,-439.7672070601852,By,Mean,2024-10-29,2024-10-30
pg0,2024-10-30,by_mean,-461.69099490740734,By,Mean,2024-10-30,2024-10-31
pg0,2024-10-31,by_mean,-442.64649733796296,By,Mean,2024-10-31,2024-11-01
pg0,2024-11-01,by_mean,-458.3417549768518,By,Mean,2024-11-01,2024-11-02
pg0,2024-11-02,by_mean,-449.2974842592593,By,Mean,2024-11-02,2024-11-03
pg0,2024-11-03,by_mean,-438.3842853009259,By,Mean,2024-11-03,2024-11-04
pg0,2024-11-04,by_mean,-428.6203158564815,By,Mean,2024-11-04,2024-11-05
pg0,2024-11-05,by_mean,-429.9185724537037,By,Mean,2024-11-05,2024-11-06
pg0,2024-11-06,by_mean,-443.9407671296297,By,Mean,2024-11-06,2024-11-07
pg0,2024-11-07,by_mean,-434.1790648731247,By,Mean,2024-11-07,2024-11-08
pg0,2024-11-08,by_mean,-414.08912995671193,By,Mean,2024-11-08,2024-11-09
pg0,2024-11-09,by_mean,-467.97423738425925,By,Mean,2024-11-09,2024-11-10
pg0,2024-11-10,by_mean,-444.2571084490741,By,Mean,2024-11-10,2024-11-11
pg0,2024-11-11,by_mean,-438.4623973551563,By,Mean,2024-11-11,2024-11-12
pg0,2024-11-12,by_mean,-440.3375597222222,By,Mean,2024-11-12,2024-11-13
pg0,2024-11-13,by_mean,-442.2301928240741,By,Mean,2024-11-13,2024-11-14
pg0,2024-11-14,by_mean,-428.03127800925927,By,Mean,2024-11-14,2024-11-15
pg0,2024-11-15,by_mean,-415.50060196759256,By,Mean,2024-11-15,2024-11-16
pg0,2024-11-16,by_mean,-426.2730612268519,By,Mean,2024-11-16,2024-11-17
pg0,2024-11-17,by_mean,-446.6209354166666,By,Mean,2024-11-17,2024-11-18
pg0,2024-11-18,by_mean,-434.624634375,By,Mean,2024-11-18,2024-11-19
pg0,2024-11-19,by_mean,-455.0460282407407,By,Mean,2024-11-19,2024-11-20
pg0,2024-11-20,by_mean,-433.9886445601852,By,Mean,2024-11-20,2024-11-21
pg0,2024-11-21,by_mean,-441.0658795138888,By,Mean,2024-11-21,2024-11-22
pg0,2024-11-22,by_mean,-450.1649453703704,By,Mean,2024-11-22,2024-11-23
pg0,2024-11-23,by_mean,-460.3824184027778,By,Mean,2024-11-23,2024-11-24
pg0,2024-11-24,by_mean,-448.81330520833336,By,Mean,2024-11-24,2024-11-25
pg0,2024-11-25,by_mean,-449.4079090277778,By,Mean,2024-11-25,2024-11-26
pg0,2024-11-26,by_mean,-438.12095067035926,By,Mean,2024-11-26,2024-11-27
pg0,2024-11-27,by_mean,-441.2149491898148,By,Mean,2024-11-27,2024-11-28
pg0,2024-11-28,by_mean,-451.8516777777777,By,Mean,2024-11-28,2024-11-29
pg0,2024-11-29,by_mean,-458.28339178240736,By,Mean,2024-11-29,2024-11-30
pg0,2024-11-30,by_mean,-437.505384375,By,Mean,2024-11-30,2024-12-01
pg0,2024-12-01,by_mean,-438.80027384259256,By,Mean,2024-12-01,2024-12-02
pg0,2024-12-02,by_mean,-435.0455009259259,By,Mean,2024-12-02,2024-12-03
pg0,2024-12-03,by_mean,-446.1071402777778,By,Mean,2024-12-03,2024-12-04
pg0,2024-12-04,by_mean,-455.6923234953704,By,Mean,2024-12-04,2024-12-05
pg0,2024-12-05,by_mean,-451.8093214120371,By,Mean,2024-12-05,2024-12-06
pg0,2024-12-06,by_mean,-445.1312740740741,By,Mean,2024-12-06,2024-12-07
pg0,2024-12-07,by_mean,-462.35340266203696,By,Mean,2024-12-07,2024-12-08
pg0,2024-12-08,by_mean,-435.7335153935186,By,Mean,2024-12-08,2024-12-09
pg0,2024-12-09,by_mean,-427.5554280092593,By,Mean,2024-12-09,2024-12-10
pg0,2024-12-10,by_mean,-434.1714320601852,By,Mean,2024-12-10,2024-12-11
pg0,2024-12-11,by_mean,-432.5711181712963,By,Mean,2024-12-11,2024-12-12
pg0,2024-12-12,by_mean,-440.2033721577081,By,Mean,2024-12-12,2024-12-13
pg0,2024-12-13,by_mean,-454.60260509259257,By,Mean,2024-12-13,2024-12-14
pg0,2024-12-14,by_mean,-427.8266909722221,By,Mean,2024-12-14,2024-12-15
pg0,2024-12-15,by_mean,-417.3191899305555,By,Mean,2024-12-15,2024-12-16
pg0,2024-12-16,by_mean,-438.6761127314815,By,Mean,2024-12-16,2024-12-17
pg0,2024-12-17,by_mean,-417.3328813657408,By,Mean,2024-12-17,2024-12-18
pg0,2024-12-18,by_mean,-453.7739920682778,By,Mean,2024-12-18,2024-12-19
pg0,2024-12-19,by_mean,-425.96190798611104,By,Mean,2024-12-19,2024-12-20
pg0,2024-12-20,by_mean,-439.6367278935186,By,Mean,2024-12-20,2024-12-21
pg0,2024-12-21,by_mean,-451.4775003472223,By,Mean,2024-12-21,2024-12-22
pg0,2024-12-22,by_mean,-459.3313081018518,By,Mean,2024-12-22,2024-12-23
pg0,2024-12-23,by_mean,-443.79365532407405,By,Mean,2024-12-23,2024-12-24
pg0,2024-12-24,by_mean,-446.47187268518513,By,Mean,2024-12-24,2024-12-25
pg0,2024-12-25,by_mean,-436.3311722222222,By,Mean,2024-12-25,2024-12-26
pg0,2024-12-26,by_mean,-447.0761646990741,By,Mean,2024-12-26,2024-12-27
pg0,2024-12-27,by_mean,-445.4440265046296,By,Mean,2024-12-27,2024-12-28
pg0,2024-12-28,by_mean,-440.5291873842593,By,Mean,2024-12-28,2024-12-29
pg0,2024-12-29,by_mean,-437.0215881944444,By,Mean,2024-12-29,2024-12-30
pg0,2024-12-30,by_mean,-436.0115811342593,By,Mean,2024-12-30,2024-12-31
pg0,2024-12-31,by_mean,-387.4900679398148,By,Mean,2024-12-31,2025-01-01
pg1,2024-01-01,by_mean,-1066.7317232638889,By,Mean,2024-01-01,2024-01-02
pg1,2024-01-02,by_mean,-1080.7161755787035,By,Mean,2024-01-02,2024-01-03
pg1,2024-01-03,by_mean,-1058.231314699074,By,Mean,2024-01-03,2024-01-04
pg1,2024-01-04,by_mean,-1068.2196125,By,Mean,2024-01-04,2024-01-05
pg1,2024-01-05,by_mean,-1063.748561342593,By,Mean,2024-01-05,2024-01-06
pg1,2024-01-06,by_mean,-1057.9415872685186,By,Mean,2024-01-06,2024-01-07
pg1,2024-01-07,by_mean,-1079.3111208333337,By,Mean,2024-01-07,2024-01-08
pg1,2024-01-08,by_mean,-1063.2320482638888,By,Mean,2024-01-08,2024-01-09
pg1,2024-01-09,by_mean,-1061.1493931712962,By,Mean,2024-01-09,2024-01-10
pg1,2024-01-10,by_mean,-1063.5456237125468,By,Mean,2024-01-10,2024-01-11
pg1,2024-01-11,by_mean,-1056.6991118879496,By,Mean,2024-01-11,2024-01-12
pg1,2024-01-12,by_mean,-1069.065070486111,By,Mean,2024-01-12,2024-01-13
pg1,2024-01-13,by_mean,-1055.5384550418216,By,Mean,2024-01-13,2024-01-14
pg1,2024-01-14,by_mean,-1061.8261778266913,By,Mean,2024-01-14,2024-01-15
pg1,2024-01-15,by_mean,-1054.1331096064814,By,Mean,2024-01-15,2024-01-16
pg1,2024-01-16,by_mean,-1069.509463488372,By,Mean,2024-01-16,2024-01-17
pg1,2024-01-17,by_mean,-1067.2443247685185,By,Mean,2024-01-17,2024-01-18
pg1,2024-01-18,by_mean,-1060.036500724875,By,Mean,2024-01-18,2024-01-19
pg1,2024-01-19,by_mean,-1036.6617457943926,By,Mean,2024-01-19,2024-01-20
pg1,2024-01-20,by_mean,-1066.5631092592594,By,Mean,2024-01-20,2024-01-21
pg1,2024-01-21,by_mean,-1059.1762873842592,By,Mean,2024-01-21,2024-01-22
pg1,2024-01-22,by_mean,-1068.0133635416666,By,Mean,2024-01-22,2024-01-23
pg1,2024-01-23,by_mean,-1067.606872084888,By,Mean,2024-01-23,2024-01-24
pg1,2024-01-24,by_mean,-1065.180078935185,By,Mean,2024-01-24,2024-01-25
pg1,2024-01-25,by_mean,-1076.7264556226764,By,Mean,2024-01-25,2024-01-26
pg1,2024-01-26,by_mean,-1061.2487768527203,By,Mean,2024-01-26,2024-01-27
pg1,2024-01-27,by_mean,-1065.1749450231482,By,Mean,2024-01-27,2024-01-28
pg1,2024-01-28,by_mean,-1071.9357172453704,By,Mean,2024-01-28,2024-01-29
pg1,2024-01-29,by_mean,-1079.100826851852,By,Mean,2024-01-29,2024-01-30
pg1,2024-01-30,by_mean,-1065.967705902778,By,Mean,2024-01-30,2024-01-31
pg1,2024-01-31,by_mean,-1069.8230065972225,By,Mean,2024-01-31,2024-02-01
pg1,2024-02-01,by_mean,-1082.3201652969308,By,Mean,2024-02-01,2024-02-02
pg1,2024-02-02,by_mean,-1073.3980439252337,By,Mean,2024-02-02,2024-02-03
pg1,2024-02-03,by_mean,-1080.7734705607477,By,Mean,2024-02-03,2024-02-04
pg1,2024-02-04,by_mean,-1062.3481097222225,By,Mean,2024-02-04,2024-02-05
pg1,2024-02-05,by_mean,-1066.4833630787036,By,Mean,2024-02-05,2024-02-06
pg1,2024-02-06,by_mean,-1075.0141212962965,By,Mean,2024-02-06,2024-02-07
pg1,2024-02-07,by_mean,-1068.9012752314816,By,Mean,2024-02-07,2024-02-08
pg1,2024-02-08,by_mean,-1080.148607523148,By,Mean,2024-02-08,2024-02-09
pg1,2024-02-09,by_mean,-1083.2336711323392,By,Mean,2024-02-09,2024-02-10
pg1,2024-02-10,by_mean,-1083.2310108796296,By,Mean,2024-02-10,2024-02-11
pg1,2024-02-11,by_mean,-1085.6422423611111,By,Mean,2024-02-11,2024-02-12
pg1,2024-02-12,by_mean,-1074.4395895833331,By,Mean,2024-02-12,2024-02-13
pg1,2024-02-13,by_mean,-1075.4914929398149,By,Mean,2024-02-13,2024-02-14
pg1,2024-02-14,by_mean,-1058.4167662037037,By,Mean,2024-02-14,2024-02-15
pg1,2024-02-15,by_mean,-1085.616361793327,By,Mean,2024-02-15,2024-02-16
pg1,2024-02-16,by_mean,-1061.735953195152,By,Mean,2024-02-16,2024-02-17
pg1,2024-02-17,by_mean,-1067.687379861111,By,Mean,2024-02-17,2024-02-18
pg1,2024-02-18,by_mean,-1055.7907572916668,By,Mean,2024-02-18,2024-02-19
pg1,2024-02-19,by_mean,-1070.3476776620369,By,Mean,2024-02-19,2024-02-20
pg1,2024-02-20,by_mean,-1077.3266705498602,By,Mean,2024-02-20,2024-02-21
pg1,2024-02-21,by_mean,-1072.903339236111,By,Mean,2024-02-21,2024-02-22
pg1,2024-02-22,by_mean,-1073.7359469306468,By,Mean,2024-02-22,2024-02-23
pg1,2024-02-23,by_mean,-1072.2381576388889,By,Mean,2024-02-23,2024-02-24
pg1,2024-02-24,by_mean,-1073.2559282407406,By,Mean,2024-02-24,2024-02-25
pg1,2024-02-25,by_mean,-1087.7770707282914,By,Mean,2024-02-25,2024-02-26
pg1,2024-02-26,by_mean,-1071.455346875,By,Mean,2024-02-26,2024-02-27
pg1,2024-04-30,by_mean,-1066.8516621527776,By,Mean,2024-04-30,2024-05-01
pg1,2024-05-01,by_mean,-1089.1152042824074,By,Mean,2024-05-01,2024-05-02
pg1,2024-05-02,by_mean,-1071.641232602988,By,Mean,2024-05-02,2024-05-03
pg1,2024-05-03,by_mean,-1088.5048320601852,By,Mean,2024-05-03,2024-05-04
pg1,2024-05-04,by_mean,-1083.807257523148,By,Mean,2024-05-04,2024-05-05
pg1,2024-05-05,by_mean,-1082.3381260416668,By,Mean,2024-05-05,2024-05-06
pg1,2024-05-06,by_mean,-1087.4903497685184,By,Mean,2024-05-06,2024-05-07
pg1,2024-05-07,by_mean,-1092.6279753472222,By,Mean,2024-05-07,2024-05-08
pg1,2024-05-08,by_mean,-1097.446967013889,By,Mean,2024-05-08,2024-05-09
pg1,2024-05-09,by_mean,-1092.3176239175357,By,Mean,2024-05-09,2024-05-10
pg1,2024-05-10,by_mean,-1017.5758552875694,By,Mean,2024-05-10,2024-05-11
pg1,2024-05-11,by_mean,-1141.0318269675925,By,Mean,2024-05-11,2024-05-12
pg1,2024-05-12,by_mean,-1038.3033230324074,By,Mean,2024-05-12,2024-05-13
pg1,2024-05-13,by_mean,-1084.835428356481,By,Mean,2024-05-13,2024-05-14
pg1,2024-05-14,by_mean,-1093.7915594907408,By,Mean,2024-05-14,2024-05-15
pg1,2024-05-15,by_mean,-1084.595587615741,By,Mean,2024-05-15,2024-05-16
pg1,2024-05-16,by_mean,-1112.6992207490655,By,Mean,2024-05-16,2024-05-17
pg1,2024-05-17,by_mean,-1069.346742361111,By,Mean,2024-05-17,2024-05-18
pg1,2024-05-18,by_mean,-1107.694817476852,By,Mean,2024-05-18,2024-05-19
pg1,2024-05-19,by_mean,-1096.8771313084112,By,Mean,2024-05-19,2024-05-20
pg1,2024-05-20,by_mean,-1098.7050168981482,By,Mean,2024-05-20,2024-05-21
pg1,2024-05-21,by_mean,-1096.3694225694446,By,Mean,2024-05-21,2024-05-22
pg1,2024-05-22,by_mean,-1092.352798611111,By,Mean,2024-05-22,2024-05-23
pg1,2024-05-23,by_mean,-1093.2615581384548,By,Mean,2024-05-23,2024-05-24
pg1,2024-05-24,by_mean,-1104.8800489583332,By,Mean,2024-05-24,2024-05-25
pg1,2024-05-25,by_mean,-1094.8127187500002,By,Mean,2024-05-25,2024-05-26
pg1,2024-05-26,by_mean,-1095.6714694444445,By,Mean,2024-05-26,2024-05-27
pg1,2024-05-27,by_mean,-1098.7139689814812,By,Mean,2024-05-27,2024-05-28
pg1,2024-05-28,by_mean,-1096.9143716247672,By,Mean,2024-05-28,2024-05-29
pg1,2024-05-29,by_mean,-1092.9885364583336,By,Mean,2024-05-29,2024-05-30
pg1,2024-05-30,by_mean,-1082.9610449425156,By,Mean,2024-05-30,2024-05-31
pg1,2024-05-31,by_mean,-1096.2383895833332,By,Mean,2024-05-31,2024-06-01
pg1,2024-06-01,by_mean,-1097.9303221064815,By,Mean,2024-06-01,2024-06-02
pg1,2024-06-02,by_mean,-1096.218548148148,By,Mean,2024-06-02,2024-06-03
pg1,2024-06-03,by_mean,-1101.687190625,By,Mean,2024-06-03,2024-06-04
pg1,2024-06-04,by_mean,-1100.7616949074074,By,Mean,2024-06-04,2024-06-05
pg1,2024-06-05,by_mean,-1095.7615925492034,By,Mean,2024-06-05,2024-06-06
pg1,2024-06-06,by_mean,-1102.663732914794,By,Mean,2024-06-06,2024-06-07
pg1,2024-06-07,by_mean,-1105.3870887731482,By,Mean,2024-06-07,2024-06-08
pg1,2024-06-08,by_mean,-1085.6226847222222,By,Mean,2024-06-08,2024-06-09
pg1,2024-06-09,by_mean,-1096.5138531250002,By,Mean,2024-06-09,2024-06-10
pg1,2024-06-10,by_mean,-1093.824713888889,By,Mean,2024-06-10,2024-06-11
pg1,2024-06-11,by_mean,-1096.617243661972,By,Mean,2024-06-11,2024-06-12
pg1,2024-06-12,by_mean,-1097.0098326388888,By,Mean,2024-06-12,2024-06-13
pg1,2024-06-13,by_mean,-1099.135344098513,By,Mean,2024-06-13,2024-06-14
pg1,2024-06-14,by_mean,-1101.2555157269337,By,Mean,2024-06-14,2024-06-15
pg1,2024-06-15,by_mean,-1104.898591550926,By,Mean,2024-06-15,2024-06-16
pg1,2024-06-16,by_mean,-1095.7962612268518,By,Mean,2024-06-16,2024-06-17
pg1,2024-06-17,by_mean,-1096.428180787037,By,Mean,2024-06-17,2024-06-18
pg1,2024-06-18,by_mean,-1106.8103422951583,By,Mean,2024-06-18,2024-06-19
pg1,2024-06-19,by_mean,-1100.9123613425925,By,Mean,2024-06-19,2024-06-20
pg1,2024-06-20,by_mean,-1092.0559451177044,By,Mean,2024-06-20,2024-06-21
pg1,2024-06-21,by_mean,-1099.135152199074,By,Mean,2024-06-21,2024-06-22
pg1,2024-06-22,by_mean,-1098.229614236111,By,Mean,2024-06-22,2024-06-23
pg1,2024-06-23,by_mean,-1103.804259552656,By,Mean,2024-06-23,2024-06-24
pg1,2024-06-24,by_mean,-1100.1446006944443,By,Mean,2024-06-24,2024-06-25
pg1,2024-06-25,by_mean,-1110.925624768519,By,Mean,2024-06-25,2024-06-26
pg1,2024-06-26,by_mean,-1107.3310443097014,By,Mean,2024-06-26,2024-06-27
pg1,2024-06-27,by_mean,-1090.8822952075786,By,Mean,2024-06-27,2024-06-28
pg1,2024-06-28,by_mean,-1108.1919658564814,By,Mean,2024-06-28,2024-06-29
pg1,2024-06-29,by_mean,-1093.4164497903078,By,Mean,2024-06-29,2024-06-30
pg1,2024-06-30,by_mean,-1097.7546519675927,By,Mean,2024-06-30,2024-07-01
pg1,2024-07-01,by_mean,-1102.9891620585502,By,Mean,2024-07-01,2024-07-02
pg1,2024-07-02,by_mean,-1098.2547517361113,By,Mean,2024-07-02,2024-07-03
pg1,2024-07-03,by_mean,-1101.9463863425926,By,Mean,2024-07-03,2024-07-04
pg1,2024-07-04,by_mean,-1101.6491983796295,By,Mean,2024-07-04,2024-07-05
pg1,2024-07-05,by_mean,-1102.160004861111,By,Mean,2024-07-05,2024-07-06
pg1,2024-07-06,by_mean,-1101.2684042824071,By,Mean,2024-07-06,2024-07-07
pg1,2024-11-01,by_mean,-1123.1391671296296,By,Mean,2024-11-01,2024-11-02
pg1,2024-11-02,by_mean,-1119.4488071759258,By,Mean,2024-11-02,2024-11-03
pg1,2024-11-03,by_mean,-1104.5035390046298,By,Mean,2024-11-03,2024-11-04
pg1,2024-11-04,by_mean,-1102.3927926401868,By,Mean,2024-11-04,2024-11-05
pg1,2024-11-05,by_mean,-1101.95104555107,By,Mean,2024-11-05,2024-11-06
pg1,2024-11-06,by_mean,-1116.4687230324075,By,Mean,2024-11-06,2024-11-07
pg1,2024-11-07,by_mean,-1101.6128769675925,By,Mean,2024-11-07,2024-11-08
pg1,2024-11-08,by_mean,-1084.5533662037035,By,Mean,2024-11-08,2024-11-09
pg1,2024-11-09,by_mean,-1140.264874652778,By,Mean,2024-11-09,2024-11-10
pg1,2024-11-10,by_mean,-1114.1457702546295,By,Mean,2024-11-10,2024-11-11
pg1,2024-11-11,by_mean,-1110.4344622685185,By,Mean,2024-11-11,2024-11-12
pg1,2024-11-12,by_mean,-1110.5649746788397,By,Mean,2024-11-12,2024-11-13
pg1,2024-11-13,by_mean,-1110.8030622685187,By,Mean,2024-11-13,2024-11-14
pg1,2024-11-14,by_mean,-1096.8753094907408,By,Mean,2024-11-14,2024-11-15
pg1,2024-11-15,by_mean,-1088.1047243055557,By,Mean,2024-11-15,2024-11-16
pg1,2024-11-16,by_mean,-1102.4141625,By,Mean,2024-11-16,2024-11-17
pg1,2024-11-17,by_mean,-1120.384817863806,By,Mean,2024-11-17,2024-11-18
pg1,2024-11-18,by_mean,-1107.1729668981482,By,Mean,2024-11-18,2024-11-19
pg1,2024-11-19,by_mean,-1127.2391919332729,By,Mean,2024-11-19,2024-11-20
pg1,2024-11-20,by_mean,-1109.132121412037,By,Mean,2024-11-20,2024-11-21
pg1,2024-11-21,by_mean,-1114.3381680555556,By,Mean,2024-11-21,2024-11-22
pg1,2024-11-22,by_mean,-1122.5200261574075,By,Mean,2024-11-22,2024-11-23
pg1,2024-11-23,by_mean,-1135.1579690972223,By,Mean,2024-11-23,2024-11-24
pg1,2024-11-24,by_mean,-1120.4545748842593,By,Mean,2024-11-24,2024-11-25
pg1,2024-11-25,by_mean,-1123.871733897127,By,Mean,2024-11-25,2024-11-26
pg1,2024-11-26,by_mean,-1109.9521050493324,By,Mean,2024-11-26,2024-11-27
pg1,2024-11-27,by_mean,-1114.837173772011,By,Mean,2024-11-27,2024-11-28
pg1,2024-11-28,by_mean,-1124.8779258139534,By,Mean,2024-11-28,2024-11-29
pg1,2024-11-29,by_mean,-1130.4348797453704,By,Mean,2024-11-29,2024-11-30
pg1,2024-11-30,by_mean,-1111.0070957175926,By,Mean,2024-11-30,2024-12-01
pg1,2024-12-01,by_mean,-1112.1269091435186,By,Mean,2024-12-01,2024-12-02
pg1,2024-12-02,by_mean,-1114.4358505787038,By,Mean,2024-12-02,2024-12-03
pg1,2024-12-03,by_mean,-1120.7873996377905,By,Mean,2024-12-03,2024-12-04
pg1,2024-12-04,by_mean,-1132.0130644675926,By,Mean,2024-12-04,2024-12-05
pg1,2024-12-05,by_mean,-1129.8647876157409,By,Mean,2024-12-05,2024-12-06
pg1,2024-12-06,by_mean,-1121.141059375,By,Mean,2024-12-06,2024-12-07
pg1,2024-12-07,by_mean,-1139.9977476851852,By,Mean,2024-12-07,2024-12-08
pg1,2024-12-08,by_mean,-1110.651451388889,By,Mean,2024-12-08,2024-12-09
pg1,2024-12-09,by_mean,-1102.6432450231482,By,Mean,2024-12-09,2024-12-10
pg1,2024-12-10,by_mean,-1113.5681406311685,By,Mean,2024-12-10,2024-12-11
pg1,2024-12-11,by_mean,-1114.0963064179796,By,Mean,2024-12-11,2024-12-12
pg1,2024-12-12,by_mean,-1124.2047090277777,By,Mean,2024-12-12,2024-12-13
pg1,2024-12-13,by_mean,-1134.034146759259,By,Mean,2024-12-13,2024-12-14
pg1,2024-12-14,by_mean,-1108.0817097222225,By,Mean,2024-12-14,2024-12-15
pg1,2024-12-15,by_mean,-1095.8023631944443,By,Mean,2024-12-15,2024-12-16
pg1,2024-12-16,by_mean,-1116.5011712962964,By,Mean,2024-12-16,2024-12-17
pg1,2024-12-17,by_mean,-1101.0003117617082,By,Mean,2024-12-17,2024-12-18
pg1,2024-12-18,by_mean,-1136.9480229166668,By,Mean,2024-12-18,2024-12-19
pg1,2024-12-19,by_mean,-1105.192484375,By,Mean,2024-12-19,2024-12-20
pg1,2024-12-20,by_mean,-1118.2450255787037,By,Mean,2024-12-20,2024-12-21
pg1,2024-12-21,by_mean,-1129.999627662037,By,Mean,2024-12-21,2024-12-22
pg1,2024-12-22,by_mean,-1144.4780372562673,By,Mean,2024-12-22,2024-12-23
pg1,2024-12-23,by_mean,-1120.4984361627903,By,Mean,2024-12-23,2024-12-24
pg1,2024-12-24,by_mean,-1128.9809496376138,By,Mean,2024-12-24,2024-12-25
pg1,2024-12-25,by_mean,-1117.7918240740742,By,Mean,2024-12-25,2024-12-26
pg1,2024-12-26,by_mean,-1126.951507986111,By,Mean,2024-12-26,2024-12-27
pg1,2024-12-27,by_mean,-1126.5700618055555,By,Mean,2024-12-27,2024-12-28
pg1,2024-12-28,by_mean,-1124.2424671296296,By,Mean,2024-12-28,2024-12-29
pg1,2024-12-29,by_mean,-1123.6749729166663,By,Mean,2024-12-29,2024-12-30
pg1,2024-12-30,by_mean,-1124.590492592593,By,Mean,2024-12-30,2024-12-31
pg1,2024-12-31,by_mean,-1075.988959388504,By,Mean,2024-12-31,2025-01-01
pg2,2024-01-01,by_mean,-654.300381779048,By,Mean,2024-01-01,2024-01-02
pg2,2024-01-02,by_mean,-669.3407250129467,By,Mean,2024-01-02,2024-01-03
pg2,2024-01-03,by_mean,-644.5507087791157,By,Mean,2024-01-03,2024-01-04
pg2,2024-01-04,by_mean,-651.7506176308087,By,Mean,2024-01-04,2024-01-05
pg2,2024-01-05,by_mean,-657.8669680274992,By,Mean,2024-01-05,2024-01-06
pg2,2024-01-06,by_mean,-648.4555377881323,By,Mean,2024-01-06,2024-01-07
pg2,2024-01-07,by_mean,-664.9021681852339,By,Mean,2024-01-07,2024-01-08
pg2,2024-01-08,by_mean,-655.6778072776914,By,Mean,2024-01-08,2024-01-09
pg2,2024-01-09,by_mean,-656.9954298301411,By,Mean,2024-01-09,2024-01-10
pg2,2024-01-10,by_mean,-664.1055618659346,By,Mean,2024-01-10,2024-01-11
pg2,2024-01-11,by_mean,-656.6465614967602,By,Mean,2024-01-11,2024-01-12
pg2,2024-01-12,by_mean,-666.8200536761071,By,Mean,2024-01-12,2024-01-13
pg2,2024-01-13,by_mean,-652.5490884709038,By,Mean,2024-01-13,2024-01-14
pg2,2024-01-14,by_mean,-653.697101149236,By,Mean,2024-01-14,2024-01-15
pg2,2024-01-15,by_mean,-639.8904262595635,By,Mean,2024-01-15,2024-01-16
pg2,2024-01-16,by_mean,-656.8941667646021,By,Mean,2024-01-16,2024-01-17
pg2,2024-01-17,by_mean,-658.5976767652953,By,Mean,2024-01-17,2024-01-18
pg2,2024-01-18,by_mean,-652.5729677669719,By,Mean,2024-01-18,2024-01-19
pg2,2024-01-19,by_mean,-633.4326262103368,By,Mean,2024-01-19,2024-01-20
pg2,2024-01-20,by_mean,-662.3849918276636,By,Mean,2024-01-20,2024-01-21
pg2,2024-01-21,by_mean,-654.5159832395012,By,Mean,2024-01-21,2024-01-22
pg2,2024-01-22,by_mean,-663.9827637012012,By,Mean,2024-01-22,2024-01-23
pg2,2024-01-23,by_mean,-661.9923330627392,By,Mean,2024-01-23,2024-01-24
pg2,2024-01-24,by_mean,-656.2091414351852,By,Mean,2024-01-24,2024-01-25
pg2,2024-01-25,by_mean,-662.9258458333334,By,Mean,2024-01-25,2024-01-26
pg2,2024-01-26,by_mean,-651.8299619212962,By,Mean,2024-01-26,2024-01-27
pg2,2024-01-27,by_mean,-660.6737747685186,By,Mean,2024-01-27,2024-01-28
pg2,2024-01-28,by_mean,-664.6274795138889,By,Mean,2024-01-28,2024-01-29
pg2,2024-01-29,by_mean,-666.7042552083334,By,Mean,2024-01-29,2024-01-30
pg2,2024-01-30,by_mean,-654.8171722222221,By,Mean,2024-01-30,2024-01-31
pg2,2024-01-31,by_mean,-660.7244045138889,By,Mean,2024-01-31,2024-02-01
pg2,2024-02-01,by_mean,-667.9764363425926,By,Mean,2024-02-01,2024-02-02
pg2,2024-02-02,by_mean,-659.7310373842593,By,Mean,2024-02-02,2024-02-03
pg2,2024-02-03,by_mean,-669.7642873842592,By,Mean,2024-02-03,2024-02-04
pg2,2024-02-04,by_mean,-655.2057181712962,By,Mean,2024-02-04,2024-02-05
pg2,2024-02-05,by_mean,-661.2935829248792,By,Mean,2024-02-05,2024-02-06
pg2,2024-02-06,by_mean,-669.5420560040069,By,Mean,2024-02-06,2024-02-07
pg2,2024-02-07,by_mean,-662.488664640395,By,Mean,2024-02-07,2024-02-08
pg2,2024-02-08,by_mean,-672.720577421388,By,Mean,2024-02-08,2024-02-09
pg2,2024-02-09,by_mean,-672.6915490625875,By,Mean,2024-02-09,2024-02-10
pg2,2024-02-10,by_mean,-670.394895533899,By,Mean,2024-02-10,2024-02-11
pg2,2024-02-11,by_mean,-676.0534184742528,By,Mean,2024-02-11,2024-02-12
pg2,2024-02-12,by_mean,-662.2453501574333,By,Mean,2024-02-12,2024-02-13
pg2,2024-02-13,by_mean,-656.8597752622728,By,Mean,2024-02-13,2024-02-14
pg2,2024-02-14,by_mean,-652.2739790212261,By,Mean,2024-02-14,2024-02-15
pg2,2024-02-15,by_mean,-677.140697206201,By,Mean,2024-02-15,2024-02-16
pg2,2024-02-16,by_mean,-653.5224044726702,By,Mean,2024-02-16,2024-02-17
pg2,2024-02-17,by_mean,-657.1501308549662,By,Mean,2024-02-17,2024-02-18
pg2,2024-02-18,by_mean,-653.118092396603,By,Mean,2024-02-18,2024-02-19
pg2,2024-02-19,by_mean,-663.3412652290663,By,Mean,2024-02-19,2024-02-20
pg2,2024-02-20,by_mean,-665.9253788194445,By,Mean,2024-02-20,2024-02-21
pg2,2024-02-21,by_mean,-666.0406158449603,By,Mean,2024-02-21,2024-02-22
pg2,2024-02-22,by_mean,-667.636915625,By,Mean,2024-02-22,2024-02-23
pg2,2024-02-23,by_mean,-662.8454190972222,By,Mean,2024-02-23,2024-02-24
pg2,2024-02-24,by_mean,-658.7875053010904,By,Mean,2024-02-24,2024-02-25
pg2,2024-02-25,by_mean,-671.1873132719983,By,Mean,2024-02-25,2024-02-26
pg2,2024-02-26,by_mean,-654.2267846064815,By,Mean,2024-02-26,2024-02-27
pg2,2024-02-27,by_mean,-643.9124576113934,By,Mean,2024-02-27,2024-02-28
pg2,2024-02-28,by_mean,-654.4319723521609,By,Mean,2024-02-28,2024-02-29
pg2,2024-02-29,by_mean,-666.5131925089635,By,Mean,2024-02-29,2024-03-01
pg2,2024-03-01,by_mean,-647.5658613058339,By,Mean,2024-03-01,2024-03-02
pg2,2024-03-02,by_mean,-658.3452397610525,By,Mean,2024-03-02,2024-03-03
pg2,2024-03-03,by_mean,-644.4924607822632,By,Mean,2024-03-03,2024-03-04
pg2,2024-03-04,by_mean,-645.1583155935556,By,Mean,2024-03-04,2024-03-05
pg2,2024-03-05,by_mean,-657.9651299056395,By,Mean,2024-03-05,2024-03-06
pg2,2024-03-06,by_mean,-663.3927145887728,By,Mean,2024-03-06,2024-03-07
pg2,2024-03-07,by_mean,-659.7828043705683,By,Mean,2024-03-07,2024-03-08
pg2,2024-03-08,by_mean,-640.116800223435,By,Mean,2024-03-08,2024-03-09
pg2,2024-03-09,by_mean,-653.8482798304058,By,Mean,2024-03-09,2024-03-10
pg2,2024-03-10,by_mean,-662.4753222994491,By,Mean,2024-03-10,2024-03-11
pg2,2024-03-11,by_mean,-662.2936195507053,By,Mean,2024-03-11,2024-03-12
pg2,2024-03-12,by_mean,-663.5953224813942,By,Mean,2024-03-12,2024-03-13
pg2,2024-03-13,by_mean,-666.1211970830129,By,Mean,2024-03-13,2024-03-14
pg2,2024-03-14,by_mean,-652.87912833492,By,Mean,2024-03-14,2024-03-15
pg2,2024-03-15,by_mean,-659.1275965042594,By,Mean,2024-03-15,2024-03-16
pg2,2024-03-16,by_mean,-669.4917663469922,By,Mean,2024-03-16,2024-03-17
pg2,2024-03-17,by_mean,-667.3654458333333,By,Mean,2024-03-17,2024-03-18
pg2,2024-03-18,by_mean,-647.4150454861111,By,Mean,2024-03-18,2024-03-19
pg2,2024-03-19,by_mean,-658.0337879086597,By,Mean,2024-03-19,2024-03-20
pg2,2024-03-20,by_mean,-657.6595802145853,By,Mean,2024-03-20,2024-03-21
pg2,2024-03-21,by_mean,-643.5216832270675,By,Mean,2024-03-21,2024-03-22
pg2,2024-03-22,by_mean,-666.1789267827885,By,Mean,2024-03-22,2024-03-23
pg2,2024-03-23,by_mean,-643.222191672936,By,Mean,2024-03-23,2024-03-24
pg2,2024-03-24,by_mean,-673.2758634457975,By,Mean,2024-03-24,2024-03-25
pg2,2024-03-25,by_mean,-667.0927914777243,By,Mean,2024-03-25,2024-03-26
pg2,2024-03-26,by_mean,-650.930345486111,By,Mean,2024-03-26,2024-03-27
pg2,2024-03-27,by_mean,-660.699486222799,By,Mean,2024-03-27,2024-03-28
pg2,2024-03-28,by_mean,-665.1897731481481,By,Mean,2024-03-28,2024-03-29
pg2,2024-03-29,by_mean,-666.9401378227494,By,Mean,2024-03-29,2024-03-30
pg2,2024-03-30,by_mean,-661.3513498020698,By,Mean,2024-03-30,2024-03-31
pg2,2024-03-31,by_mean,-649.9191487961647,By,Mean,2024-03-31,2024-04-01
pg2,2024-04-01,by_mean,-663.2808975862349,By,Mean,2024-04-01,2024-04-02
pg2,2024-04-02,by_mean,-658.886349537037,By,Mean,2024-04-02,2024-04-03
pg2,2024-04-03,by_mean,-658.6177100694446,By,Mean,2024-04-03,2024-04-04
pg2,2024-04-04,by_mean,-641.7943776679268,By,Mean,2024-04-04,2024-04-05
pg2,2024-04-05,by_mean,-660.1767439406239,By,Mean,2024-04-05,2024-04-06
pg2,2024-04-06,by_mean,-655.6925354743222,By,Mean,2024-04-06,2024-04-07
pg2,2024-04-07,by_mean,-651.7504484093824,By,Mean,2024-04-07,2024-04-08
pg2,2024-04-08,by_mean,-667.8407474369386,By,Mean,2024-04-08,2024-04-09
pg2,2024-04-09,by_mean,-661.3199947137806,By,Mean,2024-04-09,2024-04-10
pg2,2024-04-10,by_mean,-659.8798261247811,By,Mean,2024-04-10,2024-04-11
pg2,2024-04-11,by_mean,-659.4535752324747,By,Mean,2024-04-11,2024-04-12
pg2,2024-04-12,by_mean,-660.7128094089974,By,Mean,2024-04-12,2024-04-13
pg2,2024-04-13,by_mean,-660.3211944970756,By,Mean,2024-04-13,2024-04-14
pg2,2024-04-14,by_mean,-657.8660761443402,By,Mean,2024-04-14,2024-04-15
pg2,2024-04-15,by_mean,-649.5593790039143,By,Mean,2024-04-15,2024-04-16
pg2,2024-04-16,by_mean,-647.5195333215694,By,Mean,2024-04-16,2024-04-17
pg2,2024-04-17,by_mean,-662.9596588543811,By,Mean,2024-04-17,2024-04-18
pg2,2024-04-18,by_mean,-663.2960866290905,By,Mean,2024-04-18,2024-04-19
pg2,2024-04-19,by_mean,-654.3788584206192,By,Mean,2024-04-19,2024-04-20
pg2,2024-04-20,by_mean,-655.5811844609997,By,Mean,2024-04-20,2024-04-21
pg2,2024-04-21,by_mean,-658.4583029561863,By,Mean,2024-04-21,2024-04-22
pg2,2024-04-22,by_mean,-663.5214747086754,By,Mean,2024-04-22,2024-04-23
pg2,2024-04-23,by_mean,-654.9422506884458,By,Mean,2024-04-23,2024-04-24
pg2,2024-04-24,by_mean,-662.0524369035993,By,Mean,2024-04-24,2024-04-25
pg2,2024-04-25,by_mean,-657.8531958447547,By,Mean,2024-04-25,2024-04-26
pg2,2024-04-26,by_mean,-661.8211954452514,By,Mean,2024-04-26,2024-04-27
pg2,2024-04-27,by_mean,-638.5490212490434,By,Mean,2024-04-27,2024-04-28
pg2,2024-04-28,by_mean,-656.1137290889184,By,Mean,2024-04-28,2024-04-29
pg2,2024-04-29,by_mean,-662.7793540419426,By,Mean,2024-04-29,2024-04-30
pg2,2024-04-30,by_mean,-634.3873840392836,By,Mean,2024-04-30,2024-05-01
pg2,2024-05-01,by_mean,-654.96007817827,By,Mean,2024-05-01,2024-05-02
pg2,2024-05-02,by_mean,-638.6349524223997,By,Mean,2024-05-02,2024-05-03
pg2,2024-05-03,by_mean,-653.7405906030789,By,Mean,2024-05-03,2024-05-04
pg2,2024-05-04,by_mean,-649.544123547674,By,Mean,2024-05-04,2024-05-05
pg2,2024-05-05,by_mean,-647.4407217488395,By,Mean,2024-05-05,2024-05-06
pg2,2024-05-06,by_mean,-655.0103656212502,By,Mean,2024-05-06,2024-05-07
pg2,2024-05-07,by_mean,-660.0496662829488,By,Mean,2024-05-07,2024-05-08
pg2,2024-05-08,by_mean,-663.9937542396834,By,Mean,2024-05-08,2024-05-09
pg2,2024-05-09,by_mean,-659.2790268183904,By,Mean,2024-05-09,2024-05-10
pg2,2024-05-10,by_mean,-586.1688079081453,By,Mean,2024-05-10,2024-05-11
pg2,2024-05-11,by_mean,-706.7892942531709,By,Mean,2024-05-11,2024-05-12
pg2,2024-05-12,by_mean,-606.8707055517672,By,Mean,2024-05-12,2024-05-13
pg2,2024-05-13,by_mean,-653.2975509939702,By,Mean,2024-05-13,2024-05-14
pg2,2024-05-14,by_mean,-661.2582805621602,By,Mean,2024-05-14,2024-05-15
pg2,2024-05-15,by_mean,-651.6071475425252,By,Mean,2024-05-15,2024-05-16
pg2,2024-05-16,by_mean,-677.5376604846861,By,Mean,2024-05-16,2024-05-17
pg2,2024-05-17,by_mean,-637.1648366297609,By,Mean,2024-05-17,2024-05-18
pg2,2024-05-18,by_mean,-671.3963085613416,By,Mean,2024-05-18,2024-05-19
pg2,2024-05-19,by_mean,-661.7100262115496,By,Mean,2024-05-19,2024-05-20
pg2,2024-05-20,by_mean,-664.9934960096052,By,Mean,2024-05-20,2024-05-21
pg2,2024-05-21,by_mean,-661.9550661103602,By,Mean,2024-05-21,2024-05-22
pg2,2024-05-22,by_mean,-659.1545812929654,By,Mean,2024-05-22,2024-05-23
pg2,2024-05-23,by_mean,-658.3722858419356,By,Mean,2024-05-23,2024-05-24
pg2,2024-05-24,by_mean,-669.2395321492885,By,Mean,2024-05-24,2024-05-25
pg2,2024-05-25,by_mean,-660.4652451591652,By,Mean,2024-05-25,2024-05-26
pg2,2024-05-26,by_mean,-659.9772375658142,By,Mean,2024-05-26,2024-05-27
pg2,2024-05-27,by_mean,-662.3053487415209,By,Mean,2024-05-27,2024-05-28
pg2,2024-05-28,by_mean,-662.2209400693995,By,Mean,2024-05-28,2024-05-29
pg2,2024-05-29,by_mean,-658.9469194652985,By,Mean,2024-05-29,2024-05-30
pg2,2024-05-30,by_mean,-648.1964691753402,By,Mean,2024-05-30,2024-05-31
pg2,2024-05-31,by_mean,-659.9653529079616,By,Mean,2024-05-31,2024-06-01
pg2,2024-06-01,by_mean,-661.6949498642279,By,Mean,2024-06-01,2024-06-02
pg2,2024-06-02,by_mean,-660.7592865465416,By,Mean,2024-06-02,2024-06-03
pg2,2024-06-03,by_mean,-666.3418959820326,By,Mean,2024-06-03,2024-06-04
pg2,2024-06-04,by_mean,-665.718402432283,By,Mean,2024-06-04,2024-06-05
pg2,2024-06-05,by_mean,-661.467553234136,By,Mean,2024-06-05,2024-06-06
pg2,2024-06-06,by_mean,-665.8003271236611,By,Mean,2024-06-06,2024-06-07
pg2,2024-06-07,by_mean,-667.4549819579449,By,Mean,2024-06-07,2024-06-08
pg2,2024-06-08,by_mean,-652.8566149123117,By,Mean,2024-06-08,2024-06-09
pg2,2024-06-09,by_mean,-662.3067828992258,By,Mean,2024-06-09,2024-06-10
pg2,2024-06-10,by_mean,-660.9305714151619,By,Mean,2024-06-10,2024-06-11
pg2,2024-06-11,by_mean,-661.6289324427257,By,Mean,2024-06-11,2024-06-12
pg2,2024-06-12,by_mean,-662.3323973480351,By,Mean,2024-06-12,2024-06-13
pg2,2024-06-13,by_mean,-664.5839767305206,By,Mean,2024-06-13,2024-06-14
pg2,2024-06-14,by_mean,-664.5943393275078,By,Mean,2024-06-14,2024-06-15
pg2,2024-06-15,by_mean,-668.6834218764711,By,Mean,2024-06-15,2024-06-16
pg2,2024-06-16,by_mean,-660.2645262984607,By,Mean,2024-06-16,2024-06-17
pg2,2024-06-17,by_mean,-660.9867187113929,By,Mean,2024-06-17,2024-06-18
pg2,2024-06-18,by_mean,-671.1216675118822,By,Mean,2024-06-18,2024-06-19
pg2,2024-06-19,by_mean,-665.8590941594337,By,Mean,2024-06-19,2024-06-20
pg2,2024-06-20,by_mean,-656.9240014107689,By,Mean,2024-06-20,2024-06-21
pg2,2024-06-21,by_mean,-664.1426358807664,By,Mean,2024-06-21,2024-06-22
pg2,2024-06-22,by_mean,-663.2168449468335,By,Mean,2024-06-22,2024-06-23
pg2,2024-06-23,by_mean,-679.8596796153587,By,Mean,2024-06-23,2024-06-24
pg2,2024-06-24,by_mean,-661.6805882352941,By,Mean,2024-06-24,2024-06-25
pg3,2024-01-01,by_mean,-841.6001942310144,By,Mean,2024-01-01,2024-01-02
pg3,2024-01-02,by_mean,-851.4160242070504,By,Mean,2024-01-02,2024-01-03
pg3,2024-01-03,by_mean,-829.3528986513522,By,Mean,2024-01-03,2024-01-04
pg3,2024-01-04,by_mean,-830.2379994824627,By,Mean,2024-01-04,2024-01-05
pg3,2024-01-05,by_mean,-843.013916280162,By,Mean,2024-01-05,2024-01-06
pg3,2024-01-06,by_mean,-834.758842412565,By,Mean,2024-01-06,2024-01-07
pg3,2024-01-07,by_mean,-845.5176951086579,By,Mean,2024-01-07,2024-01-08
pg3,2024-01-08,by_mean,-838.9147058482448,By,Mean,2024-01-08,2024-01-09
pg3,2024-01-09,by_mean,-842.9589628472221,By,Mean,2024-01-09,2024-01-10
pg3,2024-01-10,by_mean,-849.8400275373265,By,Mean,2024-01-10,2024-01-11
pg3,2024-01-11,by_mean,-843.0181205858819,By,Mean,2024-01-11,2024-01-12
pg3,2024-01-12,by_mean,-853.2717638120425,By,Mean,2024-01-12,2024-01-13
pg3,2024-01-13,by_mean,-841.3957597791926,By,Mean,2024-01-13,2024-01-14
pg3,2024-01-14,by_mean,-838.5095692065001,By,Mean,2024-01-14,2024-01-15
pg3,2024-01-15,by_mean,-825.6526312191505,By,Mean,2024-01-15,2024-01-16
pg3,2024-01-16,by_mean,-840.6436506279789,By,Mean,2024-01-16,2024-01-17
pg3,2024-01-17,by_mean,-842.0511777777776,By,Mean,2024-01-17,2024-01-18
pg3,2024-01-18,by_mean,-837.6722801034671,By,Mean,2024-01-18,2024-01-19
pg3,2024-01-19,by_mean,-825.4547804398148,By,Mean,2024-01-19,2024-01-20
pg3,2024-01-20,by_mean,-849.9051343750002,By,Mean,2024-01-20,2024-01-21
pg3,2024-01-21,by_mean,-840.2684565517401,By,Mean,2024-01-21,2024-01-22
pg3,2024-01-22,by_mean,-847.2994795138889,By,Mean,2024-01-22,2024-01-23
pg3,2024-01-23,by_mean,-849.9064490740741,By,Mean,2024-01-23,2024-01-24
pg3,2024-01-24,by_mean,-838.6457725359217,By,Mean,2024-01-24,2024-01-25
pg3,2024-01-25,by_mean,-846.2344859953704,By,Mean,2024-01-25,2024-01-26
pg3,2024-01-26,by_mean,-840.0676275389019,By,Mean,2024-01-26,2024-01-27
pg3,2024-01-27,by_mean,-846.1293877314814,By,Mean,2024-01-27,2024-01-28
pg3,2024-01-28,by_mean,-855.7323643906293,By,Mean,2024-01-28,2024-01-29
pg3,2024-01-29,by_mean,-851.2723719907407,By,Mean,2024-01-29,2024-01-30
pg3,2024-01-30,by_mean,-844.5844150663327,By,Mean,2024-01-30,2024-01-31
pg3,2024-01-31,by_mean,-850.2847971750625,By,Mean,2024-01-31,2024-02-01
pg3,2024-02-01,by_mean,-854.9604931712961,By,Mean,2024-02-01,2024-02-02
pg3,2024-02-02,by_mean,-844.1740658564814,By,Mean,2024-02-02,2024-02-03
pg3,2024-02-03,by_mean,-856.8272250162231,By,Mean,2024-02-03,2024-02-04
pg3,2024-02-04,by_mean,-846.2098719907407,By,Mean,2024-02-04,2024-02-05
pg3,2024-02-05,by_mean,-852.8164102474972,By,Mean,2024-02-05,2024-02-06
pg3,2024-02-06,by_mean,-855.7321534318755,By,Mean,2024-02-06,2024-02-07
pg3,2024-02-07,by_mean,-850.1637491692998,By,Mean,2024-02-07,2024-02-08
pg3,2024-02-08,by_mean,-857.2920445219412,By,Mean,2024-02-08,2024-02-09
pg3,2024-02-09,by_mean,-859.381102491526,By,Mean,2024-02-09,2024-02-10
pg3,2024-02-10,by_mean,-859.0284020666542,By,Mean,2024-02-10,2024-02-11
pg3,2024-02-11,by_mean,-863.3815756898879,By,Mean,2024-02-11,2024-02-12
pg3,2024-02-12,by_mean,-849.3534977698588,By,Mean,2024-02-12,2024-02-13
pg3,2024-02-13,by_mean,-845.2665273884165,By,Mean,2024-02-13,2024-02-14
pg3,2024-02-14,by_mean,-846.7293033681765,By,Mean,2024-02-14,2024-02-15
pg3,2024-02-15,by_mean,-866.6943348204405,By,Mean,2024-02-15,2024-02-16
pg3,2024-02-16,by_mean,-844.5618471856734,By,Mean,2024-02-16,2024-02-17
pg3,2024-02-17,by_mean,-847.1650054398148,By,Mean,2024-02-17,2024-02-18
pg3,2024-02-18,by_mean,-847.8851833468631,By,Mean,2024-02-18,2024-02-19
pg3,2024-02-19,by_mean,-858.7654990546669,By,Mean,2024-02-19,2024-02-20
pg3,2024-02-20,by_mean,-856.1544116898149,By,Mean,2024-02-20,2024-02-21
pg3,2024-02-21,by_mean,-849.404592824074,By,Mean,2024-02-21,2024-02-22
pg3,2024-02-22,by_mean,-861.3191418981481,By,Mean,2024-02-22,2024-02-23
pg3,2024-02-23,by_mean,-856.9174631798677,By,Mean,2024-02-23,2024-02-24
pg3,2024-02-24,by_mean,-850.0975864583334,By,Mean,2024-02-24,2024-02-25
pg3,2024-02-25,by_mean,-857.4890344395596,By,Mean,2024-02-25,2024-02-26
pg3,2024-02-26,by_mean,-844.7274898148148,By,Mean,2024-02-26,2024-02-27
pg3,2024-02-27,by_mean,-840.7492244212963,By,Mean,2024-02-27,2024-02-28
pg3,2024-02-28,by_mean,-848.2443545565146,By,Mean,2024-02-28,2024-02-29
pg3,2024-02-29,by_mean,-859.5739007010022,By,Mean,2024-02-29,2024-03-01
pg3,2024-03-01,by_mean,-843.3438563657407,By,Mean,2024-03-01,2024-03-02
pg3,2024-03-02,by_mean,-851.0095824107028,By,Mean,2024-03-02,2024-03-03
pg3,2024-03-03,by_mean,-843.4113599537037,By,Mean,2024-03-03,2024-03-04
pg3,2024-03-04,by_mean,-840.4508159667861,By,Mean,2024-03-04,2024-03-05
pg3,2024-03-05,by_mean,-857.0269958333333,By,Mean,2024-03-05,2024-03-06
pg3,2024-03-06,by_mean,-855.7625046926053,By,Mean,2024-03-06,2024-03-07
pg3,2024-03-07,by_mean,-858.3002179398148,By,Mean,2024-03-07,2024-03-08
pg3,2024-03-08,by_mean,-835.7505598070591,By,Mean,2024-03-08,2024-03-09
pg3,2024-03-09,by_mean,-851.0174114583334,By,Mean,2024-03-09,2024-03-10
pg3,2024-03-10,by_mean,-861.8984494525231,By,Mean,2024-03-10,2024-03-11
pg3,2024-03-11,by_mean,-858.267390448853,By,Mean,2024-03-11,2024-03-12
pg3,2024-03-12,by_mean,-860.6033930206414,By,Mean,2024-03-12,2024-03-13
pg3,2024-03-13,by_mean,-866.4025498086512,By,Mean,2024-03-13,2024-03-14
pg3,2024-03-14,by_mean,-859.161803718768,By,Mean,2024-03-14,2024-03-15
pg3,2024-03-15,by_mean,-864.2107305555556,By,Mean,2024-03-15,2024-03-16
pg3,2024-03-16,by_mean,-875.2494635416666,By,Mean,2024-03-16,2024-03-17
pg3,2024-03-17,by_mean,-873.9334159722222,By,Mean,2024-03-17,2024-03-18
pg3,2024-03-18,by_mean,-857.4563388592628,By,Mean,2024-03-18,2024-03-19
pg3,2024-03-19,by_mean,-864.7799511036442,By,Mean,2024-03-19,2024-03-20
pg3,2024-03-20,by_mean,-865.4621181118785,By,Mean,2024-03-20,2024-03-21
pg3,2024-03-21,by_mean,-852.4133656879117,By,Mean,2024-03-21,2024-03-22
pg3,2024-03-22,by_mean,-874.6079313943778,By,Mean,2024-03-22,2024-03-23
pg3,2024-03-23,by_mean,-852.2034066392445,By,Mean,2024-03-23,2024-03-24
pg3,2024-03-24,by_mean,-879.568779746718,By,Mean,2024-03-24,2024-03-25
pg3,2024-03-25,by_mean,-870.0327577409255,By,Mean,2024-03-25,2024-03-26
pg3,2024-03-26,by_mean,-858.4189337962962,By,Mean,2024-03-26,2024-03-27
pg3,2024-03-27,by_mean,-867.8301856662414,By,Mean,2024-03-27,2024-03-28
pg3,2024-03-28,by_mean,-875.6397734953705,By,Mean,2024-03-28,2024-03-29
pg3,2024-03-29,by_mean,-878.134221201684,By,Mean,2024-03-29,2024-03-30
pg3,2024-03-30,by_mean,-876.2568837962964,By,Mean,2024-03-30,2024-03-31
pg3,2024-03-31,by_mean,-864.6098179398149,By,Mean,2024-03-31,2024-04-01
pg3,2024-04-01,by_mean,-874.3082815972223,By,Mean,2024-04-01,2024-04-02
pg3,2024-04-02,by_mean,-869.8856145833332,By,Mean,2024-04-02,2024-04-03
pg3,2024-04-03,by_mean,-872.38022665521,By,Mean,2024-04-03,2024-04-04
pg3,2024-04-04,by_mean,-852.2132579861112,By,Mean,2024-04-04,2024-04-05
pg3,2024-04-05,by_mean,-867.7588774858656,By,Mean,2024-04-05,2024-04-06
pg3,2024-04-06,by_mean,-867.3066918981482,By,Mean,2024-04-06,2024-04-07
pg3,2024-04-07,by_mean,-866.6414547076681,By,Mean,2024-04-07,2024-04-08
pg3,2024-04-08,by_mean,-881.241983856919,By,Mean,2024-04-08,2024-04-09
pg3,2024-04-09,by_mean,-877.643268486548,By,Mean,2024-04-09,2024-04-10
pg3,2024-04-10,by_mean,-878.9723743055556,By,Mean,2024-04-10,2024-04-11
pg3,2024-04-11,by_mean,-876.6295343749998,By,Mean,2024-04-11,2024-04-12
pg3,2024-04-12,by_mean,-878.3725582175927,By,Mean,2024-04-12,2024-04-13
pg3,2024-04-13,by_mean,-879.5294751157409,By,Mean,2024-04-13,2024-04-14
pg3,2024-04-14,by_mean,-876.0779122685186,By,Mean,2024-04-14,2024-04-15
pg3,2024-04-15,by_mean,-867.7415405092592,By,Mean,2024-04-15,2024-04-16
pg3,2024-04-16,by_mean,-859.8283958333334,By,Mean,2024-04-16,2024-04-17
pg3,2024-04-17,by_mean,-878.9022578703704,By,Mean,2024-04-17,2024-04-18
pg3,2024-04-18,by_mean,-878.8211885416666,By,Mean,2024-04-18,2024-04-19
pg3,2024-04-19,by_mean,-866.1995437500002,By,Mean,2024-04-19,2024-04-20
pg3,2024-04-20,by_mean,-867.1635950408435,By,Mean,2024-04-20,2024-04-21
pg3,2024-04-21,by_mean,-871.29205625,By,Mean,2024-04-21,2024-04-22
pg3,2024-04-22,by_mean,-877.4706093750001,By,Mean,2024-04-22,2024-04-23
pg3,2024-04-23,by_mean,-867.4802591435185,By,Mean,2024-04-23,2024-04-24
pg3,2024-04-24,by_mean,-878.5021076388888,By,Mean,2024-04-24,2024-04-25
pg3,2024-04-25,by_mean,-875.3006662037037,By,Mean,2024-04-25,2024-04-26
pg3,2024-04-26,by_mean,-879.0739072916667,By,Mean,2024-04-26,2024-04-27
pg3,2024-04-27,by_mean,-857.1473563657407,By,Mean,2024-04-27,2024-04-28
pg3,2024-04-28,by_mean,-872.2284630787038,By,Mean,2024-04-28,2024-04-29
pg3,2024-04-29,by_mean,-881.1078383101852,By,Mean,2024-04-29,2024-04-30
pg3,2024-04-30,by_mean,-856.5022687234881,By,Mean,2024-04-30,2024-05-01
pg3,2024-05-01,by_mean,-877.2829636574074,By,Mean,2024-05-01,2024-05-02
pg3,2024-05-02,by_mean,-862.1299711805556,By,Mean,2024-05-02,2024-05-03
pg3,2024-05-03,by_mean,-878.8038966435183,By,Mean,2024-05-03,2024-05-04
pg3,2024-05-04,by_mean,-878.1078791666665,By,Mean,2024-05-04,2024-05-05
pg3,2024-05-05,by_mean,-874.259023263889,By,Mean,2024-05-05,2024-05-06
pg3,2024-05-06,by_mean,-881.8823959490742,By,Mean,2024-05-06,2024-05-07
pg3,2024-05-07,by_mean,-886.5822671296296,By,Mean,2024-05-07,2024-05-08
pg3,2024-05-08,by_mean,-889.6430370370371,By,Mean,2024-05-08,2024-05-09
pg3,2024-05-09,by_mean,-885.5382087962962,By,Mean,2024-05-09,2024-05-10
pg3,2024-05-10,by_mean,-810.960275925926,By,Mean,2024-05-10,2024-05-11
pg3,2024-05-11,by_mean,-913.7179766203705,By,Mean,2024-05-11,2024-05-12
pg3,2024-05-12,by_mean,-833.3283778935185,By,Mean,2024-05-12,2024-05-13
pg3,2024-05-13,by_mean,-871.9138703703704,By,Mean,2024-05-13,2024-05-14
pg3,2024-05-14,by_mean,-880.6692733796297,By,Mean,2024-05-14,2024-05-15
pg3,2024-05-15,by_mean,-871.6005097222223,By,Mean,2024-05-15,2024-05-16
pg3,2024-05-16,by_mean,-898.0309983796296,By,Mean,2024-05-16,2024-05-17
pg3,2024-05-17,by_mean,-862.2812574074075,By,Mean,2024-05-17,2024-05-18
pg3,2024-05-18,by_mean,-888.576379050926,By,Mean,2024-05-18,2024-05-19
pg3,2024-05-19,by_mean,-885.5860909722221,By,Mean,2024-05-19,2024-05-20
pg3,2024-05-20,by_mean,-886.4787302194553,By,Mean,2024-05-20,2024-05-21
pg3,2024-05-21,by_mean,-882.8672502314813,By,Mean,2024-05-21,2024-05-22
pg3,2024-05-22,by_mean,-879.8733631944444,By,Mean,2024-05-22,2024-05-23
pg3,2024-05-23,by_mean,-875.6831630346113,By,Mean,2024-05-23,2024-05-24
pg3,2024-05-24,by_mean,-883.434934766738,By,Mean,2024-05-24,2024-05-25
pg3,2024-05-25,by_mean,-879.8018840238913,By,Mean,2024-05-25,2024-05-26
pg3,2024-05-26,by_mean,-878.2738289757144,By,Mean,2024-05-26,2024-05-27
pg3,2024-05-27,by_mean,-881.4939255031187,By,Mean,2024-05-27,2024-05-28
pg3,2024-05-28,by_mean,-883.8702109803279,By,Mean,2024-05-28,2024-05-29
pg3,2024-05-29,by_mean,-883.9274542824076,By,Mean,2024-05-29,2024-05-30
pg3,2024-05-30,by_mean,-872.4579328703704,By,Mean,2024-05-30,2024-05-31
pg3,2024-05-31,by_mean,-881.2649225694445,By,Mean,2024-05-31,2024-06-01
pg3,2024-06-01,by_mean,-884.5346540509257,By,Mean,2024-06-01,2024-06-02
pg3,2024-06-02,by_mean,-885.8487133101853,By,Mean,2024-06-02,2024-06-03
pg3,2024-06-03,by_mean,-889.4864472222222,By,Mean,2024-06-03,2024-06-04
pg3,2024-06-04,by_mean,-887.8147569444444,By,Mean,2024-06-04,2024-06-05
pg3,2024-06-05,by_mean,-887.3367563657407,By,Mean,2024-06-05,2024-06-06
pg3,2024-06-06,by_mean,-885.2403621527778,By,Mean,2024-06-06,2024-06-07
pg3,2024-06-07,by_mean,-883.5000717592593,By,Mean,2024-06-07,2024-06-08
pg3,2024-06-08,by_mean,-874.6548353009259,By,Mean,2024-06-08,2024-06-09
pg3,2024-06-09,by_mean,-884.7190596064814,By,Mean,2024-06-09,2024-06-10
pg3,2024-06-10,by_mean,-885.2142877314814,By,Mean,2024-06-10,2024-06-11
pg3,2024-06-11,by_mean,-882.6672663194445,By,Mean,2024-06-11,2024-06-12
pg3,2024-06-12,by_mean,-883.8909695601851,By,Mean,2024-06-12,2024-06-13
pg3,2024-06-13,by_mean,-884.5518495370371,By,Mean,2024-06-13,2024-06-14
pg3,2024-06-14,by_mean,-882.5312525462963,By,Mean,2024-06-14,2024-06-15
pg3,2024-06-15,by_mean,-885.4358347222222,By,Mean,2024-06-15,2024-06-16
pg3,2024-06-16,by_mean,-879.8798701388889,By,Mean,2024-06-16,2024-06-17
pg3,2024-06-17,by_mean,-883.0129773148147,By,Mean,2024-06-17,2024-06-18
pg3,2024-06-18,by_mean,-891.5733391203704,By,Mean,2024-06-18,2024-06-19
pg3,2024-06-19,by_mean,-889.4969591435184,By,Mean,2024-06-19,2024-06-20
pg3,2024-06-20,by_mean,-879.9815828703703,By,Mean,2024-06-20,2024-06-21
pg3,2024-06-21,by_mean,-886.617752199074,By,Mean,2024-06-21,2024-06-22
pg3,2024-06-22,by_mean,-886.9861053240741,By,Mean,2024-06-22,2024-06-23
pg3,2024-06-23,by_mean,-883.9146383101852,By,Mean,2024-06-23,2024-06-24
pg3,2024-06-24,by_mean,-889.7793243055556,By,Mean,2024-06-24,2024-06-25
pg3,2024-06-25,by_mean,-894.9430467592593,By,Mean,2024-06-25,2024-06-26
pg3,2024-06-26,by_mean,-890.3450530092592,By,Mean,2024-06-26,2024-06-27
pg3,2024-06-27,by_mean,-880.2405616898149,By,Mean,2024-06-27,2024-06-28
pg3,2024-06-28,by_mean,-889.2391887731482,By,Mean,2024-06-28,2024-06-29
pg3,2024-06-29,by_mean,-881.9581425925927,By,Mean,2024-06-29,2024-06-30
pg3,2024-06-30,by_mean,-887.1624451388888,By,Mean,2024-06-30,2024-07-01
pg3,2024-07-01,by_mean,-888.5274188657409,By,Mean,2024-07-01,2024-07-02
pg3,2024-07-02,by_mean,-885.9398025462963,By,Mean,2024-07-02,2024-07-03
pg3,2024-07-03,by_mean,-887.8437863359837,By,Mean,2024-07-03,2024-07-04
pg3,2024-07-04,by_mean,-884.2473781902552,By,Mean,2024-07-04,2024-07-05
pg3,2024-07-05,by_mean,-879.8931818181819,By,Mean,2024-07-05,2024-07-06
pg3,2024-10-19,by_mean,-733.3036377245509,By,Mean,2024-10-19,2024-10-20
pg3,2024-10-20,by_mean,-883.5972870359923,By,Mean,2024-10-20,2024-10-21
pg3,2024-10-21,by_mean,-896.4817307870369,By,Mean,2024-10-21,2024-10-22
pg3,2024-10-22,by_mean,-910.7831424768516,By,Mean,2024-10-22,2024-10-23
pg3,2024-10-23,by_mean,-908.9670145833334,By,Mean,2024-10-23,2024-10-24
pg3,2024-10-24,by_mean,-884.1758717592592,By,Mean,2024-10-24,2024-10-25
pg3,2024-10-25,by_mean,-904.32019375,By,Mean,2024-10-25,2024-10-26
pg3,2024-10-26,by_mean,-899.634144212963,By,Mean,2024-10-26,2024-10-27
pg3,2024-10-27,by_mean,-923.3078797453704,By,Mean,2024-10-27,2024-10-28
pg3,2024-10-28,by_mean,-921.5853625,By,Mean,2024-10-28,2024-10-29
pg3,2024-10-29,by_mean,-896.0108907407408,By,Mean,2024-10-29,2024-10-30
pg3,2024-10-30,by_mean,-910.1675276620372,By,Mean,2024-10-30,2024-10-31
pg3,2024-10-31,by_mean,-892.4564810185186,By,Mean,2024-10-31,2024-11-01
pg3,2024-11-01,by_mean,-903.1219166666668,By,Mean,2024-11-01,2024-11-02
pg3,2024-11-02,by_mean,-910.0719675925926,By,Mean,2024-11-02,2024-11-03
pg3,2024-11-03,by_mean,-888.2578378472222,By,Mean,2024-11-03,2024-11-04
pg3,2024-11-04,by_mean,-895.6412642361112,By,Mean,2024-11-04,2024-11-05
pg3,2024-11-05,by_mean,-902.18024375,By,Mean,2024-11-05,2024-11-06
pg3,2024-11-06,by_mean,-907.9417609953704,By,Mean,2024-11-06,2024-11-07
pg3,2024-11-07,by_mean,-888.764276736111,By,Mean,2024-11-07,2024-11-08
pg3,2024-11-08,by_mean,-869.5084249999999,By,Mean,2024-11-08,2024-11-09
pg3,2024-11-09,by_mean,-920.3592395833332,By,Mean,2024-11-09,2024-11-10
pg3,2024-11-10,by_mean,-892.3436403935185,By,Mean,2024-11-10,2024-11-11
pg3,2024-11-11,by_mean,-891.7214353514622,By,Mean,2024-11-11,2024-11-12
pg3,2024-12-12,by_mean,-908.9074208399704,By,Mean,2024-12-12,2024-12-13
pg3,2024-12-13,by_mean,-914.8002138104324,By,Mean,2024-12-13,2024-12-14
pg3,2024-12-14,by_mean,-895.9428020112696,By,Mean,2024-12-14,2024-12-15
pg3,2024-12-15,by_mean,-893.3018373574664,By,Mean,2024-12-15,2024-12-16
pg3,2024-12-16,by_mean,-901.121721656926,By,Mean,2024-12-16,2024-12-17
pg3,2024-12-17,by_mean,-867.623820237804,By,Mean,2024-12-17,2024-12-18
pg3,2024-12-18,by_mean,-910.4556945807052,By,Mean,2024-12-18,2024-12-19
pg3,2024-12-19,by_mean,-880.9148394245271,By,Mean,2024-12-19,2024-12-20
pg3,2024-12-20,by_mean,-894.6326219964745,By,Mean,2024-12-20,2024-12-21
pg3,2024-12-21,by_mean,-899.2998847222221,By,Mean,2024-12-21,2024-12-22
pg3,2024-12-22,by_mean,-932.2896804398148,By,Mean,2024-12-22,2024-12-23
pg3,2024-12-23,by_mean,-885.4448927312368,By,Mean,2024-12-23,2024-12-24
pg3,2024-12-24,by_mean,-912.2902688140896,By,Mean,2024-12-24,2024-12-25
pg3,2024-12-25,by_mean,-898.863066183116,By,Mean,2024-12-25,2024-12-26
pg3,2024-12-26,by_mean,-903.2698872533668,By,Mean,2024-12-26,2024-12-27
pg3,2024-12-27,by_mean,-909.2337392585034,By,Mean,2024-12-27,2024-12-28
pg3,2024-12-28,by_mean,-907.9919363425928,By,Mean,2024-12-28,2024-12-29
pg3,2024-12-29,by_mean,-902.9088090518092,By,Mean,2024-12-29,2024-12-30
pg3,2024-12-30,by_mean,-914.5985104129076,By,Mean,2024-12-30,2024-12-31
pg3,2024-12-31,by_mean,-879.3145210648149,By,Mean,2024-12-31,2025-01-01
pg4,2024-01-01,by_mean,-585.5202817276826,By,Mean,2024-01-01,2024-01-02
pg4,2024-01-02,by_mean,-582.8817505467914,By,Mean,2024-01-02,2024-01-03
pg4,2024-01-03,by_mean,-568.5046812313336,By,Mean,2024-01-03,2024-01-04
pg4,2024-01-04,by_mean,-562.7645891080366,By,Mean,2024-01-04,2024-01-05
pg4,2024-01-05,by_mean,-580.4486867202107,By,Mean,2024-01-05,2024-01-06
pg4,2024-01-06,by_mean,-575.948868847696,By,Mean,2024-01-06,2024-01-07
pg4,2024-01-07,by_mean,-578.906729050926,By,Mean,2024-01-07,2024-01-08
pg4,2024-01-08,by_mean,-577.5745034722222,By,Mean,2024-01-08,2024-01-09
pg4,2024-01-09,by_mean,-583.3411402777778,By,Mean,2024-01-09,2024-01-10
pg4,2024-01-10,by_mean,-588.0732580585359,By,Mean,2024-01-10,2024-01-11
pg4,2024-01-11,by_mean,-584.7493165017496,By,Mean,2024-01-11,2024-01-12
pg4,2024-01-12,by_mean,-591.9225045138888,By,Mean,2024-01-12,2024-01-13
pg4,2024-01-13,by_mean,-586.5308804398148,By,Mean,2024-01-13,2024-01-14
pg4,2024-01-14,by_mean,-586.5381895901725,By,Mean,2024-01-14,2024-01-15
pg4,2024-01-15,by_mean,-575.7652109981098,By,Mean,2024-01-15,2024-01-16
pg4,2024-01-16,by_mean,-583.8569552259576,By,Mean,2024-01-16,2024-01-17
pg4,2024-01-17,by_mean,-585.090520077014,By,Mean,2024-01-17,2024-01-18
pg4,2024-01-18,by_mean,-582.5290591435185,By,Mean,2024-01-18,2024-01-19
pg4,2024-01-19,by_mean,-579.4809785879629,By,Mean,2024-01-19,2024-01-20
pg4,2024-01-20,by_mean,-597.1602118055556,By,Mean,2024-01-20,2024-01-21
pg4,2024-01-21,by_mean,-583.2102091347268,By,Mean,2024-01-21,2024-01-22
pg4,2024-01-22,by_mean,-592.1602507277134,By,Mean,2024-01-22,2024-01-23
pg4,2024-01-23,by_mean,-595.7556907489601,By,Mean,2024-01-23,2024-01-24
pg4,2024-01-24,by_mean,-585.4076418981481,By,Mean,2024-01-24,2024-01-25
pg4,2024-01-25,by_mean,-590.3154486413767,By,Mean,2024-01-25,2024-01-26
pg4,2024-01-26,by_mean,-590.529680787037,By,Mean,2024-01-26,2024-01-27
pg4,2024-01-27,by_mean,-589.1667798611111,By,Mean,2024-01-27,2024-01-28
pg4,2024-01-28,by_mean,-606.4501208333334,By,Mean,2024-01-28,2024-01-29
pg4,2024-01-29,by_mean,-594.0916633101851,By,Mean,2024-01-29,2024-01-30
pg4,2024-01-30,by_mean,-592.1713894675926,By,Mean,2024-01-30,2024-01-31
pg4,2024-01-31,by_mean,-596.9881811342593,By,Mean,2024-01-31,2024-02-01
pg4,2024-02-01,by_mean,-597.2065363425926,By,Mean,2024-02-01,2024-02-02
pg4,2024-02-02,by_mean,-585.0913476851853,By,Mean,2024-02-02,2024-02-03
pg4,2024-02-03,by_mean,-596.1376416221168,By,Mean,2024-02-03,2024-02-04
pg4,2024-02-04,by_mean,-597.5160288194445,By,Mean,2024-02-04,2024-02-05
pg4,2024-02-05,by_mean,-598.9053098689552,By,Mean,2024-02-05,2024-02-06
pg4,2024-02-06,by_mean,-593.4593085569127,By,Mean,2024-02-06,2024-02-07
pg4,2024-02-07,by_mean,-589.0974556082111,By,Mean,2024-02-07,2024-02-08
pg4,2024-02-08,by_mean,-592.2643560416545,By,Mean,2024-02-08,2024-02-09
pg4,2024-02-09,by_mean,-596.5524886353095,By,Mean,2024-02-09,2024-02-10
pg4,2024-02-10,by_mean,-598.5983579057349,By,Mean,2024-02-10,2024-02-11
pg4,2024-02-11,by_mean,-592.7656260838193,By,Mean,2024-02-11,2024-02-12
pg4,2024-02-12,by_mean,-581.6539449455965,By,Mean,2024-02-12,2024-02-13
pg4,2024-02-13,by_mean,-591.1835864496876,By,Mean,2024-02-13,2024-02-14
pg4,2024-02-14,by_mean,-587.5150742931669,By,Mean,2024-02-14,2024-02-15
pg4,2024-02-15,by_mean,-603.1801525724835,By,Mean,2024-02-15,2024-02-16
pg4,2024-02-16,by_mean,-585.495765586035,By,Mean,2024-02-16,2024-02-17
pg4,2024-02-17,by_mean,-587.2974241844391,By,Mean,2024-02-17,2024-02-18
pg4,2024-02-18,by_mean,-585.6541417819577,By,Mean,2024-02-18,2024-02-19
pg4,2024-02-19,by_mean,-599.1435077465442,By,Mean,2024-02-19,2024-02-20
pg4,2024-02-20,by_mean,-590.8721779883906,By,Mean,2024-02-20,2024-02-21
pg4,2024-02-21,by_mean,-595.7385448560468,By,Mean,2024-02-21,2024-02-22
pg4,2024-02-22,by_mean,-606.6158939393939,By,Mean,2024-02-22,2024-02-23
pg4,2024-02-23,by_mean,-606.7432833333334,By,Mean,2024-02-23,2024-02-24
pg4,2024-02-24,by_mean,-608.1949726190477,By,Mean,2024-02-24,2024-02-25
pg4,2024-02-25,by_mean,-575.796423148148,By,Mean,2024-02-25,2024-02-26
pg4,2024-02-26,by_mean,-581.4895832116077,By,Mean,2024-02-26,2024-02-27
pg4,2024-02-27,by_mean,-600.7673990740741,By,Mean,2024-02-27,2024-02-28
pg4,2024-02-28,by_mean,-592.078174074074,By,Mean,2024-02-28,2024-02-29
pg4,2024-02-29,by_mean,-599.5272536394177,By,Mean,2024-02-29,2024-03-01
pg4,2024-03-01,by_mean,-585.1492962962964,By,Mean,2024-03-01,2024-03-02
pg4,2024-03-02,by_mean,-584.8967787037037,By,Mean,2024-03-02,2024-03-03
pg4,2024-03-03,by_mean,-610.3069546296296,By,Mean,2024-03-03,2024-03-04
pg4,2024-03-04,by_mean,-593.9596253091316,By,Mean,2024-03-04,2024-03-05
pg4,2024-03-05,by_mean,-596.6157416666666,By,Mean,2024-03-05,2024-03-06
pg4,2024-03-06,by_mean,-590.7154838888889,By,Mean,2024-03-06,2024-03-07
pg4,2024-03-07,by_mean,-598.8263805555556,By,Mean,2024-03-07,2024-03-08
pg4,2024-03-08,by_mean,-564.2240183333333,By,Mean,2024-03-08,2024-03-09
pg4,2024-03-09,by_mean,-588.2788755555555,By,Mean,2024-03-09,2024-03-10
pg4,2024-03-10,by_mean,-568.1355575254269,By,Mean,2024-03-10,2024-03-11
pg4,2024-03-11,by_mean,-555.3438936031332,By,Mean,2024-03-11,2024-03-12
pg4,2024-03-12,by_mean,-576.2816922718808,By,Mean,2024-03-12,2024-03-13
pg4,2024-03-13,by_mean,-562.7874023148148,By,Mean,2024-03-13,2024-03-14
pg4,2024-03-14,by_mean,-556.6333955555556,By,Mean,2024-03-14,2024-03-15
pg4,2024-03-15,by_mean,-549.506275,By,Mean,2024-03-15,2024-03-16
pg4,2024-03-16,by_mean,-558.0593142857142,By,Mean,2024-03-16,2024-03-17
pg4,2024-03-17,by_mean,-550.9363821428572,By,Mean,2024-03-17,2024-03-18
pg4,2024-03-18,by_mean,-553.8751590277777,By,Mean,2024-03-18,2024-03-19
pg4,2024-03-19,by_mean,-550.690155360642,By,Mean,2024-03-19,2024-03-20
pg4,2024-03-20,by_mean,-549.6497784722222,By,Mean,2024-03-20,2024-03-21
pg4,2024-03-21,by_mean,-559.3860945838837,By,Mean,2024-03-21,2024-03-22
pg4,2024-03-22,by_mean,-547.5267648148149,By,Mean,2024-03-22,2024-03-23
pg4,2024-03-23,by_mean,-538.3462340277778,By,Mean,2024-03-23,2024-03-24
pg4,2024-03-24,by_mean,-555.9035661111111,By,Mean,2024-03-24,2024-03-25
pg4,2024-03-25,by_mean,-562.0747238888889,By,Mean,2024-03-25,2024-03-26
pg4,2024-03-26,by_mean,-540.6588069444444,By,Mean,2024-03-26,2024-03-27
pg4,2024-03-27,by_mean,-540.7432938888888,By,Mean,2024-03-27,2024-03-28
pg4,2024-03-28,by_mean,-542.5893694444444,By,Mean,2024-03-28,2024-03-29
pg4,2024-03-29,by_mean,-543.7939194444444,By,Mean,2024-03-29,2024-03-30
pg4,2024-03-30,by_mean,-539.1169313492063,By,Mean,2024-03-30,2024-03-31
pg4,2024-03-31,by_mean,-537.6560652777778,By,Mean,2024-03-31,2024-04-01
pg4,2024-04-01,by_mean,-516.0944955555556,By,Mean,2024-04-01,2024-04-02
pg4,2024-04-02,by_mean,-533.2694291666668,By,Mean,2024-04-02,2024-04-03
pg4,2024-04-03,by_mean,-531.2509199074074,By,Mean,2024-04-03,2024-04-04
pg4,2024-04-04,by_mean,-528.5141050000001,By,Mean,2024-04-04,2024-04-05
pg4,2024-04-05,by_mean,-514.6983705555556,By,Mean,2024-04-05,2024-04-06
pg4,2024-04-06,by_mean,-526.0792217592593,By,Mean,2024-04-06,2024-04-07
pg4,2024-04-07,by_mean,-513.5434189814814,By,Mean,2024-04-07,2024-04-08
pg4,2024-04-08,by_mean,-523.3393768496286,By,Mean,2024-04-08,2024-04-09
pg4,2024-04-09,by_mean,-528.3225966666666,By,Mean,2024-04-09,2024-04-10
pg4,2024-04-10,by_mean,-517.6720722222223,By,Mean,2024-04-10,2024-04-11
pg4,2024-04-30,by_mean,-471.06938888888885,By,Mean,2024-04-30,2024-05-01
pg4,2024-05-01,by_mean,-518.8618609953703,By,Mean,2024-05-01,2024-05-02
pg4,2024-05-02,by_mean,-499.900390625,By,Mean,2024-05-02,2024-05-03
pg4,2024-05-03,by_mean,-516.206982175926,By,Mean,2024-05-03,2024-05-04
pg4,2024-05-04,by_mean,-516.5892420138888,By,Mean,2024-05-04,2024-05-05
pg4,2024-05-05,by_mean,-509.6266157407408,By,Mean,2024-05-05,2024-05-06
pg4,2024-05-06,by_mean,-516.448193287037,By,Mean,2024-05-06,2024-05-07
pg4,2024-05-07,by_mean,-518.285150462963,By,Mean,2024-05-07,2024-05-08
pg4,2024-05-08,by_mean,-521.2161868055556,By,Mean,2024-05-08,2024-05-09
pg4,2024-05-09,by_mean,-518.8273057870371,By,Mean,2024-05-09,2024-05-10
pg4,2024-05-10,by_mean,-439.1387581018519,By,Mean,2024-05-10,2024-05-11
pg4,2024-05-11,by_mean,-510.4232489583333,By,Mean,2024-05-11,2024-05-12
pg4,2024-05-12,by_mean,-468.75687546296297,By,Mean,2024-05-12,2024-05-13
pg4,2024-05-13,by_mean,-504.69768865740735,By,Mean,2024-05-13,2024-05-14
pg4,2024-05-14,by_mean,-516.527290625,By,Mean,2024-05-14,2024-05-15
pg4,2024-05-15,by_mean,-504.8542078703704,By,Mean,2024-05-15,2024-05-16
pg4,2024-05-16,by_mean,-515.8641101851852,By,Mean,2024-05-16,2024-05-17
pg4,2024-05-17,by_mean,-501.4789130787037,By,Mean,2024-05-17,2024-05-18
pg4,2024-05-18,by_mean,-511.1026743055556,By,Mean,2024-05-18,2024-05-19
pg4,2024-05-19,by_mean,-524.6944351851852,By,Mean,2024-05-19,2024-05-20
pg4,2024-05-20,by_mean,-523.0553283564815,By,Mean,2024-05-20,2024-05-21
pg4,2024-05-21,by_mean,-520.4108847222222,By,Mean,2024-05-21,2024-05-22
pg4,2024-05-22,by_mean,-521.970933912037,By,Mean,2024-05-22,2024-05-23
pg4,2024-05-23,by_mean,-521.5837252571855,By,Mean,2024-05-23,2024-05-24
pg4,2024-05-24,by_mean,-518.9499984710559,By,Mean,2024-05-24,2024-05-25
pg4,2024-05-25,by_mean,-527.3534714057283,By,Mean,2024-05-25,2024-05-26
pg4,2024-05-26,by_mean,-525.74595325519,By,Mean,2024-05-26,2024-05-27
pg4,2024-05-27,by_mean,-532.6019743985303,By,Mean,2024-05-27,2024-05-28
pg4,2024-05-28,by_mean,-536.0173077327231,By,Mean,2024-05-28,2024-05-29
pg4,2024-05-29,by_mean,-543.3151931712963,By,Mean,2024-05-29,2024-05-30
pg4,2024-05-30,by_mean,-537.0887101851852,By,Mean,2024-05-30,2024-05-31
pg4,2024-05-31,by_mean,-533.5541572916667,By,Mean,2024-05-31,2024-06-01
pg4,2024-06-01,by_mean,-538.0162775462964,By,Mean,2024-06-01,2024-06-02
pg4,2024-06-02,by_mean,-543.9066049768519,By,Mean,2024-06-02,2024-06-03
pg4,2024-06-03,by_mean,-548.0793226851852,By,Mean,2024-06-03,2024-06-04
pg4,2024-06-04,by_mean,-544.6880714120371,By,Mean,2024-06-04,2024-06-05
pg4,2024-06-05,by_mean,-551.3062081018518,By,Mean,2024-06-05,2024-06-06
pg4,2024-06-06,by_mean,-542.6951006944445,By,Mean,2024-06-06,2024-06-07
pg4,2024-06-07,by_mean,-533.9138527777778,By,Mean,2024-06-07,2024-06-08
pg4,2024-06-08,by_mean,-541.0020012731482,By,Mean,2024-06-08,2024-06-09
pg4,2024-06-09,by_mean,-551.329742361111,By,Mean,2024-06-09,2024-06-10
pg4,2024-06-10,by_mean,-559.3442611111111,By,Mean,2024-06-10,2024-06-11
pg4,2024-06-11,by_mean,-552.895167361111,By,Mean,2024-06-11,2024-06-12
pg4,2024-06-12,by_mean,-556.7061185185186,By,Mean,2024-06-12,2024-06-13
pg4,2024-06-13,by_mean,-557.4566546296296,By,Mean,2024-06-13,2024-06-14
pg4,2024-06-14,by_mean,-555.1520575231481,By,Mean,2024-06-14,2024-06-15
pg4,2024-06-15,by_mean,-551.3032226851852,By,Mean,2024-06-15,2024-06-16
pg4,2024-06-16,by_mean,-553.3005233796296,By,Mean,2024-06-16,2024-06-17
pg4,2024-06-17,by_mean,-559.9369258101852,By,Mean,2024-06-17,2024-06-18
pg4,2024-06-18,by_mean,-562.1519064814814,By,Mean,2024-06-18,2024-06-19
pg4,2024-06-19,by_mean,-555.8801324074074,By,Mean,2024-06-19,2024-06-20
pg4,2024-06-20,by_mean,-557.2246783564815,By,Mean,2024-06-20,2024-06-21
pg4,2024-06-21,by_mean,-559.2831696759259,By,Mean,2024-06-21,2024-06-22
pg4,2024-06-22,by_mean,-561.9057324074073,By,Mean,2024-06-22,2024-06-23
pg4,2024-06-23,by_mean,-556.8776292824074,By,Mean,2024-06-23,2024-06-24
pg4,2024-06-24,by_mean,-563.8672738425926,By,Mean,2024-06-24,2024-06-25
pg4,2024-06-25,by_mean,-562.0935244212964,By,Mean,2024-06-25,2024-06-26
pg4,2024-06-26,by_mean,-555.8108396990741,By,Mean,2024-06-26,2024-06-27
pg4,2024-06-27,by_mean,-559.3355292824074,By,Mean,2024-06-27,2024-06-28
pg4,2024-06-28,by_mean,-563.991990162037,By,Mean,2024-06-28,2024-06-29
pg4,2024-06-29,by_mean,-562.7598572916667,By,Mean,2024-06-29,2024-06-30
pg4,2024-06-30,by_mean,-569.1847135416666,By,Mean,2024-06-30,2024-07-01
pg4,2024-07-01,by_mean,-566.1776420138889,By,Mean,2024-07-01,2024-07-02
pg4,2024-07-02,by_mean,-568.8508041666668,By,Mean,2024-07-02,2024-07-03
pg4,2024-07-03,by_mean,-567.6606782505285,By,Mean,2024-07-03,2024-07-04
pg4,2024-07-04,by_mean,-561.2388888888889,By,Mean,2024-07-04,2024-07-05
pg4,2024-07-05,by_mean,-544.938,By,Mean,2024-07-05,2024-07-06
pg4,2024-10-20,by_mean,-564.2671784089933,By,Mean,2024-10-20,2024-10-21
pg4,2024-10-21,by_mean,-586.5820966410655,By,Mean,2024-10-21,2024-10-22
pg4,2024-10-22,by_mean,-600.0498021990741,By,Mean,2024-10-22,2024-10-23
pg4,2024-10-23,by_mean,-597.173508449074,By,Mean,2024-10-23,2024-10-24
pg4,2024-10-24,by_mean,-571.5223622685186,By,Mean,2024-10-24,2024-10-25
pg4,2024-10-25,by_mean,-593.4193929398149,By,Mean,2024-10-25,2024-10-26
pg4,2024-10-26,by_mean,-589.5281707175926,By,Mean,2024-10-26,2024-10-27
pg4,2024-10-27,by_mean,-609.6115255787038,By,Mean,2024-10-27,2024-10-28
pg4,2024-10-28,by_mean,-593.9842847222222,By,Mean,2024-10-28,2024-10-29
pg4,2024-10-29,by_mean,-573.8948445601852,By,Mean,2024-10-29,2024-10-30
pg4,2024-10-30,by_mean,-577.4229616898148,By,Mean,2024-10-30,2024-10-31
pg4,2024-10-31,by_mean,-570.8755736111111,By,Mean,2024-10-31,2024-11-01
pg4,2024-11-01,by_mean,-577.4475637731481,By,Mean,2024-11-01,2024-11-02
pg4,2024-11-02,by_mean,-571.6897704861111,By,Mean,2024-11-02,2024-11-03
pg4,2024-11-03,by_mean,-558.8754679398149,By,Mean,2024-11-03,2024-11-04
pg4,2024-11-04,by_mean,-564.022109837963,By,Mean,2024-11-04,2024-11-05
pg4,2024-11-05,by_mean,-579.8040024305556,By,Mean,2024-11-05,2024-11-06
pg4,2024-11-06,by_mean,-569.7991903935185,By,Mean,2024-11-06,2024-11-07
pg4,2024-11-07,by_mean,-554.8478511574075,By,Mean,2024-11-07,2024-11-08
pg4,2024-11-08,by_mean,-543.613064699074,By,Mean,2024-11-08,2024-11-09
pg4,2024-11-09,by_mean,-572.704908912037,By,Mean,2024-11-09,2024-11-10
pg4,2024-11-10,by_mean,-544.0298403935185,By,Mean,2024-11-10,2024-11-11
pg4,2024-11-11,by_mean,-549.9903401209889,By,Mean,2024-11-11,2024-11-12
pg4,2024-11-12,by_mean,-553.6483552083333,By,Mean,2024-11-12,2024-11-13
pg4,2024-11-13,by_mean,-557.0048034970082,By,Mean,2024-11-13,2024-11-14
pg4,2024-11-14,by_mean,-538.6312525734226,By,Mean,2024-11-14,2024-11-15
pg4,2024-11-15,by_mean,-533.1149903167075,By,Mean,2024-11-15,2024-11-16
pg4,2024-11-16,by_mean,-529.6520464431118,By,Mean,2024-11-16,2024-11-17
pg4,2024-11-17,by_mean,-552.484473231713,By,Mean,2024-11-17,2024-11-18
pg4,2024-11-18,by_mean,-552.0094046220589,By,Mean,2024-11-18,2024-11-19
pg4,2024-11-19,by_mean,-557.8332630052774,By,Mean,2024-11-19,2024-11-20
pg4,2024-11-20,by_mean,-546.8209163194444,By,Mean,2024-11-20,2024-11-21
pg4,2024-11-21,by_mean,-539.4739652777778,By,Mean,2024-11-21,2024-11-22
pg4,2024-11-22,by_mean,-548.4592347222223,By,Mean,2024-11-22,2024-11-23
pg4,2024-11-23,by_mean,-540.6404943287037,By,Mean,2024-11-23,2024-11-24
pg4,2024-11-24,by_mean,-538.5427530092593,By,Mean,2024-11-24,2024-11-25
pg4,2024-11-25,by_mean,-529.881393287037,By,Mean,2024-11-25,2024-11-26
pg4,2024-11-26,by_mean,-535.2341145887854,By,Mean,2024-11-26,2024-11-27
pg4,2024-11-27,by_mean,-538.2801758650771,By,Mean,2024-11-27,2024-11-28
pg4,2024-11-28,by_mean,-539.3248105668455,By,Mean,2024-11-28,2024-11-29
pg4,2024-11-29,by_mean,-539.8411741423266,By,Mean,2024-11-29,2024-11-30
pg4,2024-11-30,by_mean,-530.546588920945,By,Mean,2024-11-30,2024-12-01
pg4,2024-12-01,by_mean,-538.9459589120371,By,Mean,2024-12-01,2024-12-02
pg4,2024-12-02,by_mean,-545.0094116898148,By,Mean,2024-12-02,2024-12-03
pg4,2024-12-03,by_mean,-540.9511810185186,By,Mean,2024-12-03,2024-12-04
pg4,2024-12-04,by_mean,-541.2138896990741,By,Mean,2024-12-04,2024-12-05
pg4,2024-12-05,by_mean,-540.4732836805556,By,Mean,2024-12-05,2024-12-06
pg4,2024-12-06,by_mean,-541.367821412037,By,Mean,2024-12-06,2024-12-07
pg4,2024-12-07,by_mean,-544.9497278935186,By,Mean,2024-12-07,2024-12-08
pg4,2024-12-08,by_mean,-547.9222375,By,Mean,2024-12-08,2024-12-09
pg4,2024-12-09,by_mean,-533.0653268518519,By,Mean,2024-12-09,2024-12-10
pg4,2024-12-10,by_mean,-547.154611574074,By,Mean,2024-12-10,2024-12-11
pg4,2024-12-11,by_mean,-536.9028658564815,By,Mean,2024-12-11,2024-12-12
pg4,2024-12-12,by_mean,-549.425104339454,By,Mean,2024-12-12,2024-12-13
pg4,2024-12-13,by_mean,-563.0540716521738,By,Mean,2024-12-13,2024-12-14
pg4,2024-12-14,by_mean,-553.0496050925925,By,Mean,2024-12-14,2024-12-15
pg4,2024-12-15,by_mean,-547.6653412187627,By,Mean,2024-12-15,2024-12-16
pg4,2024-12-16,by_mean,-552.0249020833334,By,Mean,2024-12-16,2024-12-17
pg4,2024-12-17,by_mean,-527.9823645833334,By,Mean,2024-12-17,2024-12-18
pg4,2024-12-18,by_mean,-563.1403110843346,By,Mean,2024-12-18,2024-12-19
pg4,2024-12-19,by_mean,-537.9006206768703,By,Mean,2024-12-19,2024-12-20
pg4,2024-12-20,by_mean,-552.8734910879629,By,Mean,2024-12-20,2024-12-21
pg4,2024-12-21,by_mean,-560.7014133101852,By,Mean,2024-12-21,2024-12-22
pg4,2024-12-22,by_mean,-580.0969552422112,By,Mean,2024-12-22,2024-12-23
pg4,2024-12-23,by_mean,-545.5441885357113,By,Mean,2024-12-23,2024-12-24
pg4,2024-12-24,by_mean,-573.2264212962963,By,Mean,2024-12-24,2024-12-25
pg4,2024-12-25,by_mean,-561.3997828703704,By,Mean,2024-12-25,2024-12-26
pg4,2024-12-26,by_mean,-571.4817689814815,By,Mean,2024-12-26,2024-12-27
pg4,2024-12-27,by_mean,-582.1357089387934,By,Mean,2024-12-27,2024-12-28
pg4,2024-12-28,by_mean,-582.8964030203911,By,Mean,2024-12-28,2024-12-29
pg4,2024-12-29,by_mean,-576.2035709490741,By,Mean,2024-12-29,2024-12-30
pg4,2024-12-30,by_mean,-592.9157134259259,By,Mean,2024-12-30,2024-12-31
pg4,2024-12-31,by_mean,-576.679427662037,By,Mean,2024-12-31,2025-01-01
pg5,2024-01-01,by_mean,-277.9819313229092,By,Mean,2024-01-01,2024-01-02
pg5,2024-01-02,by_mean,-269.89011746031747,By,Mean,2024-01-02,2024-01-03
pg5,2024-01-03,by_mean,-263.0491467400249,By,Mean,2024-01-03,2024-01-04
pg5,2024-01-04,by_mean,-255.2759983780544,By,Mean,2024-01-04,2024-01-05
pg5,2024-01-05,by_mean,-276.9442413476696,By,Mean,2024-01-05,2024-01-06
pg5,2024-01-06,by_mean,-271.86230526885004,By,Mean,2024-01-06,2024-01-07
pg5,2024-01-07,by_mean,-273.1675849460343,By,Mean,2024-01-07,2024-01-08
pg5,2024-01-08,by_mean,-274.28863157153256,By,Mean,2024-01-08,2024-01-09
pg5,2024-01-09,by_mean,-282.11078368248525,By,Mean,2024-01-09,2024-01-10
pg5,2024-01-10,by_mean,-282.2062526338093,By,Mean,2024-01-10,2024-01-11
pg5,2024-01-11,by_mean,-284.7166656067084,By,Mean,2024-01-11,2024-01-12
pg5,2024-01-12,by_mean,-283.9088704045522,By,Mean,2024-01-12,2024-01-13
pg5,2024-01-13,by_mean,-275.50948203656213,By,Mean,2024-01-13,2024-01-14
pg5,2024-01-14,by_mean,-278.92759802941765,By,Mean,2024-01-14,2024-01-15
pg5,2024-01-15,by_mean,-262.4401851742921,By,Mean,2024-01-15,2024-01-16
pg5,2024-01-16,by_mean,-266.333601321327,By,Mean,2024-01-16,2024-01-17
pg5,2024-01-17,by_mean,-277.6239549173092,By,Mean,2024-01-17,2024-01-18
pg5,2024-01-18,by_mean,-273.3863596873308,By,Mean,2024-01-18,2024-01-19
pg5,2024-01-19,by_mean,-276.4671878671115,By,Mean,2024-01-19,2024-01-20
pg5,2024-01-20,by_mean,-282.8699480580528,By,Mean,2024-01-20,2024-01-21
pg5,2024-01-21,by_mean,-279.88611810227223,By,Mean,2024-01-21,2024-01-22
pg5,2024-01-22,by_mean,-278.9735991851167,By,Mean,2024-01-22,2024-01-23
pg5,2024-01-23,by_mean,-281.3004111111111,By,Mean,2024-01-23,2024-01-24
pg5,2024-01-24,by_mean,-272.4292888888889,By,Mean,2024-01-24,2024-01-25
pg5,2024-01-25,by_mean,-274.64067465277776,By,Mean,2024-01-25,2024-01-26
pg5,2024-01-26,by_mean,-268.3915689814815,By,Mean,2024-01-26,2024-01-27
pg5,2024-01-27,by_mean,-276.77690462962966,By,Mean,2024-01-27,2024-01-28
pg5,2024-01-28,by_mean,-287.1722958333333,By,Mean,2024-01-28,2024-01-29
pg5,2024-01-29,by_mean,-273.1968408564815,By,Mean,2024-01-29,2024-01-30
pg5,2024-01-30,by_mean,-274.6535976851852,By,Mean,2024-01-30,2024-01-31
pg5,2024-01-31,by_mean,-280.37317685185184,By,Mean,2024-01-31,2024-02-01
pg5,2024-02-01,by_mean,-276.276019675926,By,Mean,2024-02-01,2024-02-02
pg5,2024-02-02,by_mean,-275.741815162037,By,Mean,2024-02-02,2024-02-03
pg5,2024-02-03,by_mean,-280.5503579215959,By,Mean,2024-02-03,2024-02-04
pg5,2024-02-04,by_mean,-281.0230648148148,By,Mean,2024-02-04,2024-02-05
pg5,2024-02-05,by_mean,-287.1660504629629,By,Mean,2024-02-05,2024-02-06
pg5,2024-02-06,by_mean,-286.23347074359776,By,Mean,2024-02-06,2024-02-07
pg5,2024-02-07,by_mean,-280.7639959720136,By,Mean,2024-02-07,2024-02-08
pg5,2024-02-08,by_mean,-283.898639129526,By,Mean,2024-02-08,2024-02-09
pg5,2024-02-09,by_mean,-285.4018495472487,By,Mean,2024-02-09,2024-02-10
pg5,2024-02-10,by_mean,-284.7098894545962,By,Mean,2024-02-10,2024-02-11
pg5,2024-02-11,by_mean,-282.9043426807904,By,Mean,2024-02-11,2024-02-12
pg5,2024-02-12,by_mean,-273.478579450529,By,Mean,2024-02-12,2024-02-13
pg5,2024-02-13,by_mean,-279.0472975001172,By,Mean,2024-02-13,2024-02-14
pg5,2024-02-14,by_mean,-282.1085080593166,By,Mean,2024-02-14,2024-02-15
pg5,2024-02-15,by_mean,-290.7266761563335,By,Mean,2024-02-15,2024-02-16
pg5,2024-02-16,by_mean,-278.8912541918176,By,Mean,2024-02-16,2024-02-17
pg5,2024-02-17,by_mean,-277.2182501582984,By,Mean,2024-02-17,2024-02-18
pg5,2024-02-18,by_mean,-279.88230883609845,By,Mean,2024-02-18,2024-02-19
pg5,2024-02-19,by_mean,-286.2910480324074,By,Mean,2024-02-19,2024-02-20
pg5,2024-02-20,by_mean,-283.3159916168228,By,Mean,2024-02-20,2024-02-21
pg5,2024-02-21,by_mean,-286.60670553526273,By,Mean,2024-02-21,2024-02-22
pg5,2024-02-22,by_mean,-286.4259774077093,By,Mean,2024-02-22,2024-02-23
pg5,2024-02-23,by_mean,-286.5290357676666,By,Mean,2024-02-23,2024-02-24
pg5,2024-02-24,by_mean,-277.3229988425926,By,Mean,2024-02-24,2024-02-25
pg5,2024-02-25,by_mean,-271.26824548611114,By,Mean,2024-02-25,2024-02-26
pg5,2024-02-26,by_mean,-272.7476993055556,By,Mean,2024-02-26,2024-02-27
pg5,2024-02-27,by_mean,-268.4671966435185,By,Mean,2024-02-27,2024-02-28
pg5,2024-02-28,by_mean,-279.3052652439733,By,Mean,2024-02-28,2024-02-29
pg5,2024-02-29,by_mean,-284.2078699624735,By,Mean,2024-02-29,2024-03-01
pg5,2024-03-01,by_mean,-277.1641845535912,By,Mean,2024-03-01,2024-03-02
pg5,2024-03-02,by_mean,-279.58497372685184,By,Mean,2024-03-02,2024-03-03
pg5,2024-03-03,by_mean,-282.38779994670193,By,Mean,2024-03-03,2024-03-04
pg5,2024-03-04,by_mean,-276.95221418940906,By,Mean,2024-03-04,2024-03-05
pg5,2024-03-05,by_mean,-285.6775128145657,By,Mean,2024-03-05,2024-03-06
pg5,2024-03-06,by_mean,-283.7047507603724,By,Mean,2024-03-06,2024-03-07
pg5,2024-03-07,by_mean,-291.28852114556366,By,Mean,2024-03-07,2024-03-08
pg5,2024-03-08,by_mean,-271.3932047453704,By,Mean,2024-03-08,2024-03-09
pg5,2024-03-09,by_mean,-283.64180458809324,By,Mean,2024-03-09,2024-03-10
pg5,2024-03-10,by_mean,-286.107082327266,By,Mean,2024-03-10,2024-03-11
pg5,2024-03-11,by_mean,-282.7425009006077,By,Mean,2024-03-11,2024-03-12
pg5,2024-03-12,by_mean,-282.83173510579064,By,Mean,2024-03-12,2024-03-13
pg5,2024-03-13,by_mean,-293.5418683168661,By,Mean,2024-03-13,2024-03-14
pg5,2024-03-14,by_mean,-283.4697075500198,By,Mean,2024-03-14,2024-03-15
pg5,2024-03-15,by_mean,-287.4913032968821,By,Mean,2024-03-15,2024-03-16
pg5,2024-03-16,by_mean,-291.444580304262,By,Mean,2024-03-16,2024-03-17
pg5,2024-03-17,by_mean,-289.6939878932937,By,Mean,2024-03-17,2024-03-18
pg5,2024-03-18,by_mean,-280.4251847970376,By,Mean,2024-03-18,2024-03-19
pg5,2024-03-19,by_mean,-283.23327309913657,By,Mean,2024-03-19,2024-03-20
pg5,2024-03-20,by_mean,-288.1693992920519,By,Mean,2024-03-20,2024-03-21
pg5,2024-03-21,by_mean,-282.83305145990914,By,Mean,2024-03-21,2024-03-22
pg5,2024-03-22,by_mean,-286.20527199618823,By,Mean,2024-03-22,2024-03-23
pg5,2024-03-23,by_mean,-262.89652979411187,By,Mean,2024-03-23,2024-03-24
pg5,2024-03-24,by_mean,-300.430762962963,By,Mean,2024-03-24,2024-03-25
pg5,2024-03-25,by_mean,-281.7126135468323,By,Mean,2024-03-25,2024-03-26
pg5,2024-03-26,by_mean,-287.4385991898148,By,Mean,2024-03-26,2024-03-27
pg5,2024-03-27,by_mean,-282.44230529016374,By,Mean,2024-03-27,2024-03-28
pg5,2024-03-28,by_mean,-284.7304456805145,By,Mean,2024-03-28,2024-03-29
pg5,2024-03-29,by_mean,-284.7116104166667,By,Mean,2024-03-29,2024-03-30
pg5,2024-03-30,by_mean,-289.0340884259259,By,Mean,2024-03-30,2024-03-31
pg5,2024-03-31,by_mean,-282.30174664351847,By,Mean,2024-03-31,2024-04-01
pg5,2024-04-01,by_mean,-284.48746706711813,By,Mean,2024-04-01,2024-04-02
pg5,2024-04-02,by_mean,-284.4360528935185,By,Mean,2024-04-02,2024-04-03
pg5,2024-04-03,by_mean,-288.82243912037035,By,Mean,2024-04-03,2024-04-04
pg5,2024-04-04,by_mean,-271.85333148148146,By,Mean,2024-04-04,2024-04-05
pg5,2024-04-05,by_mean,-283.19458726851855,By,Mean,2024-04-05,2024-04-06
pg5,2024-04-06,by_mean,-282.91239583333333,By,Mean,2024-04-06,2024-04-07
pg5,2024-04-07,by_mean,-283.6718940972222,By,Mean,2024-04-07,2024-04-08
pg5,2024-04-08,by_mean,-286.89129823786493,By,Mean,2024-04-08,2024-04-09
pg5,2024-04-09,by_mean,-285.5545886574074,By,Mean,2024-04-09,2024-04-10
pg5,2024-04-10,by_mean,-278.05607638888887,By,Mean,2024-04-10,2024-04-11
pg5,2024-04-11,by_mean,-280.2742806712963,By,Mean,2024-04-11,2024-04-12
pg5,2024-04-12,by_mean,-279.66330011574075,By,Mean,2024-04-12,2024-04-13
pg5,2024-04-13,by_mean,-279.6221269675926,By,Mean,2024-04-13,2024-04-14
pg5,2024-04-14,by_mean,-278.62838715277775,By,Mean,2024-04-14,2024-04-15
pg5,2024-04-15,by_mean,-273.9035855324074,By,Mean,2024-04-15,2024-04-16
pg5,2024-04-16,by_mean,-253.09673564814813,By,Mean,2024-04-16,2024-04-17
pg5,2024-04-17,by_mean,-275.3751304398148,By,Mean,2024-04-17,2024-04-18
pg5,2024-04-18,by_mean,-278.4434077546296,By,Mean,2024-04-18,2024-04-19
pg5,2024-04-19,by_mean,-262.8717021990741,By,Mean,2024-04-19,2024-04-20
pg5,2024-04-20,by_mean,-271.8826859953704,By,Mean,2024-04-20,2024-04-21
pg5,2024-04-21,by_mean,-269.5994962962963,By,Mean,2024-04-21,2024-04-22
pg5,2024-04-22,by_mean,-271.6350038194444,By,Mean,2024-04-22,2024-04-23
pg5,2024-04-23,by_mean,-268.1367447916667,By,Mean,2024-04-23,2024-04-24
pg5,2024-04-24,by_mean,-268.8891178240741,By,Mean,2024-04-24,2024-04-25
pg5,2024-04-25,by_mean,-268.23430439814814,By,Mean,2024-04-25,2024-04-26
pg5,2024-04-26,by_mean,-272.00275671296293,By,Mean,2024-04-26,2024-04-27
pg5,2024-04-27,by_mean,-254.2642429398148,By,Mean,2024-04-27,2024-04-28
pg5,2024-04-28,by_mean,-262.67164247685184,By,Mean,2024-04-28,2024-04-29
pg5,2024-04-29,by_mean,-269.2449094907407,By,Mean,2024-04-29,2024-04-30
pg5,2024-04-30,by_mean,-255.62544120370373,By,Mean,2024-04-30,2024-05-01
pg5,2024-05-01,by_mean,-265.3667854166667,By,Mean,2024-05-01,2024-05-02
pg5,2024-05-02,by_mean,-266.9732032407407,By,Mean,2024-05-02,2024-05-03
pg5,2024-05-03,by_mean,-265.77569513888886,By,Mean,2024-05-03,2024-05-04
pg5,2024-05-04,by_mean,-263.27548344907404,By,Mean,2024-05-04,2024-05-05
pg5,2024-05-05,by_mean,-260.9397739583333,By,Mean,2024-05-05,2024-05-06
pg5,2024-05-06,by_mean,-266.58970335648144,By,Mean,2024-05-06,2024-05-07
pg5,2024-05-07,by_mean,-266.8322851851852,By,Mean,2024-05-07,2024-05-08
pg5,2024-05-08,by_mean,-270.9667672453704,By,Mean,2024-05-08,2024-05-09
pg5,2024-05-09,by_mean,-268.6140403935185,By,Mean,2024-05-09,2024-05-10
pg5,2024-05-10,by_mean,-214.53842627314816,By,Mean,2024-05-10,2024-05-11
pg5,2024-05-11,by_mean,-324.7878459490741,By,Mean,2024-05-11,2024-05-12
pg5,2024-05-12,by_mean,-251.8900702546296,By,Mean,2024-05-12,2024-05-13
pg5,2024-05-13,by_mean,-258.14432210648147,By,Mean,2024-05-13,2024-05-14
pg5,2024-05-14,by_mean,-267.86227238464124,By,Mean,2024-05-14,2024-05-15
pg5,2024-05-15,by_mean,-261.63439282407404,By,Mean,2024-05-15,2024-05-16
pg5,2024-05-16,by_mean,-287.07476041666666,By,Mean,2024-05-16,2024-05-17
pg5,2024-05-17,by_mean,-260.69703344907407,By,Mean,2024-05-17,2024-05-18
pg5,2024-05-18,by_mean,-268.3349024305556,By,Mean,2024-05-18,2024-05-19
pg5,2024-05-19,by_mean,-275.5411810185185,By,Mean,2024-05-19,2024-05-20
pg5,2024-05-20,by_mean,-271.8277179398148,By,Mean,2024-05-20,2024-05-21
pg5,2024-05-21,by_mean,-268.4782177083333,By,Mean,2024-05-21,2024-05-22
pg5,2024-05-22,by_mean,-268.10134791666667,By,Mean,2024-05-22,2024-05-23
pg5,2024-05-23,by_mean,-272.02578607121643,By,Mean,2024-05-23,2024-05-24
pg5,2024-05-24,by_mean,-272.82399251975914,By,Mean,2024-05-24,2024-05-25
pg5,2024-05-25,by_mean,-272.73123858011263,By,Mean,2024-05-25,2024-05-26
pg5,2024-05-26,by_mean,-268.2369567056832,By,Mean,2024-05-26,2024-05-27
pg5,2024-05-27,by_mean,-273.9353238799642,By,Mean,2024-05-27,2024-05-28
pg5,2024-05-28,by_mean,-270.173315348772,By,Mean,2024-05-28,2024-05-29
pg5,2024-05-29,by_mean,-272.30964178240737,By,Mean,2024-05-29,2024-05-30
pg5,2024-05-30,by_mean,-270.0965944444444,By,Mean,2024-05-30,2024-05-31
pg5,2024-05-31,by_mean,-273.3070255787037,By,Mean,2024-05-31,2024-06-01
pg5,2024-06-01,by_mean,-268.47049166666665,By,Mean,2024-06-01,2024-06-02
pg5,2024-06-02,by_mean,-268.0341730324074,By,Mean,2024-06-02,2024-06-03
pg5,2024-06-03,by_mean,-274.1621612268519,By,Mean,2024-06-03,2024-06-04
pg5,2024-06-04,by_mean,-276.62015127314817,By,Mean,2024-06-04,2024-06-05
pg5,2024-06-05,by_mean,-274.57149097222225,By,Mean,2024-06-05,2024-06-06
pg5,2024-06-06,by_mean,-277.67605312499995,By,Mean,2024-06-06,2024-06-07
pg5,2024-06-07,by_mean,-266.2624063657408,By,Mean,2024-06-07,2024-06-08
pg5,2024-06-08,by_mean,-267.76826064814816,By,Mean,2024-06-08,2024-06-09
pg5,2024-06-09,by_mean,-269.7300978009259,By,Mean,2024-06-09,2024-06-10
pg5,2024-06-10,by_mean,-274.31945486111107,By,Mean,2024-06-10,2024-06-11
pg5,2024-06-11,by_mean,-271.75979525462964,By,Mean,2024-06-11,2024-06-12
pg5,2024-06-12,by_mean,-271.97962708333336,By,Mean,2024-06-12,2024-06-13
pg5,2024-06-13,by_mean,-270.46599699074073,By,Mean,2024-06-13,2024-06-14
pg5,2024-06-14,by_mean,-272.8418150462963,By,Mean,2024-06-14,2024-06-15
pg5,2024-06-15,by_mean,-270.7298571759259,By,Mean,2024-06-15,2024-06-16
pg5,2024-06-16,by_mean,-270.5488171296297,By,Mean,2024-06-16,2024-06-17
pg5,2024-06-17,by_mean,-270.0544795138889,By,Mean,2024-06-17,2024-06-18
pg5,2024-06-18,by_mean,-274.7942586805555,By,Mean,2024-06-18,2024-06-19
pg5,2024-06-19,by_mean,-266.4383,By,Mean,2024-06-19,2024-06-20
pg5,2024-06-20,by_mean,-273.32029224537035,By,Mean,2024-06-20,2024-06-21
pg5,2024-06-21,by_mean,-267.49694756944444,By,Mean,2024-06-21,2024-06-22
pg5,2024-06-22,by_mean,-271.3752334490741,By,Mean,2024-06-22,2024-06-23
pg5,2024-06-23,by_mean,-271.06773298611114,By,Mean,2024-06-23,2024-06-24
pg5,2024-06-24,by_mean,-273.308990625,By,Mean,2024-06-24,2024-06-25
pg5,2024-06-25,by_mean,-281.57309155092594,By,Mean,2024-06-25,2024-06-26
pg5,2024-06-26,by_mean,-269.10943807870376,By,Mean,2024-06-26,2024-06-27
pg5,2024-06-27,by_mean,-265.3337475694444,By,Mean,2024-06-27,2024-06-28
pg5,2024-06-28,by_mean,-288.9550704861111,By,Mean,2024-06-28,2024-06-29
pg5,2024-06-29,by_mean,-271.6360064814815,By,Mean,2024-06-29,2024-06-30
pg5,2024-06-30,by_mean,-273.714162037037,By,Mean,2024-06-30,2024-07-01
pg5,2024-07-01,by_mean,-270.8996188657408,By,Mean,2024-07-01,2024-07-02
pg5,2024-07-02,by_mean,-273.7380731481481,By,Mean,2024-07-02,2024-07-03
pg5,2024-07-03,by_mean,-273.0678667824074,By,Mean,2024-07-03,2024-07-04
pg5,2024-07-04,by_mean,-269.57008530092594,By,Mean,2024-07-04,2024-07-05
pg5,2024-07-05,by_mean,-274.3293947916667,By,Mean,2024-07-05,2024-07-06
pg5,2024-07-06,by_mean,-273.07726041666666,By,Mean,2024-07-06,2024-07-07
pg5,2024-07-07,by_mean,-271.5340994212963,By,Mean,2024-07-07,2024-07-08
pg5,2024-07-08,by_mean,-276.2629368055556,By,Mean,2024-07-08,2024-07-09
pg5,2024-07-09,by_mean,-273.0140603440346,By,Mean,2024-07-09,2024-07-10
pg5,2024-10-23,by_mean,-260.3296335078534,By,Mean,2024-10-23,2024-10-24
pg5,2024-10-24,by_mean,-284.06630873802305,By,Mean,2024-10-24,2024-10-25
pg5,2024-10-25,by_mean,-278.71133854166663,By,Mean,2024-10-25,2024-10-26
pg5,2024-10-26,by_mean,-266.22957738330047,By,Mean,2024-10-26,2024-10-27
pg5,2024-10-27,by_mean,-280.2406433790272,By,Mean,2024-10-27,2024-10-28
pg5,2024-10-28,by_mean,-274.9739373842593,By,Mean,2024-10-28,2024-10-29
pg5,2024-10-29,by_mean,-259.1382552083333,By,Mean,2024-10-29,2024-10-30
pg5,2024-10-30,by_mean,-268.729187962963,By,Mean,2024-10-30,2024-10-31
pg5,2024-10-31,by_mean,-266.4401814814815,By,Mean,2024-10-31,2024-11-01
pg5,2024-11-01,by_mean,-276.1969590277778,By,Mean,2024-11-01,2024-11-02
pg5,2024-11-02,by_mean,-272.8534482638889,By,Mean,2024-11-02,2024-11-03
pg5,2024-11-03,by_mean,-259.75433391203705,By,Mean,2024-11-03,2024-11-04
pg5,2024-11-04,by_mean,-274.58530046296295,By,Mean,2024-11-04,2024-11-05
pg5,2024-11-05,by_mean,-289.39199791666664,By,Mean,2024-11-05,2024-11-06
pg5,2024-11-06,by_mean,-276.42429652777776,By,Mean,2024-11-06,2024-11-07
pg5,2024-11-07,by_mean,-273.5205886574074,By,Mean,2024-11-07,2024-11-08
pg5,2024-11-08,by_mean,-253.0236872685185,By,Mean,2024-11-08,2024-11-09
pg5,2024-11-09,by_mean,-280.12913148148147,By,Mean,2024-11-09,2024-11-10
pg5,2024-11-10,by_mean,-271.0171148148148,By,Mean,2024-11-10,2024-11-11
pg5,2024-11-11,by_mean,-275.9559309832335,By,Mean,2024-11-11,2024-11-12
pg5,2024-11-12,by_mean,-280.6966599537037,By,Mean,2024-11-12,2024-11-13
pg5,2024-11-13,by_mean,-281.2507752742193,By,Mean,2024-11-13,2024-11-14
pg5,2024-11-14,by_mean,-272.47743555251475,By,Mean,2024-11-14,2024-11-15
pg5,2024-11-15,by_mean,-274.0212473457006,By,Mean,2024-11-15,2024-11-16
pg5,2024-11-16,by_mean,-272.13347739021094,By,Mean,2024-11-16,2024-11-17
pg5,2024-11-17,by_mean,-291.7322120922424,By,Mean,2024-11-17,2024-11-18
pg5,2024-11-18,by_mean,-287.66474929419724,By,Mean,2024-11-18,2024-11-19
pg5,2024-11-19,by_mean,-298.7619177191679,By,Mean,2024-11-19,2024-11-20
pg5,2024-11-20,by_mean,-291.70435007677634,By,Mean,2024-11-20,2024-11-21
pg5,2024-11-21,by_mean,-279.4632228380216,By,Mean,2024-11-21,2024-11-22
pg5,2024-11-22,by_mean,-283.30852935702984,By,Mean,2024-11-22,2024-11-23
pg5,2024-11-23,by_mean,-278.9658953001396,By,Mean,2024-11-23,2024-11-24
pg5,2024-11-24,by_mean,-280.2721628472222,By,Mean,2024-11-24,2024-11-25
pg5,2024-11-25,by_mean,-267.3063322843972,By,Mean,2024-11-25,2024-11-26
pg5,2024-11-26,by_mean,-277.46035837361654,By,Mean,2024-11-26,2024-11-27
pg5,2024-11-27,by_mean,-279.4553461466033,By,Mean,2024-11-27,2024-11-28
pg5,2024-11-28,by_mean,-279.2917416398695,By,Mean,2024-11-28,2024-11-29
pg5,2024-11-29,by_mean,-280.20582322662534,By,Mean,2024-11-29,2024-11-30
pg5,2024-11-30,by_mean,-273.2732513092086,By,Mean,2024-11-30,2024-12-01
pg5,2024-12-01,by_mean,-291.19805081652595,By,Mean,2024-12-01,2024-12-02
pg5,2024-12-02,by_mean,-294.1786328226129,By,Mean,2024-12-02,2024-12-03
pg5,2024-12-03,by_mean,-287.8580421265441,By,Mean,2024-12-03,2024-12-04
pg5,2024-12-04,by_mean,-276.8776008290058,By,Mean,2024-12-04,2024-12-05
pg5,2024-12-05,by_mean,-282.94815592327325,By,Mean,2024-12-05,2024-12-06
pg5,2024-12-06,by_mean,-284.3802945083885,By,Mean,2024-12-06,2024-12-07
pg5,2024-12-07,by_mean,-287.37789821134385,By,Mean,2024-12-07,2024-12-08
pg5,2024-12-08,by_mean,-303.1388127623056,By,Mean,2024-12-08,2024-12-09
pg5,2024-12-09,by_mean,-293.2646397423541,By,Mean,2024-12-09,2024-12-10
pg5,2024-12-10,by_mean,-300.0907908427495,By,Mean,2024-12-10,2024-12-11
pg5,2024-12-11,by_mean,-289.0802883315107,By,Mean,2024-12-11,2024-12-12
pg5,2024-12-12,by_mean,-290.7088552050028,By,Mean,2024-12-12,2024-12-13
pg5,2024-12-13,by_mean,-301.69988384272284,By,Mean,2024-12-13,2024-12-14
pg5,2024-12-14,by_mean,-308.8508912126993,By,Mean,2024-12-14,2024-12-15
pg5,2024-12-15,by_mean,-297.69184082939114,By,Mean,2024-12-15,2024-12-16
pg5,2024-12-16,by_mean,-303.5212150951389,By,Mean,2024-12-16,2024-12-17
pg5,2024-12-17,by_mean,-274.9669382362268,By,Mean,2024-12-17,2024-12-18
pg5,2024-12-18,by_mean,-306.79557506915427,By,Mean,2024-12-18,2024-12-19
pg5,2024-12-19,by_mean,-283.33412033063297,By,Mean,2024-12-19,2024-12-20
pg5,2024-12-20,by_mean,-293.2222743814111,By,Mean,2024-12-20,2024-12-21
pg5,2024-12-21,by_mean,-297.6797553023705,By,Mean,2024-12-21,2024-12-22
pg5,2024-12-22,by_mean,-306.4316725217657,By,Mean,2024-12-22,2024-12-23
pg5,2024-12-23,by_mean,-280.3780250470367,By,Mean,2024-12-23,2024-12-24
pg5,2024-12-24,by_mean,-303.7524591283864,By,Mean,2024-12-24,2024-12-25
pg5,2024-12-25,by_mean,-298.9129816459861,By,Mean,2024-12-25,2024-12-26
pg5,2024-12-26,by_mean,-305.73458455856405,By,Mean,2024-12-26,2024-12-27
pg5,2024-12-27,by_mean,-311.2385638015769,By,Mean,2024-12-27,2024-12-28
pg5,2024-12-28,by_mean,-310.4883210795828,By,Mean,2024-12-28,2024-12-29
pg5,2024-12-29,by_mean,-304.4273817458168,By,Mean,2024-12-29,2024-12-30
pg5,2024-12-30,by_mean,-319.6745312794645,By,Mean,2024-12-30,2024-12-31
pg5,2024-12-31,by_mean,-310.04044729562713,By,Mean,2024-12-31,2025-01-01
pg0,2020-01-08,by_mean,-70.71173439181918,By,Mean,2020-01-08,2020-01-09
pg0,2020-01-09,by_mean,-183.82809380152244,By,Mean,2020-01-09,2020-01-10
pg0,2020-01-10,by_mean,-197.18506616279203,By,Mean,2020-01-10,2020-01-11
pg0,2020-01-11,by_mean,-183.025606726856,By,Mean,2020-01-11,2020-01-12
pg0,2020-01-12,by_mean,-185.05773833196864,By,Mean,2020-01-12,2020-01-13
pg0,2020-01-13,by_mean,-174.21737888038928,By,Mean,2020-01-13,2020-01-14
pg0,2020-01-14,by_mean,-176.74252491344623,By,Mean,2020-01-14,2020-01-15
pg0,2020-01-15,by_mean,-181.044862014126,By,Mean,2020-01-15,2020-01-16
pg0,2020-01-16,by_mean,-187.4672481028668,By,Mean,2020-01-16,2020-01-17
pg0,2020-01-17,by_mean,-179.6594058745774,By,Mean,2020-01-17,2020-01-18
pg0,2020-01-18,by_mean,-182.3895714670004,By,Mean,2020-01-18,2020-01-19
pg0,2020-01-19,by_mean,-188.04789966782076,By,Mean,2020-01-19,2020-01-20
pg0,2020-01-20,by_mean,-183.7989063029977,By,Mean,2020-01-20,2020-01-21
pg0,2020-01-21,by_mean,-180.3428135934373,By,Mean,2020-01-21,2020-01-22
pg0,2020-01-22,by_mean,-175.32447246580148,By,Mean,2020-01-22,2020-01-23
pg0,2020-01-23,by_mean,-179.03507928149318,By,Mean,2020-01-23,2020-01-24
pg0,2020-01-24,by_mean,-185.4084947934948,By,Mean,2020-01-24,2020-01-25
pg0,2020-01-25,by_mean,-180.13638002222353,By,Mean,2020-01-25,2020-01-26
pg0,2020-01-26,by_mean,-182.84462210526317,By,Mean,2020-01-26,2020-01-27
pg0,2020-01-27,by_mean,-181.2189237752094,By,Mean,2020-01-27,2020-01-28
pg0,2020-01-28,by_mean,-180.2828005426139,By,Mean,2020-01-28,2020-01-29
pg0,2020-01-29,by_mean,-171.31334788205007,By,Mean,2020-01-29,2020-01-30
pg0,2020-01-30,by_mean,-169.29984450684452,By,Mean,2020-01-30,2020-01-31
pg0,2020-01-31,by_mean,-179.88294797687865,By,Mean,2020-01-31,2020-02-01
pg0,2020-02-01,by_mean,-169.12529854848708,By,Mean,2020-02-01,2020-02-02
pg0,2020-02-02,by_mean,-174.12970898137618,By,Mean,2020-02-02,2020-02-03
pg0,2020-02-03,by_mean,-187.7800551975769,By,Mean,2020-02-03,2020-02-04
pg0,2020-02-04,by_mean,-185.1601275375885,By,Mean,2020-02-04,2020-02-05
pg0,2020-02-05,by_mean,-185.22263641786856,By,Mean,2020-02-05,2020-02-06
pg0,2020-02-06,by_mean,-187.9584448657632,By,Mean,2020-02-06,2020-02-07
pg0,2020-02-07,by_mean,-174.55873208934256,By,Mean,2020-02-07,2020-02-08
pg0,2020-02-08,by_mean,-183.12319687379343,By,Mean,2020-02-08,2020-02-09
pg0,2020-02-09,by_mean,-182.60470689413089,By,Mean,2020-02-09,2020-02-10
pg0,2020-02-10,by_mean,-189.4614336540037,By,Mean,2020-02-10,2020-02-11
pg0,2020-02-11,by_mean,-180.29996408180455,By,Mean,2020-02-11,2020-02-12
pg0,2020-02-12,by_mean,-188.4891104272944,By,Mean,2020-02-12,2020-02-13
pg0,2020-02-13,by_mean,-183.69197497661364,By,Mean,2020-02-13,2020-02-14
pg0,2020-02-14,by_mean,-181.9257908037908,By,Mean,2020-02-14,2020-02-15
pg0,2020-02-15,by_mean,-188.77704165399817,By,Mean,2020-02-15,2020-02-16
pg0,2020-02-16,by_mean,-192.4773751199083,By,Mean,2020-02-16,2020-02-17
pg0,2020-02-17,by_mean,-180.9769134052027,By,Mean,2020-02-17,2020-02-18
pg0,2020-02-18,by_mean,-192.0426439042668,By,Mean,2020-02-18,2020-02-19
pg0,2020-02-19,by_mean,-197.88151324410336,By,Mean,2020-02-19,2020-02-20
pg0,2020-02-20,by_mean,-184.7077917168904,By,Mean,2020-02-20,2020-02-21
pg0,2020-02-21,by_mean,-176.74015869117784,By,Mean,2020-02-21,2020-02-22
pg0,2020-02-22,by_mean,-177.25892736358,By,Mean,2020-02-22,2020-02-23
pg0,2020-02-23,by_mean,-196.0465980251808,By,Mean,2020-02-23,2020-02-24
pg0,2020-02-27,by_mean,-173.55731972681068,By,Mean,2020-02-27,2020-02-28
pg0,2020-02-28,by_mean,-191.795375437201,By,Mean,2020-02-28,2020-02-29
pg0,2020-02-29,by_mean,-187.8475798435289,By,Mean,2020-02-29,2020-03-01
pg0,2020-03-01,by_mean,-196.94659361361053,By,Mean,2020-03-01,2020-03-02
pg0,2020-03-02,by_mean,-193.28119962962091,By,Mean,2020-03-02,2020-03-03
pg0,2020-03-03,by_mean,-195.44740728585492,By,Mean,2020-03-03,2020-03-04
pg0,2020-03-04,by_mean,-190.8467728240275,By,Mean,2020-03-04,2020-03-05
pg0,2020-03-05,by_mean,-197.2610953662532,By,Mean,2020-03-05,2020-03-06
pg0,2020-03-06,by_mean,-205.19293024779464,By,Mean,2020-03-06,2020-03-07
pg0,2020-03-07,by_mean,-202.92218179477575,By,Mean,2020-03-07,2020-03-08
pg0,2020-03-08,by_mean,-202.1023374466343,By,Mean,2020-03-08,2020-03-09
pg0,2020-03-09,by_mean,-198.58870869992512,By,Mean,2020-03-09,2020-03-10
pg0,2020-03-10,by_mean,-200.43714284041,By,Mean,2020-03-10,2020-03-11
pg0,2020-03-11,by_mean,-203.59454644335804,By,Mean,2020-03-11,2020-03-12
pg0,2020-03-12,by_mean,-204.42217802786584,By,Mean,2020-03-12,2020-03-13
pg0,2020-03-13,by_mean,-204.8833962153612,By,Mean,2020-03-13,2020-03-14
pg0,2020-03-14,by_mean,-200.56319140474216,By,Mean,2020-03-14,2020-03-15
pg0,2020-03-15,by_mean,-198.2352075926272,By,Mean,2020-03-15,2020-03-16
pg0,2020-03-16,by_mean,-201.17463151489625,By,Mean,2020-03-16,2020-03-17
pg0,2020-03-17,by_mean,-206.38421316885916,By,Mean,2020-03-17,2020-03-18
pg0,2020-03-18,by_mean,-201.44994396808872,By,Mean,2020-03-18,2020-03-19
pg0,2020-03-19,by_mean,-200.68829342753207,By,Mean,2020-03-19,2020-03-20
pg0,2020-03-20,by_mean,-188.1502155929979,By,Mean,2020-03-20,2020-03-21
pg0,2020-03-21,by_mean,-210.4309602339181,By,Mean,2020-03-21,2020-03-22
pg0,2020-03-22,by_mean,-205.40379992979996,By,Mean,2020-03-22,2020-03-23
pg0,2020-03-23,by_mean,-205.1083026374295,By,Mean,2020-03-23,2020-03-24
pg0,2020-03-24,by_mean,-210.28725649122808,By,Mean,2020-03-24,2020-03-25
pg0,2020-03-25,by_mean,-212.19591287763555,By,Mean,2020-03-25,2020-03-26
pg0,2020-03-26,by_mean,-211.3974925753572,By,Mean,2020-03-26,2020-03-27
pg0,2020-03-27,by_mean,-213.70277140985755,By,Mean,2020-03-27,2020-03-28
pg0,2020-03-28,by_mean,-209.56494456918327,By,Mean,2020-03-28,2020-03-29
pg0,2020-03-29,by_mean,-212.8588697412139,By,Mean,2020-03-29,2020-03-30
pg0,2020-03-30,by_mean,-197.2446534201878,By,Mean,2020-03-30,2020-03-31
pg0,2020-03-31,by_mean,-208.2103502432407,By,Mean,2020-03-31,2020-04-01
pg0,2020-04-01,by_mean,-208.6768176393504,By,Mean,2020-04-01,2020-04-02
pg0,2020-04-02,by_mean,-206.250905420587,By,Mean,2020-04-02,2020-04-03
pg0,2020-04-03,by_mean,-199.5627125842381,By,Mean,2020-04-03,2020-04-04
pg0,2020-04-04,by_mean,-213.713283931266,By,Mean,2020-04-04,2020-04-05
pg0,2020-04-05,by_mean,-216.8411342232413,By,Mean,2020-04-05,2020-04-06
pg0,2020-04-06,by_mean,-221.06019154487905,By,Mean,2020-04-06,2020-04-07
pg0,2020-04-07,by_mean,-207.5878070513945,By,Mean,2020-04-07,2020-04-08
pg0,2020-04-08,by_mean,-215.57667957688795,By,Mean,2020-04-08,2020-04-09
pg0,2020-04-09,by_mean,-224.55084945666576,By,Mean,2020-04-09,2020-04-10
pg0,2020-04-11,by_mean,-197.5103624260355,By,Mean,2020-04-11,2020-04-12
pg0,2020-04-12,by_mean,-219.31099099309856,By,Mean,2020-04-12,2020-04-13
pg0,2020-04-13,by_mean,-217.90496075334852,By,Mean,2020-04-13,2020-04-14
pg0,2020-04-14,by_mean,-223.520712602441,By,Mean,2020-04-14,2020-04-15
pg0,2020-04-15,by_mean,-220.17357965799744,By,Mean,2020-04-15,2020-04-16
pg0,2020-04-16,by_mean,-184.1478890415665,By,Mean,2020-04-16,2020-04-17
pg0,2020-04-21,by_mean,-175.60331819581282,By,Mean,2020-04-21,2020-04-22
pg0,2020-04-22,by_mean,-212.0298827346192,By,Mean,2020-04-22,2020-04-23
pg0,2020-04-23,by_mean,-216.3939392804476,By,Mean,2020-04-23,2020-04-24
pg0,2020-04-24,by_mean,-210.18553424978063,By,Mean,2020-04-24,2020-04-25
pg0,2020-04-25,by_mean,-223.6921354032617,By,Mean,2020-04-25,2020-04-26
pg0,2020-04-26,by_mean,-216.66098442506024,By,Mean,2020-04-26,2020-04-27
pg0,2020-04-27,by_mean,-217.2178899093302,By,Mean,2020-04-27,2020-04-28
pg0,2020-04-28,by_mean,-216.612508306814,By,Mean,2020-04-28,2020-04-29
pg0,2020-04-29,by_mean,-219.84323139200225,By,Mean,2020-04-29,2020-04-30
pg0,2020-04-30,by_mean,-223.1181672379304,By,Mean,2020-04-30,2020-05-01
pg0,2020-05-01,by_mean,-230.17542192760945,By,Mean,2020-05-01,2020-05-02
pg0,2020-05-02,by_mean,-224.45998023438048,By,Mean,2020-05-02,2020-05-03
pg0,2020-05-03,by_mean,-219.4456711425096,By,Mean,2020-05-03,2020-05-04
pg0,2020-05-04,by_mean,-220.1369241834193,By,Mean,2020-05-04,2020-05-05
pg0,2020-05-05,by_mean,-213.0718463068016,By,Mean,2020-05-05,2020-05-06
pg0,2020-05-06,by_mean,-220.55294677406152,By,Mean,2020-05-06,2020-05-07
pg0,2020-05-07,by_mean,-227.6019696136797,By,Mean,2020-05-07,2020-05-08
pg0,2020-05-08,by_mean,-223.59287978384955,By,Mean,2020-05-08,2020-05-09
pg0,2020-05-09,by_mean,-224.13356512890093,By,Mean,2020-05-09,2020-05-10
pg0,2020-05-10,by_mean,-220.9462472217673,By,Mean,2020-05-10,2020-05-11
pg0,2020-05-11,by_mean,-226.8435765159932,By,Mean,2020-05-11,2020-05-12
pg0,2020-05-12,by_mean,-218.8015220620052,By,Mean,2020-05-12,2020-05-13
pg0,2020-05-13,by_mean,-224.3297028718489,By,Mean,2020-05-13,2020-05-14
pg0,2020-05-14,by_mean,-224.311008973594,By,Mean,2020-05-14,2020-05-15
pg0,2020-05-15,by_mean,-227.0984046323916,By,Mean,2020-05-15,2020-05-16
pg0,2020-05-16,by_mean,-224.75813766886952,By,Mean,2020-05-16,2020-05-17
pg0,2020-05-17,by_mean,-222.6047320467836,By,Mean,2020-05-17,2020-05-18
pg0,2020-05-18,by_mean,-222.0954432808752,By,Mean,2020-05-18,2020-05-19
pg0,2020-05-19,by_mean,-234.5716968733192,By,Mean,2020-05-19,2020-05-20
pg0,2020-05-20,by_mean,-225.3729629672952,By,Mean,2020-05-20,2020-05-21
pg0,2020-05-21,by_mean,-233.5339657773775,By,Mean,2020-05-21,2020-05-22
pg0,2020-05-22,by_mean,-224.8039501134317,By,Mean,2020-05-22,2020-05-23
pg0,2020-05-23,by_mean,-226.8110915600066,By,Mean,2020-05-23,2020-05-24
pg0,2020-05-24,by_mean,-217.388399873665,By,Mean,2020-05-24,2020-05-25
pg0,2020-05-25,by_mean,-226.67446846341008,By,Mean,2020-05-25,2020-05-26
pg0,2020-05-26,by_mean,-227.5507103256293,By,Mean,2020-05-26,2020-05-27
pg0,2020-05-27,by_mean,-231.56312635910868,By,Mean,2020-05-27,2020-05-28
pg0,2020-05-28,by_mean,-231.76181395076887,By,Mean,2020-05-28,2020-05-29
pg0,2020-05-29,by_mean,-229.89598345792535,By,Mean,2020-05-29,2020-05-30
pg0,2020-05-30,by_mean,-226.6250316474208,By,Mean,2020-05-30,2020-05-31
pg0,2020-05-31,by_mean,-228.18365145665143,By,Mean,2020-05-31,2020-06-01
pg0,2020-06-01,by_mean,-215.44679797826163,By,Mean,2020-06-01,2020-06-02
pg0,2020-06-02,by_mean,-234.35768967978197,By,Mean,2020-06-02,2020-06-03
pg0,2020-06-03,by_mean,-227.00750078458827,By,Mean,2020-06-03,2020-06-04
pg0,2020-06-04,by_mean,-220.10646673341216,By,Mean,2020-06-04,2020-06-05
pg0,2020-11-06,by_mean,-241.6689855997957,By,Mean,2020-11-06,2020-11-07
pg0,2020-11-07,by_mean,-247.6484821261464,By,Mean,2020-11-07,2020-11-08
pg0,2020-11-08,by_mean,-254.33250766422503,By,Mean,2020-11-08,2020-11-09
pg0,2020-11-09,by_mean,-250.47815827321307,By,Mean,2020-11-09,2020-11-10
pg0,2020-11-10,by_mean,-250.30374476644917,By,Mean,2020-11-10,2020-11-11
pg0,2020-11-11,by_mean,-239.043504281503,By,Mean,2020-11-11,2020-11-12
pg0,2020-11-12,by_mean,-247.58473993308215,By,Mean,2020-11-12,2020-11-13
pg0,2020-11-13,by_mean,-244.13623657549311,By,Mean,2020-11-13,2020-11-14
pg0,2020-11-14,by_mean,-237.86052741801504,By,Mean,2020-11-14,2020-11-15
pg0,2020-11-15,by_mean,-241.8724080118868,By,Mean,2020-11-15,2020-11-16
pg0,2020-11-16,by_mean,-243.1097357554773,By,Mean,2020-11-16,2020-11-17
pg0,2020-11-17,by_mean,-235.1532048223766,By,Mean,2020-11-17,2020-11-18
pg0,2020-11-18,by_mean,-226.41529727009976,By,Mean,2020-11-18,2020-11-19
pg0,2020-11-19,by_mean,-231.5909843026248,By,Mean,2020-11-19,2020-11-20
pg0,2020-11-20,by_mean,-229.214192095814,By,Mean,2020-11-20,2020-11-21
pg0,2020-11-21,by_mean,-218.8377981887534,By,Mean,2020-11-21,2020-11-22
pg0,2020-11-22,by_mean,-259.1784920864625,By,Mean,2020-11-22,2020-11-23
pg0,2020-12-18,by_mean,-229.11893464626925,By,Mean,2020-12-18,2020-12-19
pg0,2020-12-19,by_mean,-224.06106179052077,By,Mean,2020-12-19,2020-12-20
pg0,2020-12-20,by_mean,-221.04891018818492,By,Mean,2020-12-20,2020-12-21
pg0,2020-12-21,by_mean,-209.5788615280231,By,Mean,2020-12-21,2020-12-22
pg0,2020-12-22,by_mean,-225.55918081707648,By,Mean,2020-12-22,2020-12-23
pg0,2020-12-23,by_mean,-222.0191962678016,By,Mean,2020-12-23,2020-12-24
pg0,2020-12-24,by_mean,-227.71283206231868,By,Mean,2020-12-24,2020-12-25
pg0,2020-12-25,by_mean,-230.02211390582755,By,Mean,2020-12-25,2020-12-26
pg0,2020-12-26,by_mean,-217.4722784025088,By,Mean,2020-12-26,2020-12-27
pg0,2020-12-27,by_mean,-220.50582597405636,By,Mean,2020-12-27,2020-12-28
pg0,2020-12-28,by_mean,-234.49724604279515,By,Mean,2020-12-28,2020-12-29
pg0,2020-12-29,by_mean,-227.7229737602508,By,Mean,2020-12-29,2020-12-30
pg0,2020-12-30,by_mean,-223.7546267574333,By,Mean,2020-12-30,2020-12-31
pg0,2020-12-31,by_mean,-226.0077066850803,By,Mean,2020-12-31,2021-01-01
pg0,2021-01-01,by_mean,-226.98203976608184,By,Mean,2021-01-01,2021-01-02
pg0,2021-01-02,by_mean,-228.74547753564704,By,Mean,2021-01-02,2021-01-03
pg0,2021-01-03,by_mean,-221.64327431351452,By,Mean,2021-01-03,2021-01-04
pg0,2021-01-04,by_mean,-223.04248970663923,By,Mean,2021-01-04,2021-01-05
pg0,2021-01-05,by_mean,-222.2234598593116,By,Mean,2021-01-05,2021-01-06
pg0,2021-01-06,by_mean,-240.53390454694295,By,Mean,2021-01-06,2021-01-07
pg0,2021-01-07,by_mean,-213.7348768933856,By,Mean,2021-01-07,2021-01-08
pg0,2021-01-08,by_mean,-226.8765479185928,By,Mean,2021-01-08,2021-01-09
pg0,2021-01-09,by_mean,-222.702282665918,By,Mean,2021-01-09,2021-01-10
pg0,2021-01-10,by_mean,-223.14928605682067,By,Mean,2021-01-10,2021-01-11
pg0,2021-01-11,by_mean,-208.88163393494204,By,Mean,2021-01-11,2021-01-12
pg0,2021-01-12,by_mean,-229.3111781393604,By,Mean,2021-01-12,2021-01-13
pg0,2021-01-13,by_mean,-222.5348071386776,By,Mean,2021-01-13,2021-01-14
pg0,2021-01-14,by_mean,-226.06987092923927,By,Mean,2021-01-14,2021-01-15
pg0,2021-01-15,by_mean,-229.31236666042855,By,Mean,2021-01-15,2021-01-16
pg0,2021-01-16,by_mean,-223.4541484680383,By,Mean,2021-01-16,2021-01-17
pg0,2021-01-17,by_mean,-218.28440454151337,By,Mean,2021-01-17,2021-01-18
pg0,2021-01-18,by_mean,-213.993664178406,By,Mean,2021-01-18,2021-01-19
pg0,2021-01-19,by_mean,-236.73397622084653,By,Mean,2021-01-19,2021-01-20
pg0,2021-01-20,by_mean,-237.283975345606,By,Mean,2021-01-20,2021-01-21
pg0,2021-01-21,by_mean,-222.2773676251656,By,Mean,2021-01-21,2021-01-22
pg0,2021-01-22,by_mean,-219.85941329276852,By,Mean,2021-01-22,2021-01-23
pg0,2021-01-23,by_mean,-223.09588437448684,By,Mean,2021-01-23,2021-01-24
pg0,2021-01-24,by_mean,-229.02452248669516,By,Mean,2021-01-24,2021-01-25
pg0,2021-01-25,by_mean,-218.38821651793563,By,Mean,2021-01-25,2021-01-26
pg0,2021-01-26,by_mean,-223.4812721827732,By,Mean,2021-01-26,2021-01-27
pg0,2021-01-27,by_mean,-222.8685858207645,By,Mean,2021-01-27,2021-01-28
pg0,2021-01-28,by_mean,-215.81405575508003,By,Mean,2021-01-28,2021-01-29
pg0,2021-01-29,by_mean,-230.4970252749825,By,Mean,2021-01-29,2021-01-30
pg0,2021-01-30,by_mean,-231.87540200564013,By,Mean,2021-01-30,2021-01-31
pg0,2021-01-31,by_mean,-220.82461030074043,By,Mean,2021-01-31,2021-02-01
pg0,2021-02-01,by_mean,-213.291028840756,By,Mean,2021-02-01,2021-02-02
pg0,2021-02-02,by_mean,-241.75700838463797,By,Mean,2021-02-02,2021-02-03
pg0,2021-02-03,by_mean,-212.8559363672505,By,Mean,2021-02-03,2021-02-04
pg0,2021-02-04,by_mean,-229.01862208962208,By,Mean,2021-02-04,2021-02-05
pg0,2021-02-05,by_mean,-218.06307238919425,By,Mean,2021-02-05,2021-02-06
pg0,2021-02-06,by_mean,-224.56018928625747,By,Mean,2021-02-06,2021-02-07
pg0,2021-02-07,by_mean,-228.36920195153917,By,Mean,2021-02-07,2021-02-08
pg0,2021-02-08,by_mean,-217.71780201656296,By,Mean,2021-02-08,2021-02-09
pg0,2021-02-09,by_mean,-228.51612736036688,By,Mean,2021-02-09,2021-02-10
pg0,2021-02-10,by_mean,-231.31232395107963,By,Mean,2021-02-10,2021-02-11
pg0,2021-02-11,by_mean,-230.5059439315759,By,Mean,2021-02-11,2021-02-12
pg0,2021-02-12,by_mean,-221.9189746589606,By,Mean,2021-02-12,2021-02-13
pg0,2021-02-13,by_mean,-232.43516720452735,By,Mean,2021-02-13,2021-02-14
pg0,2021-02-14,by_mean,-238.8797678118165,By,Mean,2021-02-14,2021-02-15
pg0,2021-02-15,by_mean,-228.01850300101788,By,Mean,2021-02-15,2021-02-16
pg0,2021-02-16,by_mean,-253.14732411178207,By,Mean,2021-02-16,2021-02-17
pg0,2021-02-17,by_mean,-229.96813357206383,By,Mean,2021-02-17,2021-02-18
pg0,2021-02-18,by_mean,-235.86713146198832,By,Mean,2021-02-18,2021-02-19
pg0,2021-02-19,by_mean,-223.9935124427096,By,Mean,2021-02-19,2021-02-20
pg0,2021-02-20,by_mean,-219.4201856534157,By,Mean,2021-02-20,2021-02-21
pg0,2021-02-21,by_mean,-238.3667793536006,By,Mean,2021-02-21,2021-02-22
pg0,2021-02-22,by_mean,-232.30707454404984,By,Mean,2021-02-22,2021-02-23
pg0,2021-02-23,by_mean,-249.97744839603772,By,Mean,2021-02-23,2021-02-24
pg0,2021-02-24,by_mean,-220.2344628739003,By,Mean,2021-02-24,2021-02-25
pg0,2021-02-25,by_mean,-245.12509416306003,By,Mean,2021-02-25,2021-02-26
pg0,2021-02-26,by_mean,-240.45627652228868,By,Mean,2021-02-26,2021-02-27
pg0,2021-02-27,by_mean,-246.0664890069387,By,Mean,2021-02-27,2021-02-28
pg0,2021-02-28,by_mean,-225.27977810010643,By,Mean,2021-02-28,2021-03-01
pg0,2021-03-01,by_mean,-226.2472061370658,By,Mean,2021-03-01,2021-03-02
pg0,2021-03-02,by_mean,-218.437443705819,By,Mean,2021-03-02,2021-03-03
pg0,2021-03-03,by_mean,-259.4908069723912,By,Mean,2021-03-03,2021-03-04
pg0,2021-03-04,by_mean,-233.01614749207317,By,Mean,2021-03-04,2021-03-05
pg0,2021-03-05,by_mean,-240.18053504973668,By,Mean,2021-03-05,2021-03-06
pg0,2021-03-06,by_mean,-245.4715837749933,By,Mean,2021-03-06,2021-03-07
pg0,2021-03-07,by_mean,-241.0318240082335,By,Mean,2021-03-07,2021-03-08
pg0,2021-03-08,by_mean,-230.8624862486249,By,Mean,2021-03-08,2021-03-09
pg0,2021-03-09,by_mean,-246.62320948514875,By,Mean,2021-03-09,2021-03-10
pg0,2021-03-10,by_mean,-248.4458498888499,By,Mean,2021-03-10,2021-03-11
pg0,2021-03-11,by_mean,-243.30448399742556,By,Mean,2021-03-11,2021-03-12
pg0,2021-03-12,by_mean,-220.00644268358343,By,Mean,2021-03-12,2021-03-13
pg0,2021-03-13,by_mean,-241.9562811135946,By,Mean,2021-03-13,2021-03-14
pg0,2021-03-14,by_mean,-236.2771061285151,By,Mean,2021-03-14,2021-03-15
pg0,2021-03-15,by_mean,-257.76765696103314,By,Mean,2021-03-15,2021-03-16
pg0,2021-03-16,by_mean,-248.7104218658551,By,Mean,2021-03-16,2021-03-17
pg0,2021-03-17,by_mean,-249.9676810016968,By,Mean,2021-03-17,2021-03-18
pg0,2021-03-18,by_mean,-250.3511803589396,By,Mean,2021-03-18,2021-03-19
pg0,2021-03-19,by_mean,-252.4341685689201,By,Mean,2021-03-19,2021-03-20
pg0,2021-03-20,by_mean,-254.34865462458177,By,Mean,2021-03-20,2021-03-21
pg0,2021-03-21,by_mean,-232.258242505059,By,Mean,2021-03-21,2021-03-22
pg0,2021-03-22,by_mean,-254.72041610109991,By,Mean,2021-03-22,2021-03-23
pg0,2021-03-23,by_mean,-246.64244152987564,By,Mean,2021-03-23,2021-03-24
pg0,2021-03-24,by_mean,-242.1653899506421,By,Mean,2021-03-24,2021-03-25
pg0,2021-03-25,by_mean,-252.714389093675,By,Mean,2021-03-25,2021-03-26
pg0,2021-03-26,by_mean,-256.66977947026066,By,Mean,2021-03-26,2021-03-27
pg0,2021-03-27,by_mean,-245.95409739203689,By,Mean,2021-03-27,2021-03-28
pg0,2021-03-28,by_mean,-255.9162060407399,By,Mean,2021-03-28,2021-03-29
pg0,2021-03-29,by_mean,-255.04657769092145,By,Mean,2021-03-29,2021-03-30
pg0,2021-03-30,by_mean,-249.78976075212236,By,Mean,2021-03-30,2021-03-31
pg0,2021-03-31,by_mean,-260.65958693058184,By,Mean,2021-03-31,2021-04-01
pg0,2021-04-01,by_mean,-262.0384484150665,By,Mean,2021-04-01,2021-04-02
pg0,2021-04-02,by_mean,-256.82407295188403,By,Mean,2021-04-02,2021-04-03
pg0,2021-04-03,by_mean,-255.70657246792132,By,Mean,2021-04-03,2021-04-04
pg0,2021-04-04,by_mean,-259.71232518157257,By,Mean,2021-04-04,2021-04-05
pg0,2021-04-05,by_mean,-260.4132287645916,By,Mean,2021-04-05,2021-04-06
pg0,2021-04-06,by_mean,-258.508233573568,By,Mean,2021-04-06,2021-04-07
pg0,2021-04-07,by_mean,-265.85370418036524,By,Mean,2021-04-07,2021-04-08
pg0,2021-04-08,by_mean,-260.2974609004878,By,Mean,2021-04-08,2021-04-09
pg0,2021-04-09,by_mean,-264.87982491842394,By,Mean,2021-04-09,2021-04-10
pg0,2021-04-10,by_mean,-254.69483055903237,By,Mean,2021-04-10,2021-04-11
pg0,2021-04-11,by_mean,-264.0045851467079,By,Mean,2021-04-11,2021-04-12
pg0,2021-04-12,by_mean,-265.30546101861376,By,Mean,2021-04-12,2021-04-13
pg0,2021-04-13,by_mean,-272.8249538076527,By,Mean,2021-04-13,2021-04-14
pg0,2021-04-14,by_mean,-258.8699090823992,By,Mean,2021-04-14,2021-04-15
pg0,2021-04-15,by_mean,-271.2878578698017,By,Mean,2021-04-15,2021-04-16
pg0,2021-04-16,by_mean,-243.49044607229368,By,Mean,2021-04-16,2021-04-17
pg0,2021-04-17,by_mean,-265.9006839415802,By,Mean,2021-04-17,2021-04-18
pg0,2021-04-18,by_mean,-258.0674380145958,By,Mean,2021-04-18,2021-04-19
pg0,2021-04-19,by_mean,-258.1175877203249,By,Mean,2021-04-19,2021-04-20
pg0,2021-04-20,by_mean,-257.9259622222222,By,Mean,2021-04-20,2021-04-21
pg0,2021-04-21,by_mean,-277.8167579422636,By,Mean,2021-04-21,2021-04-22
pg0,2021-04-22,by_mean,-271.57014412728125,By,Mean,2021-04-22,2021-04-23
pg0,2021-04-23,by_mean,-256.17162073605994,By,Mean,2021-04-23,2021-04-24
pg0,2021-04-24,by_mean,-265.0411676082863,By,Mean,2021-04-24,2021-04-25
pg0,2021-04-25,by_mean,-267.16528153522114,By,Mean,2021-04-25,2021-04-26
pg0,2021-04-26,by_mean,-268.39000245602546,By,Mean,2021-04-26,2021-04-27
pg0,2021-04-27,by_mean,-273.10455179189665,By,Mean,2021-04-27,2021-04-28
pg0,2021-04-28,by_mean,-269.4320475978752,By,Mean,2021-04-28,2021-04-29
pg0,2021-04-29,by_mean,-274.9904123289274,By,Mean,2021-04-29,2021-04-30
pg0,2021-04-30,by_mean,-266.27284421158504,By,Mean,2021-04-30,2021-05-01
pg0,2021-05-01,by_mean,-265.3536669122893,By,Mean,2021-05-01,2021-05-02
pg0,2021-05-02,by_mean,-279.6429800325188,By,Mean,2021-05-02,2021-05-03
pg0,2021-05-03,by_mean,-269.5170683040936,By,Mean,2021-05-03,2021-05-04
pg0,2021-05-04,by_mean,-270.46000818818794,By,Mean,2021-05-04,2021-05-05
pg0,2021-05-05,by_mean,-273.0840856805177,By,Mean,2021-05-05,2021-05-06
pg0,2021-05-06,by_mean,-277.73939990409696,By,Mean,2021-05-06,2021-05-07
pg0,2021-05-07,by_mean,-274.1579830861367,By,Mean,2021-05-07,2021-05-08
pg0,2021-05-08,by_mean,-275.7956801965142,By,Mean,2021-05-08,2021-05-09
pg0,2021-05-09,by_mean,-274.26240283761,By,Mean,2021-05-09,2021-05-10
pg0,2021-05-10,by_mean,-267.4897351760617,By,Mean,2021-05-10,2021-05-11
pg0,2021-05-11,by_mean,-273.962720991407,By,Mean,2021-05-11,2021-05-12
pg0,2021-05-12,by_mean,-272.8471540369183,By,Mean,2021-05-12,2021-05-13
pg0,2021-05-13,by_mean,-272.1018776030699,By,Mean,2021-05-13,2021-05-14
pg0,2021-05-14,by_mean,-272.1137791452672,By,Mean,2021-05-14,2021-05-15
pg0,2021-05-15,by_mean,-280.2239724233104,By,Mean,2021-05-15,2021-05-16
pg0,2021-05-16,by_mean,-276.5202135522653,By,Mean,2021-05-16,2021-05-17
pg0,2021-05-17,by_mean,-268.8997454405073,By,Mean,2021-05-17,2021-05-18
pg0,2021-05-18,by_mean,-286.7248770271219,By,Mean,2021-05-18,2021-05-19
pg0,2021-05-19,by_mean,-267.42943137002493,By,Mean,2021-05-19,2021-05-20
pg0,2021-05-20,by_mean,-266.93741807975675,By,Mean,2021-05-20,2021-05-21
pg0,2021-05-21,by_mean,-273.3254919231264,By,Mean,2021-05-21,2021-05-22
pg0,2021-05-22,by_mean,-268.3573318983669,By,Mean,2021-05-22,2021-05-23
pg0,2021-05-23,by_mean,-271.5406015723712,By,Mean,2021-05-23,2021-05-24
pg0,2021-05-24,by_mean,-276.2379193720095,By,Mean,2021-05-24,2021-05-25
pg0,2021-05-25,by_mean,-273.66549204678364,By,Mean,2021-05-25,2021-05-26
pg0,2021-05-26,by_mean,-267.4774160221835,By,Mean,2021-05-26,2021-05-27
pg0,2021-05-27,by_mean,-282.7497299130903,By,Mean,2021-05-27,2021-05-28
pg0,2021-05-28,by_mean,-273.9224586999252,By,Mean,2021-05-28,2021-05-29
pg0,2021-05-29,by_mean,-278.1017573304951,By,Mean,2021-05-29,2021-05-30
pg0,2021-05-30,by_mean,-273.6493313916084,By,Mean,2021-05-30,2021-05-31
pg0,2021-05-31,by_mean,-280.80966620663844,By,Mean,2021-05-31,2021-06-01
pg0,2021-06-01,by_mean,-279.39032460010066,By,Mean,2021-06-01,2021-06-02
pg0,2021-06-02,by_mean,-278.6731038678428,By,Mean,2021-06-02,2021-06-03
pg0,2021-06-03,by_mean,-289.8572971645143,By,Mean,2021-06-03,2021-06-04
pg0,2021-06-04,by_mean,-280.6914477641634,By,Mean,2021-06-04,2021-06-05
pg0,2021-06-05,by_mean,-278.7538406822888,By,Mean,2021-06-05,2021-06-06
pg0,2021-06-06,by_mean,-283.0206875380082,By,Mean,2021-06-06,2021-06-07
pg0,2021-06-07,by_mean,-270.42789453358137,By,Mean,2021-06-07,2021-06-08
pg0,2021-06-08,by_mean,-288.3123560503297,By,Mean,2021-06-08,2021-06-09
pg0,2021-06-09,by_mean,-288.8973331071834,By,Mean,2021-06-09,2021-06-10
pg0,2021-06-10,by_mean,-283.5609768736767,By,Mean,2021-06-10,2021-06-11
pg0,2021-06-11,by_mean,-293.6074396434754,By,Mean,2021-06-11,2021-06-12
pg0,2021-06-12,by_mean,-287.6938288883948,By,Mean,2021-06-12,2021-06-13
pg0,2021-06-13,by_mean,-280.7965193079326,By,Mean,2021-06-13,2021-06-14
pg0,2021-06-14,by_mean,-286.1117223970056,By,Mean,2021-06-14,2021-06-15
pg0,2021-06-15,by_mean,-296.21935110278463,By,Mean,2021-06-15,2021-06-16
pg0,2024-01-01,bz_min,-55698.13,Bz,Min,2024-01-01,2024-01-02
pg0,2024-01-02,bz_min,-55698.13,Bz,Min,2024-01-02,2024-01-03
pg0,2024-01-03,bz_min,-53631.31,Bz,Min,2024-01-03,2024-01-04
pg0,2024-01-04,bz_min,-55698.13,Bz,Min,2024-01-04,2024-01-05
pg0,2024-01-05,bz_min,-55698.13,Bz,Min,2024-01-05,2024-01-06
pg0,2024-01-06,bz_min,-55698.13,Bz,Min,2024-01-06,2024-01-07
pg0,2024-01-07,bz_min,-55698.13,Bz,Min,2024-01-07,2024-01-08
pg0,2024-01-08,bz_min,-55698.13,Bz,Min,2024-01-08,2024-01-09
pg0,2024-01-09,bz_min,-55698.13,Bz,Min,2024-01-09,2024-01-10
pg0,2024-01-10,bz_min,-53780.31,Bz,Min,2024-01-10,2024-01-11
pg0,2024-01-11,bz_min,-53822.59,Bz,Min,2024-01-11,2024-01-12
pg0,2024-01-12,bz_min,-53706.13,Bz,Min,2024-01-12,2024-01-13
pg0,2024-01-13,bz_min,-53649.36,Bz,Min,2024-01-13,2024-01-14
pg0,2024-01-14,bz_min,-53802.42,Bz,Min,2024-01-14,2024-01-15
pg0,2024-01-15,bz_min,-53703.9,Bz,Min,2024-01-15,2024-01-16
pg0,2024-01-16,bz_min,-53591.26,Bz,Min,2024-01-16,2024-01-17
pg0,2024-01-17,bz_min,-53584.51,Bz,Min,2024-01-17,2024-01-18
pg0,2024-01-18,bz_min,-53690.01,Bz,Min,2024-01-18,2024-01-19
pg0,2024-01-19,bz_min,-53792.27,Bz,Min,2024-01-19,2024-01-20
pg0,2024-01-20,bz_min,-53738.91,Bz,Min,2024-01-20,2024-01-21
pg0,2024-01-21,bz_min,-53805.47,Bz,Min,2024-01-21,2024-01-22
pg0,2024-01-22,bz_min,-53713.17,Bz,Min,2024-01-22,2024-01-23
pg0,2024-01-23,bz_min,-53690.06,Bz,Min,2024-01-23,2024-01-24
pg0,2024-01-24,bz_min,-53634.41,Bz,Min,2024-01-24,2024-01-25
pg0,2024-01-25,bz_min,-53568.21,Bz,Min,2024-01-25,2024-01-26
pg0,2024-01-26,bz_min,-53593.89,Bz,Min,2024-01-26,2024-01-27
pg0,2024-01-27,bz_min,-53628.67,Bz,Min,2024-01-27,2024-01-28
pg0,2024-01-28,bz_min,-53638.28,Bz,Min,2024-01-28,2024-01-29
pg0,2024-01-29,bz_min,-53613.54,Bz,Min,2024-01-29,2024-01-30
pg0,2024-01-30,bz_min,-53609.96,Bz,Min,2024-01-30,2024-01-31
pg0,2024-01-31,bz_min,-53563.63,Bz,Min,2024-01-31,2024-02-01
pg0,2024-02-01,bz_min,-53567.21,Bz,Min,2024-02-01,2024-02-02
pg0,2024-02-02,bz_min,-53599.76,Bz,Min,2024-02-02,2024-02-03
pg0,2024-02-03,bz_min,-53620.63,Bz,Min,2024-02-03,2024-02-04
pg0,2024-02-04,bz_min,-53560.7,Bz,Min,2024-02-04,2024-02-05
pg0,2024-02-05,bz_min,-53694.11,Bz,Min,2024-02-05,2024-02-06
pg0,2024-02-06,bz_min,-53711.0,Bz,Min,2024-02-06,2024-02-07
pg0,2024-02-07,bz_min,-55698.13,Bz,Min,2024-02-07,2024-02-08
pg0,2024-02-08,bz_min,-53705.66,Bz,Min,2024-02-08,2024-02-09
pg0,2024-02-09,bz_min,-53653.59,Bz,Min,2024-02-09,2024-02-10
pg0,2024-02-10,bz_min,-53740.9,Bz,Min,2024-02-10,2024-02-11
pg0,2024-02-11,bz_min,-53974.0,Bz,Min,2024-02-11,2024-02-12
pg0,2024-02-12,bz_min,-53625.38,Bz,Min,2024-02-12,2024-02-13
pg0,2024-02-13,bz_min,-53986.6,Bz,Min,2024-02-13,2024-02-14
pg0,2024-02-14,bz_min,-53650.66,Bz,Min,2024-02-14,2024-02-15
pg0,2024-02-15,bz_min,-53606.09,Bz,Min,2024-02-15,2024-02-16
pg0,2024-02-16,bz_min,-53626.5,Bz,Min,2024-02-16,2024-02-17
pg0,2024-02-17,bz_min,-53629.95,Bz,Min,2024-02-17,2024-02-18
pg0,2024-02-18,bz_min,-53671.3,Bz,Min,2024-02-18,2024-02-19
pg0,2024-02-19,bz_min,-53554.13,Bz,Min,2024-02-19,2024-02-20
pg0,2024-02-20,bz_min,-53660.51,Bz,Min,2024-02-20,2024-02-21
pg0,2024-02-21,bz_min,-53549.38,Bz,Min,2024-02-21,2024-02-22
pg0,2024-02-22,bz_min,-55698.13,Bz,Min,2024-02-22,2024-02-23
pg0,2024-02-23,bz_min,-53586.97,Bz,Min,2024-02-23,2024-02-24
pg0,2024-02-24,bz_min,-53546.16,Bz,Min,2024-02-24,2024-02-25
pg0,2024-02-25,bz_min,-53566.33,Bz,Min,2024-02-25,2024-02-26
pg0,2024-02-26,bz_min,-53566.16,Bz,Min,2024-02-26,2024-02-27
pg0,2024-02-27,bz_min,-55698.13,Bz,Min,2024-02-27,2024-02-28
pg0,2024-02-28,bz_min,-55698.13,Bz,Min,2024-02-28,2024-02-29
pg0,2024-02-29,bz_min,-53623.62,Bz,Min,2024-02-29,2024-03-01
pg0,2024-03-01,bz_min,-53591.43,Bz,Min,2024-03-01,2024-03-02
pg0,2024-03-02,bz_min,-55698.13,Bz,Min,2024-03-02,2024-03-03
pg0,2024-03-03,bz_min,-55698.13,Bz,Min,2024-03-03,2024-03-04
pg0,2024-03-04,bz_min,-53671.12,Bz,Min,2024-03-04,2024-03-05
pg0,2024-03-05,bz_min,-53634.7,Bz,Min,2024-03-05,2024-03-06
pg0,2024-03-06,bz_min,-53604.8,Bz,Min,2024-03-06,2024-03-07
pg0,2024-03-07,bz_min,-53600.99,Bz,Min,2024-03-07,2024-03-08
pg0,2024-03-08,bz_min,-53713.28,Bz,Min,2024-03-08,2024-03-09
pg0,2024-03-09,bz_min,-53608.67,Bz,Min,2024-03-09,2024-03-10
pg0,2024-03-10,bz_min,-53610.66,Bz,Min,2024-03-10,2024-03-11
pg0,2024-03-11,bz_min,-53609.43,Bz,Min,2024-03-11,2024-03-12
pg0,2024-03-12,bz_min,-53607.15,Bz,Min,2024-03-12,2024-03-13
pg0,2024-03-13,bz_min,-53775.33,Bz,Min,2024-03-13,2024-03-14
pg0,2024-03-14,bz_min,-53601.75,Bz,Min,2024-03-14,2024-03-15
pg0,2024-03-15,bz_min,-53768.05,Bz,Min,2024-03-15,2024-03-16
pg0,2024-03-16,bz_min,-53546.69,Bz,Min,2024-03-16,2024-03-17
pg0,2024-03-17,bz_min,-55698.13,Bz,Min,2024-03-17,2024-03-18
pg0,2024-03-18,bz_min,-55698.13,Bz,Min,2024-03-18,2024-03-19
pg0,2024-03-19,bz_min,-55698.13,Bz,Min,2024-03-19,2024-03-20
pg0,2024-03-20,bz_min,-53527.45,Bz,Min,2024-03-20,2024-03-21
pg0,2024-03-21,bz_min,-53641.98,Bz,Min,2024-03-21,2024-03-22
pg0,2024-03-22,bz_min,-53573.25,Bz,Min,2024-03-22,2024-03-23
pg0,2024-03-23,bz_min,-53601.52,Bz,Min,2024-03-23,2024-03-24
pg0,2024-03-24,bz_min,-55698.13,Bz,Min,2024-03-24,2024-03-25
pg0,2024-03-25,bz_min,-55698.13,Bz,Min,2024-03-25,2024-03-26
pg0,2024-03-26,bz_min,-55698.13,Bz,Min,2024-03-26,2024-03-27
pg0,2024-03-27,bz_min,-55698.13,Bz,Min,2024-03-27,2024-03-28
pg0,2024-03-28,bz_min,-55698.13,Bz,Min,2024-03-28,2024-03-29
pg0,2024-03-29,bz_min,-55698.13,Bz,Min,2024-03-29,2024-03-30
pg0,2024-03-30,bz_min,-53533.26,Bz,Min,2024-03-30,2024-03-31
pg0,2024-03-31,bz_min,-53765.01,Bz,Min,2024-03-31,2024-04-01
pg0,2024-04-01,bz_min,-53568.09,Bz,Min,2024-04-01,2024-04-02
pg0,2024-04-02,bz_min,-53588.56,Bz,Min,2024-04-02,2024-04-03
pg0,2024-04-03,bz_min,-53589.55,Bz,Min,2024-04-03,2024-04-04
pg0,2024-04-04,bz_min,-53767.47,Bz,Min,2024-04-04,2024-04-05
pg0,2024-04-05,bz_min,-53638.46,Bz,Min,2024-04-05,2024-04-06
pg0,2024-04-06,bz_min,-55698.13,Bz,Min,2024-04-06,2024-04-07
pg0,2024-04-07,bz_min,-55698.13,Bz,Min,2024-04-07,2024-04-08
pg0,2024-04-08,bz_min,-55698.13,Bz,Min,2024-04-08,2024-04-09
pg0,2024-04-09,bz_min,-53754.8,Bz,Min,2024-04-09,2024-04-10
pg0,2024-04-10,bz_min,-53576.13,Bz,Min,2024-04-10,2024-04-11
pg0,2024-04-11,bz_min,-53549.56,Bz,Min,2024-04-11,2024-04-12
pg0,2024-04-12,bz_min,-55698.13,Bz,Min,2024-04-12,2024-04-13
pg0,2024-04-13,bz_min,-55698.13,Bz,Min,2024-04-13,2024-04-14
pg0,2024-04-14,bz_min,-53539.3,Bz,Min,2024-04-14,2024-04-15
pg0,2024-04-15,bz_min,-53576.3,Bz,Min,2024-04-15,2024-04-16
pg0,2024-04-16,bz_min,-53577.18,Bz,Min,2024-04-16,2024-04-17
pg0,2024-04-17,bz_min,-53537.95,Bz,Min,2024-04-17,2024-04-18
pg0,2024-04-18,bz_min,-53511.21,Bz,Min,2024-04-18,2024-04-19
pg0,2024-04-19,bz_min,-53622.86,Bz,Min,2024-04-19,2024-04-20
pg0,2024-04-20,bz_min,-53590.72,Bz,Min,2024-04-20,2024-04-21
pg0,2024-04-21,bz_min,-53602.04,Bz,Min,2024-04-21,2024-04-22
pg0,2024-04-22,bz_min,-53588.38,Bz,Min,2024-04-22,2024-04-23
pg0,2024-04-23,bz_min,-53611.43,Bz,Min,2024-04-23,2024-04-24
pg0,2024-04-24,bz_min,-53522.24,Bz,Min,2024-04-24,2024-04-25
pg0,2024-04-25,bz_min,-55698.13,Bz,Min,2024-04-25,2024-04-26
pg0,2024-04-26,bz_min,-55698.13,Bz,Min,2024-04-26,2024-04-27
pg0,2024-04-27,bz_min,-53581.4,Bz,Min,2024-04-27,2024-04-28
pg0,2024-04-28,bz_min,-53569.03,Bz,Min,2024-04-28,2024-04-29
pg0,2024-04-29,bz_min,-55698.13,Bz,Min,2024-04-29,2024-04-30
pg0,2024-04-30,bz_min,-53761.66,Bz,Min,2024-04-30,2024-05-01
pg0,2024-05-01,bz_min,-53695.46,Bz,Min,2024-05-01,2024-05-02
pg0,2024-05-02,bz_min,-53673.17,Bz,Min,2024-05-02,2024-05-03
pg0,2024-05-03,bz_min,-53720.97,Bz,Min,2024-05-03,2024-05-04
pg0,2024-05-04,bz_min,-53628.78,Bz,Min,2024-05-04,2024-05-05
pg0,2024-05-05,bz_min,-53558.12,Bz,Min,2024-05-05,2024-05-06
pg0,2024-05-06,bz_min,-53598.35,Bz,Min,2024-05-06,2024-05-07
pg0,2024-05-07,bz_min,-55698.13,Bz,Min,2024-05-07,2024-05-08
pg0,2024-05-08,bz_min,-55698.13,Bz,Min,2024-05-08,2024-05-09
pg0,2024-05-09,bz_min,-53533.14,Bz,Min,2024-05-09,2024-05-10
pg0,2024-05-10,bz_min,-53987.37,Bz,Min,2024-05-10,2024-05-11
pg0,2024-05-11,bz_min,-54502.99,Bz,Min,2024-05-11,2024-05-12
pg0,2024-05-12,bz_min,-54237.11,Bz,Min,2024-05-12,2024-05-13
pg0,2024-05-13,bz_min,-54018.68,Bz,Min,2024-05-13,2024-05-14
pg0,2024-05-14,bz_min,-53609.02,Bz,Min,2024-05-14,2024-05-15
pg0,2024-05-15,bz_min,-55698.13,Bz,Min,2024-05-15,2024-05-16
pg0,2024-05-16,bz_min,-54049.29,Bz,Min,2024-05-16,2024-05-17
pg0,2024-05-17,bz_min,-53595.53,Bz,Min,2024-05-17,2024-05-18
pg0,2024-05-18,bz_min,-53673.82,Bz,Min,2024-05-18,2024-05-19
pg0,2024-05-19,bz_min,-53637.29,Bz,Min,2024-05-19,2024-05-20
pg0,2024-05-20,bz_min,-53587.79,Bz,Min,2024-05-20,2024-05-21
pg0,2024-05-21,bz_min,-53571.08,Bz,Min,2024-05-21,2024-05-22
pg0,2024-05-22,bz_min,-53536.66,Bz,Min,2024-05-22,2024-05-23
pg0,2024-05-23,bz_min,-53779.49,Bz,Min,2024-05-23,2024-05-24
pg0,2024-05-24,bz_min,-55698.13,Bz,Min,2024-05-24,2024-05-25
pg0,2024-05-25,bz_min,-55698.13,Bz,Min,2024-05-25,2024-05-26
pg0,2024-05-26,bz_min,-55698.13,Bz,Min,2024-05-26,2024-05-27
pg0,2024-05-27,bz_min,-55698.13,Bz,Min,2024-05-27,2024-05-28
pg0,2024-05-28,bz_min,-53781.01,Bz,Min,2024-05-28,2024-05-29
pg0,2024-05-29,bz_min,-53516.25,Bz,Min,2024-05-29,2024-05-30
pg0,2024-05-30,bz_min,-53583.28,Bz,Min,2024-05-30,2024-05-31
pg0,2024-05-31,bz_min,-53916.12,Bz,Min,2024-05-31,2024-06-01
pg0,2024-06-01,bz_min,-53596.42,Bz,Min,2024-06-01,2024-06-02
pg0,2024-06-02,bz_min,-53582.63,Bz,Min,2024-06-02,2024-06-03
pg0,2024-06-03,bz_min,-53550.09,Bz,Min,2024-06-03,2024-06-04
pg0,2024-06-04,bz_min,-53606.44,Bz,Min,2024-06-04,2024-06-05
pg0,2024-06-05,bz_min,-53541.88,Bz,Min,2024-06-05,2024-06-06
pg0,2024-06-06,bz_min,-53659.86,Bz,Min,2024-06-06,2024-06-07
pg0,2024-06-07,bz_min,-53632.71,Bz,Min,2024-06-07,2024-06-08
pg0,2024-06-08,bz_min,-53714.1,Bz,Min,2024-06-08,2024-06-09
pg0,2024-06-09,bz_min,-53597.06,Bz,Min,2024-06-09,2024-06-10
pg0,2024-06-10,bz_min,-53551.56,Bz,Min,2024-06-10,2024-06-11
pg0,2024-06-11,bz_min,-53584.98,Bz,Min,2024-06-11,2024-06-12
pg0,2024-06-12,bz_min,-53552.32,Bz,Min,2024-06-12,2024-06-13
pg0,2024-06-13,bz_min,-53508.86,Bz,Min,2024-06-13,2024-06-14
pg0,2024-06-14,bz_min,-53568.74,Bz,Min,2024-06-14,2024-06-15
pg0,2024-06-15,bz_min,-53613.42,Bz,Min,2024-06-15,2024-06-16
pg0,2024-06-16,bz_min,-53660.92,Bz,Min,2024-06-16,2024-06-17
pg0,2024-06-17,bz_min,-53521.47,Bz,Min,2024-06-17,2024-06-18
pg0,2024-06-18,bz_min,-53635.35,Bz,Min,2024-06-18,2024-06-19
pg0,2024-06-19,bz_min,-53597.76,Bz,Min,2024-06-19,2024-06-20
pg0,2024-06-20,bz_min,-53658.63,Bz,Min,2024-06-20,2024-06-21
pg0,2024-06-21,bz_min,-53516.54,Bz,Min,2024-06-21,2024-06-22
pg0,2024-06-22,bz_min,-53515.96,Bz,Min,2024-06-22,2024-06-23
pg0,2024-06-23,bz_min,-53621.63,Bz,Min,2024-06-23,2024-06-24
pg0,2024-06-24,bz_min,-53525.52,Bz,Min,2024-06-24,2024-06-25
pg0,2024-06-25,bz_min,-53530.09,Bz,Min,2024-06-25,2024-06-26
pg0,2024-06-26,bz_min,-53520.18,Bz,Min,2024-06-26,2024-06-27
pg0,2024-06-27,bz_min,-53529.04,Bz,Min,2024-06-27,2024-06-28
pg0,2024-10-08,bz_min,-53605.68,Bz,Min,2024-10-08,2024-10-09
pg0,2024-10-09,bz_min,-53571.79,Bz,Min,2024-10-09,2024-10-10
pg0,2024-10-10,bz_min,-53664.38,Bz,Min,2024-10-10,2024-10-11
pg0,2024-10-11,bz_min,-53757.5,Bz,Min,2024-10-11,2024-10-12
pg0,2024-10-12,bz_min,-53671.59,Bz,Min,2024-10-12,2024-10-13
pg0,2024-10-13,bz_min,-53591.67,Bz,Min,2024-10-13,2024-10-14
pg0,2024-10-14,bz_min,-53577.65,Bz,Min,2024-10-14,2024-10-15
pg0,2024-10-15,bz_min,-53630.01,Bz,Min,2024-10-15,2024-10-16
pg0,2024-10-16,bz_min,-53695.81,Bz,Min,2024-10-16,2024-10-17
pg0,2024-10-17,bz_min,-53589.38,Bz,Min,2024-10-17,2024-10-18
pg0,2024-10-18,bz_min,-53592.19,Bz,Min,2024-10-18,2024-10-19
pg0,2024-10-19,bz_min,-53616.65,Bz,Min,2024-10-19,2024-10-20
pg0,2024-10-20,bz_min,-53522.76,Bz,Min,2024-10-20,2024-10-21
pg0,2024-10-21,bz_min,-53531.62,Bz,Min,2024-10-21,2024-10-22
pg0,2024-10-22,bz_min,-53638.63,Bz,Min,2024-10-22,2024-10-23
pg0,2024-10-23,bz_min,-53615.94,Bz,Min,2024-10-23,2024-10-24
pg0,2024-10-24,bz_min,-53655.35,Bz,Min,2024-10-24,2024-10-25
pg0,2024-10-25,bz_min,-53511.03,Bz,Min,2024-10-25,2024-10-26
pg0,2024-10-26,bz_min,-53593.89,Bz,Min,2024-10-26,2024-10-27
pg0,2024-10-27,bz_min,-53533.9,Bz,Min,2024-10-27,2024-10-28
pg0,2024-10-28,bz_min,-53710.7,Bz,Min,2024-10-28,2024-10-29
pg0,2024-10-29,bz_min,-53588.44,Bz,Min,2024-10-29,2024-10-30
pg0,2024-10-30,bz_min,-53576.07,Bz,Min,2024-10-30,2024-10-31
pg0,2024-10-31,bz_min,-53563.11,Bz,Min,2024-10-31,2024-11-01
pg0,2024-11-01,bz_min,-53564.57,Bz,Min,2024-11-01,2024-11-02
pg0,2024-11-02,bz_min,-53607.15,Bz,Min,2024-11-02,2024-11-03
pg0,2024-11-03,bz_min,-53576.01,Bz,Min,2024-11-03,2024-11-04
pg0,2024-11-04,bz_min,-53701.73,Bz,Min,2024-11-04,2024-11-05
pg0,2024-11-05,bz_min,-53671.53,Bz,Min,2024-11-05,2024-11-06
pg0,2024-11-06,bz_min,-53702.44,Bz,Min,2024-11-06,2024-11-07
pg0,2024-11-07,bz_min,-55698.13,Bz,Min,2024-11-07,2024-11-08
pg0,2024-11-08,bz_min,-53558.53,Bz,Min,2024-11-08,2024-11-09
pg0,2024-11-09,bz_min,-53634.35,Bz,Min,2024-11-09,2024-11-10
pg0,2024-11-10,bz_min,-53524.81,Bz,Min,2024-11-10,2024-11-11
pg0,2024-11-11,bz_min,-53807.17,Bz,Min,2024-11-11,2024-11-12
pg0,2024-11-12,bz_min,-53571.73,Bz,Min,2024-11-12,2024-11-13
pg0,2024-11-13,bz_min,-53589.08,Bz,Min,2024-11-13,2024-11-14
pg0,2024-11-14,bz_min,-53594.54,Bz,Min,2024-11-14,2024-11-15
pg0,2024-11-15,bz_min,-53742.37,Bz,Min,2024-11-15,2024-11-16
pg0,2024-11-16,bz_min,-53645.26,Bz,Min,2024-11-16,2024-11-17
pg0,2024-11-17,bz_min,-53720.2,Bz,Min,2024-11-17,2024-11-18
pg0,2024-11-18,bz_min,-53609.49,Bz,Min,2024-11-18,2024-11-19
pg0,2024-11-19,bz_min,-53725.6,Bz,Min,2024-11-19,2024-11-20
pg0,2024-11-20,bz_min,-53980.62,Bz,Min,2024-11-20,2024-11-21
pg0,2024-11-21,bz_min,-53605.03,Bz,Min,2024-11-21,2024-11-22
pg0,2024-11-22,bz_min,-53575.3,Bz,Min,2024-11-22,2024-11-23
pg0,2024-11-23,bz_min,-53556.77,Bz,Min,2024-11-23,2024-11-24
pg0,2024-11-24,bz_min,-53538.6,Bz,Min,2024-11-24,2024-11-25
pg0,2024-11-25,bz_min,-53513.03,Bz,Min,2024-11-25,2024-11-26
pg0,2024-11-26,bz_min,-53536.95,Bz,Min,2024-11-26,2024-11-27
pg0,2024-11-27,bz_min,-53588.44,Bz,Min,2024-11-27,2024-11-28
pg0,2024-11-28,bz_min,-53601.22,Bz,Min,2024-11-28,2024-11-29
pg0,2024-11-29,bz_min,-53592.31,Bz,Min,2024-11-29,2024-11-30
pg0,2024-11-30,bz_min,-53549.03,Bz,Min,2024-11-30,2024-12-01
pg0,2024-12-01,bz_min,-53636.0,Bz,Min,2024-12-01,2024-12-02
pg0,2024-12-02,bz_min,-53553.37,Bz,Min,2024-12-02,2024-12-03
pg0,2024-12-03,bz_min,-53617.11,Bz,Min,2024-12-03,2024-12-04
pg0,2024-12-04,bz_min,-53632.65,Bz,Min,2024-12-04,2024-12-05
pg0,2024-12-05,bz_min,-53527.98,Bz,Min,2024-12-05,2024-12-06
pg0,2024-12-06,bz_min,-53531.26,Bz,Min,2024-12-06,2024-12-07
pg0,2024-12-07,bz_min,-53572.37,Bz,Min,2024-12-07,2024-12-08
pg0,2024-12-08,bz_min,-53918.52,Bz,Min,2024-12-08,2024-12-09
pg0,2024-12-09,bz_min,-53723.37,Bz,Min,2024-12-09,2024-12-10
pg0,2024-12-10,bz_min,-53787.11,Bz,Min,2024-12-10,2024-12-11
pg0,2024-12-11,bz_min,-53708.24,Bz,Min,2024-12-11,2024-12-12
pg0,2024-12-12,bz_min,-53535.72,Bz,Min,2024-12-12,2024-12-13
pg0,2024-12-13,bz_min,-53631.13,Bz,Min,2024-12-13,2024-12-14
pg0,2024-12-14,bz_min,-53771.4,Bz,Min,2024-12-14,2024-12-15
pg0,2024-12-15,bz_min,-53744.95,Bz,Min,2024-12-15,2024-12-16
pg0,2024-12-16,bz_min,-53727.24,Bz,Min,2024-12-16,2024-12-17
pg0,2024-12-17,bz_min,-53785.53,Bz,Min,2024-12-17,2024-12-18
pg0,2024-12-18,bz_min,-55698.13,Bz,Min,2024-12-18,2024-12-19
pg0,2024-12-19,bz_min,-53572.31,Bz,Min,2024-12-19,2024-12-20
pg0,2024-12-20,bz_min,-53656.29,Bz,Min,2024-12-20,2024-12-21
pg0,2024-12-21,bz_min,-53599.29,Bz,Min,2024-12-21,2024-12-22
pg0,2024-12-22,bz_min,-53497.84,Bz,Min,2024-12-22,2024-12-23
pg0,2024-12-23,bz_min,-53581.81,Bz,Min,2024-12-23,2024-12-24
pg0,2024-12-24,bz_min,-53498.13,Bz,Min,2024-12-24,2024-12-25
pg0,2024-12-25,bz_min,-53600.58,Bz,Min,2024-12-25,2024-12-26
pg0,2024-12-26,bz_min,-53559.82,Bz,Min,2024-12-26,2024-12-27
pg0,2024-12-27,bz_min,-53537.19,Bz,Min,2024-12-27,2024-12-28
pg0,2024-12-28,bz_min,-53586.62,Bz,Min,2024-12-28,2024-12-29
pg0,2024-12-29,bz_min,-53590.02,Bz,Min,2024-12-29,2024-12-30
pg0,2024-12-30,bz_min,-53594.42,Bz,Min,2024-12-30,2024-12-31
pg0,2024-12-31,bz_min,-53871.85,Bz,Min,2024-12-31,2025-01-01
pg1,2024-01-01,bz_min,-176.33,Bz,Min,2024-01-01,2024-01-02
pg1,2024-01-02,bz_min,-156.47,Bz,Min,2024-01-02,2024-01-03
pg1,2024-01-03,bz_min,-192.9,Bz,Min,2024-01-03,2024-01-04
pg1,2024-01-04,bz_min,-182.4,Bz,Min,2024-01-04,2024-01-05
pg1,2024-01-05,bz_min,-144.83,Bz,Min,2024-01-05,2024-01-06
pg1,2024-01-06,bz_min,-103.22,Bz,Min,2024-01-06,2024-01-07
pg1,2024-01-07,bz_min,-159.51,Bz,Min,2024-01-07,2024-01-08
pg1,2024-01-08,bz_min,-158.87,Bz,Min,2024-01-08,2024-01-09
pg1,2024-01-09,bz_min,-225.54,Bz,Min,2024-01-09,2024-01-10
pg1,2024-01-10,bz_min,-261.46,Bz,Min,2024-01-10,2024-01-11
pg1,2024-01-11,bz_min,-296.37,Bz,Min,2024-01-11,2024-01-12
pg1,2024-01-12,bz_min,-241.98,Bz,Min,2024-01-12,2024-01-13
pg1,2024-01-13,bz_min,-193.66,Bz,Min,2024-01-13,2024-01-14
pg1,2024-01-14,bz_min,-371.13,Bz,Min,2024-01-14,2024-01-15
pg1,2024-01-15,bz_min,-340.77,Bz,Min,2024-01-15,2024-01-16
pg1,2024-01-16,bz_min,-167.6,Bz,Min,2024-01-16,2024-01-17
pg1,2024-01-17,bz_min,-178.48,Bz,Min,2024-01-17,2024-01-18
pg1,2024-01-18,bz_min,-252.35,Bz,Min,2024-01-18,2024-01-19
pg1,2024-01-19,bz_min,-417.42,Bz,Min,2024-01-19,2024-01-20
pg1,2024-01-20,bz_min,-340.77,Bz,Min,2024-01-20,2024-01-21
pg1,2024-01-21,bz_min,-412.36,Bz,Min,2024-01-21,2024-01-22
pg1,2024-01-22,bz_min,-277.9,Bz,Min,2024-01-22,2024-01-23
pg1,2024-01-23,bz_min,-251.09,Bz,Min,2024-01-23,2024-01-24
pg1,2024-01-24,bz_min,-255.39,Bz,Min,2024-01-24,2024-01-25
pg1,2024-01-25,bz_min,-234.26,Bz,Min,2024-01-25,2024-01-26
pg1,2024-01-26,bz_min,-242.36,Bz,Min,2024-01-26,2024-01-27
pg1,2024-01-27,bz_min,-247.29,Bz,Min,2024-01-27,2024-01-28
pg1,2024-01-28,bz_min,-245.39,Bz,Min,2024-01-28,2024-01-29
pg1,2024-01-29,bz_min,-270.19,Bz,Min,2024-01-29,2024-01-30
pg1,2024-01-30,bz_min,-301.94,Bz,Min,2024-01-30,2024-01-31
pg1,2024-01-31,bz_min,-181.01,Bz,Min,2024-01-31,2024-02-01
pg1,2024-02-01,bz_min,-233.0,Bz,Min,2024-02-01,2024-02-02
pg1,2024-02-02,bz_min,-219.21,Bz,Min,2024-02-02,2024-02-03
pg1,2024-02-03,bz_min,-225.91,Bz,Min,2024-02-03,2024-02-04
pg1,2024-02-04,bz_min,-176.71,Bz,Min,2024-02-04,2024-02-05
pg1,2024-02-05,bz_min,-213.64,Bz,Min,2024-02-05,2024-02-06
pg1,2024-02-06,bz_min,-344.18,Bz,Min,2024-02-06,2024-02-07
pg1,2024-02-07,bz_min,-203.65,Bz,Min,2024-02-07,2024-02-08
pg1,2024-02-08,bz_min,-314.08,Bz,Min,2024-02-08,2024-02-09
pg1,2024-02-09,bz_min,-235.15,Bz,Min,2024-02-09,2024-02-10
pg1,2024-02-10,bz_min,-236.92,Bz,Min,2024-02-10,2024-02-11
pg1,2024-02-11,bz_min,-603.37,Bz,Min,2024-02-11,2024-02-12
pg1,2024-02-12,bz_min,-265.51,Bz,Min,2024-02-12,2024-02-13
pg1,2024-02-13,bz_min,-326.48,Bz,Min,2024-02-13,2024-02-14
pg1,2024-02-14,bz_min,-242.74,Bz,Min,2024-02-14,2024-02-15
pg1,2024-02-15,bz_min,-223.89,Bz,Min,2024-02-15,2024-02-16
pg1,2024-02-16,bz_min,-228.57,Bz,Min,2024-02-16,2024-02-17
pg1,2024-02-17,bz_min,-95.75,Bz,Min,2024-02-17,2024-02-18
pg1,2024-02-18,bz_min,-159.63,Bz,Min,2024-02-18,2024-02-19
pg1,2024-02-19,bz_min,-41.24,Bz,Min,2024-02-19,2024-02-20
pg1,2024-02-20,bz_min,-129.4,Bz,Min,2024-02-20,2024-02-21
pg1,2024-02-21,bz_min,-37.82,Bz,Min,2024-02-21,2024-02-22
pg1,2024-02-22,bz_min,-134.59,Bz,Min,2024-02-22,2024-02-23
pg1,2024-02-23,bz_min,-106.25,Bz,Min,2024-02-23,2024-02-24
pg1,2024-02-24,bz_min,-87.15,Bz,Min,2024-02-24,2024-02-25
pg1,2024-02-25,bz_min,-113.59,Bz,Min,2024-02-25,2024-02-26
pg1,2024-02-26,bz_min,-108.02,Bz,Min,2024-02-26,2024-02-27
pg1,2024-04-30,bz_min,-384.66,Bz,Min,2024-04-30,2024-05-01
pg1,2024-05-01,bz_min,-272.59,Bz,Min,2024-05-01,2024-05-02
pg1,2024-05-02,bz_min,-195.94,Bz,Min,2024-05-02,2024-05-03
pg1,2024-05-03,bz_min,-305.6,Bz,Min,2024-05-03,2024-05-04
pg1,2024-05-04,bz_min,-204.16,Bz,Min,2024-05-04,2024-05-05
pg1,2024-05-05,bz_min,-87.91,Bz,Min,2024-05-05,2024-05-06
pg1,2024-05-06,bz_min,-134.97,Bz,Min,2024-05-06,2024-05-07
pg1,2024-05-07,bz_min,-57.81,Bz,Min,2024-05-07,2024-05-08
pg1,2024-05-08,bz_min,-85.64,Bz,Min,2024-05-08,2024-05-09
pg1,2024-05-09,bz_min,-57.3,Bz,Min,2024-05-09,2024-05-10
pg1,2024-05-10,bz_min,-564.66,Bz,Min,2024-05-10,2024-05-11
pg1,2024-05-11,bz_min,-994.86,Bz,Min,2024-05-11,2024-05-12
pg1,2024-05-12,bz_min,-662.31,Bz,Min,2024-05-12,2024-05-13
pg1,2024-05-13,bz_min,-541.01,Bz,Min,2024-05-13,2024-05-14
pg1,2024-05-14,bz_min,-160.39,Bz,Min,2024-05-14,2024-05-15
pg1,2024-05-15,bz_min,-248.68,Bz,Min,2024-05-15,2024-05-16
pg1,2024-05-16,bz_min,-694.31,Bz,Min,2024-05-16,2024-05-17
pg1,2024-05-17,bz_min,-91.45,Bz,Min,2024-05-17,2024-05-18
pg1,2024-05-18,bz_min,-198.47,Bz,Min,2024-05-18,2024-05-19
pg1,2024-05-19,bz_min,-156.6,Bz,Min,2024-05-19,2024-05-20
pg1,2024-05-20,bz_min,-81.33,Bz,Min,2024-05-20,2024-05-21
pg1,2024-05-21,bz_min,-62.99,Bz,Min,2024-05-21,2024-05-22
pg1,2024-05-22,bz_min,-23.02,Bz,Min,2024-05-22,2024-05-23
pg1,2024-05-23,bz_min,-111.69,Bz,Min,2024-05-23,2024-05-24
pg1,2024-05-24,bz_min,-169.88,Bz,Min,2024-05-24,2024-05-25
pg1,2024-05-25,bz_min,-69.06,Bz,Min,2024-05-25,2024-05-26
pg1,2024-05-26,bz_min,-134.21,Bz,Min,2024-05-26,2024-05-27
pg1,2024-05-27,bz_min,-121.43,Bz,Min,2024-05-27,2024-05-28
pg1,2024-05-28,bz_min,-33.77,Bz,Min,2024-05-28,2024-05-29
pg1,2024-05-29,bz_min,-13.66,Bz,Min,2024-05-29,2024-05-30
pg1,2024-05-30,bz_min,-108.28,Bz,Min,2024-05-30,2024-05-31
pg1,2024-05-31,bz_min,-490.92,Bz,Min,2024-05-31,2024-06-01
pg1,2024-06-01,bz_min,-124.72,Bz,Min,2024-06-01,2024-06-02
pg1,2024-06-02,bz_min,-113.59,Bz,Min,2024-06-02,2024-06-03
pg1,2024-06-03,bz_min,-64.89,Bz,Min,2024-06-03,2024-06-04
pg1,2024-06-04,bz_min,-143.69,Bz,Min,2024-06-04,2024-06-05
pg1,2024-06-05,bz_min,-42.75,Bz,Min,2024-06-05,2024-06-06
pg1,2024-06-06,bz_min,-212.25,Bz,Min,2024-06-06,2024-06-07
pg1,2024-06-07,bz_min,-188.85,Bz,Min,2024-06-07,2024-06-08
pg1,2024-06-08,bz_min,-205.42,Bz,Min,2024-06-08,2024-06-09
pg1,2024-06-09,bz_min,-120.42,Bz,Min,2024-06-09,2024-06-10
pg1,2024-06-10,bz_min,-56.42,Bz,Min,2024-06-10,2024-06-11
pg1,2024-06-11,bz_min,-119.28,Bz,Min,2024-06-11,2024-06-12
pg1,2024-06-12,bz_min,-57.3,Bz,Min,2024-06-12,2024-06-13
pg1,2024-06-13,bz_min,-12.52,Bz,Min,2024-06-13,2024-06-14
pg1,2024-06-14,bz_min,-101.32,Bz,Min,2024-06-14,2024-06-15
pg1,2024-06-15,bz_min,-168.11,Bz,Min,2024-06-15,2024-06-16
pg1,2024-06-16,bz_min,-257.79,Bz,Min,2024-06-16,2024-06-17
pg1,2024-06-17,bz_min,-43.64,Bz,Min,2024-06-17,2024-06-18
pg1,2024-06-18,bz_min,-171.02,Bz,Min,2024-06-18,2024-06-19
pg1,2024-06-19,bz_min,-162.8,Bz,Min,2024-06-19,2024-06-20
pg1,2024-06-20,bz_min,-237.68,Bz,Min,2024-06-20,2024-06-21
pg1,2024-06-21,bz_min,-18.97,Bz,Min,2024-06-21,2024-06-22
pg1,2024-06-22,bz_min,-22.9,Bz,Min,2024-06-22,2024-06-23
pg1,2024-06-23,bz_min,-163.68,Bz,Min,2024-06-23,2024-06-24
pg1,2024-06-24,bz_min,-34.79,Bz,Min,2024-06-24,2024-06-25
pg1,2024-06-25,bz_min,-128.52,Bz,Min,2024-06-25,2024-06-26
pg1,2024-06-26,bz_min,-110.81,Bz,Min,2024-06-26,2024-06-27
pg1,2024-06-27,bz_min,-61.98,Bz,Min,2024-06-27,2024-06-28
pg1,2024-06-28,bz_min,-165.07,Bz,Min,2024-06-28,2024-06-29
pg1,2024-06-29,bz_min,-294.98,Bz,Min,2024-06-29,2024-06-30
pg1,2024-06-30,bz_min,-104.48,Bz,Min,2024-06-30,2024-07-01
pg1,2024-07-01,bz_min,-124.59,Bz,Min,2024-07-01,2024-07-02
pg1,2024-07-02,bz_min,-149.13,Bz,Min,2024-07-02,2024-07-03
pg1,2024-07-03,bz_min,-157.86,Bz,Min,2024-07-03,2024-07-04
pg1,2024-07-04,bz_min,-115.11,Bz,Min,2024-07-04,2024-07-05
pg1,2024-07-05,bz_min,-69.06,Bz,Min,2024-07-05,2024-07-06
pg1,2024-07-06,bz_min,-45.54,Bz,Min,2024-07-06,2024-07-07
pg1,2024-11-01,bz_min,-287.77,Bz,Min,2024-11-01,2024-11-02
pg1,2024-11-02,bz_min,-270.19,Bz,Min,2024-11-02,2024-11-03
pg1,2024-11-03,bz_min,-218.83,Bz,Min,2024-11-03,2024-11-04
pg1,2024-11-04,bz_min,-315.72,Bz,Min,2024-11-04,2024-11-05
pg1,2024-11-05,bz_min,-284.73,Bz,Min,2024-11-05,2024-11-06
pg1,2024-11-06,bz_min,-365.44,Bz,Min,2024-11-06,2024-11-07
pg1,2024-11-07,bz_min,-372.9,Bz,Min,2024-11-07,2024-11-08
pg1,2024-11-08,bz_min,-267.66,Bz,Min,2024-11-08,2024-11-09
pg1,2024-11-09,bz_min,-361.77,Bz,Min,2024-11-09,2024-11-10
pg1,2024-11-10,bz_min,-244.13,Bz,Min,2024-11-10,2024-11-11
pg1,2024-11-11,bz_min,-355.95,Bz,Min,2024-11-11,2024-11-12
pg1,2024-11-12,bz_min,-279.55,Bz,Min,2024-11-12,2024-11-13
pg1,2024-11-13,bz_min,-178.61,Bz,Min,2024-11-13,2024-11-14
pg1,2024-11-14,bz_min,-224.9,Bz,Min,2024-11-14,2024-11-15
pg1,2024-11-15,bz_min,-406.92,Bz,Min,2024-11-15,2024-11-16
pg1,2024-11-16,bz_min,-273.6,Bz,Min,2024-11-16,2024-11-17
pg1,2024-11-17,bz_min,-282.58,Bz,Min,2024-11-17,2024-11-18
pg1,2024-11-18,bz_min,-158.62,Bz,Min,2024-11-18,2024-11-19
pg1,2024-11-19,bz_min,-350.13,Bz,Min,2024-11-19,2024-11-20
pg1,2024-11-20,bz_min,-555.55,Bz,Min,2024-11-20,2024-11-21
pg1,2024-11-21,bz_min,-283.97,Bz,Min,2024-11-21,2024-11-22
pg1,2024-11-22,bz_min,-317.87,Bz,Min,2024-11-22,2024-11-23
pg1,2024-11-23,bz_min,-307.0,Bz,Min,2024-11-23,2024-11-24
pg1,2024-11-24,bz_min,-259.18,Bz,Min,2024-11-24,2024-11-25
pg1,2024-11-25,bz_min,-202.01,Bz,Min,2024-11-25,2024-11-26
pg1,2024-11-26,bz_min,-232.24,Bz,Min,2024-11-26,2024-11-27
pg1,2024-11-27,bz_min,-220.86,Bz,Min,2024-11-27,2024-11-28
pg1,2024-11-28,bz_min,-177.59,Bz,Min,2024-11-28,2024-11-29
pg1,2024-11-29,bz_min,-204.41,Bz,Min,2024-11-29,2024-11-30
pg1,2024-11-30,bz_min,-137.24,Bz,Min,2024-11-30,2024-12-01
pg1,2024-12-01,bz_min,-217.19,Bz,Min,2024-12-01,2024-12-02
pg1,2024-12-02,bz_min,-150.4,Bz,Min,2024-12-02,2024-12-03
pg1,2024-12-03,bz_min,-292.96,Bz,Min,2024-12-03,2024-12-04
pg1,2024-12-04,bz_min,-309.53,Bz,Min,2024-12-04,2024-12-05
pg1,2024-12-05,bz_min,-172.91,Bz,Min,2024-12-05,2024-12-06
pg1,2024-12-06,bz_min,-201.0,Bz,Min,2024-12-06,2024-12-07
pg1,2024-12-07,bz_min,-196.06,Bz,Min,2024-12-07,2024-12-08
pg1,2024-12-08,bz_min,-557.58,Bz,Min,2024-12-08,2024-12-09
pg1,2024-12-09,bz_min,-340.39,Bz,Min,2024-12-09,2024-12-10
pg1,2024-12-10,bz_min,-444.49,Bz,Min,2024-12-10,2024-12-11
pg1,2024-12-11,bz_min,-336.72,Bz,Min,2024-12-11,2024-12-12
pg1,2024-12-12,bz_min,-154.83,Bz,Min,2024-12-12,2024-12-13
pg1,2024-12-13,bz_min,-270.06,Bz,Min,2024-12-13,2024-12-14
pg1,2024-12-14,bz_min,-383.14,Bz,Min,2024-12-14,2024-12-15
pg1,2024-12-15,bz_min,-330.02,Bz,Min,2024-12-15,2024-12-16
pg1,2024-12-16,bz_min,-410.21,Bz,Min,2024-12-16,2024-12-17
pg1,2024-12-17,bz_min,-485.6,Bz,Min,2024-12-17,2024-12-18
pg1,2024-12-18,bz_min,-345.83,Bz,Min,2024-12-18,2024-12-19
pg1,2024-12-19,bz_min,-220.6,Bz,Min,2024-12-19,2024-12-20
pg1,2024-12-20,bz_min,-295.49,Bz,Min,2024-12-20,2024-12-21
pg1,2024-12-21,bz_min,-318.89,Bz,Min,2024-12-21,2024-12-22
pg1,2024-12-22,bz_min,-186.96,Bz,Min,2024-12-22,2024-12-23
pg1,2024-12-23,bz_min,-263.86,Bz,Min,2024-12-23,2024-12-24
pg1,2024-12-24,bz_min,-174.56,Bz,Min,2024-12-24,2024-12-25
pg1,2024-12-25,bz_min,-229.33,Bz,Min,2024-12-25,2024-12-26
pg1,2024-12-26,bz_min,-171.9,Bz,Min,2024-12-26,2024-12-27
pg1,2024-12-27,bz_min,-193.53,Bz,Min,2024-12-27,2024-12-28
pg1,2024-12-28,bz_min,-241.22,Bz,Min,2024-12-28,2024-12-29
pg1,2024-12-29,bz_min,-293.59,Bz,Min,2024-12-29,2024-12-30
pg1,2024-12-30,bz_min,-253.87,Bz,Min,2024-12-30,2024-12-31
pg1,2024-12-31,bz_min,-467.13,Bz,Min,2024-12-31,2025-01-01
pg2,2024-01-01,bz_min,-52041.98,Bz,Min,2024-01-01,2024-01-02
pg2,2024-01-02,bz_min,-52041.98,Bz,Min,2024-01-02,2024-01-03
pg2,2024-01-03,bz_min,-52041.98,Bz,Min,2024-01-03,2024-01-04
pg2,2024-01-04,bz_min,-52041.98,Bz,Min,2024-01-04,2024-01-05
pg2,2024-01-05,bz_min,-52041.98,Bz,Min,2024-01-05,2024-01-06
pg2,2024-01-06,bz_min,-52041.98,Bz,Min,2024-01-06,2024-01-07
pg2,2024-01-07,bz_min,-52041.98,Bz,Min,2024-01-07,2024-01-08
pg2,2024-01-08,bz_min,-52041.98,Bz,Min,2024-01-08,2024-01-09
pg2,2024-01-09,bz_min,-52041.98,Bz,Min,2024-01-09,2024-01-10
pg2,2024-01-10,bz_min,-52041.98,Bz,Min,2024-01-10,2024-01-11
pg2,2024-01-11,bz_min,-52041.98,Bz,Min,2024-01-11,2024-01-12
pg2,2024-01-12,bz_min,-50001.8,Bz,Min,2024-01-12,2024-01-13
pg2,2024-01-13,bz_min,-52041.98,Bz,Min,2024-01-13,2024-01-14
pg2,2024-01-14,bz_min,-52041.98,Bz,Min,2024-01-14,2024-01-15
pg2,2024-01-15,bz_min,-52041.98,Bz,Min,2024-01-15,2024-01-16
pg2,2024-01-16,bz_min,-49885.43,Bz,Min,2024-01-16,2024-01-17
pg2,2024-01-17,bz_min,-52041.98,Bz,Min,2024-01-17,2024-01-18
pg2,2024-01-18,bz_min,-52041.98,Bz,Min,2024-01-18,2024-01-19
pg2,2024-01-19,bz_min,-52041.98,Bz,Min,2024-01-19,2024-01-20
pg2,2024-01-20,bz_min,-49919.84,Bz,Min,2024-01-20,2024-01-21
pg2,2024-01-21,bz_min,-52041.98,Bz,Min,2024-01-21,2024-01-22
pg2,2024-01-22,bz_min,-52041.98,Bz,Min,2024-01-22,2024-01-23
pg2,2024-01-23,bz_min,-52041.98,Bz,Min,2024-01-23,2024-01-24
pg2,2024-01-24,bz_min,-49889.81,Bz,Min,2024-01-24,2024-01-25
pg2,2024-01-25,bz_min,-49791.59,Bz,Min,2024-01-25,2024-01-26
pg2,2024-01-26,bz_min,-49726.8,Bz,Min,2024-01-26,2024-01-27
pg2,2024-01-27,bz_min,-49767.38,Bz,Min,2024-01-27,2024-01-28
pg2,2024-01-28,bz_min,-49804.33,Bz,Min,2024-01-28,2024-01-29
pg2,2024-01-29,bz_min,-49783.69,Bz,Min,2024-01-29,2024-01-30
pg2,2024-01-30,bz_min,-49776.37,Bz,Min,2024-01-30,2024-01-31
pg2,2024-01-31,bz_min,-49780.52,Bz,Min,2024-01-31,2024-02-01
pg2,2024-02-01,bz_min,-49814.01,Bz,Min,2024-02-01,2024-02-02
pg2,2024-02-02,bz_min,-49827.15,Bz,Min,2024-02-02,2024-02-03
pg2,2024-02-03,bz_min,-49796.26,Bz,Min,2024-02-03,2024-02-04
pg2,2024-02-04,bz_min,-49765.13,Bz,Min,2024-02-04,2024-02-05
pg2,2024-02-05,bz_min,-49765.36,Bz,Min,2024-02-05,2024-02-06
pg2,2024-02-06,bz_min,-52041.98,Bz,Min,2024-02-06,2024-02-07
pg2,2024-02-07,bz_min,-49734.52,Bz,Min,2024-02-07,2024-02-08
pg2,2024-02-08,bz_min,-49846.86,Bz,Min,2024-02-08,2024-02-09
pg2,2024-02-09,bz_min,-49746.92,Bz,Min,2024-02-09,2024-02-10
pg2,2024-02-10,bz_min,-52041.98,Bz,Min,2024-02-10,2024-02-11
pg2,2024-02-11,bz_min,-50060.6,Bz,Min,2024-02-11,2024-02-12
pg2,2024-02-12,bz_min,-52041.98,Bz,Min,2024-02-12,2024-02-13
pg2,2024-02-13,bz_min,-52041.98,Bz,Min,2024-02-13,2024-02-14
pg2,2024-02-14,bz_min,-52041.98,Bz,Min,2024-02-14,2024-02-15
pg2,2024-02-15,bz_min,-52041.98,Bz,Min,2024-02-15,2024-02-16
pg2,2024-02-16,bz_min,-52041.98,Bz,Min,2024-02-16,2024-02-17
pg2,2024-02-17,bz_min,-52041.98,Bz,Min,2024-02-17,2024-02-18
pg2,2024-02-18,bz_min,-49813.84,Bz,Min,2024-02-18,2024-02-19
pg2,2024-02-19,bz_min,-52041.98,Bz,Min,2024-02-19,2024-02-20
pg2,2024-02-20,bz_min,-49806.46,Bz,Min,2024-02-20,2024-02-21
pg2,2024-02-21,bz_min,-49662.82,Bz,Min,2024-02-21,2024-02-22
pg2,2024-02-22,bz_min,-49778.22,Bz,Min,2024-02-22,2024-02-23
pg2,2024-02-23,bz_min,-49720.92,Bz,Min,2024-02-23,2024-02-24
pg2,2024-02-24,bz_min,-49835.22,Bz,Min,2024-02-24,2024-02-25
pg2,2024-02-25,bz_min,-49904.79,Bz,Min,2024-02-25,2024-02-26
pg2,2024-02-26,bz_min,-49838.74,Bz,Min,2024-02-26,2024-02-27
pg2,2024-02-27,bz_min,-49914.25,Bz,Min,2024-02-27,2024-02-28
pg2,2024-02-28,bz_min,-49802.37,Bz,Min,2024-02-28,2024-02-29
pg2,2024-02-29,bz_min,-49762.19,Bz,Min,2024-02-29,2024-03-01
pg2,2024-03-01,bz_min,-49899.2,Bz,Min,2024-03-01,2024-03-02
pg2,2024-03-02,bz_min,-49798.51,Bz,Min,2024-03-02,2024-03-03
pg2,2024-03-03,bz_min,-49742.36,Bz,Min,2024-03-03,2024-03-04
pg2,2024-03-04,bz_min,-49841.22,Bz,Min,2024-03-04,2024-03-05
pg2,2024-03-05,bz_min,-49857.82,Bz,Min,2024-03-05,2024-03-06
pg2,2024-03-06,bz_min,-49997.42,Bz,Min,2024-03-06,2024-03-07
pg2,2024-03-07,bz_min,-49834.47,Bz,Min,2024-03-07,2024-03-08
pg2,2024-03-08,bz_min,-50195.42,Bz,Min,2024-03-08,2024-03-09
pg2,2024-03-09,bz_min,-52041.98,Bz,Min,2024-03-09,2024-03-10
pg2,2024-03-10,bz_min,-49859.2,Bz,Min,2024-03-10,2024-03-11
pg2,2024-03-11,bz_min,-49824.44,Bz,Min,2024-03-11,2024-03-12
pg2,2024-03-12,bz_min,-49739.48,Bz,Min,2024-03-12,2024-03-13
pg2,2024-03-13,bz_min,-50064.92,Bz,Min,2024-03-13,2024-03-14
pg2,2024-03-14,bz_min,-49764.38,Bz,Min,2024-03-14,2024-03-15
pg2,2024-03-15,bz_min,-49846.98,Bz,Min,2024-03-15,2024-03-16
pg2,2024-03-16,bz_min,-52041.98,Bz,Min,2024-03-16,2024-03-17
pg2,2024-03-17,bz_min,-49686.45,Bz,Min,2024-03-17,2024-03-18
pg2,2024-03-18,bz_min,-49656.02,Bz,Min,2024-03-18,2024-03-19
pg2,2024-03-19,bz_min,-49726.92,Bz,Min,2024-03-19,2024-03-20
pg2,2024-03-20,bz_min,-49704.78,Bz,Min,2024-03-20,2024-03-21
pg2,2024-03-21,bz_min,-52041.98,Bz,Min,2024-03-21,2024-03-22
pg2,2024-03-22,bz_min,-49760.86,Bz,Min,2024-03-22,2024-03-23
pg2,2024-03-23,bz_min,-52041.98,Bz,Min,2024-03-23,2024-03-24
pg2,2024-03-24,bz_min,-52041.98,Bz,Min,2024-03-24,2024-03-25
pg2,2024-03-25,bz_min,-49822.54,Bz,Min,2024-03-25,2024-03-26
pg2,2024-03-26,bz_min,-49877.65,Bz,Min,2024-03-26,2024-03-27
pg2,2024-03-27,bz_min,-49809.17,Bz,Min,2024-03-27,2024-03-28
pg2,2024-03-28,bz_min,-49746.17,Bz,Min,2024-03-28,2024-03-29
pg2,2024-03-29,bz_min,-49719.71,Bz,Min,2024-03-29,2024-03-30
pg2,2024-03-30,bz_min,-52041.98,Bz,Min,2024-03-30,2024-03-31
pg2,2024-03-31,bz_min,-52041.98,Bz,Min,2024-03-31,2024-04-01
pg2,2024-04-01,bz_min,-49801.56,Bz,Min,2024-04-01,2024-04-02
pg2,2024-04-02,bz_min,-49767.26,Bz,Min,2024-04-02,2024-04-03
pg2,2024-04-03,bz_min,-49791.76,Bz,Min,2024-04-03,2024-04-04
pg2,2024-04-04,bz_min,-50160.49,Bz,Min,2024-04-04,2024-04-05
pg2,2024-04-05,bz_min,-49955.69,Bz,Min,2024-04-05,2024-04-06
pg2,2024-04-06,bz_min,-52041.98,Bz,Min,2024-04-06,2024-04-07
pg2,2024-04-07,bz_min,-52041.98,Bz,Min,2024-04-07,2024-04-08
pg2,2024-04-08,bz_min,-52041.98,Bz,Min,2024-04-08,2024-04-09
pg2,2024-04-09,bz_min,-50018.11,Bz,Min,2024-04-09,2024-04-10
pg2,2024-04-10,bz_min,-49900.24,Bz,Min,2024-04-10,2024-04-11
pg2,2024-04-11,bz_min,-52041.98,Bz,Min,2024-04-11,2024-04-12
pg2,2024-04-12,bz_min,-52041.98,Bz,Min,2024-04-12,2024-04-13
pg2,2024-04-13,bz_min,-52041.98,Bz,Min,2024-04-13,2024-04-14
pg2,2024-04-14,bz_min,-52041.98,Bz,Min,2024-04-14,2024-04-15
pg2,2024-04-15,bz_min,-52041.98,Bz,Min,2024-04-15,2024-04-16
pg2,2024-04-16,bz_min,-52041.98,Bz,Min,2024-04-16,2024-04-17
pg2,2024-04-17,bz_min,-49698.27,Bz,Min,2024-04-17,2024-04-18
pg2,2024-04-18,bz_min,-52041.98,Bz,Min,2024-04-18,2024-04-19
pg2,2024-04-19,bz_min,-49983.65,Bz,Min,2024-04-19,2024-04-20
pg2,2024-04-20,bz_min,-52041.98,Bz,Min,2024-04-20,2024-04-21
pg2,2024-04-21,bz_min,-49955.0,Bz,Min,2024-04-21,2024-04-22
pg2,2024-04-22,bz_min,-52041.98,Bz,Min,2024-04-22,2024-04-23
pg2,2024-04-23,bz_min,-49862.54,Bz,Min,2024-04-23,2024-04-24
pg2,2024-04-24,bz_min,-52041.98,Bz,Min,2024-04-24,2024-04-25
pg2,2024-04-25,bz_min,-52041.98,Bz,Min,2024-04-25,2024-04-26
pg2,2024-04-26,bz_min,-52041.98,Bz,Min,2024-04-26,2024-04-27
pg2,2024-04-27,bz_min,-49777.64,Bz,Min,2024-04-27,2024-04-28
pg2,2024-04-28,bz_min,-52041.98,Bz,Min,2024-04-28,2024-04-29
pg2,2024-04-29,bz_min,-52041.98,Bz,Min,2024-04-29,2024-04-30
pg2,2024-04-30,bz_min,-52041.98,Bz,Min,2024-04-30,2024-05-01
pg2,2024-05-01,bz_min,-49961.4,Bz,Min,2024-05-01,2024-05-02
pg2,2024-05-02,bz_min,-49971.66,Bz,Min,2024-05-02,2024-05-03
pg2,2024-05-03,bz_min,-52041.98,Bz,Min,2024-05-03,2024-05-04
pg2,2024-05-04,bz_min,-52041.98,Bz,Min,2024-05-04,2024-05-05
pg2,2024-05-05,bz_min,-52041.98,Bz,Min,2024-05-05,2024-05-06
pg2,2024-05-06,bz_min,-49840.24,Bz,Min,2024-05-06,2024-05-07
pg2,2024-05-07,bz_min,-52041.98,Bz,Min,2024-05-07,2024-05-08
pg2,2024-05-08,bz_min,-52041.98,Bz,Min,2024-05-08,2024-05-09
pg2,2024-05-09,bz_min,-52041.98,Bz,Min,2024-05-09,2024-05-10
pg2,2024-05-10,bz_min,-50083.88,Bz,Min,2024-05-10,2024-05-11
pg2,2024-05-11,bz_min,-52041.98,Bz,Min,2024-05-11,2024-05-12
pg2,2024-05-12,bz_min,-50423.04,Bz,Min,2024-05-12,2024-05-13
pg2,2024-05-13,bz_min,-52041.98,Bz,Min,2024-05-13,2024-05-14
pg2,2024-05-14,bz_min,-52041.98,Bz,Min,2024-05-14,2024-05-15
pg2,2024-05-15,bz_min,-52041.98,Bz,Min,2024-05-15,2024-05-16
pg2,2024-05-16,bz_min,-52041.98,Bz,Min,2024-05-16,2024-05-17
pg2,2024-05-17,bz_min,-52041.98,Bz,Min,2024-05-17,2024-05-18
pg2,2024-05-18,bz_min,-49946.01,Bz,Min,2024-05-18,2024-05-19
pg2,2024-05-19,bz_min,-49964.22,Bz,Min,2024-05-19,2024-05-20
pg2,2024-05-20,bz_min,-52041.98,Bz,Min,2024-05-20,2024-05-21
pg2,2024-05-21,bz_min,-52041.98,Bz,Min,2024-05-21,2024-05-22
pg2,2024-05-22,bz_min,-52041.98,Bz,Min,2024-05-22,2024-05-23
pg2,2024-05-23,bz_min,-52041.98,Bz,Min,2024-05-23,2024-05-24
pg2,2024-05-24,bz_min,-52041.98,Bz,Min,2024-05-24,2024-05-25
pg2,2024-05-25,bz_min,-49734.24,Bz,Min,2024-05-25,2024-05-26
pg2,2024-05-26,bz_min,-52041.98,Bz,Min,2024-05-26,2024-05-27
pg2,2024-05-27,bz_min,-49811.47,Bz,Min,2024-05-27,2024-05-28
pg2,2024-05-28,bz_min,-49686.74,Bz,Min,2024-05-28,2024-05-29
pg2,2024-05-29,bz_min,-49914.54,Bz,Min,2024-05-29,2024-05-30
pg2,2024-05-30,bz_min,-52041.98,Bz,Min,2024-05-30,2024-05-31
pg2,2024-05-31,bz_min,-52041.98,Bz,Min,2024-05-31,2024-06-01
pg2,2024-06-01,bz_min,-49940.01,Bz,Min,2024-06-01,2024-06-02
pg2,2024-06-02,bz_min,-49884.85,Bz,Min,2024-06-02,2024-06-03
pg2,2024-06-03,bz_min,-49994.94,Bz,Min,2024-06-03,2024-06-04
pg2,2024-06-04,bz_min,-52041.98,Bz,Min,2024-06-04,2024-06-05
pg2,2024-06-05,bz_min,-49922.84,Bz,Min,2024-06-05,2024-06-06
pg2,2024-06-06,bz_min,-49893.73,Bz,Min,2024-06-06,2024-06-07
pg2,2024-06-07,bz_min,-49961.8,Bz,Min,2024-06-07,2024-06-08
pg2,2024-06-08,bz_min,-49940.07,Bz,Min,2024-06-08,2024-06-09
pg2,2024-06-09,bz_min,-49937.25,Bz,Min,2024-06-09,2024-06-10
pg2,2024-06-10,bz_min,-52041.98,Bz,Min,2024-06-10,2024-06-11
pg2,2024-06-11,bz_min,-49826.4,Bz,Min,2024-06-11,2024-06-12
pg2,2024-06-12,bz_min,-49930.56,Bz,Min,2024-06-12,2024-06-13
pg2,2024-06-13,bz_min,-50227.06,Bz,Min,2024-06-13,2024-06-14
pg2,2024-06-14,bz_min,-52041.98,Bz,Min,2024-06-14,2024-06-15
pg2,2024-06-15,bz_min,-49999.04,Bz,Min,2024-06-15,2024-06-16
pg2,2024-06-16,bz_min,-52041.98,Bz,Min,2024-06-16,2024-06-17
pg2,2024-06-17,bz_min,-52041.98,Bz,Min,2024-06-17,2024-06-18
pg2,2024-06-18,bz_min,-49930.5,Bz,Min,2024-06-18,2024-06-19
pg2,2024-06-19,bz_min,-49943.82,Bz,Min,2024-06-19,2024-06-20
pg2,2024-06-20,bz_min,-49925.72,Bz,Min,2024-06-20,2024-06-21
pg2,2024-06-21,bz_min,-52041.98,Bz,Min,2024-06-21,2024-06-22
pg2,2024-06-22,bz_min,-49697.98,Bz,Min,2024-06-22,2024-06-23
pg2,2024-06-23,bz_min,-49857.01,Bz,Min,2024-06-23,2024-06-24
pg2,2024-06-24,bz_min,-49663.74,Bz,Min,2024-06-24,2024-06-25
pg3,2024-01-01,bz_min,-48948.74,Bz,Min,2024-01-01,2024-01-02
pg3,2024-01-02,bz_min,-48878.94,Bz,Min,2024-01-02,2024-01-03
pg3,2024-01-03,bz_min,-48941.19,Bz,Min,2024-01-03,2024-01-04
pg3,2024-01-04,bz_min,-48901.07,Bz,Min,2024-01-04,2024-01-05
pg3,2024-01-05,bz_min,-50023.62,Bz,Min,2024-01-05,2024-01-06
pg3,2024-01-06,bz_min,-50023.62,Bz,Min,2024-01-06,2024-01-07
pg3,2024-01-07,bz_min,-48825.91,Bz,Min,2024-01-07,2024-01-08
pg3,2024-01-08,bz_min,-50023.62,Bz,Min,2024-01-08,2024-01-09
pg3,2024-01-09,bz_min,-48968.68,Bz,Min,2024-01-09,2024-01-10
pg3,2024-01-10,bz_min,-50023.62,Bz,Min,2024-01-10,2024-01-11
pg3,2024-01-11,bz_min,-48978.3,Bz,Min,2024-01-11,2024-01-12
pg3,2024-01-12,bz_min,-48918.36,Bz,Min,2024-01-12,2024-01-13
pg3,2024-01-13,bz_min,-48892.42,Bz,Min,2024-01-13,2024-01-14
pg3,2024-01-14,bz_min,-49017.1,Bz,Min,2024-01-14,2024-01-15
pg3,2024-01-15,bz_min,-49116.75,Bz,Min,2024-01-15,2024-01-16
pg3,2024-01-16,bz_min,-48812.94,Bz,Min,2024-01-16,2024-01-17
pg3,2024-01-17,bz_min,-48926.2,Bz,Min,2024-01-17,2024-01-18
pg3,2024-01-18,bz_min,-49025.39,Bz,Min,2024-01-18,2024-01-19
pg3,2024-01-19,bz_min,-49099.57,Bz,Min,2024-01-19,2024-01-20
pg3,2024-01-20,bz_min,-49021.13,Bz,Min,2024-01-20,2024-01-21
pg3,2024-01-21,bz_min,-50023.62,Bz,Min,2024-01-21,2024-01-22
pg3,2024-01-22,bz_min,-48933.29,Bz,Min,2024-01-22,2024-01-23
pg3,2024-01-23,bz_min,-48979.63,Bz,Min,2024-01-23,2024-01-24
pg3,2024-01-24,bz_min,-49020.61,Bz,Min,2024-01-24,2024-01-25
pg3,2024-01-25,bz_min,-48877.67,Bz,Min,2024-01-25,2024-01-26
pg3,2024-01-26,bz_min,-48846.54,Bz,Min,2024-01-26,2024-01-27
pg3,2024-01-27,bz_min,-48882.05,Bz,Min,2024-01-27,2024-01-28
pg3,2024-01-28,bz_min,-48949.37,Bz,Min,2024-01-28,2024-01-29
pg3,2024-01-29,bz_min,-48883.03,Bz,Min,2024-01-29,2024-01-30
pg3,2024-01-30,bz_min,-48951.67,Bz,Min,2024-01-30,2024-01-31
pg3,2024-01-31,bz_min,-48939.86,Bz,Min,2024-01-31,2024-02-01
pg3,2024-02-01,bz_min,-48945.74,Bz,Min,2024-02-01,2024-02-02
pg3,2024-02-02,bz_min,-48985.51,Bz,Min,2024-02-02,2024-02-03
pg3,2024-02-03,bz_min,-48900.38,Bz,Min,2024-02-03,2024-02-04
pg3,2024-02-04,bz_min,-48885.04,Bz,Min,2024-02-04,2024-02-05
pg3,2024-02-05,bz_min,-48898.01,Bz,Min,2024-02-05,2024-02-06
pg3,2024-02-06,bz_min,-49008.79,Bz,Min,2024-02-06,2024-02-07
pg3,2024-02-07,bz_min,-48878.3,Bz,Min,2024-02-07,2024-02-08
pg3,2024-02-08,bz_min,-48888.1,Bz,Min,2024-02-08,2024-02-09
pg3,2024-02-09,bz_min,-50023.62,Bz,Min,2024-02-09,2024-02-10
pg3,2024-02-10,bz_min,-48821.76,Bz,Min,2024-02-10,2024-02-11
pg3,2024-02-11,bz_min,-49141.53,Bz,Min,2024-02-11,2024-02-12
pg3,2024-02-12,bz_min,-48934.73,Bz,Min,2024-02-12,2024-02-13
pg3,2024-02-13,bz_min,-48956.69,Bz,Min,2024-02-13,2024-02-14
pg3,2024-02-14,bz_min,-48904.29,Bz,Min,2024-02-14,2024-02-15
pg3,2024-02-15,bz_min,-48858.42,Bz,Min,2024-02-15,2024-02-16
pg3,2024-02-16,bz_min,-48850.75,Bz,Min,2024-02-16,2024-02-17
pg3,2024-02-17,bz_min,-48863.66,Bz,Min,2024-02-17,2024-02-18
pg3,2024-02-18,bz_min,-48928.74,Bz,Min,2024-02-18,2024-02-19
pg3,2024-02-19,bz_min,-48775.65,Bz,Min,2024-02-19,2024-02-20
pg3,2024-02-20,bz_min,-48949.72,Bz,Min,2024-02-20,2024-02-21
pg3,2024-02-21,bz_min,-48765.79,Bz,Min,2024-02-21,2024-02-22
pg3,2024-02-22,bz_min,-48916.23,Bz,Min,2024-02-22,2024-02-23
pg3,2024-02-23,bz_min,-48840.67,Bz,Min,2024-02-23,2024-02-24
pg3,2024-02-24,bz_min,-48909.94,Bz,Min,2024-02-24,2024-02-25
pg3,2024-02-25,bz_min,-49079.05,Bz,Min,2024-02-25,2024-02-26
pg3,2024-02-26,bz_min,-49041.24,Bz,Min,2024-02-26,2024-02-27
pg3,2024-02-27,bz_min,-49091.27,Bz,Min,2024-02-27,2024-02-28
pg3,2024-02-28,bz_min,-48888.74,Bz,Min,2024-02-28,2024-02-29
pg3,2024-02-29,bz_min,-48895.36,Bz,Min,2024-02-29,2024-03-01
pg3,2024-03-01,bz_min,-49022.86,Bz,Min,2024-03-01,2024-03-02
pg3,2024-03-02,bz_min,-48936.4,Bz,Min,2024-03-02,2024-03-03
pg3,2024-03-03,bz_min,-48942.17,Bz,Min,2024-03-03,2024-03-04
pg3,2024-03-04,bz_min,-48936.11,Bz,Min,2024-03-04,2024-03-05
pg3,2024-03-05,bz_min,-49048.39,Bz,Min,2024-03-05,2024-03-06
pg3,2024-03-06,bz_min,-48924.35,Bz,Min,2024-03-06,2024-03-07
pg3,2024-03-07,bz_min,-48927.24,Bz,Min,2024-03-07,2024-03-08
pg3,2024-03-08,bz_min,-49171.33,Bz,Min,2024-03-08,2024-03-09
pg3,2024-03-09,bz_min,-49023.26,Bz,Min,2024-03-09,2024-03-10
pg3,2024-03-10,bz_min,-48978.24,Bz,Min,2024-03-10,2024-03-11
pg3,2024-03-11,bz_min,-48885.68,Bz,Min,2024-03-11,2024-03-12
pg3,2024-03-12,bz_min,-48866.2,Bz,Min,2024-03-12,2024-03-13
pg3,2024-03-13,bz_min,-49172.2,Bz,Min,2024-03-13,2024-03-14
pg3,2024-03-14,bz_min,-48869.6,Bz,Min,2024-03-14,2024-03-15
pg3,2024-03-15,bz_min,-48946.43,Bz,Min,2024-03-15,2024-03-16
pg3,2024-03-16,bz_min,-48775.42,Bz,Min,2024-03-16,2024-03-17
pg3,2024-03-17,bz_min,-48789.48,Bz,Min,2024-03-17,2024-03-18
pg3,2024-03-18,bz_min,-50023.62,Bz,Min,2024-03-18,2024-03-19
pg3,2024-03-19,bz_min,-48855.53,Bz,Min,2024-03-19,2024-03-20
pg3,2024-03-20,bz_min,-48850.86,Bz,Min,2024-03-20,2024-03-21
pg3,2024-03-21,bz_min,-50023.62,Bz,Min,2024-03-21,2024-03-22
pg3,2024-03-22,bz_min,-48893.81,Bz,Min,2024-03-22,2024-03-23
pg3,2024-03-23,bz_min,-49057.21,Bz,Min,2024-03-23,2024-03-24
pg3,2024-03-24,bz_min,-49132.89,Bz,Min,2024-03-24,2024-03-25
pg3,2024-03-25,bz_min,-48934.15,Bz,Min,2024-03-25,2024-03-26
pg3,2024-03-26,bz_min,-49037.1,Bz,Min,2024-03-26,2024-03-27
pg3,2024-03-27,bz_min,-49010.75,Bz,Min,2024-03-27,2024-03-28
pg3,2024-03-28,bz_min,-48889.25,Bz,Min,2024-03-28,2024-03-29
pg3,2024-03-29,bz_min,-48884.76,Bz,Min,2024-03-29,2024-03-30
pg3,2024-03-30,bz_min,-48795.82,Bz,Min,2024-03-30,2024-03-31
pg3,2024-03-31,bz_min,-48996.75,Bz,Min,2024-03-31,2024-04-01
pg3,2024-04-01,bz_min,-48955.19,Bz,Min,2024-04-01,2024-04-02
pg3,2024-04-02,bz_min,-48846.26,Bz,Min,2024-04-02,2024-04-03
pg3,2024-04-03,bz_min,-48891.1,Bz,Min,2024-04-03,2024-04-04
pg3,2024-04-04,bz_min,-49290.93,Bz,Min,2024-04-04,2024-04-05
pg3,2024-04-05,bz_min,-50023.62,Bz,Min,2024-04-05,2024-04-06
pg3,2024-04-06,bz_min,-49066.08,Bz,Min,2024-04-06,2024-04-07
pg3,2024-04-07,bz_min,-48903.89,Bz,Min,2024-04-07,2024-04-08
pg3,2024-04-08,bz_min,-49069.26,Bz,Min,2024-04-08,2024-04-09
pg3,2024-04-09,bz_min,-49152.26,Bz,Min,2024-04-09,2024-04-10
pg3,2024-04-10,bz_min,-48829.77,Bz,Min,2024-04-10,2024-04-11
pg3,2024-04-11,bz_min,-48881.24,Bz,Min,2024-04-11,2024-04-12
pg3,2024-04-12,bz_min,-48906.02,Bz,Min,2024-04-12,2024-04-13
pg3,2024-04-13,bz_min,-48914.38,Bz,Min,2024-04-13,2024-04-14
pg3,2024-04-14,bz_min,-48831.9,Bz,Min,2024-04-14,2024-04-15
pg3,2024-04-15,bz_min,-48887.01,Bz,Min,2024-04-15,2024-04-16
pg3,2024-04-16,bz_min,-49004.41,Bz,Min,2024-04-16,2024-04-17
pg3,2024-04-17,bz_min,-48793.52,Bz,Min,2024-04-17,2024-04-18
pg3,2024-04-18,bz_min,-48752.6,Bz,Min,2024-04-18,2024-04-19
pg3,2024-04-19,bz_min,-49122.4,Bz,Min,2024-04-19,2024-04-20
pg3,2024-04-20,bz_min,-48892.83,Bz,Min,2024-04-20,2024-04-21
pg3,2024-04-21,bz_min,-49022.22,Bz,Min,2024-04-21,2024-04-22
pg3,2024-04-22,bz_min,-49062.92,Bz,Min,2024-04-22,2024-04-23
pg3,2024-04-23,bz_min,-48983.84,Bz,Min,2024-04-23,2024-04-24
pg3,2024-04-24,bz_min,-48787.12,Bz,Min,2024-04-24,2024-04-25
pg3,2024-04-25,bz_min,-48770.29,Bz,Min,2024-04-25,2024-04-26
pg3,2024-04-26,bz_min,-48915.02,Bz,Min,2024-04-26,2024-04-27
pg3,2024-04-27,bz_min,-48923.43,Bz,Min,2024-04-27,2024-04-28
pg3,2024-04-28,bz_min,-48937.03,Bz,Min,2024-04-28,2024-04-29
pg3,2024-04-29,bz_min,-48802.79,Bz,Min,2024-04-29,2024-04-30
pg3,2024-04-30,bz_min,-49240.56,Bz,Min,2024-04-30,2024-05-01
pg3,2024-05-01,bz_min,-48973.92,Bz,Min,2024-05-01,2024-05-02
pg3,2024-05-02,bz_min,-49163.72,Bz,Min,2024-05-02,2024-05-03
pg3,2024-05-03,bz_min,-49215.19,Bz,Min,2024-05-03,2024-05-04
pg3,2024-05-04,bz_min,-49068.39,Bz,Min,2024-05-04,2024-05-05
pg3,2024-05-05,bz_min,-48865.62,Bz,Min,2024-05-05,2024-05-06
pg3,2024-05-06,bz_min,-49006.54,Bz,Min,2024-05-06,2024-05-07
pg3,2024-05-07,bz_min,-48833.58,Bz,Min,2024-05-07,2024-05-08
pg3,2024-05-08,bz_min,-48818.99,Bz,Min,2024-05-08,2024-05-09
pg3,2024-05-09,bz_min,-48859.45,Bz,Min,2024-05-09,2024-05-10
pg3,2024-05-10,bz_min,-49203.84,Bz,Min,2024-05-10,2024-05-11
pg3,2024-05-11,bz_min,-50159.17,Bz,Min,2024-05-11,2024-05-12
pg3,2024-05-12,bz_min,-49506.79,Bz,Min,2024-05-12,2024-05-13
pg3,2024-05-13,bz_min,-49246.21,Bz,Min,2024-05-13,2024-05-14
pg3,2024-05-14,bz_min,-48832.49,Bz,Min,2024-05-14,2024-05-15
pg3,2024-05-15,bz_min,-49017.74,Bz,Min,2024-05-15,2024-05-16
pg3,2024-05-16,bz_min,-49637.34,Bz,Min,2024-05-16,2024-05-17
pg3,2024-05-17,bz_min,-48936.06,Bz,Min,2024-05-17,2024-05-18
pg3,2024-05-18,bz_min,-49163.67,Bz,Min,2024-05-18,2024-05-19
pg3,2024-05-19,bz_min,-49023.61,Bz,Min,2024-05-19,2024-05-20
pg3,2024-05-20,bz_min,-48896.58,Bz,Min,2024-05-20,2024-05-21
pg3,2024-05-21,bz_min,-48811.68,Bz,Min,2024-05-21,2024-05-22
pg3,2024-05-22,bz_min,-48824.13,Bz,Min,2024-05-22,2024-05-23
pg3,2024-05-23,bz_min,-50021.5,Bz,Min,2024-05-23,2024-05-24
pg3,2024-05-24,bz_min,-49050.47,Bz,Min,2024-05-24,2024-05-25
pg3,2024-05-25,bz_min,-48888.05,Bz,Min,2024-05-25,2024-05-26
pg3,2024-05-26,bz_min,-50021.5,Bz,Min,2024-05-26,2024-05-27
pg3,2024-05-27,bz_min,-50021.5,Bz,Min,2024-05-27,2024-05-28
pg3,2024-05-28,bz_min,-48783.61,Bz,Min,2024-05-28,2024-05-29
pg3,2024-05-29,bz_min,-48762.0,Bz,Min,2024-05-29,2024-05-30
pg3,2024-05-30,bz_min,-48923.73,Bz,Min,2024-05-30,2024-05-31
pg3,2024-05-31,bz_min,-49216.93,Bz,Min,2024-05-31,2024-06-01
pg3,2024-06-01,bz_min,-48981.42,Bz,Min,2024-06-01,2024-06-02
pg3,2024-06-02,bz_min,-49039.41,Bz,Min,2024-06-02,2024-06-03
pg3,2024-06-03,bz_min,-48870.07,Bz,Min,2024-06-03,2024-06-04
pg3,2024-06-04,bz_min,-48979.17,Bz,Min,2024-06-04,2024-06-05
pg3,2024-06-05,bz_min,-48830.3,Bz,Min,2024-06-05,2024-06-06
pg3,2024-06-06,bz_min,-48977.33,Bz,Min,2024-06-06,2024-06-07
pg3,2024-06-07,bz_min,-48985.52,Bz,Min,2024-06-07,2024-06-08
pg3,2024-06-08,bz_min,-49054.05,Bz,Min,2024-06-08,2024-06-09
pg3,2024-06-09,bz_min,-48911.57,Bz,Min,2024-06-09,2024-06-10
pg3,2024-06-10,bz_min,-48790.58,Bz,Min,2024-06-10,2024-06-11
pg3,2024-06-11,bz_min,-48955.77,Bz,Min,2024-06-11,2024-06-12
pg3,2024-06-12,bz_min,-48808.91,Bz,Min,2024-06-12,2024-06-13
pg3,2024-06-13,bz_min,-48755.42,Bz,Min,2024-06-13,2024-06-14
pg3,2024-06-14,bz_min,-48857.39,Bz,Min,2024-06-14,2024-06-15
pg3,2024-06-15,bz_min,-49050.99,Bz,Min,2024-06-15,2024-06-16
pg3,2024-06-16,bz_min,-49117.56,Bz,Min,2024-06-16,2024-06-17
pg3,2024-06-17,bz_min,-48788.97,Bz,Min,2024-06-17,2024-06-18
pg3,2024-06-18,bz_min,-48922.11,Bz,Min,2024-06-18,2024-06-19
pg3,2024-06-19,bz_min,-49015.83,Bz,Min,2024-06-19,2024-06-20
pg3,2024-06-20,bz_min,-48965.28,Bz,Min,2024-06-20,2024-06-21
pg3,2024-06-21,bz_min,-48788.97,Bz,Min,2024-06-21,2024-06-22
pg3,2024-06-22,bz_min,-48777.73,Bz,Min,2024-06-22,2024-06-23
pg3,2024-06-23,bz_min,-48970.88,Bz,Min,2024-06-23,2024-06-24
pg3,2024-06-24,bz_min,-48849.2,Bz,Min,2024-06-24,2024-06-25
pg3,2024-06-25,bz_min,-48934.97,Bz,Min,2024-06-25,2024-06-26
pg3,2024-06-26,bz_min,-48972.2,Bz,Min,2024-06-26,2024-06-27
pg3,2024-06-27,bz_min,-48994.62,Bz,Min,2024-06-27,2024-06-28
pg3,2024-06-28,bz_min,-49019.69,Bz,Min,2024-06-28,2024-06-29
pg3,2024-06-29,bz_min,-49102.29,Bz,Min,2024-06-29,2024-06-30
pg3,2024-06-30,bz_min,-48899.17,Bz,Min,2024-06-30,2024-07-01
pg3,2024-07-01,bz_min,-48835.83,Bz,Min,2024-07-01,2024-07-02
pg3,2024-07-02,bz_min,-48912.83,Bz,Min,2024-07-02,2024-07-03
pg3,2024-07-03,bz_min,-48892.26,Bz,Min,2024-07-03,2024-07-04
pg3,2024-07-04,bz_min,-48822.86,Bz,Min,2024-07-04,2024-07-05
pg3,2024-07-05,bz_min,-48799.69,Bz,Min,2024-07-05,2024-07-06
pg3,2024-10-19,bz_min,-50021.5,Bz,Min,2024-10-19,2024-10-20
pg3,2024-10-20,bz_min,-48877.27,Bz,Min,2024-10-20,2024-10-21
pg3,2024-10-21,bz_min,-48887.99,Bz,Min,2024-10-21,2024-10-22
pg3,2024-10-22,bz_min,-49086.15,Bz,Min,2024-10-22,2024-10-23
pg3,2024-10-23,bz_min,-48891.56,Bz,Min,2024-10-23,2024-10-24
pg3,2024-10-24,bz_min,-49170.99,Bz,Min,2024-10-24,2024-10-25
pg3,2024-10-25,bz_min,-48783.26,Bz,Min,2024-10-25,2024-10-26
pg3,2024-10-26,bz_min,-48906.09,Bz,Min,2024-10-26,2024-10-27
pg3,2024-10-27,bz_min,-48894.85,Bz,Min,2024-10-27,2024-10-28
pg3,2024-10-28,bz_min,-49256.41,Bz,Min,2024-10-28,2024-10-29
pg3,2024-10-29,bz_min,-49284.71,Bz,Min,2024-10-29,2024-10-30
pg3,2024-10-30,bz_min,-48995.77,Bz,Min,2024-10-30,2024-10-31
pg3,2024-10-31,bz_min,-48851.85,Bz,Min,2024-10-31,2024-11-01
pg3,2024-11-01,bz_min,-48924.82,Bz,Min,2024-11-01,2024-11-02
pg3,2024-11-02,bz_min,-49208.46,Bz,Min,2024-11-02,2024-11-03
pg3,2024-11-03,bz_min,-48817.33,Bz,Min,2024-11-03,2024-11-04
pg3,2024-11-04,bz_min,-48949.32,Bz,Min,2024-11-04,2024-11-05
pg3,2024-11-05,bz_min,-48912.6,Bz,Min,2024-11-05,2024-11-06
pg3,2024-11-06,bz_min,-48927.88,Bz,Min,2024-11-06,2024-11-07
pg3,2024-11-07,bz_min,-48995.54,Bz,Min,2024-11-07,2024-11-08
pg3,2024-11-08,bz_min,-48754.73,Bz,Min,2024-11-08,2024-11-09
pg3,2024-11-09,bz_min,-49076.41,Bz,Min,2024-11-09,2024-11-10
pg3,2024-11-10,bz_min,-48995.66,Bz,Min,2024-11-10,2024-11-11
pg3,2024-11-11,bz_min,-48932.2,Bz,Min,2024-11-11,2024-11-12
pg3,2024-12-12,bz_min,-48752.54,Bz,Min,2024-12-12,2024-12-13
pg3,2024-12-13,bz_min,-49054.1,Bz,Min,2024-12-13,2024-12-14
pg3,2024-12-14,bz_min,-50021.5,Bz,Min,2024-12-14,2024-12-15
pg3,2024-12-15,bz_min,-48911.28,Bz,Min,2024-12-15,2024-12-16
pg3,2024-12-16,bz_min,-49127.36,Bz,Min,2024-12-16,2024-12-17
pg3,2024-12-17,bz_min,-50021.5,Bz,Min,2024-12-17,2024-12-18
pg3,2024-12-18,bz_min,-50021.5,Bz,Min,2024-12-18,2024-12-19
pg3,2024-12-19,bz_min,-48866.67,Bz,Min,2024-12-19,2024-12-20
pg3,2024-12-20,bz_min,-48874.74,Bz,Min,2024-12-20,2024-12-21
pg3,2024-12-21,bz_min,-49021.83,Bz,Min,2024-12-21,2024-12-22
pg3,2024-12-22,bz_min,-48965.57,Bz,Min,2024-12-22,2024-12-23
pg3,2024-12-23,bz_min,-48835.54,Bz,Min,2024-12-23,2024-12-24
pg3,2024-12-24,bz_min,-48829.89,Bz,Min,2024-12-24,2024-12-25
pg3,2024-12-25,bz_min,-48911.39,Bz,Min,2024-12-25,2024-12-26
pg3,2024-12-26,bz_min,-48864.7,Bz,Min,2024-12-26,2024-12-27
pg3,2024-12-27,bz_min,-48789.26,Bz,Min,2024-12-27,2024-12-28
pg3,2024-12-28,bz_min,-48912.26,Bz,Min,2024-12-28,2024-12-29
pg3,2024-12-29,bz_min,-49086.84,Bz,Min,2024-12-29,2024-12-30
pg3,2024-12-30,bz_min,-50021.5,Bz,Min,2024-12-30,2024-12-31
pg3,2024-12-31,bz_min,-48993.01,Bz,Min,2024-12-31,2025-01-01
pg4,2024-01-01,bz_min,-46134.29,Bz,Min,2024-01-01,2024-01-02
pg4,2024-01-02,bz_min,-46088.68,Bz,Min,2024-01-02,2024-01-03
pg4,2024-01-03,bz_min,-47826.98,Bz,Min,2024-01-03,2024-01-04
pg4,2024-01-04,bz_min,-46117.26,Bz,Min,2024-01-04,2024-01-05
pg4,2024-01-05,bz_min,-48084.72,Bz,Min,2024-01-05,2024-01-06
pg4,2024-01-06,bz_min,-46052.13,Bz,Min,2024-01-06,2024-01-07
pg4,2024-01-07,bz_min,-46031.52,Bz,Min,2024-01-07,2024-01-08
pg4,2024-01-08,bz_min,-46054.67,Bz,Min,2024-01-08,2024-01-09
pg4,2024-01-09,bz_min,-46117.61,Bz,Min,2024-01-09,2024-01-10
pg4,2024-01-10,bz_min,-46064.38,Bz,Min,2024-01-10,2024-01-11
pg4,2024-01-11,bz_min,-46118.7,Bz,Min,2024-01-11,2024-01-12
pg4,2024-01-12,bz_min,-46037.81,Bz,Min,2024-01-12,2024-01-13
pg4,2024-01-13,bz_min,-46084.18,Bz,Min,2024-01-13,2024-01-14
pg4,2024-01-14,bz_min,-46157.45,Bz,Min,2024-01-14,2024-01-15
pg4,2024-01-15,bz_min,-46199.13,Bz,Min,2024-01-15,2024-01-16
pg4,2024-01-16,bz_min,-48084.72,Bz,Min,2024-01-16,2024-01-17
pg4,2024-01-17,bz_min,-46119.69,Bz,Min,2024-01-17,2024-01-18
pg4,2024-01-18,bz_min,-46142.67,Bz,Min,2024-01-18,2024-01-19
pg4,2024-01-19,bz_min,-46256.18,Bz,Min,2024-01-19,2024-01-20
pg4,2024-01-20,bz_min,-46112.87,Bz,Min,2024-01-20,2024-01-21
pg4,2024-01-21,bz_min,-46172.52,Bz,Min,2024-01-21,2024-01-22
pg4,2024-01-22,bz_min,-46007.97,Bz,Min,2024-01-22,2024-01-23
pg4,2024-01-23,bz_min,-46254.79,Bz,Min,2024-01-23,2024-01-24
pg4,2024-01-24,bz_min,-46256.99,Bz,Min,2024-01-24,2024-01-25
pg4,2024-01-25,bz_min,-46057.62,Bz,Min,2024-01-25,2024-01-26
pg4,2024-01-26,bz_min,-46023.15,Bz,Min,2024-01-26,2024-01-27
pg4,2024-01-27,bz_min,-46059.24,Bz,Min,2024-01-27,2024-01-28
pg4,2024-01-28,bz_min,-46015.13,Bz,Min,2024-01-28,2024-01-29
pg4,2024-01-29,bz_min,-46080.02,Bz,Min,2024-01-29,2024-01-30
pg4,2024-01-30,bz_min,-46284.99,Bz,Min,2024-01-30,2024-01-31
pg4,2024-01-31,bz_min,-46089.38,Bz,Min,2024-01-31,2024-02-01
pg4,2024-02-01,bz_min,-46077.83,Bz,Min,2024-02-01,2024-02-02
pg4,2024-02-02,bz_min,-46101.56,Bz,Min,2024-02-02,2024-02-03
pg4,2024-02-03,bz_min,-46070.26,Bz,Min,2024-02-03,2024-02-04
pg4,2024-02-04,bz_min,-46029.73,Bz,Min,2024-02-04,2024-02-05
pg4,2024-02-05,bz_min,-48084.72,Bz,Min,2024-02-05,2024-02-06
pg4,2024-02-06,bz_min,-46157.51,Bz,Min,2024-02-06,2024-02-07
pg4,2024-02-07,bz_min,-46019.69,Bz,Min,2024-02-07,2024-02-08
pg4,2024-02-08,bz_min,-48084.72,Bz,Min,2024-02-08,2024-02-09
pg4,2024-02-09,bz_min,-46058.37,Bz,Min,2024-02-09,2024-02-10
pg4,2024-02-10,bz_min,-45977.31,Bz,Min,2024-02-10,2024-02-11
pg4,2024-02-11,bz_min,-46371.08,Bz,Min,2024-02-11,2024-02-12
pg4,2024-02-12,bz_min,-46156.47,Bz,Min,2024-02-12,2024-02-13
pg4,2024-02-13,bz_min,-46107.22,Bz,Min,2024-02-13,2024-02-14
pg4,2024-02-14,bz_min,-46129.68,Bz,Min,2024-02-14,2024-02-15
pg4,2024-02-15,bz_min,-48084.72,Bz,Min,2024-02-15,2024-02-16
pg4,2024-02-16,bz_min,-46038.74,Bz,Min,2024-02-16,2024-02-17
pg4,2024-02-17,bz_min,-46057.56,Bz,Min,2024-02-17,2024-02-18
pg4,2024-02-18,bz_min,-46132.04,Bz,Min,2024-02-18,2024-02-19
pg4,2024-02-19,bz_min,-45967.84,Bz,Min,2024-02-19,2024-02-20
pg4,2024-02-20,bz_min,-46150.98,Bz,Min,2024-02-20,2024-02-21
pg4,2024-02-21,bz_min,-45963.74,Bz,Min,2024-02-21,2024-02-22
pg4,2024-02-22,bz_min,-46111.83,Bz,Min,2024-02-22,2024-02-23
pg4,2024-02-23,bz_min,-46002.02,Bz,Min,2024-02-23,2024-02-24
pg4,2024-02-24,bz_min,-45978.75,Bz,Min,2024-02-24,2024-02-25
pg4,2024-02-25,bz_min,-46339.15,Bz,Min,2024-02-25,2024-02-26
pg4,2024-02-26,bz_min,-46208.02,Bz,Min,2024-02-26,2024-02-27
pg4,2024-02-27,bz_min,-46166.92,Bz,Min,2024-02-27,2024-02-28
pg4,2024-02-28,bz_min,-46084.29,Bz,Min,2024-02-28,2024-02-29
pg4,2024-02-29,bz_min,-46048.21,Bz,Min,2024-02-29,2024-03-01
pg4,2024-03-01,bz_min,-46210.45,Bz,Min,2024-03-01,2024-03-02
pg4,2024-03-02,bz_min,-46088.1,Bz,Min,2024-03-02,2024-03-03
pg4,2024-03-03,bz_min,-45989.78,Bz,Min,2024-03-03,2024-03-04
pg4,2024-03-04,bz_min,-46103.98,Bz,Min,2024-03-04,2024-03-05
pg4,2024-03-05,bz_min,-46198.56,Bz,Min,2024-03-05,2024-03-06
pg4,2024-03-06,bz_min,-46077.71,Bz,Min,2024-03-06,2024-03-07
pg4,2024-03-07,bz_min,-46141.86,Bz,Min,2024-03-07,2024-03-08
pg4,2024-03-08,bz_min,-46247.86,Bz,Min,2024-03-08,2024-03-09
pg4,2024-03-09,bz_min,-46166.63,Bz,Min,2024-03-09,2024-03-10
pg4,2024-03-10,bz_min,-46181.58,Bz,Min,2024-03-10,2024-03-11
pg4,2024-03-11,bz_min,-46125.17,Bz,Min,2024-03-11,2024-03-12
pg4,2024-03-12,bz_min,-45971.3,Bz,Min,2024-03-12,2024-03-13
pg4,2024-03-13,bz_min,-46246.42,Bz,Min,2024-03-13,2024-03-14
pg4,2024-03-14,bz_min,-46076.38,Bz,Min,2024-03-14,2024-03-15
pg4,2024-03-15,bz_min,-46205.08,Bz,Min,2024-03-15,2024-03-16
pg4,2024-03-16,bz_min,-45979.5,Bz,Min,2024-03-16,2024-03-17
pg4,2024-03-17,bz_min,-45977.19,Bz,Min,2024-03-17,2024-03-18
pg4,2024-03-18,bz_min,-45945.72,Bz,Min,2024-03-18,2024-03-19
pg4,2024-03-19,bz_min,-46120.15,Bz,Min,2024-03-19,2024-03-20
pg4,2024-03-20,bz_min,-46049.08,Bz,Min,2024-03-20,2024-03-21
pg4,2024-03-21,bz_min,-46260.68,Bz,Min,2024-03-21,2024-03-22
pg4,2024-03-22,bz_min,-46161.84,Bz,Min,2024-03-22,2024-03-23
pg4,2024-03-23,bz_min,-46295.96,Bz,Min,2024-03-23,2024-03-24
pg4,2024-03-24,bz_min,-46322.17,Bz,Min,2024-03-24,2024-03-25
pg4,2024-03-25,bz_min,-46071.3,Bz,Min,2024-03-25,2024-03-26
pg4,2024-03-26,bz_min,-46208.31,Bz,Min,2024-03-26,2024-03-27
pg4,2024-03-27,bz_min,-46030.08,Bz,Min,2024-03-27,2024-03-28
pg4,2024-03-28,bz_min,-46007.74,Bz,Min,2024-03-28,2024-03-29
pg4,2024-03-29,bz_min,-46076.1,Bz,Min,2024-03-29,2024-03-30
pg4,2024-03-30,bz_min,-45962.24,Bz,Min,2024-03-30,2024-03-31
pg4,2024-03-31,bz_min,-46083.72,Bz,Min,2024-03-31,2024-04-01
pg4,2024-04-01,bz_min,-46195.84,Bz,Min,2024-04-01,2024-04-02
pg4,2024-04-02,bz_min,-46028.06,Bz,Min,2024-04-02,2024-04-03
pg4,2024-04-03,bz_min,-46062.99,Bz,Min,2024-04-03,2024-04-04
pg4,2024-04-04,bz_min,-45976.96,Bz,Min,2024-04-04,2024-04-05
pg4,2024-04-05,bz_min,-46295.67,Bz,Min,2024-04-05,2024-04-06
pg4,2024-04-06,bz_min,-46191.63,Bz,Min,2024-04-06,2024-04-07
pg4,2024-04-07,bz_min,-46102.36,Bz,Min,2024-04-07,2024-04-08
pg4,2024-04-08,bz_min,-46098.9,Bz,Min,2024-04-08,2024-04-09
pg4,2024-04-09,bz_min,-46097.98,Bz,Min,2024-04-09,2024-04-10
pg4,2024-04-10,bz_min,-45977.13,Bz,Min,2024-04-10,2024-04-11
pg4,2024-04-30,bz_min,-46189.15,Bz,Min,2024-04-30,2024-05-01
pg4,2024-05-01,bz_min,-46153.75,Bz,Min,2024-05-01,2024-05-02
pg4,2024-05-02,bz_min,-46321.36,Bz,Min,2024-05-02,2024-05-03
pg4,2024-05-03,bz_min,-46307.91,Bz,Min,2024-05-03,2024-05-04
pg4,2024-05-04,bz_min,-46176.56,Bz,Min,2024-05-04,2024-05-05
pg4,2024-05-05,bz_min,-46055.89,Bz,Min,2024-05-05,2024-05-06
pg4,2024-05-06,bz_min,-46175.98,Bz,Min,2024-05-06,2024-05-07
pg4,2024-05-07,bz_min,-46044.05,Bz,Min,2024-05-07,2024-05-08
pg4,2024-05-08,bz_min,-46036.66,Bz,Min,2024-05-08,2024-05-09
pg4,2024-05-09,bz_min,-46069.86,Bz,Min,2024-05-09,2024-05-10
pg4,2024-05-10,bz_min,-46305.2,Bz,Min,2024-05-10,2024-05-11
pg4,2024-05-11,bz_min,-47074.14,Bz,Min,2024-05-11,2024-05-12
pg4,2024-05-12,bz_min,-46529.98,Bz,Min,2024-05-12,2024-05-13
pg4,2024-05-13,bz_min,-46357.57,Bz,Min,2024-05-13,2024-05-14
pg4,2024-05-14,bz_min,-46030.78,Bz,Min,2024-05-14,2024-05-15
pg4,2024-05-15,bz_min,-46206.42,Bz,Min,2024-05-15,2024-05-16
pg4,2024-05-16,bz_min,-46856.83,Bz,Min,2024-05-16,2024-05-17
pg4,2024-05-17,bz_min,-46224.72,Bz,Min,2024-05-17,2024-05-18
pg4,2024-05-18,bz_min,-46317.73,Bz,Min,2024-05-18,2024-05-19
pg4,2024-05-19,bz_min,-46175.7,Bz,Min,2024-05-19,2024-05-20
pg4,2024-05-20,bz_min,-46163.75,Bz,Min,2024-05-20,2024-05-21
pg4,2024-05-21,bz_min,-46019.98,Bz,Min,2024-05-21,2024-05-22
pg4,2024-05-22,bz_min,-46003.06,Bz,Min,2024-05-22,2024-05-23
pg4,2024-05-23,bz_min,-46144.06,Bz,Min,2024-05-23,2024-05-24
pg4,2024-05-24,bz_min,-46247.18,Bz,Min,2024-05-24,2024-05-25
pg4,2024-05-25,bz_min,-48082.59,Bz,Min,2024-05-25,2024-05-26
pg4,2024-05-26,bz_min,-48082.59,Bz,Min,2024-05-26,2024-05-27
pg4,2024-05-27,bz_min,-46202.55,Bz,Min,2024-05-27,2024-05-28
pg4,2024-05-28,bz_min,-48082.59,Bz,Min,2024-05-28,2024-05-29
pg4,2024-05-29,bz_min,-45938.17,Bz,Min,2024-05-29,2024-05-30
pg4,2024-05-30,bz_min,-45971.71,Bz,Min,2024-05-30,2024-05-31
pg4,2024-05-31,bz_min,-46364.79,Bz,Min,2024-05-31,2024-06-01
pg4,2024-06-01,bz_min,-46168.25,Bz,Min,2024-06-01,2024-06-02
pg4,2024-06-02,bz_min,-46144.23,Bz,Min,2024-06-02,2024-06-03
pg4,2024-06-03,bz_min,-46086.96,Bz,Min,2024-06-03,2024-06-04
pg4,2024-06-04,bz_min,-46128.12,Bz,Min,2024-06-04,2024-06-05
pg4,2024-06-05,bz_min,-46036.72,Bz,Min,2024-06-05,2024-06-06
pg4,2024-06-06,bz_min,-46142.67,Bz,Min,2024-06-06,2024-06-07
pg4,2024-06-07,bz_min,-46154.74,Bz,Min,2024-06-07,2024-06-08
pg4,2024-06-08,bz_min,-46240.94,Bz,Min,2024-06-08,2024-06-09
pg4,2024-06-09,bz_min,-46046.95,Bz,Min,2024-06-09,2024-06-10
pg4,2024-06-10,bz_min,-45977.49,Bz,Min,2024-06-10,2024-06-11
pg4,2024-06-11,bz_min,-46121.77,Bz,Min,2024-06-11,2024-06-12
pg4,2024-06-12,bz_min,-45968.94,Bz,Min,2024-06-12,2024-06-13
pg4,2024-06-13,bz_min,-45950.99,Bz,Min,2024-06-13,2024-06-14
pg4,2024-06-14,bz_min,-46056.82,Bz,Min,2024-06-14,2024-06-15
pg4,2024-06-15,bz_min,-46300.07,Bz,Min,2024-06-15,2024-06-16
pg4,2024-06-16,bz_min,-46207.57,Bz,Min,2024-06-16,2024-06-17
pg4,2024-06-17,bz_min,-45978.06,Bz,Min,2024-06-17,2024-06-18
pg4,2024-06-18,bz_min,-46196.77,Bz,Min,2024-06-18,2024-06-19
pg4,2024-06-19,bz_min,-46226.57,Bz,Min,2024-06-19,2024-06-20
pg4,2024-06-20,bz_min,-46134.99,Bz,Min,2024-06-20,2024-06-21
pg4,2024-06-21,bz_min,-46063.17,Bz,Min,2024-06-21,2024-06-22
pg4,2024-06-22,bz_min,-45937.3,Bz,Min,2024-06-22,2024-06-23
pg4,2024-06-23,bz_min,-46067.27,Bz,Min,2024-06-23,2024-06-24
pg4,2024-06-24,bz_min,-46111.38,Bz,Min,2024-06-24,2024-06-25
pg4,2024-06-25,bz_min,-46169.7,Bz,Min,2024-06-25,2024-06-26
pg4,2024-06-26,bz_min,-46126.45,Bz,Min,2024-06-26,2024-06-27
pg4,2024-06-27,bz_min,-46105.61,Bz,Min,2024-06-27,2024-06-28
pg4,2024-06-28,bz_min,-46261.33,Bz,Min,2024-06-28,2024-06-29
pg4,2024-06-29,bz_min,-46158.61,Bz,Min,2024-06-29,2024-06-30
pg4,2024-06-30,bz_min,-46132.17,Bz,Min,2024-06-30,2024-07-01
pg4,2024-07-01,bz_min,-46020.67,Bz,Min,2024-07-01,2024-07-02
pg4,2024-07-02,bz_min,-46060.05,Bz,Min,2024-07-02,2024-07-03
pg4,2024-07-03,bz_min,-46071.89,Bz,Min,2024-07-03,2024-07-04
pg4,2024-07-04,bz_min,-45956.01,Bz,Min,2024-07-04,2024-07-05
pg4,2024-07-05,bz_min,-45919.4,Bz,Min,2024-07-05,2024-07-06
pg4,2024-10-20,bz_min,-45945.96,Bz,Min,2024-10-20,2024-10-21
pg4,2024-10-21,bz_min,-45960.4,Bz,Min,2024-10-21,2024-10-22
pg4,2024-10-22,bz_min,-46222.93,Bz,Min,2024-10-22,2024-10-23
pg4,2024-10-23,bz_min,-46070.5,Bz,Min,2024-10-23,2024-10-24
pg4,2024-10-24,bz_min,-46355.03,Bz,Min,2024-10-24,2024-10-25
pg4,2024-10-25,bz_min,-45967.73,Bz,Min,2024-10-25,2024-10-26
pg4,2024-10-26,bz_min,-46014.04,Bz,Min,2024-10-26,2024-10-27
pg4,2024-10-27,bz_min,-46072.01,Bz,Min,2024-10-27,2024-10-28
pg4,2024-10-28,bz_min,-46373.1,Bz,Min,2024-10-28,2024-10-29
pg4,2024-10-29,bz_min,-46470.04,Bz,Min,2024-10-29,2024-10-30
pg4,2024-10-30,bz_min,-46316.64,Bz,Min,2024-10-30,2024-10-31
pg4,2024-10-31,bz_min,-45984.76,Bz,Min,2024-10-31,2024-11-01
pg4,2024-11-01,bz_min,-45988.52,Bz,Min,2024-11-01,2024-11-02
pg4,2024-11-02,bz_min,-46295.1,Bz,Min,2024-11-02,2024-11-03
pg4,2024-11-03,bz_min,-46130.26,Bz,Min,2024-11-03,2024-11-04
pg4,2024-11-04,bz_min,-46263.4,Bz,Min,2024-11-04,2024-11-05
pg4,2024-11-05,bz_min,-46071.89,Bz,Min,2024-11-05,2024-11-06
pg4,2024-11-06,bz_min,-46119.29,Bz,Min,2024-11-06,2024-11-07
pg4,2024-11-07,bz_min,-46233.09,Bz,Min,2024-11-07,2024-11-08
pg4,2024-11-08,bz_min,-45953.18,Bz,Min,2024-11-08,2024-11-09
pg4,2024-11-09,bz_min,-46530.44,Bz,Min,2024-11-09,2024-11-10
pg4,2024-11-10,bz_min,-46221.31,Bz,Min,2024-11-10,2024-11-11
pg4,2024-11-11,bz_min,-48082.59,Bz,Min,2024-11-11,2024-11-12
pg4,2024-11-12,bz_min,-46103.59,Bz,Min,2024-11-12,2024-11-13
pg4,2024-11-13,bz_min,-46094.52,Bz,Min,2024-11-13,2024-11-14
pg4,2024-11-14,bz_min,-46264.21,Bz,Min,2024-11-14,2024-11-15
pg4,2024-11-15,bz_min,-46189.67,Bz,Min,2024-11-15,2024-11-16
pg4,2024-11-16,bz_min,-46216.58,Bz,Min,2024-11-16,2024-11-17
pg4,2024-11-17,bz_min,-46084.53,Bz,Min,2024-11-17,2024-11-18
pg4,2024-11-18,bz_min,-46140.19,Bz,Min,2024-11-18,2024-11-19
pg4,2024-11-19,bz_min,-46054.91,Bz,Min,2024-11-19,2024-11-20
pg4,2024-11-20,bz_min,-46100.41,Bz,Min,2024-11-20,2024-11-21
pg4,2024-11-21,bz_min,-46108.09,Bz,Min,2024-11-21,2024-11-22
pg4,2024-11-22,bz_min,-46004.68,Bz,Min,2024-11-22,2024-11-23
pg4,2024-11-23,bz_min,-46117.67,Bz,Min,2024-11-23,2024-11-24
pg4,2024-11-24,bz_min,-46093.36,Bz,Min,2024-11-24,2024-11-25
pg4,2024-11-25,bz_min,-46119.23,Bz,Min,2024-11-25,2024-11-26
pg4,2024-11-26,bz_min,-46020.21,Bz,Min,2024-11-26,2024-11-27
pg4,2024-11-27,bz_min,-48082.59,Bz,Min,2024-11-27,2024-11-28
pg4,2024-11-28,bz_min,-45995.5,Bz,Min,2024-11-28,2024-11-29
pg4,2024-11-29,bz_min,-46008.2,Bz,Min,2024-11-29,2024-11-30
pg4,2024-11-30,bz_min,-46112.83,Bz,Min,2024-11-30,2024-12-01
pg4,2024-12-01,bz_min,-46178.07,Bz,Min,2024-12-01,2024-12-02
pg4,2024-12-02,bz_min,-46040.6,Bz,Min,2024-12-02,2024-12-03
pg4,2024-12-03,bz_min,-46144.17,Bz,Min,2024-12-03,2024-12-04
pg4,2024-12-04,bz_min,-46044.52,Bz,Min,2024-12-04,2024-12-05
pg4,2024-12-05,bz_min,-46097.81,Bz,Min,2024-12-05,2024-12-06
pg4,2024-12-06,bz_min,-46125.58,Bz,Min,2024-12-06,2024-12-07
pg4,2024-12-07,bz_min,-46075.01,Bz,Min,2024-12-07,2024-12-08
pg4,2024-12-08,bz_min,-46145.5,Bz,Min,2024-12-08,2024-12-09
pg4,2024-12-09,bz_min,-46184.42,Bz,Min,2024-12-09,2024-12-10
pg4,2024-12-10,bz_min,-46273.85,Bz,Min,2024-12-10,2024-12-11
pg4,2024-12-11,bz_min,-46192.67,Bz,Min,2024-12-11,2024-12-12
pg4,2024-12-12,bz_min,-46137.54,Bz,Min,2024-12-12,2024-12-13
pg4,2024-12-13,bz_min,-46215.19,Bz,Min,2024-12-13,2024-12-14
pg4,2024-12-14,bz_min,-46071.14,Bz,Min,2024-12-14,2024-12-15
pg4,2024-12-15,bz_min,-46039.15,Bz,Min,2024-12-15,2024-12-16
pg4,2024-12-16,bz_min,-46295.74,Bz,Min,2024-12-16,2024-12-17
pg4,2024-12-17,bz_min,-46381.24,Bz,Min,2024-12-17,2024-12-18
pg4,2024-12-18,bz_min,-46205.9,Bz,Min,2024-12-18,2024-12-19
pg4,2024-12-19,bz_min,-46160.86,Bz,Min,2024-12-19,2024-12-20
pg4,2024-12-20,bz_min,-46043.54,Bz,Min,2024-12-20,2024-12-21
pg4,2024-12-21,bz_min,-46135.17,Bz,Min,2024-12-21,2024-12-22
pg4,2024-12-22,bz_min,-46198.74,Bz,Min,2024-12-22,2024-12-23
pg4,2024-12-23,bz_min,-46032.05,Bz,Min,2024-12-23,2024-12-24
pg4,2024-12-24,bz_min,-46086.78,Bz,Min,2024-12-24,2024-12-25
pg4,2024-12-25,bz_min,-46097.41,Bz,Min,2024-12-25,2024-12-26
pg4,2024-12-26,bz_min,-46008.44,Bz,Min,2024-12-26,2024-12-27
pg4,2024-12-27,bz_min,-45964.84,Bz,Min,2024-12-27,2024-12-28
pg4,2024-12-28,bz_min,-46046.77,Bz,Min,2024-12-28,2024-12-29
pg4,2024-12-29,bz_min,-46101.22,Bz,Min,2024-12-29,2024-12-30
pg4,2024-12-30,bz_min,-46134.07,Bz,Min,2024-12-30,2024-12-31
pg4,2024-12-31,bz_min,-46122.18,Bz,Min,2024-12-31,2025-01-01
pg5,2024-01-01,bz_min,-47978.02,Bz,Min,2024-01-01,2024-01-02
pg5,2024-01-02,bz_min,-45908.52,Bz,Min,2024-01-02,2024-01-03
pg5,2024-01-03,bz_min,-47978.02,Bz,Min,2024-01-03,2024-01-04
pg5,2024-01-04,bz_min,-47978.02,Bz,Min,2024-01-04,2024-01-05
pg5,2024-01-05,bz_min,-46306.48,Bz,Min,2024-01-05,2024-01-06
pg5,2024-01-06,bz_min,-47978.02,Bz,Min,2024-01-06,2024-01-07
pg5,2024-01-07,bz_min,-46034.79,Bz,Min,2024-01-07,2024-01-08
pg5,2024-01-08,bz_min,-47978.02,Bz,Min,2024-01-08,2024-01-09
pg5,2024-01-09,bz_min,-45910.3,Bz,Min,2024-01-09,2024-01-10
pg5,2024-01-10,bz_min,-47978.02,Bz,Min,2024-01-10,2024-01-11
pg5,2024-01-11,bz_min,-45857.46,Bz,Min,2024-01-11,2024-01-12
pg5,2024-01-12,bz_min,-47978.02,Bz,Min,2024-01-12,2024-01-13
pg5,2024-01-13,bz_min,-45850.4,Bz,Min,2024-01-13,2024-01-14
pg5,2024-01-14,bz_min,-47978.02,Bz,Min,2024-01-14,2024-01-15
pg5,2024-01-15,bz_min,-47978.02,Bz,Min,2024-01-15,2024-01-16
pg5,2024-01-16,bz_min,-47978.02,Bz,Min,2024-01-16,2024-01-17
pg5,2024-01-17,bz_min,-47978.02,Bz,Min,2024-01-17,2024-01-18
pg5,2024-01-18,bz_min,-45965.93,Bz,Min,2024-01-18,2024-01-19
pg5,2024-01-19,bz_min,-47978.02,Bz,Min,2024-01-19,2024-01-20
pg5,2024-01-20,bz_min,-47978.02,Bz,Min,2024-01-20,2024-01-21
pg5,2024-01-21,bz_min,-45870.09,Bz,Min,2024-01-21,2024-01-22
pg5,2024-01-22,bz_min,-47978.02,Bz,Min,2024-01-22,2024-01-23
pg5,2024-01-23,bz_min,-45978.39,Bz,Min,2024-01-23,2024-01-24
pg5,2024-01-24,bz_min,-46069.72,Bz,Min,2024-01-24,2024-01-25
pg5,2024-01-25,bz_min,-45824.96,Bz,Min,2024-01-25,2024-01-26
pg5,2024-01-26,bz_min,-45862.38,Bz,Min,2024-01-26,2024-01-27
pg5,2024-01-27,bz_min,-45849.04,Bz,Min,2024-01-27,2024-01-28
pg5,2024-01-28,bz_min,-45788.6,Bz,Min,2024-01-28,2024-01-29
pg5,2024-01-29,bz_min,-45850.22,Bz,Min,2024-01-29,2024-01-30
pg5,2024-01-30,bz_min,-46065.57,Bz,Min,2024-01-30,2024-01-31
pg5,2024-01-31,bz_min,-45856.81,Bz,Min,2024-01-31,2024-02-01
pg5,2024-02-01,bz_min,-45867.95,Bz,Min,2024-02-01,2024-02-02
pg5,2024-02-02,bz_min,-45835.69,Bz,Min,2024-02-02,2024-02-03
pg5,2024-02-03,bz_min,-45845.0,Bz,Min,2024-02-03,2024-02-04
pg5,2024-02-04,bz_min,-45818.79,Bz,Min,2024-02-04,2024-02-05
pg5,2024-02-05,bz_min,-45859.47,Bz,Min,2024-02-05,2024-02-06
pg5,2024-02-06,bz_min,-47978.02,Bz,Min,2024-02-06,2024-02-07
pg5,2024-02-07,bz_min,-47978.02,Bz,Min,2024-02-07,2024-02-08
pg5,2024-02-08,bz_min,-45813.81,Bz,Min,2024-02-08,2024-02-09
pg5,2024-02-09,bz_min,-45853.19,Bz,Min,2024-02-09,2024-02-10
pg5,2024-02-10,bz_min,-45779.05,Bz,Min,2024-02-10,2024-02-11
pg5,2024-02-11,bz_min,-46147.24,Bz,Min,2024-02-11,2024-02-12
pg5,2024-02-12,bz_min,-45873.88,Bz,Min,2024-02-12,2024-02-13
pg5,2024-02-13,bz_min,-47978.02,Bz,Min,2024-02-13,2024-02-14
pg5,2024-02-14,bz_min,-47978.02,Bz,Min,2024-02-14,2024-02-15
pg5,2024-02-15,bz_min,-46028.98,Bz,Min,2024-02-15,2024-02-16
pg5,2024-02-16,bz_min,-45812.09,Bz,Min,2024-02-16,2024-02-17
pg5,2024-02-17,bz_min,-45833.91,Bz,Min,2024-02-17,2024-02-18
pg5,2024-02-18,bz_min,-47978.02,Bz,Min,2024-02-18,2024-02-19
pg5,2024-02-19,bz_min,-45764.11,Bz,Min,2024-02-19,2024-02-20
pg5,2024-02-20,bz_min,-47978.02,Bz,Min,2024-02-20,2024-02-21
pg5,2024-02-21,bz_min,-45770.33,Bz,Min,2024-02-21,2024-02-22
pg5,2024-02-22,bz_min,-45885.15,Bz,Min,2024-02-22,2024-02-23
pg5,2024-02-23,bz_min,-45793.94,Bz,Min,2024-02-23,2024-02-24
pg5,2024-02-24,bz_min,-45766.18,Bz,Min,2024-02-24,2024-02-25
pg5,2024-02-25,bz_min,-46079.03,Bz,Min,2024-02-25,2024-02-26
pg5,2024-02-26,bz_min,-46010.65,Bz,Min,2024-02-26,2024-02-27
pg5,2024-02-27,bz_min,-46084.37,Bz,Min,2024-02-27,2024-02-28
pg5,2024-02-28,bz_min,-45869.38,Bz,Min,2024-02-28,2024-02-29
pg5,2024-02-29,bz_min,-45784.33,Bz,Min,2024-02-29,2024-03-01
pg5,2024-03-01,bz_min,-45995.59,Bz,Min,2024-03-01,2024-03-02
pg5,2024-03-02,bz_min,-45883.91,Bz,Min,2024-03-02,2024-03-03
pg5,2024-03-03,bz_min,-45937.05,Bz,Min,2024-03-03,2024-03-04
pg5,2024-03-04,bz_min,-45874.95,Bz,Min,2024-03-04,2024-03-05
pg5,2024-03-05,bz_min,-45948.26,Bz,Min,2024-03-05,2024-03-06
pg5,2024-03-06,bz_min,-47978.02,Bz,Min,2024-03-06,2024-03-07
pg5,2024-03-07,bz_min,-45894.11,Bz,Min,2024-03-07,2024-03-08
pg5,2024-03-08,bz_min,-46024.53,Bz,Min,2024-03-08,2024-03-09
pg5,2024-03-09,bz_min,-46006.56,Bz,Min,2024-03-09,2024-03-10
pg5,2024-03-10,bz_min,-45971.21,Bz,Min,2024-03-10,2024-03-11
pg5,2024-03-11,bz_min,-46030.76,Bz,Min,2024-03-11,2024-03-12
pg5,2024-03-12,bz_min,-47978.02,Bz,Min,2024-03-12,2024-03-13
pg5,2024-03-13,bz_min,-46056.49,Bz,Min,2024-03-13,2024-03-14
pg5,2024-03-14,bz_min,-45944.88,Bz,Min,2024-03-14,2024-03-15
pg5,2024-03-15,bz_min,-47978.02,Bz,Min,2024-03-15,2024-03-16
pg5,2024-03-16,bz_min,-45766.06,Bz,Min,2024-03-16,2024-03-17
pg5,2024-03-17,bz_min,-45765.29,Bz,Min,2024-03-17,2024-03-18
pg5,2024-03-18,bz_min,-45761.44,Bz,Min,2024-03-18,2024-03-19
pg5,2024-03-19,bz_min,-45903.3,Bz,Min,2024-03-19,2024-03-20
pg5,2024-03-20,bz_min,-45870.45,Bz,Min,2024-03-20,2024-03-21
pg5,2024-03-21,bz_min,-47978.02,Bz,Min,2024-03-21,2024-03-22
pg5,2024-03-22,bz_min,-45963.44,Bz,Min,2024-03-22,2024-03-23
pg5,2024-03-23,bz_min,-47978.02,Bz,Min,2024-03-23,2024-03-24
pg5,2024-03-24,bz_min,-46128.49,Bz,Min,2024-03-24,2024-03-25
pg5,2024-03-25,bz_min,-45891.86,Bz,Min,2024-03-25,2024-03-26
pg5,2024-03-26,bz_min,-46098.31,Bz,Min,2024-03-26,2024-03-27
pg5,2024-03-27,bz_min,-46005.02,Bz,Min,2024-03-27,2024-03-28
pg5,2024-03-28,bz_min,-45910.06,Bz,Min,2024-03-28,2024-03-29
pg5,2024-03-29,bz_min,-45925.19,Bz,Min,2024-03-29,2024-03-30
pg5,2024-03-30,bz_min,-45777.21,Bz,Min,2024-03-30,2024-03-31
pg5,2024-03-31,bz_min,-45926.91,Bz,Min,2024-03-31,2024-04-01
pg5,2024-04-01,bz_min,-46046.18,Bz,Min,2024-04-01,2024-04-02
pg5,2024-04-02,bz_min,-45832.49,Bz,Min,2024-04-02,2024-04-03
pg5,2024-04-03,bz_min,-45842.22,Bz,Min,2024-04-03,2024-04-04
pg5,2024-04-04,bz_min,-45885.86,Bz,Min,2024-04-04,2024-04-05
pg5,2024-04-05,bz_min,-46148.19,Bz,Min,2024-04-05,2024-04-06
pg5,2024-04-06,bz_min,-46008.87,Bz,Min,2024-04-06,2024-04-07
pg5,2024-04-07,bz_min,-45912.5,Bz,Min,2024-04-07,2024-04-08
pg5,2024-04-08,bz_min,-47978.02,Bz,Min,2024-04-08,2024-04-09
pg5,2024-04-09,bz_min,-46009.46,Bz,Min,2024-04-09,2024-04-10
pg5,2024-04-10,bz_min,-45925.96,Bz,Min,2024-04-10,2024-04-11
pg5,2024-04-11,bz_min,-45933.73,Bz,Min,2024-04-11,2024-04-12
pg5,2024-04-12,bz_min,-45895.12,Bz,Min,2024-04-12,2024-04-13
pg5,2024-04-13,bz_min,-45890.97,Bz,Min,2024-04-13,2024-04-14
pg5,2024-04-14,bz_min,-45792.04,Bz,Min,2024-04-14,2024-04-15
pg5,2024-04-15,bz_min,-45905.2,Bz,Min,2024-04-15,2024-04-16
pg5,2024-04-16,bz_min,-46120.37,Bz,Min,2024-04-16,2024-04-17
pg5,2024-04-17,bz_min,-45786.94,Bz,Min,2024-04-17,2024-04-18
pg5,2024-04-18,bz_min,-45767.61,Bz,Min,2024-04-18,2024-04-19
pg5,2024-04-19,bz_min,-46314.96,Bz,Min,2024-04-19,2024-04-20
pg5,2024-04-20,bz_min,-45912.91,Bz,Min,2024-04-20,2024-04-21
pg5,2024-04-21,bz_min,-46129.68,Bz,Min,2024-04-21,2024-04-22
pg5,2024-04-22,bz_min,-46004.19,Bz,Min,2024-04-22,2024-04-23
pg5,2024-04-23,bz_min,-45888.77,Bz,Min,2024-04-23,2024-04-24
pg5,2024-04-24,bz_min,-45847.44,Bz,Min,2024-04-24,2024-04-25
pg5,2024-04-25,bz_min,-45757.76,Bz,Min,2024-04-25,2024-04-26
pg5,2024-04-26,bz_min,-46010.11,Bz,Min,2024-04-26,2024-04-27
pg5,2024-04-27,bz_min,-45975.3,Bz,Min,2024-04-27,2024-04-28
pg5,2024-04-28,bz_min,-46011.84,Bz,Min,2024-04-28,2024-04-29
pg5,2024-04-29,bz_min,-45839.61,Bz,Min,2024-04-29,2024-04-30
pg5,2024-04-30,bz_min,-45936.81,Bz,Min,2024-04-30,2024-05-01
pg5,2024-05-01,bz_min,-45895.71,Bz,Min,2024-05-01,2024-05-02
pg5,2024-05-02,bz_min,-46252.39,Bz,Min,2024-05-02,2024-05-03
pg5,2024-05-03,bz_min,-46159.22,Bz,Min,2024-05-03,2024-05-04
pg5,2024-05-04,bz_min,-45911.78,Bz,Min,2024-05-04,2024-05-05
pg5,2024-05-05,bz_min,-45874.36,Bz,Min,2024-05-05,2024-05-06
pg5,2024-05-06,bz_min,-46075.06,Bz,Min,2024-05-06,2024-05-07
pg5,2024-05-07,bz_min,-45840.79,Bz,Min,2024-05-07,2024-05-08
pg5,2024-05-08,bz_min,-45862.68,Bz,Min,2024-05-08,2024-05-09
pg5,2024-05-09,bz_min,-45845.6,Bz,Min,2024-05-09,2024-05-10
pg5,2024-05-10,bz_min,-46183.0,Bz,Min,2024-05-10,2024-05-11
pg5,2024-05-11,bz_min,-47314.24,Bz,Min,2024-05-11,2024-05-12
pg5,2024-05-12,bz_min,-46171.02,Bz,Min,2024-05-12,2024-05-13
pg5,2024-05-13,bz_min,-46266.98,Bz,Min,2024-05-13,2024-05-14
pg5,2024-05-14,bz_min,-45839.43,Bz,Min,2024-05-14,2024-05-15
pg5,2024-05-15,bz_min,-45996.42,Bz,Min,2024-05-15,2024-05-16
pg5,2024-05-16,bz_min,-46944.16,Bz,Min,2024-05-16,2024-05-17
pg5,2024-05-17,bz_min,-46112.31,Bz,Min,2024-05-17,2024-05-18
pg5,2024-05-18,bz_min,-46201.56,Bz,Min,2024-05-18,2024-05-19
pg5,2024-05-19,bz_min,-45960.77,Bz,Min,2024-05-19,2024-05-20
pg5,2024-05-20,bz_min,-46024.05,Bz,Min,2024-05-20,2024-05-21
pg5,2024-05-21,bz_min,-45837.47,Bz,Min,2024-05-21,2024-05-22
pg5,2024-05-22,bz_min,-45793.4,Bz,Min,2024-05-22,2024-05-23
pg5,2024-05-23,bz_min,-45864.52,Bz,Min,2024-05-23,2024-05-24
pg5,2024-05-24,bz_min,-46059.7,Bz,Min,2024-05-24,2024-05-25
pg5,2024-05-25,bz_min,-47978.02,Bz,Min,2024-05-25,2024-05-26
pg5,2024-05-26,bz_min,-47978.02,Bz,Min,2024-05-26,2024-05-27
pg5,2024-05-27,bz_min,-47978.02,Bz,Min,2024-05-27,2024-05-28
pg5,2024-05-28,bz_min,-46032.47,Bz,Min,2024-05-28,2024-05-29
pg5,2024-05-29,bz_min,-45758.12,Bz,Min,2024-05-29,2024-05-30
pg5,2024-05-30,bz_min,-45771.99,Bz,Min,2024-05-30,2024-05-31
pg5,2024-05-31,bz_min,-46162.42,Bz,Min,2024-05-31,2024-06-01
pg5,2024-06-01,bz_min,-45973.46,Bz,Min,2024-06-01,2024-06-02
pg5,2024-06-02,bz_min,-45879.04,Bz,Min,2024-06-02,2024-06-03
pg5,2024-06-03,bz_min,-45865.58,Bz,Min,2024-06-03,2024-06-04
pg5,2024-06-04,bz_min,-45900.52,Bz,Min,2024-06-04,2024-06-05
pg5,2024-06-05,bz_min,-45828.58,Bz,Min,2024-06-05,2024-06-06
pg5,2024-06-06,bz_min,-45955.26,Bz,Min,2024-06-06,2024-06-07
pg5,2024-06-07,bz_min,-45932.01,Bz,Min,2024-06-07,2024-06-08
pg5,2024-06-08,bz_min,-46035.38,Bz,Min,2024-06-08,2024-06-09
pg5,2024-06-09,bz_min,-45831.66,Bz,Min,2024-06-09,2024-06-10
pg5,2024-06-10,bz_min,-45792.4,Bz,Min,2024-06-10,2024-06-11
pg5,2024-06-11,bz_min,-45932.96,Bz,Min,2024-06-11,2024-06-12
pg5,2024-06-12,bz_min,-45790.56,Bz,Min,2024-06-12,2024-06-13
pg5,2024-06-13,bz_min,-45758.47,Bz,Min,2024-06-13,2024-06-14
pg5,2024-06-14,bz_min,-45883.97,Bz,Min,2024-06-14,2024-06-15
pg5,2024-06-15,bz_min,-46069.36,Bz,Min,2024-06-15,2024-06-16
pg5,2024-06-16,bz_min,-45987.82,Bz,Min,2024-06-16,2024-06-17
pg5,2024-06-17,bz_min,-45821.7,Bz,Min,2024-06-17,2024-06-18
pg5,2024-06-18,bz_min,-45997.42,Bz,Min,2024-06-18,2024-06-19
pg5,2024-06-19,bz_min,-46018.42,Bz,Min,2024-06-19,2024-06-20
pg5,2024-06-20,bz_min,-45916.83,Bz,Min,2024-06-20,2024-06-21
pg5,2024-06-21,bz_min,-45830.47,Bz,Min,2024-06-21,2024-06-22
pg5,2024-06-22,bz_min,-45753.61,Bz,Min,2024-06-22,2024-06-23
pg5,2024-06-23,bz_min,-45795.84,Bz,Min,2024-06-23,2024-06-24
pg5,2024-06-24,bz_min,-45921.21,Bz,Min,2024-06-24,2024-06-25
pg5,2024-06-25,bz_min,-45933.55,Bz,Min,2024-06-25,2024-06-26
pg5,2024-06-26,bz_min,-45908.82,Bz,Min,2024-06-26,2024-06-27
pg5,2024-06-27,bz_min,-45937.11,Bz,Min,2024-06-27,2024-06-28
pg5,2024-06-28,bz_min,-46161.83,Bz,Min,2024-06-28,2024-06-29
pg5,2024-06-29,bz_min,-45846.01,Bz,Min,2024-06-29,2024-06-30
pg5,2024-06-30,bz_min,-45906.33,Bz,Min,2024-06-30,2024-07-01
pg5,2024-07-01,bz_min,-45851.7,Bz,Min,2024-07-01,2024-07-02
pg5,2024-07-02,bz_min,-45852.47,Bz,Min,2024-07-02,2024-07-03
pg5,2024-07-03,bz_min,-45900.1,Bz,Min,2024-07-03,2024-07-04
pg5,2024-07-04,bz_min,-45898.5,Bz,Min,2024-07-04,2024-07-05
pg5,2024-07-05,bz_min,-45921.1,Bz,Min,2024-07-05,2024-07-06
pg5,2024-07-06,bz_min,-45760.31,Bz,Min,2024-07-06,2024-07-07
pg5,2024-07-07,bz_min,-45816.6,Bz,Min,2024-07-07,2024-07-08
pg5,2024-07-08,bz_min,-45922.4,Bz,Min,2024-07-08,2024-07-09
pg5,2024-07-09,bz_min,-45830.83,Bz,Min,2024-07-09,2024-07-10
pg5,2024-10-23,bz_min,-45780.95,Bz,Min,2024-10-23,2024-10-24
pg5,2024-10-24,bz_min,-46143.74,Bz,Min,2024-10-24,2024-10-25
pg5,2024-10-25,bz_min,-45779.17,Bz,Min,2024-10-25,2024-10-26
pg5,2024-10-26,bz_min,-45856.1,Bz,Min,2024-10-26,2024-10-27
pg5,2024-10-27,bz_min,-45814.22,Bz,Min,2024-10-27,2024-10-28
pg5,2024-10-28,bz_min,-46273.56,Bz,Min,2024-10-28,2024-10-29
pg5,2024-10-29,bz_min,-46194.86,Bz,Min,2024-10-29,2024-10-30
pg5,2024-10-30,bz_min,-46055.19,Bz,Min,2024-10-30,2024-10-31
pg5,2024-10-31,bz_min,-45793.29,Bz,Min,2024-10-31,2024-11-01
pg5,2024-11-01,bz_min,-45844.17,Bz,Min,2024-11-01,2024-11-02
pg5,2024-11-02,bz_min,-46010.83,Bz,Min,2024-11-02,2024-11-03
pg5,2024-11-03,bz_min,-45913.38,Bz,Min,2024-11-03,2024-11-04
pg5,2024-11-04,bz_min,-46105.19,Bz,Min,2024-11-04,2024-11-05
pg5,2024-11-05,bz_min,-45868.61,Bz,Min,2024-11-05,2024-11-06
pg5,2024-11-06,bz_min,-45942.45,Bz,Min,2024-11-06,2024-11-07
pg5,2024-11-07,bz_min,-46000.1,Bz,Min,2024-11-07,2024-11-08
pg5,2024-11-08,bz_min,-45809.95,Bz,Min,2024-11-08,2024-11-09
pg5,2024-11-09,bz_min,-46248.06,Bz,Min,2024-11-09,2024-11-10
pg5,2024-11-10,bz_min,-45945.41,Bz,Min,2024-11-10,2024-11-11
pg5,2024-11-11,bz_min,-47978.02,Bz,Min,2024-11-11,2024-11-12
pg5,2024-11-12,bz_min,-45912.44,Bz,Min,2024-11-12,2024-11-13
pg5,2024-11-13,bz_min,-45930.64,Bz,Min,2024-11-13,2024-11-14
pg5,2024-11-14,bz_min,-46083.24,Bz,Min,2024-11-14,2024-11-15
pg5,2024-11-15,bz_min,-47978.02,Bz,Min,2024-11-15,2024-11-16
pg5,2024-11-16,bz_min,-45997.96,Bz,Min,2024-11-16,2024-11-17
pg5,2024-11-17,bz_min,-47978.02,Bz,Min,2024-11-17,2024-11-18
pg5,2024-11-18,bz_min,-46138.04,Bz,Min,2024-11-18,2024-11-19
pg5,2024-11-19,bz_min,-45809.0,Bz,Min,2024-11-19,2024-11-20
pg5,2024-11-20,bz_min,-45878.87,Bz,Min,2024-11-20,2024-11-21
pg5,2024-11-21,bz_min,-45898.32,Bz,Min,2024-11-21,2024-11-22
pg5,2024-11-22,bz_min,-47978.02,Bz,Min,2024-11-22,2024-11-23
pg5,2024-11-23,bz_min,-45870.86,Bz,Min,2024-11-23,2024-11-24
pg5,2024-11-24,bz_min,-45887.88,Bz,Min,2024-11-24,2024-11-25
pg5,2024-11-25,bz_min,-45940.67,Bz,Min,2024-11-25,2024-11-26
pg5,2024-11-26,bz_min,-47978.02,Bz,Min,2024-11-26,2024-11-27
pg5,2024-11-27,bz_min,-46015.81,Bz,Min,2024-11-27,2024-11-28
pg5,2024-11-28,bz_min,-47978.02,Bz,Min,2024-11-28,2024-11-29
pg5,2024-11-29,bz_min,-47978.02,Bz,Min,2024-11-29,2024-11-30
pg5,2024-11-30,bz_min,-47978.02,Bz,Min,2024-11-30,2024-12-01
pg5,2024-12-01,bz_min,-47978.02,Bz,Min,2024-12-01,2024-12-02
pg5,2024-12-02,bz_min,-47978.02,Bz,Min,2024-12-02,2024-12-03
pg5,2024-12-03,bz_min,-47674.54,Bz,Min,2024-12-03,2024-12-04
pg5,2024-12-04,bz_min,-47978.02,Bz,Min,2024-12-04,2024-12-05
pg5,2024-12-05,bz_min,-45877.8,Bz,Min,2024-12-05,2024-12-06
pg5,2024-12-06,bz_min,-47978.02,Bz,Min,2024-12-06,2024-12-07
pg5,2024-12-07,bz_min,-47978.02,Bz,Min,2024-12-07,2024-12-08
pg5,2024-12-08,bz_min,-47978.02,Bz,Min,2024-12-08,2024-12-09
pg5,2024-12-09,bz_min,-46177.96,Bz,Min,2024-12-09,2024-12-10
pg5,2024-12-10,bz_min,-47978.02,Bz,Min,2024-12-10,2024-12-11
pg5,2024-12-11,bz_min,-47978.02,Bz,Min,2024-12-11,2024-12-12
pg5,2024-12-12,bz_min,-47978.02,Bz,Min,2024-12-12,2024-12-13
pg5,2024-12-13,bz_min,-47978.02,Bz,Min,2024-12-13,2024-12-14
pg5,2024-12-14,bz_min,-45938.12,Bz,Min,2024-12-14,2024-12-15
pg5,2024-12-15,bz_min,-47978.02,Bz,Min,2024-12-15,2024-12-16
pg5,2024-12-16,bz_min,-46087.87,Bz,Min,2024-12-16,2024-12-17
pg5,2024-12-17,bz_min,-46262.59,Bz,Min,2024-12-17,2024-12-18
pg5,2024-12-18,bz_min,-47978.02,Bz,Min,2024-12-18,2024-12-19
pg5,2024-12-19,bz_min,-47978.02,Bz,Min,2024-12-19,2024-12-20
pg5,2024-12-20,bz_min,-47978.02,Bz,Min,2024-12-20,2024-12-21
pg5,2024-12-21,bz_min,-45944.17,Bz,Min,2024-12-21,2024-12-22
pg5,2024-12-22,bz_min,-47978.02,Bz,Min,2024-12-22,2024-12-23
pg5,2024-12-23,bz_min,-45970.97,Bz,Min,2024-12-23,2024-12-24
pg5,2024-12-24,bz_min,-47978.02,Bz,Min,2024-12-24,2024-12-25
pg5,2024-12-25,bz_min,-47978.02,Bz,Min,2024-12-25,2024-12-26
pg5,2024-12-26,bz_min,-47978.02,Bz,Min,2024-12-26,2024-12-27
pg5,2024-12-27,bz_min,-47978.02,Bz,Min,2024-12-27,2024-12-28
pg5,2024-12-28,bz_min,-47978.02,Bz,Min,2024-12-28,2024-12-29
pg5,2024-12-29,bz_min,-47978.02,Bz,Min,2024-12-29,2024-12-30
pg5,2024-12-30,bz_min,-47978.02,Bz,Min,2024-12-30,2024-12-31
pg5,2024-12-31,bz_min,-47978.02,Bz,Min,2024-12-31,2025-01-01
pg0,2020-01-08,bz_min,-53600.63,Bz,Min,2020-01-08,2020-01-09
pg0,2020-01-09,bz_min,-53909.32,Bz,Min,2020-01-09,2020-01-10
pg0,2020-01-10,bz_min,-53953.01,Bz,Min,2020-01-10,2020-01-11
pg0,2020-01-11,bz_min,-53748.35,Bz,Min,2020-01-11,2020-01-12
pg0,2020-01-12,bz_min,-53743.01,Bz,Min,2020-01-12,2020-01-13
pg0,2020-01-13,bz_min,-53791.98,Bz,Min,2020-01-13,2020-01-14
pg0,2020-01-14,bz_min,-53750.7,Bz,Min,2020-01-14,2020-01-15
pg0,2020-01-15,bz_min,-53831.85,Bz,Min,2020-01-15,2020-01-16
pg0,2020-01-16,bz_min,-53755.04,Bz,Min,2020-01-16,2020-01-17
pg0,2020-01-17,bz_min,-53675.23,Bz,Min,2020-01-17,2020-01-18
pg0,2020-01-18,bz_min,-53725.48,Bz,Min,2020-01-18,2020-01-19
pg0,2020-01-19,bz_min,-53708.12,Bz,Min,2020-01-19,2020-01-20
pg0,2020-01-20,bz_min,-53690.18,Bz,Min,2020-01-20,2020-01-21
pg0,2020-01-21,bz_min,-53697.45,Bz,Min,2020-01-21,2020-01-22
pg0,2020-01-22,bz_min,-53739.2,Bz,Min,2020-01-22,2020-01-23
pg0,2020-01-23,bz_min,-53699.97,Bz,Min,2020-01-23,2020-01-24
pg0,2020-01-24,bz_min,-53725.89,Bz,Min,2020-01-24,2020-01-25
pg0,2020-01-25,bz_min,-53705.19,Bz,Min,2020-01-25,2020-01-26
pg0,2020-01-26,bz_min,-53686.02,Bz,Min,2020-01-26,2020-01-27
pg0,2020-01-27,bz_min,-53717.27,Bz,Min,2020-01-27,2020-01-28
pg0,2020-01-28,bz_min,-53743.36,Bz,Min,2020-01-28,2020-01-29
pg0,2020-01-29,bz_min,-53732.69,Bz,Min,2020-01-29,2020-01-30
pg0,2020-01-30,bz_min,-53721.26,Bz,Min,2020-01-30,2020-01-31
pg0,2020-01-31,bz_min,-53805.7,Bz,Min,2020-01-31,2020-02-01
pg0,2020-02-01,bz_min,-53726.07,Bz,Min,2020-02-01,2020-02-02
pg0,2020-02-02,bz_min,-53740.85,Bz,Min,2020-02-02,2020-02-03
pg0,2020-02-03,bz_min,-53731.93,Bz,Min,2020-02-03,2020-02-04
pg0,2020-02-04,bz_min,-53715.86,Bz,Min,2020-02-04,2020-02-05
pg0,2020-02-05,bz_min,-53744.36,Bz,Min,2020-02-05,2020-02-06
pg0,2020-02-06,bz_min,-53839.19,Bz,Min,2020-02-06,2020-02-07
pg0,2020-02-07,bz_min,-53741.43,Bz,Min,2020-02-07,2020-02-08
pg0,2020-02-08,bz_min,-53739.08,Bz,Min,2020-02-08,2020-02-09
pg0,2020-02-09,bz_min,-53731.76,Bz,Min,2020-02-09,2020-02-10
pg0,2020-02-10,bz_min,-53756.38,Bz,Min,2020-02-10,2020-02-11
pg0,2020-02-11,bz_min,-53751.46,Bz,Min,2020-02-11,2020-02-12
pg0,2020-02-12,bz_min,-53709.7,Bz,Min,2020-02-12,2020-02-13
pg0,2020-02-13,bz_min,-53692.58,Bz,Min,2020-02-13,2020-02-14
pg0,2020-02-14,bz_min,-53687.01,Bz,Min,2020-02-14,2020-02-15
pg0,2020-02-15,bz_min,-53707.19,Bz,Min,2020-02-15,2020-02-16
pg0,2020-02-16,bz_min,-53708.71,Bz,Min,2020-02-16,2020-02-17
pg0,2020-02-17,bz_min,-53717.04,Bz,Min,2020-02-17,2020-02-18
pg0,2020-02-18,bz_min,-53889.85,Bz,Min,2020-02-18,2020-02-19
pg0,2020-02-19,bz_min,-53751.28,Bz,Min,2020-02-19,2020-02-20
pg0,2020-02-20,bz_min,-53743.42,Bz,Min,2020-02-20,2020-02-21
pg0,2020-02-21,bz_min,-53777.79,Bz,Min,2020-02-21,2020-02-22
pg0,2020-02-22,bz_min,-53748.17,Bz,Min,2020-02-22,2020-02-23
pg0,2020-02-23,bz_min,-53652.83,Bz,Min,2020-02-23,2020-02-24
pg0,2020-02-27,bz_min,-53634.35,Bz,Min,2020-02-27,2020-02-28
pg0,2020-02-28,bz_min,-53756.68,Bz,Min,2020-02-28,2020-02-29
pg0,2020-02-29,bz_min,-53887.15,Bz,Min,2020-02-29,2020-03-01
pg0,2020-03-01,bz_min,-53753.45,Bz,Min,2020-03-01,2020-03-02
pg0,2020-03-02,bz_min,-53720.85,Bz,Min,2020-03-02,2020-03-03
pg0,2020-03-03,bz_min,-53694.69,Bz,Min,2020-03-03,2020-03-04
pg0,2020-03-04,bz_min,-53704.84,Bz,Min,2020-03-04,2020-03-05
pg0,2020-03-05,bz_min,-53721.02,Bz,Min,2020-03-05,2020-03-06
pg0,2020-03-06,bz_min,-53721.02,Bz,Min,2020-03-06,2020-03-07
pg0,2020-03-07,bz_min,-53759.02,Bz,Min,2020-03-07,2020-03-08
pg0,2020-03-08,bz_min,-53717.62,Bz,Min,2020-03-08,2020-03-09
pg0,2020-03-09,bz_min,-53737.09,Bz,Min,2020-03-09,2020-03-10
pg0,2020-03-10,bz_min,-53694.22,Bz,Min,2020-03-10,2020-03-11
pg0,2020-03-11,bz_min,-53666.55,Bz,Min,2020-03-11,2020-03-12
pg0,2020-03-12,bz_min,-53678.22,Bz,Min,2020-03-12,2020-03-13
pg0,2020-03-13,bz_min,-53731.4,Bz,Min,2020-03-13,2020-03-14
pg0,2020-03-14,bz_min,-53679.27,Bz,Min,2020-03-14,2020-03-15
pg0,2020-03-15,bz_min,-53709.06,Bz,Min,2020-03-15,2020-03-16
pg0,2020-03-16,bz_min,-53713.75,Bz,Min,2020-03-16,2020-03-17
pg0,2020-03-17,bz_min,-53707.48,Bz,Min,2020-03-17,2020-03-18
pg0,2020-03-18,bz_min,-53670.36,Bz,Min,2020-03-18,2020-03-19
pg0,2020-03-19,bz_min,-53754.92,Bz,Min,2020-03-19,2020-03-20
pg0,2020-03-20,bz_min,-53767.99,Bz,Min,2020-03-20,2020-03-21
pg0,2020-03-21,bz_min,-53823.17,Bz,Min,2020-03-21,2020-03-22
pg0,2020-03-22,bz_min,-53715.63,Bz,Min,2020-03-22,2020-03-23
pg0,2020-03-23,bz_min,-53718.33,Bz,Min,2020-03-23,2020-03-24
pg0,2020-03-24,bz_min,-53825.76,Bz,Min,2020-03-24,2020-03-25
pg0,2020-03-25,bz_min,-53775.09,Bz,Min,2020-03-25,2020-03-26
pg0,2020-03-26,bz_min,-53712.58,Bz,Min,2020-03-26,2020-03-27
pg0,2020-03-27,bz_min,-53701.73,Bz,Min,2020-03-27,2020-03-28
pg0,2020-03-28,bz_min,-53695.46,Bz,Min,2020-03-28,2020-03-29
pg0,2020-03-29,bz_min,-53720.61,Bz,Min,2020-03-29,2020-03-30
pg0,2020-03-30,bz_min,-53776.15,Bz,Min,2020-03-30,2020-03-31
pg0,2020-03-31,bz_min,-53799.95,Bz,Min,2020-03-31,2020-04-01
pg0,2020-04-01,bz_min,-53799.9,Bz,Min,2020-04-01,2020-04-02
pg0,2020-04-02,bz_min,-53804.24,Bz,Min,2020-04-02,2020-04-03
pg0,2020-04-03,bz_min,-53745.65,Bz,Min,2020-04-03,2020-04-04
pg0,2020-04-04,bz_min,-53838.42,Bz,Min,2020-04-04,2020-04-05
pg0,2020-04-05,bz_min,-53681.79,Bz,Min,2020-04-05,2020-04-06
pg0,2020-04-06,bz_min,-53667.25,Bz,Min,2020-04-06,2020-04-07
pg0,2020-04-07,bz_min,-53644.61,Bz,Min,2020-04-07,2020-04-08
pg0,2020-04-08,bz_min,-53793.03,Bz,Min,2020-04-08,2020-04-09
pg0,2020-04-09,bz_min,-53667.08,Bz,Min,2020-04-09,2020-04-10
pg0,2020-04-11,bz_min,-53656.11,Bz,Min,2020-04-11,2020-04-12
pg0,2020-04-12,bz_min,-53700.03,Bz,Min,2020-04-12,2020-04-13
pg0,2020-04-13,bz_min,-53677.4,Bz,Min,2020-04-13,2020-04-14
pg0,2020-04-14,bz_min,-53844.99,Bz,Min,2020-04-14,2020-04-15
pg0,2020-04-15,bz_min,-53941.74,Bz,Min,2020-04-15,2020-04-16
pg0,2020-04-16,bz_min,-53846.04,Bz,Min,2020-04-16,2020-04-17
pg0,2020-04-21,bz_min,-53760.67,Bz,Min,2020-04-21,2020-04-22
pg0,2020-04-22,bz_min,-53766.7,Bz,Min,2020-04-22,2020-04-23
pg0,2020-04-23,bz_min,-53713.4,Bz,Min,2020-04-23,2020-04-24
pg0,2020-04-24,bz_min,-53688.36,Bz,Min,2020-04-24,2020-04-25
pg0,2020-04-25,bz_min,-53702.02,Bz,Min,2020-04-25,2020-04-26
pg0,2020-04-26,bz_min,-53718.44,Bz,Min,2020-04-26,2020-04-27
pg0,2020-04-27,bz_min,-53797.14,Bz,Min,2020-04-27,2020-04-28
pg0,2020-04-28,bz_min,-53755.45,Bz,Min,2020-04-28,2020-04-29
pg0,2020-04-29,bz_min,-53721.44,Bz,Min,2020-04-29,2020-04-30
pg0,2020-04-30,bz_min,-53676.52,Bz,Min,2020-04-30,2020-05-01
pg0,2020-05-01,bz_min,-53851.38,Bz,Min,2020-05-01,2020-05-02
pg0,2020-05-02,bz_min,-53722.08,Bz,Min,2020-05-02,2020-05-03
pg0,2020-05-03,bz_min,-53664.32,Bz,Min,2020-05-03,2020-05-04
pg0,2020-05-04,bz_min,-53678.57,Bz,Min,2020-05-04,2020-05-05
pg0,2020-05-05,bz_min,-53673.47,Bz,Min,2020-05-05,2020-05-06
pg0,2020-05-06,bz_min,-53743.48,Bz,Min,2020-05-06,2020-05-07
pg0,2020-05-07,bz_min,-53742.72,Bz,Min,2020-05-07,2020-05-08
pg0,2020-05-08,bz_min,-53668.95,Bz,Min,2020-05-08,2020-05-09
pg0,2020-05-09,bz_min,-53644.91,Bz,Min,2020-05-09,2020-05-10
pg0,2020-05-10,bz_min,-53642.45,Bz,Min,2020-05-10,2020-05-11
pg0,2020-05-11,bz_min,-53726.89,Bz,Min,2020-05-11,2020-05-12
pg0,2020-05-12,bz_min,-53699.79,Bz,Min,2020-05-12,2020-05-13
pg0,2020-05-13,bz_min,-53682.61,Bz,Min,2020-05-13,2020-05-14
pg0,2020-05-14,bz_min,-53683.49,Bz,Min,2020-05-14,2020-05-15
pg0,2020-05-15,bz_min,-53654.17,Bz,Min,2020-05-15,2020-05-16
pg0,2020-05-16,bz_min,-53662.5,Bz,Min,2020-05-16,2020-05-17
pg0,2020-05-17,bz_min,-53643.79,Bz,Min,2020-05-17,2020-05-18
pg0,2020-05-18,bz_min,-53649.42,Bz,Min,2020-05-18,2020-05-19
pg0,2020-05-19,bz_min,-53833.38,Bz,Min,2020-05-19,2020-05-20
pg0,2020-05-20,bz_min,-53679.51,Bz,Min,2020-05-20,2020-05-21
pg0,2020-05-21,bz_min,-53742.02,Bz,Min,2020-05-21,2020-05-22
pg0,2020-05-22,bz_min,-53665.44,Bz,Min,2020-05-22,2020-05-23
pg0,2020-05-23,bz_min,-53735.33,Bz,Min,2020-05-23,2020-05-24
pg0,2020-05-24,bz_min,-53739.32,Bz,Min,2020-05-24,2020-05-25
pg0,2020-05-25,bz_min,-53678.57,Bz,Min,2020-05-25,2020-05-26
pg0,2020-05-26,bz_min,-53706.66,Bz,Min,2020-05-26,2020-05-27
pg0,2020-05-27,bz_min,-53674.87,Bz,Min,2020-05-27,2020-05-28
pg0,2020-05-28,bz_min,-53648.66,Bz,Min,2020-05-28,2020-05-29
pg0,2020-05-29,bz_min,-53631.89,Bz,Min,2020-05-29,2020-05-30
pg0,2020-05-30,bz_min,-53762.36,Bz,Min,2020-05-30,2020-05-31
pg0,2020-05-31,bz_min,-53670.77,Bz,Min,2020-05-31,2020-06-01
pg0,2020-06-01,bz_min,-53839.36,Bz,Min,2020-06-01,2020-06-02
pg0,2020-06-02,bz_min,-53732.05,Bz,Min,2020-06-02,2020-06-03
pg0,2020-06-03,bz_min,-53686.31,Bz,Min,2020-06-03,2020-06-04
pg0,2020-06-04,bz_min,-53658.45,Bz,Min,2020-06-04,2020-06-05
pg0,2020-11-06,bz_min,-53632.36,Bz,Min,2020-11-06,2020-11-07
pg0,2020-11-07,bz_min,-53657.11,Bz,Min,2020-11-07,2020-11-08
pg0,2020-11-08,bz_min,-53683.49,Bz,Min,2020-11-08,2020-11-09
pg0,2020-11-09,bz_min,-53643.56,Bz,Min,2020-11-09,2020-11-10
pg0,2020-11-10,bz_min,-53655.17,Bz,Min,2020-11-10,2020-11-11
pg0,2020-11-11,bz_min,-53677.04,Bz,Min,2020-11-11,2020-11-12
pg0,2020-11-12,bz_min,-53639.34,Bz,Min,2020-11-12,2020-11-13
pg0,2020-11-13,bz_min,-53686.6,Bz,Min,2020-11-13,2020-11-14
pg0,2020-11-14,bz_min,-53665.26,Bz,Min,2020-11-14,2020-11-15
pg0,2020-11-15,bz_min,-53659.27,Bz,Min,2020-11-15,2020-11-16
pg0,2020-11-16,bz_min,-53675.05,Bz,Min,2020-11-16,2020-11-17
pg0,2020-11-17,bz_min,-53680.92,Bz,Min,2020-11-17,2020-11-18
pg0,2020-11-18,bz_min,-53671.65,Bz,Min,2020-11-18,2020-11-19
pg0,2020-11-19,bz_min,-53693.52,Bz,Min,2020-11-19,2020-11-20
pg0,2020-11-20,bz_min,-53755.04,Bz,Min,2020-11-20,2020-11-21
pg0,2020-11-21,bz_min,-53715.63,Bz,Min,2020-11-21,2020-11-22
pg0,2020-11-22,bz_min,-53815.96,Bz,Min,2020-11-22,2020-11-23
pg0,2020-12-18,bz_min,-53677.81,Bz,Min,2020-12-18,2020-12-19
pg0,2020-12-19,bz_min,-53679.04,Bz,Min,2020-12-19,2020-12-20
pg0,2020-12-20,bz_min,-53725.19,Bz,Min,2020-12-20,2020-12-21
pg0,2020-12-21,bz_min,-53788.11,Bz,Min,2020-12-21,2020-12-22
pg0,2020-12-22,bz_min,-53743.31,Bz,Min,2020-12-22,2020-12-23
pg0,2020-12-23,bz_min,-53844.76,Bz,Min,2020-12-23,2020-12-24
pg0,2020-12-24,bz_min,-53838.48,Bz,Min,2020-12-24,2020-12-25
pg0,2020-12-25,bz_min,-53683.73,Bz,Min,2020-12-25,2020-12-26
pg0,2020-12-26,bz_min,-53666.02,Bz,Min,2020-12-26,2020-12-27
pg0,2020-12-27,bz_min,-53725.77,Bz,Min,2020-12-27,2020-12-28
pg0,2020-12-28,bz_min,-53715.69,Bz,Min,2020-12-28,2020-12-29
pg0,2020-12-29,bz_min,-53671.06,Bz,Min,2020-12-29,2020-12-30
pg0,2020-12-30,bz_min,-53761.37,Bz,Min,2020-12-30,2020-12-31
pg0,2020-12-31,bz_min,-53719.85,Bz,Min,2020-12-31,2021-01-01
pg0,2021-01-01,bz_min,-53723.66,Bz,Min,2021-01-01,2021-01-02
pg0,2021-01-02,bz_min,-53655.94,Bz,Min,2021-01-02,2021-01-03
pg0,2021-01-03,bz_min,-53642.68,Bz,Min,2021-01-03,2021-01-04
pg0,2021-01-04,bz_min,-53744.83,Bz,Min,2021-01-04,2021-01-05
pg0,2021-01-05,bz_min,-53730.29,Bz,Min,2021-01-05,2021-01-06
pg0,2021-01-06,bz_min,-53784.88,Bz,Min,2021-01-06,2021-01-07
pg0,2021-01-07,bz_min,-53729.59,Bz,Min,2021-01-07,2021-01-08
pg0,2021-01-08,bz_min,-53667.66,Bz,Min,2021-01-08,2021-01-09
pg0,2021-01-09,bz_min,-53728.12,Bz,Min,2021-01-09,2021-01-10
pg0,2021-01-10,bz_min,-53676.46,Bz,Min,2021-01-10,2021-01-11
pg0,2021-01-11,bz_min,-53726.24,Bz,Min,2021-01-11,2021-01-12
pg0,2021-01-12,bz_min,-53727.01,Bz,Min,2021-01-12,2021-01-13
pg0,2021-01-13,bz_min,-53866.98,Bz,Min,2021-01-13,2021-01-14
pg0,2021-01-14,bz_min,-53668.6,Bz,Min,2021-01-14,2021-01-15
pg0,2021-01-15,bz_min,-53642.56,Bz,Min,2021-01-15,2021-01-16
pg0,2021-01-16,bz_min,-53676.17,Bz,Min,2021-01-16,2021-01-17
pg0,2021-01-17,bz_min,-53714.16,Bz,Min,2021-01-17,2021-01-18
pg0,2021-01-18,bz_min,-53655.7,Bz,Min,2021-01-18,2021-01-19
pg0,2021-01-19,bz_min,-53697.57,Bz,Min,2021-01-19,2021-01-20
pg0,2021-01-20,bz_min,-53730.99,Bz,Min,2021-01-20,2021-01-21
pg0,2021-01-21,bz_min,-53676.81,Bz,Min,2021-01-21,2021-01-22
pg0,2021-01-22,bz_min,-53635.59,Bz,Min,2021-01-22,2021-01-23
pg0,2021-01-23,bz_min,-53822.41,Bz,Min,2021-01-23,2021-01-24
pg0,2021-01-24,bz_min,-53728.88,Bz,Min,2021-01-24,2021-01-25
pg0,2021-01-25,bz_min,-53812.74,Bz,Min,2021-01-25,2021-01-26
pg0,2021-01-26,bz_min,-53712.23,Bz,Min,2021-01-26,2021-01-27
pg0,2021-01-27,bz_min,-53745.01,Bz,Min,2021-01-27,2021-01-28
pg0,2021-01-28,bz_min,-53710.12,Bz,Min,2021-01-28,2021-01-29
pg0,2021-01-29,bz_min,-53696.69,Bz,Min,2021-01-29,2021-01-30
pg0,2021-01-30,bz_min,-53722.61,Bz,Min,2021-01-30,2021-01-31
pg0,2021-01-31,bz_min,-53658.4,Bz,Min,2021-01-31,2021-02-01
pg0,2021-02-01,bz_min,-53678.57,Bz,Min,2021-02-01,2021-02-02
pg0,2021-02-02,bz_min,-53799.37,Bz,Min,2021-02-02,2021-02-03
pg0,2021-02-03,bz_min,-53749.29,Bz,Min,2021-02-03,2021-02-04
pg0,2021-02-04,bz_min,-53719.85,Bz,Min,2021-02-04,2021-02-05
pg0,2021-02-05,bz_min,-53799.02,Bz,Min,2021-02-05,2021-02-06
pg0,2021-02-06,bz_min,-53681.03,Bz,Min,2021-02-06,2021-02-07
pg0,2021-02-07,bz_min,-53862.23,Bz,Min,2021-02-07,2021-02-08
pg0,2021-02-08,bz_min,-53706.6,Bz,Min,2021-02-08,2021-02-09
pg0,2021-02-09,bz_min,-53785.24,Bz,Min,2021-02-09,2021-02-10
pg0,2021-02-10,bz_min,-53693.58,Bz,Min,2021-02-10,2021-02-11
pg0,2021-02-11,bz_min,-53700.85,Bz,Min,2021-02-11,2021-02-12
pg0,2021-02-12,bz_min,-53683.02,Bz,Min,2021-02-12,2021-02-13
pg0,2021-02-13,bz_min,-53890.55,Bz,Min,2021-02-13,2021-02-14
pg0,2021-02-14,bz_min,-53713.63,Bz,Min,2021-02-14,2021-02-15
pg0,2021-02-15,bz_min,-53718.97,Bz,Min,2021-02-15,2021-02-16
pg0,2021-02-16,bz_min,-54056.45,Bz,Min,2021-02-16,2021-02-17
pg0,2021-02-17,bz_min,-53672.35,Bz,Min,2021-02-17,2021-02-18
pg0,2021-02-18,bz_min,-53687.48,Bz,Min,2021-02-18,2021-02-19
pg0,2021-02-19,bz_min,-53681.03,Bz,Min,2021-02-19,2021-02-20
pg0,2021-02-20,bz_min,-53884.45,Bz,Min,2021-02-20,2021-02-21
pg0,2021-02-21,bz_min,-53943.51,Bz,Min,2021-02-21,2021-02-22
pg0,2021-02-22,bz_min,-53795.73,Bz,Min,2021-02-22,2021-02-23
pg0,2021-02-23,bz_min,-53721.02,Bz,Min,2021-02-23,2021-02-24
pg0,2021-02-24,bz_min,-54168.33,Bz,Min,2021-02-24,2021-02-25
pg0,2021-02-25,bz_min,-53776.09,Bz,Min,2021-02-25,2021-02-26
pg0,2021-02-26,bz_min,-53714.63,Bz,Min,2021-02-26,2021-02-27
pg0,2021-02-27,bz_min,-53662.03,Bz,Min,2021-02-27,2021-02-28
pg0,2021-02-28,bz_min,-53648.66,Bz,Min,2021-02-28,2021-03-01
pg0,2021-03-01,bz_min,-53869.15,Bz,Min,2021-03-01,2021-03-02
pg0,2021-03-02,bz_min,-53783.36,Bz,Min,2021-03-02,2021-03-03
pg0,2021-03-03,bz_min,-53989.83,Bz,Min,2021-03-03,2021-03-04
pg0,2021-03-04,bz_min,-53878.36,Bz,Min,2021-03-04,2021-03-05
pg0,2021-03-05,bz_min,-53750.58,Bz,Min,2021-03-05,2021-03-06
pg0,2021-03-06,bz_min,-53798.6,Bz,Min,2021-03-06,2021-03-07
pg0,2021-03-07,bz_min,-53692.17,Bz,Min,2021-03-07,2021-03-08
pg0,2021-03-08,bz_min,-53715.4,Bz,Min,2021-03-08,2021-03-09
pg0,2021-03-09,bz_min,-53696.86,Bz,Min,2021-03-09,2021-03-10
pg0,2021-03-10,bz_min,-53641.04,Bz,Min,2021-03-10,2021-03-11
pg0,2021-03-11,bz_min,-53650.3,Bz,Min,2021-03-11,2021-03-12
pg0,2021-03-12,bz_min,-54025.54,Bz,Min,2021-03-12,2021-03-13
pg0,2021-03-13,bz_min,-53828.04,Bz,Min,2021-03-13,2021-03-14
pg0,2021-03-14,bz_min,-54069.35,Bz,Min,2021-03-14,2021-03-15
pg0,2021-03-15,bz_min,-53680.33,Bz,Min,2021-03-15,2021-03-16
pg0,2021-03-16,bz_min,-53655.94,Bz,Min,2021-03-16,2021-03-17
pg0,2021-03-17,bz_min,-53670.06,Bz,Min,2021-03-17,2021-03-18
pg0,2021-03-18,bz_min,-53689.36,Bz,Min,2021-03-18,2021-03-19
pg0,2021-03-19,bz_min,-53669.54,Bz,Min,2021-03-19,2021-03-20
pg0,2021-03-20,bz_min,-54075.68,Bz,Min,2021-03-20,2021-03-21
pg0,2021-03-21,bz_min,-53839.36,Bz,Min,2021-03-21,2021-03-22
pg0,2021-03-22,bz_min,-53747.18,Bz,Min,2021-03-22,2021-03-23
pg0,2021-03-23,bz_min,-53714.87,Bz,Min,2021-03-23,2021-03-24
pg0,2021-03-24,bz_min,-53857.6,Bz,Min,2021-03-24,2021-03-25
pg0,2021-03-25,bz_min,-53746.71,Bz,Min,2021-03-25,2021-03-26
pg0,2021-03-26,bz_min,-53930.49,Bz,Min,2021-03-26,2021-03-27
pg0,2021-03-27,bz_min,-53660.15,Bz,Min,2021-03-27,2021-03-28
pg0,2021-03-28,bz_min,-53793.33,Bz,Min,2021-03-28,2021-03-29
pg0,2021-03-29,bz_min,-53688.13,Bz,Min,2021-03-29,2021-03-30
pg0,2021-03-30,bz_min,-53646.02,Bz,Min,2021-03-30,2021-03-31
pg0,2021-03-31,bz_min,-53828.81,Bz,Min,2021-03-31,2021-04-01
pg0,2021-04-01,bz_min,-53738.5,Bz,Min,2021-04-01,2021-04-02
pg0,2021-04-02,bz_min,-53637.7,Bz,Min,2021-04-02,2021-04-03
pg0,2021-04-03,bz_min,-53657.4,Bz,Min,2021-04-03,2021-04-04
pg0,2021-04-04,bz_min,-53656.99,Bz,Min,2021-04-04,2021-04-05
pg0,2021-04-05,bz_min,-53643.15,Bz,Min,2021-04-05,2021-04-06
pg0,2021-04-06,bz_min,-53642.45,Bz,Min,2021-04-06,2021-04-07
pg0,2021-04-07,bz_min,-53928.2,Bz,Min,2021-04-07,2021-04-08
pg0,2021-04-08,bz_min,-53642.92,Bz,Min,2021-04-08,2021-04-09
pg0,2021-04-09,bz_min,-53679.92,Bz,Min,2021-04-09,2021-04-10
pg0,2021-04-10,bz_min,-53655.82,Bz,Min,2021-04-10,2021-04-11
pg0,2021-04-11,bz_min,-53653.35,Bz,Min,2021-04-11,2021-04-12
pg0,2021-04-12,bz_min,-53651.89,Bz,Min,2021-04-12,2021-04-13
pg0,2021-04-13,bz_min,-53704.66,Bz,Min,2021-04-13,2021-04-14
pg0,2021-04-14,bz_min,-53776.85,Bz,Min,2021-04-14,2021-04-15
pg0,2021-04-15,bz_min,-54065.83,Bz,Min,2021-04-15,2021-04-16
pg0,2021-04-16,bz_min,-53852.61,Bz,Min,2021-04-16,2021-04-17
pg0,2021-04-17,bz_min,-54176.25,Bz,Min,2021-04-17,2021-04-18
pg0,2021-04-18,bz_min,-54038.85,Bz,Min,2021-04-18,2021-04-19
pg0,2021-04-19,bz_min,-53943.68,Bz,Min,2021-04-19,2021-04-20
pg0,2021-04-20,bz_min,-53741.43,Bz,Min,2021-04-20,2021-04-21
pg0,2021-04-21,bz_min,-53736.39,Bz,Min,2021-04-21,2021-04-22
pg0,2021-04-22,bz_min,-53824.7,Bz,Min,2021-04-22,2021-04-23
pg0,2021-04-23,bz_min,-54036.04,Bz,Min,2021-04-23,2021-04-24
pg0,2021-04-24,bz_min,-54208.91,Bz,Min,2021-04-24,2021-04-25
pg0,2021-04-25,bz_min,-54132.74,Bz,Min,2021-04-25,2021-04-26
pg0,2021-04-26,bz_min,-54123.7,Bz,Min,2021-04-26,2021-04-27
pg0,2021-04-27,bz_min,-53737.21,Bz,Min,2021-04-27,2021-04-28
pg0,2021-04-28,bz_min,-53647.37,Bz,Min,2021-04-28,2021-04-29
pg0,2021-04-29,bz_min,-53711.17,Bz,Min,2021-04-29,2021-04-30
pg0,2021-04-30,bz_min,-53632.6,Bz,Min,2021-04-30,2021-05-01
pg0,2021-05-01,bz_min,-53679.04,Bz,Min,2021-05-01,2021-05-02
pg0,2021-05-02,bz_min,-53804.59,Bz,Min,2021-05-02,2021-05-03
pg0,2021-05-03,bz_min,-53653.76,Bz,Min,2021-05-03,2021-05-04
pg0,2021-05-04,bz_min,-53628.08,Bz,Min,2021-05-04,2021-05-05
pg0,2021-05-05,bz_min,-53622.16,Bz,Min,2021-05-05,2021-05-06
pg0,2021-05-06,bz_min,-53647.67,Bz,Min,2021-05-06,2021-05-07
pg0,2021-05-07,bz_min,-53609.02,Bz,Min,2021-05-07,2021-05-08
pg0,2021-05-08,bz_min,-53642.04,Bz,Min,2021-05-08,2021-05-09
pg0,2021-05-09,bz_min,-53608.14,Bz,Min,2021-05-09,2021-05-10
pg0,2021-05-10,bz_min,-53627.79,Bz,Min,2021-05-10,2021-05-11
pg0,2021-05-11,bz_min,-53626.03,Bz,Min,2021-05-11,2021-05-12
pg0,2021-05-12,bz_min,-53888.85,Bz,Min,2021-05-12,2021-05-13
pg0,2021-05-13,bz_min,-53768.7,Bz,Min,2021-05-13,2021-05-14
pg0,2021-05-14,bz_min,-53941.92,Bz,Min,2021-05-14,2021-05-15
pg0,2021-05-15,bz_min,-53916.12,Bz,Min,2021-05-15,2021-05-16
pg0,2021-05-16,bz_min,-53734.39,Bz,Min,2021-05-16,2021-05-17
pg0,2021-05-17,bz_min,-53670.65,Bz,Min,2021-05-17,2021-05-18
pg0,2021-05-18,bz_min,-53781.77,Bz,Min,2021-05-18,2021-05-19
pg0,2021-05-19,bz_min,-54053.28,Bz,Min,2021-05-19,2021-05-20
pg0,2021-05-20,bz_min,-54224.98,Bz,Min,2021-05-20,2021-05-21
pg0,2021-05-21,bz_min,-53839.42,Bz,Min,2021-05-21,2021-05-22
pg0,2021-05-22,bz_min,-53751.99,Bz,Min,2021-05-22,2021-05-23
pg0,2021-05-23,bz_min,-53683.85,Bz,Min,2021-05-23,2021-05-24
pg0,2021-05-24,bz_min,-53681.15,Bz,Min,2021-05-24,2021-05-25
pg0,2021-05-25,bz_min,-53638.93,Bz,Min,2021-05-25,2021-05-26
pg0,2021-05-26,bz_min,-53711.7,Bz,Min,2021-05-26,2021-05-27
pg0,2021-05-27,bz_min,-53848.86,Bz,Min,2021-05-27,2021-05-28
pg0,2021-05-28,bz_min,-53648.49,Bz,Min,2021-05-28,2021-05-29
pg0,2021-05-29,bz_min,-53654.52,Bz,Min,2021-05-29,2021-05-30
pg0,2021-05-30,bz_min,-53651.13,Bz,Min,2021-05-30,2021-05-31
pg0,2021-05-31,bz_min,-53632.71,Bz,Min,2021-05-31,2021-06-01
pg0,2021-06-01,bz_min,-53623.8,Bz,Min,2021-06-01,2021-06-02
pg0,2021-06-02,bz_min,-53628.31,Bz,Min,2021-06-02,2021-06-03
pg0,2021-06-03,bz_min,-53688.65,Bz,Min,2021-06-03,2021-06-04
pg0,2021-06-04,bz_min,-53640.45,Bz,Min,2021-06-04,2021-06-05
pg0,2021-06-05,bz_min,-53650.19,Bz,Min,2021-06-05,2021-06-06
pg0,2021-06-06,bz_min,-53644.5,Bz,Min,2021-06-06,2021-06-07
pg0,2021-06-07,bz_min,-53713.75,Bz,Min,2021-06-07,2021-06-08
pg0,2021-06-08,bz_min,-53718.44,Bz,Min,2021-06-08,2021-06-09
pg0,2021-06-09,bz_min,-53745.24,Bz,Min,2021-06-09,2021-06-10
pg0,2021-06-10,bz_min,-53658.63,Bz,Min,2021-06-10,2021-06-11
pg0,2021-06-11,bz_min,-53755.62,Bz,Min,2021-06-11,2021-06-12
pg0,2021-06-12,bz_min,-53757.09,Bz,Min,2021-06-12,2021-06-13
pg0,2021-06-13,bz_min,-53862.52,Bz,Min,2021-06-13,2021-06-14
pg0,2021-06-14,bz_min,-53667.78,Bz,Min,2021-06-14,2021-06-15
pg0,2021-06-15,bz_min,-53607.91,Bz,Min,2021-06-15,2021-06-16
pg0,2024-01-01,bz_max,-53043.15,Bz,Max,2024-01-01,2024-01-02
pg0,2024-01-02,bz_max,-53058.27,Bz,Max,2024-01-02,2024-01-03
pg0,2024-01-03,bz_max,-53080.91,Bz,Max,2024-01-03,2024-01-04
pg0,2024-01-04,bz_max,-53099.67,Bz,Max,2024-01-04,2024-01-05
pg0,2024-01-05,bz_max,-53190.39,Bz,Max,2024-01-05,2024-01-06
pg0,2024-01-06,bz_max,-53120.9,Bz,Max,2024-01-06,2024-01-07
pg0,2024-01-07,bz_max,-53164.24,Bz,Max,2024-01-07,2024-01-08
pg0,2024-01-08,bz_max,-53186.81,Bz,Max,2024-01-08,2024-01-09
pg0,2024-01-09,bz_max,-53240.41,Bz,Max,2024-01-09,2024-01-10
pg0,2024-01-10,bz_max,-53254.95,Bz,Max,2024-01-10,2024-01-11
pg0,2024-01-11,bz_max,-53339.28,Bz,Max,2024-01-11,2024-01-12
pg0,2024-01-12,bz_max,-53379.74,Bz,Max,2024-01-12,2024-01-13
pg0,2024-01-13,bz_max,-53373.99,Bz,Max,2024-01-13,2024-01-14
pg0,2024-01-14,bz_max,-53344.73,Bz,Max,2024-01-14,2024-01-15
pg0,2024-01-15,bz_max,-53394.22,Bz,Max,2024-01-15,2024-01-16
pg0,2024-01-16,bz_max,-53377.57,Bz,Max,2024-01-16,2024-01-17
pg0,2024-01-17,bz_max,-53385.02,Bz,Max,2024-01-17,2024-01-18
pg0,2024-01-18,bz_max,-53359.27,Bz,Max,2024-01-18,2024-01-19
pg0,2024-01-19,bz_max,-53376.45,Bz,Max,2024-01-19,2024-01-20
pg0,2024-01-20,bz_max,-53364.55,Bz,Max,2024-01-20,2024-01-21
pg0,2024-01-21,bz_max,-53340.74,Bz,Max,2024-01-21,2024-01-22
pg0,2024-01-22,bz_max,-53270.73,Bz,Max,2024-01-22,2024-01-23
pg0,2024-01-23,bz_max,-53351.18,Bz,Max,2024-01-23,2024-01-24
pg0,2024-01-24,bz_max,-53409.7,Bz,Max,2024-01-24,2024-01-25
pg0,2024-01-25,bz_max,-53330.42,Bz,Max,2024-01-25,2024-01-26
pg0,2024-01-26,bz_max,-53260.64,Bz,Max,2024-01-26,2024-01-27
pg0,2024-01-27,bz_max,-53390.29,Bz,Max,2024-01-27,2024-01-28
pg0,2024-01-28,bz_max,-53317.87,Bz,Max,2024-01-28,2024-01-29
pg0,2024-01-29,bz_max,-53297.17,Bz,Max,2024-01-29,2024-01-30
pg0,2024-01-30,bz_max,-53350.36,Bz,Max,2024-01-30,2024-01-31
pg0,2024-01-31,bz_max,-53378.98,Bz,Max,2024-01-31,2024-02-01
pg0,2024-02-01,bz_max,-53386.01,Bz,Max,2024-02-01,2024-02-02
pg0,2024-02-02,bz_max,-53412.34,Bz,Max,2024-02-02,2024-02-03
pg0,2024-02-03,bz_max,-53394.11,Bz,Max,2024-02-03,2024-02-04
pg0,2024-02-04,bz_max,-53357.86,Bz,Max,2024-02-04,2024-02-05
pg0,2024-02-05,bz_max,-53296.29,Bz,Max,2024-02-05,2024-02-06
pg0,2024-02-06,bz_max,-53113.69,Bz,Max,2024-02-06,2024-02-07
pg0,2024-02-07,bz_max,-53131.34,Bz,Max,2024-02-07,2024-02-08
pg0,2024-02-08,bz_max,-53310.66,Bz,Max,2024-02-08,2024-02-09
pg0,2024-02-09,bz_max,-53251.44,Bz,Max,2024-02-09,2024-02-10
pg0,2024-02-10,bz_max,-53185.99,Bz,Max,2024-02-10,2024-02-11
pg0,2024-02-11,bz_max,-53280.76,Bz,Max,2024-02-11,2024-02-12
pg0,2024-02-12,bz_max,-53403.14,Bz,Max,2024-02-12,2024-02-13
pg0,2024-02-13,bz_max,-53386.42,Bz,Max,2024-02-13,2024-02-14
pg0,2024-02-14,bz_max,-53396.22,Bz,Max,2024-02-14,2024-02-15
pg0,2024-02-15,bz_max,-53325.85,Bz,Max,2024-02-15,2024-02-16
pg0,2024-02-16,bz_max,-53430.11,Bz,Max,2024-02-16,2024-02-17
pg0,2024-02-17,bz_max,-53403.72,Bz,Max,2024-02-17,2024-02-18
pg0,2024-02-18,bz_max,-53364.32,Bz,Max,2024-02-18,2024-02-19
pg0,2024-02-19,bz_max,-53400.61,Bz,Max,2024-02-19,2024-02-20
pg0,2024-02-20,bz_max,-53394.87,Bz,Max,2024-02-20,2024-02-21
pg0,2024-02-21,bz_max,-53399.79,Bz,Max,2024-02-21,2024-02-22
pg0,2024-02-22,bz_max,-53182.71,Bz,Max,2024-02-22,2024-02-23
pg0,2024-02-23,bz_max,-53439.32,Bz,Max,2024-02-23,2024-02-24
pg0,2024-02-24,bz_max,-53403.61,Bz,Max,2024-02-24,2024-02-25
pg0,2024-02-25,bz_max,-53403.67,Bz,Max,2024-02-25,2024-02-26
pg0,2024-02-26,bz_max,-53398.04,Bz,Max,2024-02-26,2024-02-27
pg0,2024-02-27,bz_max,-53175.09,Bz,Max,2024-02-27,2024-02-28
pg0,2024-02-28,bz_max,-53200.24,Bz,Max,2024-02-28,2024-02-29
pg0,2024-02-29,bz_max,-53430.93,Bz,Max,2024-02-29,2024-03-01
pg0,2024-03-01,bz_max,-53435.45,Bz,Max,2024-03-01,2024-03-02
pg0,2024-03-02,bz_max,-53187.58,Bz,Max,2024-03-02,2024-03-03
pg0,2024-03-03,bz_max,-53250.79,Bz,Max,2024-03-03,2024-03-04
pg0,2024-03-04,bz_max,-53366.08,Bz,Max,2024-03-04,2024-03-05
pg0,2024-03-05,bz_max,-53385.19,Bz,Max,2024-03-05,2024-03-06
pg0,2024-03-06,bz_max,-53425.54,Bz,Max,2024-03-06,2024-03-07
pg0,2024-03-07,bz_max,-53429.94,Bz,Max,2024-03-07,2024-03-08
pg0,2024-03-08,bz_max,-53445.47,Bz,Max,2024-03-08,2024-03-09
pg0,2024-03-09,bz_max,-53453.63,Bz,Max,2024-03-09,2024-03-10
pg0,2024-03-10,bz_max,-53431.17,Bz,Max,2024-03-10,2024-03-11
pg0,2024-03-11,bz_max,-53444.95,Bz,Max,2024-03-11,2024-03-12
pg0,2024-03-12,bz_max,-53459.37,Bz,Max,2024-03-12,2024-03-13
pg0,2024-03-13,bz_max,-53435.97,Bz,Max,2024-03-13,2024-03-14
pg0,2024-03-14,bz_max,-53428.24,Bz,Max,2024-03-14,2024-03-15
pg0,2024-03-15,bz_max,-53443.95,Bz,Max,2024-03-15,2024-03-16
pg0,2024-03-16,bz_max,-53430.46,Bz,Max,2024-03-16,2024-03-17
pg0,2024-03-17,bz_max,-53205.7,Bz,Max,2024-03-17,2024-03-18
pg0,2024-03-18,bz_max,-53188.51,Bz,Max,2024-03-18,2024-03-19
pg0,2024-03-19,bz_max,-53202.06,Bz,Max,2024-03-19,2024-03-20
pg0,2024-03-20,bz_max,-53463.6,Bz,Max,2024-03-20,2024-03-21
pg0,2024-03-21,bz_max,-53452.34,Bz,Max,2024-03-21,2024-03-22
pg0,2024-03-22,bz_max,-53243.4,Bz,Max,2024-03-22,2024-03-23
pg0,2024-03-23,bz_max,-53313.06,Bz,Max,2024-03-23,2024-03-24
pg0,2024-03-24,bz_max,-53121.78,Bz,Max,2024-03-24,2024-03-25
pg0,2024-03-25,bz_max,-53139.26,Bz,Max,2024-03-25,2024-03-26
pg0,2024-03-26,bz_max,-53425.83,Bz,Max,2024-03-26,2024-03-27
pg0,2024-03-27,bz_max,-53210.27,Bz,Max,2024-03-27,2024-03-28
pg0,2024-03-28,bz_max,-53185.47,Bz,Max,2024-03-28,2024-03-29
pg0,2024-03-29,bz_max,-53227.63,Bz,Max,2024-03-29,2024-03-30
pg0,2024-03-30,bz_max,-53436.33,Bz,Max,2024-03-30,2024-03-31
pg0,2024-03-31,bz_max,-53200.42,Bz,Max,2024-03-31,2024-04-01
pg0,2024-04-01,bz_max,-53433.28,Bz,Max,2024-04-01,2024-04-02
pg0,2024-04-02,bz_max,-53451.57,Bz,Max,2024-04-02,2024-04-03
pg0,2024-04-03,bz_max,-53475.67,Bz,Max,2024-04-03,2024-04-04
pg0,2024-04-04,bz_max,-53470.63,Bz,Max,2024-04-04,2024-04-05
pg0,2024-04-05,bz_max,-53466.47,Bz,Max,2024-04-05,2024-04-06
pg0,2024-04-06,bz_max,-53454.68,Bz,Max,2024-04-06,2024-04-07
pg0,2024-04-07,bz_max,-53248.21,Bz,Max,2024-04-07,2024-04-08
pg0,2024-04-08,bz_max,-53216.19,Bz,Max,2024-04-08,2024-04-09
pg0,2024-04-09,bz_max,-53449.64,Bz,Max,2024-04-09,2024-04-10
pg0,2024-04-10,bz_max,-53442.78,Bz,Max,2024-04-10,2024-04-11
pg0,2024-04-11,bz_max,-53458.9,Bz,Max,2024-04-11,2024-04-12
pg0,2024-04-12,bz_max,-53218.3,Bz,Max,2024-04-12,2024-04-13
pg0,2024-04-13,bz_max,-53210.51,Bz,Max,2024-04-13,2024-04-14
pg0,2024-04-14,bz_max,-53462.72,Bz,Max,2024-04-14,2024-04-15
pg0,2024-04-15,bz_max,-53462.36,Bz,Max,2024-04-15,2024-04-16
pg0,2024-04-16,bz_max,-53490.69,Bz,Max,2024-04-16,2024-04-17
pg0,2024-04-17,bz_max,-53472.39,Bz,Max,2024-04-17,2024-04-18
pg0,2024-04-18,bz_max,-53482.19,Bz,Max,2024-04-18,2024-04-19
pg0,2024-04-19,bz_max,-53480.95,Bz,Max,2024-04-19,2024-04-20
pg0,2024-04-20,bz_max,-53486.81,Bz,Max,2024-04-20,2024-04-21
pg0,2024-04-21,bz_max,-53482.6,Bz,Max,2024-04-21,2024-04-22
pg0,2024-04-22,bz_max,-53474.33,Bz,Max,2024-04-22,2024-04-23
pg0,2024-04-23,bz_max,-53482.36,Bz,Max,2024-04-23,2024-04-24
pg0,2024-04-24,bz_max,-53492.15,Bz,Max,2024-04-24,2024-04-25
pg0,2024-04-25,bz_max,-53204.99,Bz,Max,2024-04-25,2024-04-26
pg0,2024-04-26,bz_max,-53247.21,Bz,Max,2024-04-26,2024-04-27
pg0,2024-04-27,bz_max,-53464.59,Bz,Max,2024-04-27,2024-04-28
pg0,2024-04-28,bz_max,-53480.66,Bz,Max,2024-04-28,2024-04-29
pg0,2024-04-29,bz_max,-53201.77,Bz,Max,2024-04-29,2024-04-30
pg0,2024-04-30,bz_max,-53467.06,Bz,Max,2024-04-30,2024-05-01
pg0,2024-05-01,bz_max,-53466.17,Bz,Max,2024-05-01,2024-05-02
pg0,2024-05-02,bz_max,-53468.11,Bz,Max,2024-05-02,2024-05-03
pg0,2024-05-03,bz_max,-53493.85,Bz,Max,2024-05-03,2024-05-04
pg0,2024-05-04,bz_max,-53477.14,Bz,Max,2024-05-04,2024-05-05
pg0,2024-05-05,bz_max,-53477.55,Bz,Max,2024-05-05,2024-05-06
pg0,2024-05-06,bz_max,-53445.3,Bz,Max,2024-05-06,2024-05-07
pg0,2024-05-07,bz_max,-53220.42,Bz,Max,2024-05-07,2024-05-08
pg0,2024-05-08,bz_max,-53220.88,Bz,Max,2024-05-08,2024-05-09
pg0,2024-05-09,bz_max,-53458.44,Bz,Max,2024-05-09,2024-05-10
pg0,2024-05-10,bz_max,-53180.83,Bz,Max,2024-05-10,2024-05-11
pg0,2024-05-11,bz_max,-53535.19,Bz,Max,2024-05-11,2024-05-12
pg0,2024-05-12,bz_max,-53349.54,Bz,Max,2024-05-12,2024-05-13
pg0,2024-05-13,bz_max,-53479.9,Bz,Max,2024-05-13,2024-05-14
pg0,2024-05-14,bz_max,-53486.05,Bz,Max,2024-05-14,2024-05-15
pg0,2024-05-15,bz_max,-53231.61,Bz,Max,2024-05-15,2024-05-16
pg0,2024-05-16,bz_max,-53504.58,Bz,Max,2024-05-16,2024-05-17
pg0,2024-05-17,bz_max,-53468.29,Bz,Max,2024-05-17,2024-05-18
pg0,2024-05-18,bz_max,-53494.2,Bz,Max,2024-05-18,2024-05-19
pg0,2024-05-19,bz_max,-53487.52,Bz,Max,2024-05-19,2024-05-20
pg0,2024-05-20,bz_max,-53488.58,Bz,Max,2024-05-20,2024-05-21
pg0,2024-05-21,bz_max,-53488.17,Bz,Max,2024-05-21,2024-05-22
pg0,2024-05-22,bz_max,-53480.6,Bz,Max,2024-05-22,2024-05-23
pg0,2024-05-23,bz_max,-53491.27,Bz,Max,2024-05-23,2024-05-24
pg0,2024-05-24,bz_max,-53231.15,Bz,Max,2024-05-24,2024-05-25
pg0,2024-05-25,bz_max,-53234.78,Bz,Max,2024-05-25,2024-05-26
pg0,2024-05-26,bz_max,-53232.14,Bz,Max,2024-05-26,2024-05-27
pg0,2024-05-27,bz_max,-53240.59,Bz,Max,2024-05-27,2024-05-28
pg0,2024-05-28,bz_max,-53492.97,Bz,Max,2024-05-28,2024-05-29
pg0,2024-05-29,bz_max,-53467.29,Bz,Max,2024-05-29,2024-05-30
pg0,2024-05-30,bz_max,-53473.97,Bz,Max,2024-05-30,2024-05-31
pg0,2024-05-31,bz_max,-53474.62,Bz,Max,2024-05-31,2024-06-01
pg0,2024-06-01,bz_max,-53479.19,Bz,Max,2024-06-01,2024-06-02
pg0,2024-06-02,bz_max,-53464.36,Bz,Max,2024-06-02,2024-06-03
pg0,2024-06-03,bz_max,-53471.1,Bz,Max,2024-06-03,2024-06-04
pg0,2024-06-04,bz_max,-53463.89,Bz,Max,2024-06-04,2024-06-05
pg0,2024-06-05,bz_max,-53462.07,Bz,Max,2024-06-05,2024-06-06
pg0,2024-06-06,bz_max,-53483.53,Bz,Max,2024-06-06,2024-06-07
pg0,2024-06-07,bz_max,-53482.89,Bz,Max,2024-06-07,2024-06-08
pg0,2024-06-08,bz_max,-53426.06,Bz,Max,2024-06-08,2024-06-09
pg0,2024-06-09,bz_max,-53462.72,Bz,Max,2024-06-09,2024-06-10
pg0,2024-06-10,bz_max,-53431.69,Bz,Max,2024-06-10,2024-06-11
pg0,2024-06-11,bz_max,-53444.48,Bz,Max,2024-06-11,2024-06-12
pg0,2024-06-12,bz_max,-53472.8,Bz,Max,2024-06-12,2024-06-13
pg0,2024-06-13,bz_max,-53476.14,Bz,Max,2024-06-13,2024-06-14
pg0,2024-06-14,bz_max,-53468.64,Bz,Max,2024-06-14,2024-06-15
pg0,2024-06-15,bz_max,-53454.39,Bz,Max,2024-06-15,2024-06-16
pg0,2024-06-16,bz_max,-53471.92,Bz,Max,2024-06-16,2024-06-17
pg0,2024-06-17,bz_max,-53466.0,Bz,Max,2024-06-17,2024-06-18
pg0,2024-06-18,bz_max,-53469.52,Bz,Max,2024-06-18,2024-06-19
pg0,2024-06-19,bz_max,-53449.81,Bz,Max,2024-06-19,2024-06-20
pg0,2024-06-20,bz_max,-53453.69,Bz,Max,2024-06-20,2024-06-21
pg0,2024-06-21,bz_max,-53478.78,Bz,Max,2024-06-21,2024-06-22
pg0,2024-06-22,bz_max,-53469.28,Bz,Max,2024-06-22,2024-06-23
pg0,2024-06-23,bz_max,-53463.65,Bz,Max,2024-06-23,2024-06-24
pg0,2024-06-24,bz_max,-53224.99,Bz,Max,2024-06-24,2024-06-25
pg0,2024-06-25,bz_max,-53484.24,Bz,Max,2024-06-25,2024-06-26
pg0,2024-06-26,bz_max,-53483.42,Bz,Max,2024-06-26,2024-06-27
pg0,2024-06-27,bz_max,-53475.67,Bz,Max,2024-06-27,2024-06-28
pg0,2024-10-08,bz_max,-53418.62,Bz,Max,2024-10-08,2024-10-09
pg0,2024-10-09,bz_max,-53402.85,Bz,Max,2024-10-09,2024-10-10
pg0,2024-10-10,bz_max,-53066.84,Bz,Max,2024-10-10,2024-10-11
pg0,2024-10-11,bz_max,-53423.31,Bz,Max,2024-10-11,2024-10-12
pg0,2024-10-12,bz_max,-53395.51,Bz,Max,2024-10-12,2024-10-13
pg0,2024-10-13,bz_max,-53405.31,Bz,Max,2024-10-13,2024-10-14
pg0,2024-10-14,bz_max,-53407.36,Bz,Max,2024-10-14,2024-10-15
pg0,2024-10-15,bz_max,-53405.89,Bz,Max,2024-10-15,2024-10-16
pg0,2024-10-16,bz_max,-53402.2,Bz,Max,2024-10-16,2024-10-17
pg0,2024-10-17,bz_max,-53409.29,Bz,Max,2024-10-17,2024-10-18
pg0,2024-10-18,bz_max,-53388.42,Bz,Max,2024-10-18,2024-10-19
pg0,2024-10-19,bz_max,-53395.75,Bz,Max,2024-10-19,2024-10-20
pg0,2024-10-20,bz_max,-53439.26,Bz,Max,2024-10-20,2024-10-21
pg0,2024-10-21,bz_max,-53404.54,Bz,Max,2024-10-21,2024-10-22
pg0,2024-10-22,bz_max,-53393.64,Bz,Max,2024-10-22,2024-10-23
pg0,2024-10-23,bz_max,-53393.17,Bz,Max,2024-10-23,2024-10-24
pg0,2024-10-24,bz_max,-53385.19,Bz,Max,2024-10-24,2024-10-25
pg0,2024-10-25,bz_max,-53435.74,Bz,Max,2024-10-25,2024-10-26
pg0,2024-10-26,bz_max,-53252.2,Bz,Max,2024-10-26,2024-10-27
pg0,2024-10-27,bz_max,-53204.82,Bz,Max,2024-10-27,2024-10-28
pg0,2024-10-28,bz_max,-53111.58,Bz,Max,2024-10-28,2024-10-29
pg0,2024-10-29,bz_max,-53265.33,Bz,Max,2024-10-29,2024-10-30
pg0,2024-10-30,bz_max,-53313.95,Bz,Max,2024-10-30,2024-10-31
pg0,2024-10-31,bz_max,-53334.53,Bz,Max,2024-10-31,2024-11-01
pg0,2024-11-01,bz_max,-53360.92,Bz,Max,2024-11-01,2024-11-02
pg0,2024-11-02,bz_max,-53309.43,Bz,Max,2024-11-02,2024-11-03
pg0,2024-11-03,bz_max,-53360.33,Bz,Max,2024-11-03,2024-11-04
pg0,2024-11-04,bz_max,-53363.38,Bz,Max,2024-11-04,2024-11-05
pg0,2024-11-05,bz_max,-53332.59,Bz,Max,2024-11-05,2024-11-06
pg0,2024-11-06,bz_max,-53342.15,Bz,Max,2024-11-06,2024-11-07
pg0,2024-11-07,bz_max,-53156.56,Bz,Max,2024-11-07,2024-11-08
pg0,2024-11-08,bz_max,-53225.87,Bz,Max,2024-11-08,2024-11-09
pg0,2024-11-09,bz_max,-53375.63,Bz,Max,2024-11-09,2024-11-10
pg0,2024-11-10,bz_max,-53332.94,Bz,Max,2024-11-10,2024-11-11
pg0,2024-11-11,bz_max,-53377.74,Bz,Max,2024-11-11,2024-11-12
pg0,2024-11-12,bz_max,-53344.67,Bz,Max,2024-11-12,2024-11-13
pg0,2024-11-13,bz_max,-53365.08,Bz,Max,2024-11-13,2024-11-14
pg0,2024-11-14,bz_max,-53383.44,Bz,Max,2024-11-14,2024-11-15
pg0,2024-11-15,bz_max,-53331.07,Bz,Max,2024-11-15,2024-11-16
pg0,2024-11-16,bz_max,-53368.42,Bz,Max,2024-11-16,2024-11-17
pg0,2024-11-17,bz_max,-53358.04,Bz,Max,2024-11-17,2024-11-18
pg0,2024-11-18,bz_max,-53362.32,Bz,Max,2024-11-18,2024-11-19
pg0,2024-11-19,bz_max,-53353.0,Bz,Max,2024-11-19,2024-11-20
pg0,2024-11-20,bz_max,-53385.6,Bz,Max,2024-11-20,2024-11-21
pg0,2024-11-21,bz_max,-53315.53,Bz,Max,2024-11-21,2024-11-22
pg0,2024-11-22,bz_max,-53278.88,Bz,Max,2024-11-22,2024-11-23
pg0,2024-11-23,bz_max,-53283.86,Bz,Max,2024-11-23,2024-11-24
pg0,2024-11-24,bz_max,-53344.5,Bz,Max,2024-11-24,2024-11-25
pg0,2024-11-25,bz_max,-53238.47,Bz,Max,2024-11-25,2024-11-26
pg0,2024-11-26,bz_max,-53360.45,Bz,Max,2024-11-26,2024-11-27
pg0,2024-11-27,bz_max,-53335.99,Bz,Max,2024-11-27,2024-11-28
pg0,2024-11-28,bz_max,-53335.64,Bz,Max,2024-11-28,2024-11-29
pg0,2024-11-29,bz_max,-53288.79,Bz,Max,2024-11-29,2024-11-30
pg0,2024-11-30,bz_max,-53306.26,Bz,Max,2024-11-30,2024-12-01
pg0,2024-12-01,bz_max,-53303.33,Bz,Max,2024-12-01,2024-12-02
pg0,2024-12-02,bz_max,-53306.61,Bz,Max,2024-12-02,2024-12-03
pg0,2024-12-03,bz_max,-53342.33,Bz,Max,2024-12-03,2024-12-04
pg0,2024-12-04,bz_max,-53128.23,Bz,Max,2024-12-04,2024-12-05
pg0,2024-12-05,bz_max,-53345.32,Bz,Max,2024-12-05,2024-12-06
pg0,2024-12-06,bz_max,-53309.26,Bz,Max,2024-12-06,2024-12-07
pg0,2024-12-07,bz_max,-53290.49,Bz,Max,2024-12-07,2024-12-08
pg0,2024-12-08,bz_max,-53375.22,Bz,Max,2024-12-08,2024-12-09
pg0,2024-12-09,bz_max,-53367.13,Bz,Max,2024-12-09,2024-12-10
pg0,2024-12-10,bz_max,-53317.87,Bz,Max,2024-12-10,2024-12-11
pg0,2024-12-11,bz_max,-53358.63,Bz,Max,2024-12-11,2024-12-12
pg0,2024-12-12,bz_max,-53305.44,Bz,Max,2024-12-12,2024-12-13
pg0,2024-12-13,bz_max,-53322.39,Bz,Max,2024-12-13,2024-12-14
pg0,2024-12-14,bz_max,-53321.57,Bz,Max,2024-12-14,2024-12-15
pg0,2024-12-15,bz_max,-53261.11,Bz,Max,2024-12-15,2024-12-16
pg0,2024-12-16,bz_max,-53371.18,Bz,Max,2024-12-16,2024-12-17
pg0,2024-12-17,bz_max,-52832.86,Bz,Max,2024-12-17,2024-12-18
pg0,2024-12-18,bz_max,-53237.95,Bz,Max,2024-12-18,2024-12-19
pg0,2024-12-19,bz_max,-53324.03,Bz,Max,2024-12-19,2024-12-20
pg0,2024-12-20,bz_max,-53244.75,Bz,Max,2024-12-20,2024-12-21
pg0,2024-12-21,bz_max,-53243.05,Bz,Max,2024-12-21,2024-12-22
pg0,2024-12-22,bz_max,-53168.11,Bz,Max,2024-12-22,2024-12-23
pg0,2024-12-23,bz_max,-53162.89,Bz,Max,2024-12-23,2024-12-24
pg0,2024-12-24,bz_max,-53250.85,Bz,Max,2024-12-24,2024-12-25
pg0,2024-12-25,bz_max,-53335.11,Bz,Max,2024-12-25,2024-12-26
pg0,2024-12-26,bz_max,-53346.78,Bz,Max,2024-12-26,2024-12-27
pg0,2024-12-27,bz_max,-53323.8,Bz,Max,2024-12-27,2024-12-28
pg0,2024-12-28,bz_max,-53355.11,Bz,Max,2024-12-28,2024-12-29
pg0,2024-12-29,bz_max,-53238.3,Bz,Max,2024-12-29,2024-12-30
pg0,2024-12-30,bz_max,-53261.81,Bz,Max,2024-12-30,2024-12-31
pg0,2024-12-31,bz_max,-53166.99,Bz,Max,2024-12-31,2025-01-01
pg1,2024-01-01,bz_max,154.7,Bz,Max,2024-01-01,2024-01-02
pg1,2024-01-02,bz_max,149.13,Bz,Max,2024-01-02,2024-01-03
pg1,2024-01-03,bz_max,160.9,Bz,Max,2024-01-03,2024-01-04
pg1,2024-01-04,bz_max,91.71,Bz,Max,2024-01-04,2024-01-05
pg1,2024-01-05,bz_max,87.03,Bz,Max,2024-01-05,2024-01-06
pg1,2024-01-06,bz_max,78.8,Bz,Max,2024-01-06,2024-01-07
pg1,2024-01-07,bz_max,19.23,Bz,Max,2024-01-07,2024-01-08
pg1,2024-01-08,bz_max,87.28,Bz,Max,2024-01-08,2024-01-09
pg1,2024-01-09,bz_max,112.2,Bz,Max,2024-01-09,2024-01-10
pg1,2024-01-10,bz_max,195.43,Bz,Max,2024-01-10,2024-01-11
pg1,2024-01-11,bz_max,120.42,Bz,Max,2024-01-11,2024-01-12
pg1,2024-01-12,bz_max,74.38,Bz,Max,2024-01-12,2024-01-13
pg1,2024-01-13,bz_max,98.28,Bz,Max,2024-01-13,2024-01-14
pg1,2024-01-14,bz_max,127.76,Bz,Max,2024-01-14,2024-01-15
pg1,2024-01-15,bz_max,58.82,Bz,Max,2024-01-15,2024-01-16
pg1,2024-01-16,bz_max,44.65,Bz,Max,2024-01-16,2024-01-17
pg1,2024-01-17,bz_max,36.43,Bz,Max,2024-01-17,2024-01-18
pg1,2024-01-18,bz_max,91.07,Bz,Max,2024-01-18,2024-01-19
pg1,2024-01-19,bz_max,56.92,Bz,Max,2024-01-19,2024-01-20
pg1,2024-01-20,bz_max,69.19,Bz,Max,2024-01-20,2024-01-21
pg1,2024-01-21,bz_max,88.8,Bz,Max,2024-01-21,2024-01-22
pg1,2024-01-22,bz_max,202.01,Bz,Max,2024-01-22,2024-01-23
pg1,2024-01-23,bz_max,52.11,Bz,Max,2024-01-23,2024-01-24
pg1,2024-01-24,bz_max,7.21,Bz,Max,2024-01-24,2024-01-25
pg1,2024-01-25,bz_max,56.29,Bz,Max,2024-01-25,2024-01-26
pg1,2024-01-26,bz_max,52.49,Bz,Max,2024-01-26,2024-01-27
pg1,2024-01-27,bz_max,-19.99,Bz,Max,2024-01-27,2024-01-28
pg1,2024-01-28,bz_max,66.66,Bz,Max,2024-01-28,2024-01-29
pg1,2024-01-29,bz_max,19.61,Bz,Max,2024-01-29,2024-01-30
pg1,2024-01-30,bz_max,21.25,Bz,Max,2024-01-30,2024-01-31
pg1,2024-01-31,bz_max,31.62,Bz,Max,2024-01-31,2024-02-01
pg1,2024-02-01,bz_max,21.5,Bz,Max,2024-02-01,2024-02-02
pg1,2024-02-02,bz_max,-28.84,Bz,Max,2024-02-02,2024-02-03
pg1,2024-02-03,bz_max,24.03,Bz,Max,2024-02-03,2024-02-04
pg1,2024-02-04,bz_max,88.54,Bz,Max,2024-02-04,2024-02-05
pg1,2024-02-05,bz_max,127.88,Bz,Max,2024-02-05,2024-02-06
pg1,2024-02-06,bz_max,116.25,Bz,Max,2024-02-06,2024-02-07
pg1,2024-02-07,bz_max,44.9,Bz,Max,2024-02-07,2024-02-08
pg1,2024-02-08,bz_max,32.38,Bz,Max,2024-02-08,2024-02-09
pg1,2024-02-09,bz_max,-1.64,Bz,Max,2024-02-09,2024-02-10
pg1,2024-02-10,bz_max,-42.75,Bz,Max,2024-02-10,2024-02-11
pg1,2024-02-11,bz_max,58.06,Bz,Max,2024-02-11,2024-02-12
pg1,2024-02-12,bz_max,-14.67,Bz,Max,2024-02-12,2024-02-13
pg1,2024-02-13,bz_max,40.73,Bz,Max,2024-02-13,2024-02-14
pg1,2024-02-14,bz_max,27.32,Bz,Max,2024-02-14,2024-02-15
pg1,2024-02-15,bz_max,27.45,Bz,Max,2024-02-15,2024-02-16
pg1,2024-02-16,bz_max,62.74,Bz,Max,2024-02-16,2024-02-17
pg1,2024-02-17,bz_max,120.67,Bz,Max,2024-02-17,2024-02-18
pg1,2024-02-18,bz_max,117.64,Bz,Max,2024-02-18,2024-02-19
pg1,2024-02-19,bz_max,111.19,Bz,Max,2024-02-19,2024-02-20
pg1,2024-02-20,bz_max,118.4,Bz,Max,2024-02-20,2024-02-21
pg1,2024-02-21,bz_max,114.22,Bz,Max,2024-02-21,2024-02-22
pg1,2024-02-22,bz_max,114.22,Bz,Max,2024-02-22,2024-02-23
pg1,2024-02-23,bz_max,71.09,Bz,Max,2024-02-23,2024-02-24
pg1,2024-02-24,bz_max,110.17,Bz,Max,2024-02-24,2024-02-25
pg1,2024-02-25,bz_max,108.28,Bz,Max,2024-02-25,2024-02-26
pg1,2024-02-26,bz_max,70.71,Bz,Max,2024-02-26,2024-02-27
pg1,2024-04-30,bz_max,35.67,Bz,Max,2024-04-30,2024-05-01
pg1,2024-05-01,bz_max,32.89,Bz,Max,2024-05-01,2024-05-02
pg1,2024-05-02,bz_max,70.08,Bz,Max,2024-05-02,2024-05-03
pg1,2024-05-03,bz_max,-3.54,Bz,Max,2024-05-03,2024-05-04
pg1,2024-05-04,bz_max,17.2,Bz,Max,2024-05-04,2024-05-05
pg1,2024-05-05,bz_max,17.71,Bz,Max,2024-05-05,2024-05-06
pg1,2024-05-06,bz_max,62.87,Bz,Max,2024-05-06,2024-05-07
pg1,2024-05-07,bz_max,54.39,Bz,Max,2024-05-07,2024-05-08
pg1,2024-05-08,bz_max,45.92,Bz,Max,2024-05-08,2024-05-09
pg1,2024-05-09,bz_max,50.22,Bz,Max,2024-05-09,2024-05-10
pg1,2024-05-10,bz_max,322.3,Bz,Max,2024-05-10,2024-05-11
pg1,2024-05-11,bz_max,-71.85,Bz,Max,2024-05-11,2024-05-12
pg1,2024-05-12,bz_max,250.33,Bz,Max,2024-05-12,2024-05-13
pg1,2024-05-13,bz_max,-20.49,Bz,Max,2024-05-13,2024-05-14
pg1,2024-05-14,bz_max,-0.63,Bz,Max,2024-05-14,2024-05-15
pg1,2024-05-15,bz_max,-1.26,Bz,Max,2024-05-15,2024-05-16
pg1,2024-05-16,bz_max,4.93,Bz,Max,2024-05-16,2024-05-17
pg1,2024-05-17,bz_max,55.4,Bz,Max,2024-05-17,2024-05-18
pg1,2024-05-18,bz_max,34.66,Bz,Max,2024-05-18,2024-05-19
pg1,2024-05-19,bz_max,38.83,Bz,Max,2024-05-19,2024-05-20
pg1,2024-05-20,bz_max,38.71,Bz,Max,2024-05-20,2024-05-21
pg1,2024-05-21,bz_max,44.27,Bz,Max,2024-05-21,2024-05-22
pg1,2024-05-22,bz_max,41.11,Bz,Max,2024-05-22,2024-05-23
pg1,2024-05-23,bz_max,36.68,Bz,Max,2024-05-23,2024-05-24
pg1,2024-05-24,bz_max,16.19,Bz,Max,2024-05-24,2024-05-25
pg1,2024-05-25,bz_max,35.92,Bz,Max,2024-05-25,2024-05-26
pg1,2024-05-26,bz_max,48.07,Bz,Max,2024-05-26,2024-05-27
pg1,2024-05-27,bz_max,22.01,Bz,Max,2024-05-27,2024-05-28
pg1,2024-05-28,bz_max,13.16,Bz,Max,2024-05-28,2024-05-29
pg1,2024-05-29,bz_max,32.0,Bz,Max,2024-05-29,2024-05-30
pg1,2024-05-30,bz_max,36.43,Bz,Max,2024-05-30,2024-05-31
pg1,2024-05-31,bz_max,40.35,Bz,Max,2024-05-31,2024-06-01
pg1,2024-06-01,bz_max,35.67,Bz,Max,2024-06-01,2024-06-02
pg1,2024-06-02,bz_max,39.59,Bz,Max,2024-06-02,2024-06-03
pg1,2024-06-03,bz_max,43.39,Bz,Max,2024-06-03,2024-06-04
pg1,2024-06-04,bz_max,33.77,Bz,Max,2024-06-04,2024-06-05
pg1,2024-06-05,bz_max,56.16,Bz,Max,2024-06-05,2024-06-06
pg1,2024-06-06,bz_max,24.29,Bz,Max,2024-06-06,2024-06-07
pg1,2024-06-07,bz_max,23.78,Bz,Max,2024-06-07,2024-06-08
pg1,2024-06-08,bz_max,96.89,Bz,Max,2024-06-08,2024-06-09
pg1,2024-06-09,bz_max,62.87,Bz,Max,2024-06-09,2024-06-10
pg1,2024-06-10,bz_max,86.65,Bz,Max,2024-06-10,2024-06-11
pg1,2024-06-11,bz_max,56.92,Bz,Max,2024-06-11,2024-06-12
pg1,2024-06-12,bz_max,32.63,Bz,Max,2024-06-12,2024-06-13
pg1,2024-06-13,bz_max,33.65,Bz,Max,2024-06-13,2024-06-14
pg1,2024-06-14,bz_max,24.03,Bz,Max,2024-06-14,2024-06-15
pg1,2024-06-15,bz_max,41.24,Bz,Max,2024-06-15,2024-06-16
pg1,2024-06-16,bz_max,27.32,Bz,Max,2024-06-16,2024-06-17
pg1,2024-06-17,bz_max,42.63,Bz,Max,2024-06-17,2024-06-18
pg1,2024-06-18,bz_max,44.53,Bz,Max,2024-06-18,2024-06-19
pg1,2024-06-19,bz_max,55.4,Bz,Max,2024-06-19,2024-06-20
pg1,2024-06-20,bz_max,46.42,Bz,Max,2024-06-20,2024-06-21
pg1,2024-06-21,bz_max,26.94,Bz,Max,2024-06-21,2024-06-22
pg1,2024-06-22,bz_max,37.19,Bz,Max,2024-06-22,2024-06-23
pg1,2024-06-23,bz_max,44.27,Bz,Max,2024-06-23,2024-06-24
pg1,2024-06-24,bz_max,25.05,Bz,Max,2024-06-24,2024-06-25
pg1,2024-06-25,bz_max,44.4,Bz,Max,2024-06-25,2024-06-26
pg1,2024-06-26,bz_max,41.74,Bz,Max,2024-06-26,2024-06-27
pg1,2024-06-27,bz_max,53.13,Bz,Max,2024-06-27,2024-06-28
pg1,2024-06-28,bz_max,-26.18,Bz,Max,2024-06-28,2024-06-29
pg1,2024-06-29,bz_max,24.92,Bz,Max,2024-06-29,2024-06-30
pg1,2024-06-30,bz_max,10.88,Bz,Max,2024-06-30,2024-07-01
pg1,2024-07-01,bz_max,18.72,Bz,Max,2024-07-01,2024-07-02
pg1,2024-07-02,bz_max,6.96,Bz,Max,2024-07-02,2024-07-03
pg1,2024-07-03,bz_max,2.4,Bz,Max,2024-07-03,2024-07-04
pg1,2024-07-04,bz_max,38.96,Bz,Max,2024-07-04,2024-07-05
pg1,2024-07-05,bz_max,12.78,Bz,Max,2024-07-05,2024-07-06
pg1,2024-07-06,bz_max,-6.32,Bz,Max,2024-07-06,2024-07-07
pg1,2024-11-01,bz_max,-26.94,Bz,Max,2024-11-01,2024-11-02
pg1,2024-11-02,bz_max,67.04,Bz,Max,2024-11-02,2024-11-03
pg1,2024-11-03,bz_max,1.9,Bz,Max,2024-11-03,2024-11-04
pg1,2024-11-04,bz_max,16.82,Bz,Max,2024-11-04,2024-11-05
pg1,2024-11-05,bz_max,131.17,Bz,Max,2024-11-05,2024-11-06
pg1,2024-11-06,bz_max,-16.06,Bz,Max,2024-11-06,2024-11-07
pg1,2024-11-07,bz_max,-24.79,Bz,Max,2024-11-07,2024-11-08
pg1,2024-11-08,bz_max,79.82,Bz,Max,2024-11-08,2024-11-09
pg1,2024-11-09,bz_max,-38.71,Bz,Max,2024-11-09,2024-11-10
pg1,2024-11-10,bz_max,-4.05,Bz,Max,2024-11-10,2024-11-11
pg1,2024-11-11,bz_max,-28.59,Bz,Max,2024-11-11,2024-11-12
pg1,2024-11-12,bz_max,7.08,Bz,Max,2024-11-12,2024-11-13
pg1,2024-11-13,bz_max,57.81,Bz,Max,2024-11-13,2024-11-14
pg1,2024-11-14,bz_max,83.11,Bz,Max,2024-11-14,2024-11-15
pg1,2024-11-15,bz_max,111.57,Bz,Max,2024-11-15,2024-11-16
pg1,2024-11-16,bz_max,57.55,Bz,Max,2024-11-16,2024-11-17
pg1,2024-11-17,bz_max,72.61,Bz,Max,2024-11-17,2024-11-18
pg1,2024-11-18,bz_max,67.93,Bz,Max,2024-11-18,2024-11-19
pg1,2024-11-19,bz_max,69.06,Bz,Max,2024-11-19,2024-11-20
pg1,2024-11-20,bz_max,-17.08,Bz,Max,2024-11-20,2024-11-21
pg1,2024-11-21,bz_max,40.35,Bz,Max,2024-11-21,2024-11-22
pg1,2024-11-22,bz_max,89.43,Bz,Max,2024-11-22,2024-11-23
pg1,2024-11-23,bz_max,13.53,Bz,Max,2024-11-23,2024-11-24
pg1,2024-11-24,bz_max,-17.2,Bz,Max,2024-11-24,2024-11-25
pg1,2024-11-25,bz_max,124.85,Bz,Max,2024-11-25,2024-11-26
pg1,2024-11-26,bz_max,52.24,Bz,Max,2024-11-26,2024-11-27
pg1,2024-11-27,bz_max,57.3,Bz,Max,2024-11-27,2024-11-28
pg1,2024-11-28,bz_max,101.7,Bz,Max,2024-11-28,2024-11-29
pg1,2024-11-29,bz_max,139.65,Bz,Max,2024-11-29,2024-11-30
pg1,2024-11-30,bz_max,74.76,Bz,Max,2024-11-30,2024-12-01
pg1,2024-12-01,bz_max,93.86,Bz,Max,2024-12-01,2024-12-02
pg1,2024-12-02,bz_max,67.42,Bz,Max,2024-12-02,2024-12-03
pg1,2024-12-03,bz_max,92.09,Bz,Max,2024-12-03,2024-12-04
pg1,2024-12-04,bz_max,240.97,Bz,Max,2024-12-04,2024-12-05
pg1,2024-12-05,bz_max,28.21,Bz,Max,2024-12-05,2024-12-06
pg1,2024-12-06,bz_max,52.37,Bz,Max,2024-12-06,2024-12-07
pg1,2024-12-07,bz_max,78.8,Bz,Max,2024-12-07,2024-12-08
pg1,2024-12-08,bz_max,56.67,Bz,Max,2024-12-08,2024-12-09
pg1,2024-12-09,bz_max,44.15,Bz,Max,2024-12-09,2024-12-10
pg1,2024-12-10,bz_max,71.72,Bz,Max,2024-12-10,2024-12-11
pg1,2024-12-11,bz_max,36.18,Bz,Max,2024-12-11,2024-12-12
pg1,2024-12-12,bz_max,76.91,Bz,Max,2024-12-12,2024-12-13
pg1,2024-12-13,bz_max,76.15,Bz,Max,2024-12-13,2024-12-14
pg1,2024-12-14,bz_max,105.62,Bz,Max,2024-12-14,2024-12-15
pg1,2024-12-15,bz_max,137.88,Bz,Max,2024-12-15,2024-12-16
pg1,2024-12-16,bz_max,34.91,Bz,Max,2024-12-16,2024-12-17
pg1,2024-12-17,bz_max,410.21,Bz,Max,2024-12-17,2024-12-18
pg1,2024-12-18,bz_max,124.22,Bz,Max,2024-12-18,2024-12-19
pg1,2024-12-19,bz_max,77.16,Bz,Max,2024-12-19,2024-12-20
pg1,2024-12-20,bz_max,125.23,Bz,Max,2024-12-20,2024-12-21
pg1,2024-12-21,bz_max,171.9,Bz,Max,2024-12-21,2024-12-22
pg1,2024-12-22,bz_max,244.51,Bz,Max,2024-12-22,2024-12-23
pg1,2024-12-23,bz_max,194.67,Bz,Max,2024-12-23,2024-12-24
pg1,2024-12-24,bz_max,102.46,Bz,Max,2024-12-24,2024-12-25
pg1,2024-12-25,bz_max,47.56,Bz,Max,2024-12-25,2024-12-26
pg1,2024-12-26,bz_max,35.54,Bz,Max,2024-12-26,2024-12-27
pg1,2024-12-27,bz_max,68.94,Bz,Max,2024-12-27,2024-12-28
pg1,2024-12-28,bz_max,40.1,Bz,Max,2024-12-28,2024-12-29
pg1,2024-12-29,bz_max,171.52,Bz,Max,2024-12-29,2024-12-30
pg1,2024-12-30,bz_max,112.32,Bz,Max,2024-12-30,2024-12-31
pg1,2024-12-31,bz_max,300.67,Bz,Max,2024-12-31,2025-01-01
pg2,2024-01-01,bz_max,-49178.29,Bz,Max,2024-01-01,2024-01-02
pg2,2024-01-02,bz_max,-49342.28,Bz,Max,2024-01-02,2024-01-03
pg2,2024-01-03,bz_max,-49429.49,Bz,Max,2024-01-03,2024-01-04
pg2,2024-01-04,bz_max,-49224.93,Bz,Max,2024-01-04,2024-01-05
pg2,2024-01-05,bz_max,-49317.5,Bz,Max,2024-01-05,2024-01-06
pg2,2024-01-06,bz_max,-49267.35,Bz,Max,2024-01-06,2024-01-07
pg2,2024-01-07,bz_max,-49286.37,Bz,Max,2024-01-07,2024-01-08
pg2,2024-01-08,bz_max,-49257.03,Bz,Max,2024-01-08,2024-01-09
pg2,2024-01-09,bz_max,-49304.64,Bz,Max,2024-01-09,2024-01-10
pg2,2024-01-10,bz_max,-49317.56,Bz,Max,2024-01-10,2024-01-11
pg2,2024-01-11,bz_max,-49356.81,Bz,Max,2024-01-11,2024-01-12
pg2,2024-01-12,bz_max,-49200.37,Bz,Max,2024-01-12,2024-01-13
pg2,2024-01-13,bz_max,-49133.28,Bz,Max,2024-01-13,2024-01-14
pg2,2024-01-14,bz_max,-49182.79,Bz,Max,2024-01-14,2024-01-15
pg2,2024-01-15,bz_max,-49479.76,Bz,Max,2024-01-15,2024-01-16
pg2,2024-01-16,bz_max,-49256.34,Bz,Max,2024-01-16,2024-01-17
pg2,2024-01-17,bz_max,-49308.33,Bz,Max,2024-01-17,2024-01-18
pg2,2024-01-18,bz_max,-49199.85,Bz,Max,2024-01-18,2024-01-19
pg2,2024-01-19,bz_max,-49461.6,Bz,Max,2024-01-19,2024-01-20
pg2,2024-01-20,bz_max,-49369.6,Bz,Max,2024-01-20,2024-01-21
pg2,2024-01-21,bz_max,-49266.2,Bz,Max,2024-01-21,2024-01-22
pg2,2024-01-22,bz_max,-49323.61,Bz,Max,2024-01-22,2024-01-23
pg2,2024-01-23,bz_max,-49502.81,Bz,Max,2024-01-23,2024-01-24
pg2,2024-01-24,bz_max,-49551.98,Bz,Max,2024-01-24,2024-01-25
pg2,2024-01-25,bz_max,-49509.38,Bz,Max,2024-01-25,2024-01-26
pg2,2024-01-26,bz_max,-49468.11,Bz,Max,2024-01-26,2024-01-27
pg2,2024-01-27,bz_max,-49553.3,Bz,Max,2024-01-27,2024-01-28
pg2,2024-01-28,bz_max,-49440.85,Bz,Max,2024-01-28,2024-01-29
pg2,2024-01-29,bz_max,-49499.12,Bz,Max,2024-01-29,2024-01-30
pg2,2024-01-30,bz_max,-49430.93,Bz,Max,2024-01-30,2024-01-31
pg2,2024-01-31,bz_max,-49404.76,Bz,Max,2024-01-31,2024-02-01
pg2,2024-02-01,bz_max,-49489.32,Bz,Max,2024-02-01,2024-02-02
pg2,2024-02-02,bz_max,-49572.56,Bz,Max,2024-02-02,2024-02-03
pg2,2024-02-03,bz_max,-49521.43,Bz,Max,2024-02-03,2024-02-04
pg2,2024-02-04,bz_max,-49445.86,Bz,Max,2024-02-04,2024-02-05
pg2,2024-02-05,bz_max,-49431.45,Bz,Max,2024-02-05,2024-02-06
pg2,2024-02-06,bz_max,-49287.24,Bz,Max,2024-02-06,2024-02-07
pg2,2024-02-07,bz_max,-49310.29,Bz,Max,2024-02-07,2024-02-08
pg2,2024-02-08,bz_max,-49194.03,Bz,Max,2024-02-08,2024-02-09
pg2,2024-02-09,bz_max,-49430.07,Bz,Max,2024-02-09,2024-02-10
pg2,2024-02-10,bz_max,-49334.33,Bz,Max,2024-02-10,2024-02-11
pg2,2024-02-11,bz_max,-49250.81,Bz,Max,2024-02-11,2024-02-12
pg2,2024-02-12,bz_max,-49313.58,Bz,Max,2024-02-12,2024-02-13
pg2,2024-02-13,bz_max,-49198.3,Bz,Max,2024-02-13,2024-02-14
pg2,2024-02-14,bz_max,-49290.18,Bz,Max,2024-02-14,2024-02-15
pg2,2024-02-15,bz_max,-49297.84,Bz,Max,2024-02-15,2024-02-16
pg2,2024-02-16,bz_max,-49332.14,Bz,Max,2024-02-16,2024-02-17
pg2,2024-02-17,bz_max,-49248.67,Bz,Max,2024-02-17,2024-02-18
pg2,2024-02-18,bz_max,-49299.11,Bz,Max,2024-02-18,2024-02-19
pg2,2024-02-19,bz_max,-49291.9,Bz,Max,2024-02-19,2024-02-20
pg2,2024-02-20,bz_max,-49514.97,Bz,Max,2024-02-20,2024-02-21
pg2,2024-02-21,bz_max,-49509.27,Bz,Max,2024-02-21,2024-02-22
pg2,2024-02-22,bz_max,-49504.19,Bz,Max,2024-02-22,2024-02-23
pg2,2024-02-23,bz_max,-49576.01,Bz,Max,2024-02-23,2024-02-24
pg2,2024-02-24,bz_max,-49499.35,Bz,Max,2024-02-24,2024-02-25
pg2,2024-02-25,bz_max,-49477.45,Bz,Max,2024-02-25,2024-02-26
pg2,2024-02-26,bz_max,-49567.48,Bz,Max,2024-02-26,2024-02-27
pg2,2024-02-27,bz_max,-49548.58,Bz,Max,2024-02-27,2024-02-28
pg2,2024-02-28,bz_max,-49567.31,Bz,Max,2024-02-28,2024-02-29
pg2,2024-02-29,bz_max,-49314.96,Bz,Max,2024-02-29,2024-03-01
pg2,2024-03-01,bz_max,-49522.18,Bz,Max,2024-03-01,2024-03-02
pg2,2024-03-02,bz_max,-49385.97,Bz,Max,2024-03-02,2024-03-03
pg2,2024-03-03,bz_max,-49542.52,Bz,Max,2024-03-03,2024-03-04
pg2,2024-03-04,bz_max,-49538.95,Bz,Max,2024-03-04,2024-03-05
pg2,2024-03-05,bz_max,-49503.44,Bz,Max,2024-03-05,2024-03-06
pg2,2024-03-06,bz_max,-49568.06,Bz,Max,2024-03-06,2024-03-07
pg2,2024-03-07,bz_max,-49287.18,Bz,Max,2024-03-07,2024-03-08
pg2,2024-03-08,bz_max,-49577.11,Bz,Max,2024-03-08,2024-03-09
pg2,2024-03-09,bz_max,-49565.47,Bz,Max,2024-03-09,2024-03-10
pg2,2024-03-10,bz_max,-49534.92,Bz,Max,2024-03-10,2024-03-11
pg2,2024-03-11,bz_max,-49321.82,Bz,Max,2024-03-11,2024-03-12
pg2,2024-03-12,bz_max,-49587.31,Bz,Max,2024-03-12,2024-03-13
pg2,2024-03-13,bz_max,-49314.15,Bz,Max,2024-03-13,2024-03-14
pg2,2024-03-14,bz_max,-49535.55,Bz,Max,2024-03-14,2024-03-15
pg2,2024-03-15,bz_max,-49595.21,Bz,Max,2024-03-15,2024-03-16
pg2,2024-03-16,bz_max,-49609.1,Bz,Max,2024-03-16,2024-03-17
pg2,2024-03-17,bz_max,-49611.81,Bz,Max,2024-03-17,2024-03-18
pg2,2024-03-18,bz_max,-49561.83,Bz,Max,2024-03-18,2024-03-19
pg2,2024-03-19,bz_max,-49573.59,Bz,Max,2024-03-19,2024-03-20
pg2,2024-03-20,bz_max,-49387.94,Bz,Max,2024-03-20,2024-03-21
pg2,2024-03-21,bz_max,-49558.44,Bz,Max,2024-03-21,2024-03-22
pg2,2024-03-22,bz_max,-49588.23,Bz,Max,2024-03-22,2024-03-23
pg2,2024-03-23,bz_max,-49346.61,Bz,Max,2024-03-23,2024-03-24
pg2,2024-03-24,bz_max,-49150.28,Bz,Max,2024-03-24,2024-03-25
pg2,2024-03-25,bz_max,-49401.02,Bz,Max,2024-03-25,2024-03-26
pg2,2024-03-26,bz_max,-49540.45,Bz,Max,2024-03-26,2024-03-27
pg2,2024-03-27,bz_max,-49610.77,Bz,Max,2024-03-27,2024-03-28
pg2,2024-03-28,bz_max,-49539.41,Bz,Max,2024-03-28,2024-03-29
pg2,2024-03-29,bz_max,-49346.2,Bz,Max,2024-03-29,2024-03-30
pg2,2024-03-30,bz_max,-49306.72,Bz,Max,2024-03-30,2024-03-31
pg2,2024-03-31,bz_max,-49358.54,Bz,Max,2024-03-31,2024-04-01
pg2,2024-04-01,bz_max,-49560.97,Bz,Max,2024-04-01,2024-04-02
pg2,2024-04-02,bz_max,-49558.32,Bz,Max,2024-04-02,2024-04-03
pg2,2024-04-03,bz_max,-49585.93,Bz,Max,2024-04-03,2024-04-04
pg2,2024-04-04,bz_max,-49464.65,Bz,Max,2024-04-04,2024-04-05
pg2,2024-04-05,bz_max,-49568.12,Bz,Max,2024-04-05,2024-04-06
pg2,2024-04-06,bz_max,-49346.95,Bz,Max,2024-04-06,2024-04-07
pg2,2024-04-07,bz_max,-49346.15,Bz,Max,2024-04-07,2024-04-08
pg2,2024-04-08,bz_max,-49337.38,Bz,Max,2024-04-08,2024-04-09
pg2,2024-04-09,bz_max,-49361.82,Bz,Max,2024-04-09,2024-04-10
pg2,2024-04-10,bz_max,-49285.68,Bz,Max,2024-04-10,2024-04-11
pg2,2024-04-11,bz_max,-49326.08,Bz,Max,2024-04-11,2024-04-12
pg2,2024-04-12,bz_max,-49328.1,Bz,Max,2024-04-12,2024-04-13
pg2,2024-04-13,bz_max,-49607.14,Bz,Max,2024-04-13,2024-04-14
pg2,2024-04-14,bz_max,-49327.47,Bz,Max,2024-04-14,2024-04-15
pg2,2024-04-15,bz_max,-49389.32,Bz,Max,2024-04-15,2024-04-16
pg2,2024-04-16,bz_max,-49348.79,Bz,Max,2024-04-16,2024-04-17
pg2,2024-04-17,bz_max,-49576.13,Bz,Max,2024-04-17,2024-04-18
pg2,2024-04-18,bz_max,-49626.85,Bz,Max,2024-04-18,2024-04-19
pg2,2024-04-19,bz_max,-49589.56,Bz,Max,2024-04-19,2024-04-20
pg2,2024-04-20,bz_max,-49306.02,Bz,Max,2024-04-20,2024-04-21
pg2,2024-04-21,bz_max,-49392.49,Bz,Max,2024-04-21,2024-04-22
pg2,2024-04-22,bz_max,-49325.8,Bz,Max,2024-04-22,2024-04-23
pg2,2024-04-23,bz_max,-49393.18,Bz,Max,2024-04-23,2024-04-24
pg2,2024-04-24,bz_max,-49342.57,Bz,Max,2024-04-24,2024-04-25
pg2,2024-04-25,bz_max,-49322.86,Bz,Max,2024-04-25,2024-04-26
pg2,2024-04-26,bz_max,-49307.7,Bz,Max,2024-04-26,2024-04-27
pg2,2024-04-27,bz_max,-49310.81,Bz,Max,2024-04-27,2024-04-28
pg2,2024-04-28,bz_max,-49322.17,Bz,Max,2024-04-28,2024-04-29
pg2,2024-04-29,bz_max,-49597.8,Bz,Max,2024-04-29,2024-04-30
pg2,2024-04-30,bz_max,-49339.92,Bz,Max,2024-04-30,2024-05-01
pg2,2024-05-01,bz_max,-49328.85,Bz,Max,2024-05-01,2024-05-02
pg2,2024-05-02,bz_max,-49320.09,Bz,Max,2024-05-02,2024-05-03
pg2,2024-05-03,bz_max,-49359.69,Bz,Max,2024-05-03,2024-05-04
pg2,2024-05-04,bz_max,-49346.03,Bz,Max,2024-05-04,2024-05-05
pg2,2024-05-05,bz_max,-49339.17,Bz,Max,2024-05-05,2024-05-06
pg2,2024-05-06,bz_max,-49327.58,Bz,Max,2024-05-06,2024-05-07
pg2,2024-05-07,bz_max,-49271.27,Bz,Max,2024-05-07,2024-05-08
pg2,2024-05-08,bz_max,-49344.01,Bz,Max,2024-05-08,2024-05-09
pg2,2024-05-09,bz_max,-49349.31,Bz,Max,2024-05-09,2024-05-10
pg2,2024-05-10,bz_max,-49211.32,Bz,Max,2024-05-10,2024-05-11
pg2,2024-05-11,bz_max,-49147.86,Bz,Max,2024-05-11,2024-05-12
pg2,2024-05-12,bz_max,-49347.3,Bz,Max,2024-05-12,2024-05-13
pg2,2024-05-13,bz_max,-49349.77,Bz,Max,2024-05-13,2024-05-14
pg2,2024-05-14,bz_max,-49385.74,Bz,Max,2024-05-14,2024-05-15
pg2,2024-05-15,bz_max,-49473.59,Bz,Max,2024-05-15,2024-05-16
pg2,2024-05-16,bz_max,-49638.61,Bz,Max,2024-05-16,2024-05-17
pg2,2024-05-17,bz_max,-49387.65,Bz,Max,2024-05-17,2024-05-18
pg2,2024-05-18,bz_max,-49344.53,Bz,Max,2024-05-18,2024-05-19
pg2,2024-05-19,bz_max,-49340.38,Bz,Max,2024-05-19,2024-05-20
pg2,2024-05-20,bz_max,-49360.27,Bz,Max,2024-05-20,2024-05-21
pg2,2024-05-21,bz_max,-49372.95,Bz,Max,2024-05-21,2024-05-22
pg2,2024-05-22,bz_max,-49620.34,Bz,Max,2024-05-22,2024-05-23
pg2,2024-05-23,bz_max,-49305.33,Bz,Max,2024-05-23,2024-05-24
pg2,2024-05-24,bz_max,-49329.31,Bz,Max,2024-05-24,2024-05-25
pg2,2024-05-25,bz_max,-49355.13,Bz,Max,2024-05-25,2024-05-26
pg2,2024-05-26,bz_max,-49366.09,Bz,Max,2024-05-26,2024-05-27
pg2,2024-05-27,bz_max,-49348.22,Bz,Max,2024-05-27,2024-05-28
pg2,2024-05-28,bz_max,-49355.71,Bz,Max,2024-05-28,2024-05-29
pg2,2024-05-29,bz_max,-49590.19,Bz,Max,2024-05-29,2024-05-30
pg2,2024-05-30,bz_max,-49578.09,Bz,Max,2024-05-30,2024-05-31
pg2,2024-05-31,bz_max,-49580.34,Bz,Max,2024-05-31,2024-06-01
pg2,2024-06-01,bz_max,-49327.52,Bz,Max,2024-06-01,2024-06-02
pg2,2024-06-02,bz_max,-49317.5,Bz,Max,2024-06-02,2024-06-03
pg2,2024-06-03,bz_max,-49337.56,Bz,Max,2024-06-03,2024-06-04
pg2,2024-06-04,bz_max,-49337.73,Bz,Max,2024-06-04,2024-06-05
pg2,2024-06-05,bz_max,-49360.56,Bz,Max,2024-06-05,2024-06-06
pg2,2024-06-06,bz_max,-49333.87,Bz,Max,2024-06-06,2024-06-07
pg2,2024-06-07,bz_max,-49434.45,Bz,Max,2024-06-07,2024-06-08
pg2,2024-06-08,bz_max,-49349.72,Bz,Max,2024-06-08,2024-06-09
pg2,2024-06-09,bz_max,-49325.05,Bz,Max,2024-06-09,2024-06-10
pg2,2024-06-10,bz_max,-49340.03,Bz,Max,2024-06-10,2024-06-11
pg2,2024-06-11,bz_max,-49310.87,Bz,Max,2024-06-11,2024-06-12
pg2,2024-06-12,bz_max,-49594.86,Bz,Max,2024-06-12,2024-06-13
pg2,2024-06-13,bz_max,-49612.5,Bz,Max,2024-06-13,2024-06-14
pg2,2024-06-14,bz_max,-49325.97,Bz,Max,2024-06-14,2024-06-15
pg2,2024-06-15,bz_max,-49341.88,Bz,Max,2024-06-15,2024-06-16
pg2,2024-06-16,bz_max,-49302.63,Bz,Max,2024-06-16,2024-06-17
pg2,2024-06-17,bz_max,-49283.09,Bz,Max,2024-06-17,2024-06-18
pg2,2024-06-18,bz_max,-49326.03,Bz,Max,2024-06-18,2024-06-19
pg2,2024-06-19,bz_max,-49255.76,Bz,Max,2024-06-19,2024-06-20
pg2,2024-06-20,bz_max,-49285.68,Bz,Max,2024-06-20,2024-06-21
pg2,2024-06-21,bz_max,-49336.0,Bz,Max,2024-06-21,2024-06-22
pg2,2024-06-22,bz_max,-49607.31,Bz,Max,2024-06-22,2024-06-23
pg2,2024-06-23,bz_max,-49323.15,Bz,Max,2024-06-23,2024-06-24
pg2,2024-06-24,bz_max,-49640.05,Bz,Max,2024-06-24,2024-06-25
pg3,2024-01-01,bz_max,-48453.11,Bz,Max,2024-01-01,2024-01-02
pg3,2024-01-02,bz_max,-48557.89,Bz,Max,2024-01-02,2024-01-03
pg3,2024-01-03,bz_max,-48476.1,Bz,Max,2024-01-03,2024-01-04
pg3,2024-01-04,bz_max,-48543.48,Bz,Max,2024-01-04,2024-01-05
pg3,2024-01-05,bz_max,-48568.73,Bz,Max,2024-01-05,2024-01-06
pg3,2024-01-06,bz_max,-48599.51,Bz,Max,2024-01-06,2024-01-07
pg3,2024-01-07,bz_max,-48675.7,Bz,Max,2024-01-07,2024-01-08
pg3,2024-01-08,bz_max,-48603.72,Bz,Max,2024-01-08,2024-01-09
pg3,2024-01-09,bz_max,-48648.21,Bz,Max,2024-01-09,2024-01-10
pg3,2024-01-10,bz_max,-48531.49,Bz,Max,2024-01-10,2024-01-11
pg3,2024-01-11,bz_max,-48611.09,Bz,Max,2024-01-11,2024-01-12
pg3,2024-01-12,bz_max,-48612.3,Bz,Max,2024-01-12,2024-01-13
pg3,2024-01-13,bz_max,-48542.39,Bz,Max,2024-01-13,2024-01-14
pg3,2024-01-14,bz_max,-48493.4,Bz,Max,2024-01-14,2024-01-15
pg3,2024-01-15,bz_max,-48537.14,Bz,Max,2024-01-15,2024-01-16
pg3,2024-01-16,bz_max,-48650.35,Bz,Max,2024-01-16,2024-01-17
pg3,2024-01-17,bz_max,-48663.02,Bz,Max,2024-01-17,2024-01-18
pg3,2024-01-18,bz_max,-48506.83,Bz,Max,2024-01-18,2024-01-19
pg3,2024-01-19,bz_max,-48537.32,Bz,Max,2024-01-19,2024-01-20
pg3,2024-01-20,bz_max,-48534.72,Bz,Max,2024-01-20,2024-01-21
pg3,2024-01-21,bz_max,-48617.49,Bz,Max,2024-01-21,2024-01-22
pg3,2024-01-22,bz_max,-48414.43,Bz,Max,2024-01-22,2024-01-23
pg3,2024-01-23,bz_max,-48603.49,Bz,Max,2024-01-23,2024-01-24
pg3,2024-01-24,bz_max,-48650.06,Bz,Max,2024-01-24,2024-01-25
pg3,2024-01-25,bz_max,-48637.43,Bz,Max,2024-01-25,2024-01-26
pg3,2024-01-26,bz_max,-48574.72,Bz,Max,2024-01-26,2024-01-27
pg3,2024-01-27,bz_max,-48668.73,Bz,Max,2024-01-27,2024-01-28
pg3,2024-01-28,bz_max,-48534.09,Bz,Max,2024-01-28,2024-01-29
pg3,2024-01-29,bz_max,-48507.63,Bz,Max,2024-01-29,2024-01-30
pg3,2024-01-30,bz_max,-48540.26,Bz,Max,2024-01-30,2024-01-31
pg3,2024-01-31,bz_max,-48552.42,Bz,Max,2024-01-31,2024-02-01
pg3,2024-02-01,bz_max,-48616.22,Bz,Max,2024-02-01,2024-02-02
pg3,2024-02-02,bz_max,-48644.81,Bz,Max,2024-02-02,2024-02-03
pg3,2024-02-03,bz_max,-48638.59,Bz,Max,2024-02-03,2024-02-04
pg3,2024-02-04,bz_max,-48575.82,Bz,Max,2024-02-04,2024-02-05
pg3,2024-02-05,bz_max,-48531.55,Bz,Max,2024-02-05,2024-02-06
pg3,2024-02-06,bz_max,-48560.2,Bz,Max,2024-02-06,2024-02-07
pg3,2024-02-07,bz_max,-48660.14,Bz,Max,2024-02-07,2024-02-08
pg3,2024-02-08,bz_max,-48591.04,Bz,Max,2024-02-08,2024-02-09
pg3,2024-02-09,bz_max,-48695.53,Bz,Max,2024-02-09,2024-02-10
pg3,2024-02-10,bz_max,-48680.54,Bz,Max,2024-02-10,2024-02-11
pg3,2024-02-11,bz_max,-48582.51,Bz,Max,2024-02-11,2024-02-12
pg3,2024-02-12,bz_max,-48577.89,Bz,Max,2024-02-12,2024-02-13
pg3,2024-02-13,bz_max,-48548.73,Bz,Max,2024-02-13,2024-02-14
pg3,2024-02-14,bz_max,-48570.11,Bz,Max,2024-02-14,2024-02-15
pg3,2024-02-15,bz_max,-48483.19,Bz,Max,2024-02-15,2024-02-16
pg3,2024-02-16,bz_max,-48583.14,Bz,Max,2024-02-16,2024-02-17
pg3,2024-02-17,bz_max,-48597.38,Bz,Max,2024-02-17,2024-02-18
pg3,2024-02-18,bz_max,-48556.86,Bz,Max,2024-02-18,2024-02-19
pg3,2024-02-19,bz_max,-48611.32,Bz,Max,2024-02-19,2024-02-20
pg3,2024-02-20,bz_max,-48626.6,Bz,Max,2024-02-20,2024-02-21
pg3,2024-02-21,bz_max,-45932.91,Bz,Max,2024-02-21,2024-02-22
pg3,2024-02-22,bz_max,-48610.11,Bz,Max,2024-02-22,2024-02-23
pg3,2024-02-23,bz_max,-48700.14,Bz,Max,2024-02-23,2024-02-24
pg3,2024-02-24,bz_max,-48647.4,Bz,Max,2024-02-24,2024-02-25
pg3,2024-02-25,bz_max,-48619.85,Bz,Max,2024-02-25,2024-02-26
pg3,2024-02-26,bz_max,-48688.73,Bz,Max,2024-02-26,2024-02-27
pg3,2024-02-27,bz_max,-48562.04,Bz,Max,2024-02-27,2024-02-28
pg3,2024-02-28,bz_max,-48651.15,Bz,Max,2024-02-28,2024-02-29
pg3,2024-02-29,bz_max,-48683.49,Bz,Max,2024-02-29,2024-03-01
pg3,2024-03-01,bz_max,-48567.69,Bz,Max,2024-03-01,2024-03-02
pg3,2024-03-02,bz_max,-48695.47,Bz,Max,2024-03-02,2024-03-03
pg3,2024-03-03,bz_max,-48586.54,Bz,Max,2024-03-03,2024-03-04
pg3,2024-03-04,bz_max,-48648.04,Bz,Max,2024-03-04,2024-03-05
pg3,2024-03-05,bz_max,-48591.67,Bz,Max,2024-03-05,2024-03-06
pg3,2024-03-06,bz_max,-48685.91,Bz,Max,2024-03-06,2024-03-07
pg3,2024-03-07,bz_max,-48641.01,Bz,Max,2024-03-07,2024-03-08
pg3,2024-03-08,bz_max,-48508.27,Bz,Max,2024-03-08,2024-03-09
pg3,2024-03-09,bz_max,-48656.34,Bz,Max,2024-03-09,2024-03-10
pg3,2024-03-10,bz_max,-48630.4,Bz,Max,2024-03-10,2024-03-11
pg3,2024-03-11,bz_max,-48680.66,Bz,Max,2024-03-11,2024-03-12
pg3,2024-03-12,bz_max,-48546.77,Bz,Max,2024-03-12,2024-03-13
pg3,2024-03-13,bz_max,-48560.14,Bz,Max,2024-03-13,2024-03-14
pg3,2024-03-14,bz_max,-48620.14,Bz,Max,2024-03-14,2024-03-15
pg3,2024-03-15,bz_max,-48665.45,Bz,Max,2024-03-15,2024-03-16
pg3,2024-03-16,bz_max,-48716.74,Bz,Max,2024-03-16,2024-03-17
pg3,2024-03-17,bz_max,-48713.0,Bz,Max,2024-03-17,2024-03-18
pg3,2024-03-18,bz_max,-48602.04,Bz,Max,2024-03-18,2024-03-19
pg3,2024-03-19,bz_max,-48614.44,Bz,Max,2024-03-19,2024-03-20
pg3,2024-03-20,bz_max,-48682.97,Bz,Max,2024-03-20,2024-03-21
pg3,2024-03-21,bz_max,-48647.58,Bz,Max,2024-03-21,2024-03-22
pg3,2024-03-22,bz_max,-48549.13,Bz,Max,2024-03-22,2024-03-23
pg3,2024-03-23,bz_max,-48481.41,Bz,Max,2024-03-23,2024-03-24
pg3,2024-03-24,bz_max,-48171.43,Bz,Max,2024-03-24,2024-03-25
pg3,2024-03-25,bz_max,-48633.22,Bz,Max,2024-03-25,2024-03-26
pg3,2024-03-26,bz_max,-48642.97,Bz,Max,2024-03-26,2024-03-27
pg3,2024-03-27,bz_max,-48683.89,Bz,Max,2024-03-27,2024-03-28
pg3,2024-03-28,bz_max,-48663.37,Bz,Max,2024-03-28,2024-03-29
pg3,2024-03-29,bz_max,-48666.83,Bz,Max,2024-03-29,2024-03-30
pg3,2024-03-30,bz_max,-48663.14,Bz,Max,2024-03-30,2024-03-31
pg3,2024-03-31,bz_max,-48675.94,Bz,Max,2024-03-31,2024-04-01
pg3,2024-04-01,bz_max,-48671.84,Bz,Max,2024-04-01,2024-04-02
pg3,2024-04-02,bz_max,-48655.94,Bz,Max,2024-04-02,2024-04-03
pg3,2024-04-03,bz_max,-48681.52,Bz,Max,2024-04-03,2024-04-04
pg3,2024-04-04,bz_max,-48563.02,Bz,Max,2024-04-04,2024-04-05
pg3,2024-04-05,bz_max,-48661.93,Bz,Max,2024-04-05,2024-04-06
pg3,2024-04-06,bz_max,-48677.9,Bz,Max,2024-04-06,2024-04-07
pg3,2024-04-07,bz_max,-48671.96,Bz,Max,2024-04-07,2024-04-08
pg3,2024-04-08,bz_max,-48624.47,Bz,Max,2024-04-08,2024-04-09
pg3,2024-04-09,bz_max,-48619.85,Bz,Max,2024-04-09,2024-04-10
pg3,2024-04-10,bz_max,-48603.37,Bz,Max,2024-04-10,2024-04-11
pg3,2024-04-11,bz_max,-48709.48,Bz,Max,2024-04-11,2024-04-12
pg3,2024-04-12,bz_max,-48690.75,Bz,Max,2024-04-12,2024-04-13
pg3,2024-04-13,bz_max,-48708.9,Bz,Max,2024-04-13,2024-04-14
pg3,2024-04-14,bz_max,-48699.11,Bz,Max,2024-04-14,2024-04-15
pg3,2024-04-15,bz_max,-48552.94,Bz,Max,2024-04-15,2024-04-16
pg3,2024-04-16,bz_max,-48650.23,Bz,Max,2024-04-16,2024-04-17
pg3,2024-04-17,bz_max,-48667.46,Bz,Max,2024-04-17,2024-04-18
pg3,2024-04-18,bz_max,-48718.13,Bz,Max,2024-04-18,2024-04-19
pg3,2024-04-19,bz_max,-48599.39,Bz,Max,2024-04-19,2024-04-20
pg3,2024-04-20,bz_max,-48638.7,Bz,Max,2024-04-20,2024-04-21
pg3,2024-04-21,bz_max,-48663.95,Bz,Max,2024-04-21,2024-04-22
pg3,2024-04-22,bz_max,-48706.43,Bz,Max,2024-04-22,2024-04-23
pg3,2024-04-23,bz_max,-48613.57,Bz,Max,2024-04-23,2024-04-24
pg3,2024-04-24,bz_max,-48714.67,Bz,Max,2024-04-24,2024-04-25
pg3,2024-04-25,bz_max,-48601.64,Bz,Max,2024-04-25,2024-04-26
pg3,2024-04-26,bz_max,-48641.93,Bz,Max,2024-04-26,2024-04-27
pg3,2024-04-27,bz_max,-48642.22,Bz,Max,2024-04-27,2024-04-28
pg3,2024-04-28,bz_max,-48683.77,Bz,Max,2024-04-28,2024-04-29
pg3,2024-04-29,bz_max,-48695.47,Bz,Max,2024-04-29,2024-04-30
pg3,2024-04-30,bz_max,-48449.48,Bz,Max,2024-04-30,2024-05-01
pg3,2024-05-01,bz_max,-48655.24,Bz,Max,2024-05-01,2024-05-02
pg3,2024-05-02,bz_max,-48618.3,Bz,Max,2024-05-02,2024-05-03
pg3,2024-05-03,bz_max,-48718.7,Bz,Max,2024-05-03,2024-05-04
pg3,2024-05-04,bz_max,-48490.57,Bz,Max,2024-05-04,2024-05-05
pg3,2024-05-05,bz_max,-48693.57,Bz,Max,2024-05-05,2024-05-06
pg3,2024-05-06,bz_max,-48644.7,Bz,Max,2024-05-06,2024-05-07
pg3,2024-05-07,bz_max,-48653.45,Bz,Max,2024-05-07,2024-05-08
pg3,2024-05-08,bz_max,-48665.96,Bz,Max,2024-05-08,2024-05-09
pg3,2024-05-09,bz_max,-48668.56,Bz,Max,2024-05-09,2024-05-10
pg3,2024-05-10,bz_max,-48184.34,Bz,Max,2024-05-10,2024-05-11
pg3,2024-05-11,bz_max,-48262.31,Bz,Max,2024-05-11,2024-05-12
pg3,2024-05-12,bz_max,-48000.02,Bz,Max,2024-05-12,2024-05-13
pg3,2024-05-13,bz_max,-48714.85,Bz,Max,2024-05-13,2024-05-14
pg3,2024-05-14,bz_max,-48682.17,Bz,Max,2024-05-14,2024-05-15
pg3,2024-05-15,bz_max,-48688.91,Bz,Max,2024-05-15,2024-05-16
pg3,2024-05-16,bz_max,-48728.85,Bz,Max,2024-05-16,2024-05-17
pg3,2024-05-17,bz_max,-48699.0,Bz,Max,2024-05-17,2024-05-18
pg3,2024-05-18,bz_max,-48717.44,Bz,Max,2024-05-18,2024-05-19
pg3,2024-05-19,bz_max,-48650.18,Bz,Max,2024-05-19,2024-05-20
pg3,2024-05-20,bz_max,-48694.73,Bz,Max,2024-05-20,2024-05-21
pg3,2024-05-21,bz_max,-48663.32,Bz,Max,2024-05-21,2024-05-22
pg3,2024-05-22,bz_max,-48725.51,Bz,Max,2024-05-22,2024-05-23
pg3,2024-05-23,bz_max,-48643.78,Bz,Max,2024-05-23,2024-05-24
pg3,2024-05-24,bz_max,-48581.53,Bz,Max,2024-05-24,2024-05-25
pg3,2024-05-25,bz_max,-48582.74,Bz,Max,2024-05-25,2024-05-26
pg3,2024-05-26,bz_max,-48565.16,Bz,Max,2024-05-26,2024-05-27
pg3,2024-05-27,bz_max,-48615.88,Bz,Max,2024-05-27,2024-05-28
pg3,2024-05-28,bz_max,-48577.33,Bz,Max,2024-05-28,2024-05-29
pg3,2024-05-29,bz_max,-48633.92,Bz,Max,2024-05-29,2024-05-30
pg3,2024-05-30,bz_max,-48642.86,Bz,Max,2024-05-30,2024-05-31
pg3,2024-05-31,bz_max,-48667.12,Bz,Max,2024-05-31,2024-06-01
pg3,2024-06-01,bz_max,-48706.61,Bz,Max,2024-06-01,2024-06-02
pg3,2024-06-02,bz_max,-48611.68,Bz,Max,2024-06-02,2024-06-03
pg3,2024-06-03,bz_max,-48681.76,Bz,Max,2024-06-03,2024-06-04
pg3,2024-06-04,bz_max,-48689.26,Bz,Max,2024-06-04,2024-06-05
pg3,2024-06-05,bz_max,-48622.34,Bz,Max,2024-06-05,2024-06-06
pg3,2024-06-06,bz_max,-48714.33,Bz,Max,2024-06-06,2024-06-07
pg3,2024-06-07,bz_max,-48637.61,Bz,Max,2024-06-07,2024-06-08
pg3,2024-06-08,bz_max,-48607.12,Bz,Max,2024-06-08,2024-06-09
pg3,2024-06-09,bz_max,-48648.45,Bz,Max,2024-06-09,2024-06-10
pg3,2024-06-10,bz_max,-48588.97,Bz,Max,2024-06-10,2024-06-11
pg3,2024-06-11,bz_max,-48646.89,Bz,Max,2024-06-11,2024-06-12
pg3,2024-06-12,bz_max,-48656.81,Bz,Max,2024-06-12,2024-06-13
pg3,2024-06-13,bz_max,-48694.16,Bz,Max,2024-06-13,2024-06-14
pg3,2024-06-14,bz_max,-48650.52,Bz,Max,2024-06-14,2024-06-15
pg3,2024-06-15,bz_max,-48652.37,Bz,Max,2024-06-15,2024-06-16
pg3,2024-06-16,bz_max,-48648.56,Bz,Max,2024-06-16,2024-06-17
pg3,2024-06-17,bz_max,-48636.46,Bz,Max,2024-06-17,2024-06-18
pg3,2024-06-18,bz_max,-48593.98,Bz,Max,2024-06-18,2024-06-19
pg3,2024-06-19,bz_max,-48619.8,Bz,Max,2024-06-19,2024-06-20
pg3,2024-06-20,bz_max,-48619.57,Bz,Max,2024-06-20,2024-06-21
pg3,2024-06-21,bz_max,-48693.98,Bz,Max,2024-06-21,2024-06-22
pg3,2024-06-22,bz_max,-48699.06,Bz,Max,2024-06-22,2024-06-23
pg3,2024-06-23,bz_max,-48604.19,Bz,Max,2024-06-23,2024-06-24
pg3,2024-06-24,bz_max,-48703.09,Bz,Max,2024-06-24,2024-06-25
pg3,2024-06-25,bz_max,-48681.13,Bz,Max,2024-06-25,2024-06-26
pg3,2024-06-26,bz_max,-48670.35,Bz,Max,2024-06-26,2024-06-27
pg3,2024-06-27,bz_max,-48628.04,Bz,Max,2024-06-27,2024-06-28
pg3,2024-06-28,bz_max,-48686.2,Bz,Max,2024-06-28,2024-06-29
pg3,2024-06-29,bz_max,-48389.08,Bz,Max,2024-06-29,2024-06-30
pg3,2024-06-30,bz_max,-48658.36,Bz,Max,2024-06-30,2024-07-01
pg3,2024-07-01,bz_max,-48657.44,Bz,Max,2024-07-01,2024-07-02
pg3,2024-07-02,bz_max,-48685.4,Bz,Max,2024-07-02,2024-07-03
pg3,2024-07-03,bz_max,-48712.95,Bz,Max,2024-07-03,2024-07-04
pg3,2024-07-04,bz_max,-48672.95,Bz,Max,2024-07-04,2024-07-05
pg3,2024-07-05,bz_max,-48709.6,Bz,Max,2024-07-05,2024-07-06
pg3,2024-10-19,bz_max,-48698.36,Bz,Max,2024-10-19,2024-10-20
pg3,2024-10-20,bz_max,-48558.82,Bz,Max,2024-10-20,2024-10-21
pg3,2024-10-21,bz_max,-48641.65,Bz,Max,2024-10-21,2024-10-22
pg3,2024-10-22,bz_max,-48580.09,Bz,Max,2024-10-22,2024-10-23
pg3,2024-10-23,bz_max,-48644.3,Bz,Max,2024-10-23,2024-10-24
pg3,2024-10-24,bz_max,-48556.35,Bz,Max,2024-10-24,2024-10-25
pg3,2024-10-25,bz_max,-48622.11,Bz,Max,2024-10-25,2024-10-26
pg3,2024-10-26,bz_max,-48510.93,Bz,Max,2024-10-26,2024-10-27
pg3,2024-10-27,bz_max,-48405.39,Bz,Max,2024-10-27,2024-10-28
pg3,2024-10-28,bz_max,-48544.3,Bz,Max,2024-10-28,2024-10-29
pg3,2024-10-29,bz_max,-48106.77,Bz,Max,2024-10-29,2024-10-30
pg3,2024-10-30,bz_max,-48628.85,Bz,Max,2024-10-30,2024-10-31
pg3,2024-10-31,bz_max,-48545.97,Bz,Max,2024-10-31,2024-11-01
pg3,2024-11-01,bz_max,-48650.52,Bz,Max,2024-11-01,2024-11-02
pg3,2024-11-02,bz_max,-48541.47,Bz,Max,2024-11-02,2024-11-03
pg3,2024-11-03,bz_max,-48573.06,Bz,Max,2024-11-03,2024-11-04
pg3,2024-11-04,bz_max,-48638.02,Bz,Max,2024-11-04,2024-11-05
pg3,2024-11-05,bz_max,-48478.94,Bz,Max,2024-11-05,2024-11-06
pg3,2024-11-06,bz_max,-48587.06,Bz,Max,2024-11-06,2024-11-07
pg3,2024-11-07,bz_max,-48522.63,Bz,Max,2024-11-07,2024-11-08
pg3,2024-11-08,bz_max,-48365.22,Bz,Max,2024-11-08,2024-11-09
pg3,2024-11-09,bz_max,-48556.35,Bz,Max,2024-11-09,2024-11-10
pg3,2024-11-10,bz_max,-48366.6,Bz,Max,2024-11-10,2024-11-11
pg3,2024-11-11,bz_max,-48612.02,Bz,Max,2024-11-11,2024-11-12
pg3,2024-12-12,bz_max,-48519.69,Bz,Max,2024-12-12,2024-12-13
pg3,2024-12-13,bz_max,-48467.87,Bz,Max,2024-12-13,2024-12-14
pg3,2024-12-14,bz_max,-48437.72,Bz,Max,2024-12-14,2024-12-15
pg3,2024-12-15,bz_max,-48344.7,Bz,Max,2024-12-15,2024-12-16
pg3,2024-12-16,bz_max,-48550.58,Bz,Max,2024-12-16,2024-12-17
pg3,2024-12-17,bz_max,-48462.05,Bz,Max,2024-12-17,2024-12-18
pg3,2024-12-18,bz_max,-48429.14,Bz,Max,2024-12-18,2024-12-19
pg3,2024-12-19,bz_max,-48555.83,Bz,Max,2024-12-19,2024-12-20
pg3,2024-12-20,bz_max,-48415.19,Bz,Max,2024-12-20,2024-12-21
pg3,2024-12-21,bz_max,-48400.15,Bz,Max,2024-12-21,2024-12-22
pg3,2024-12-22,bz_max,-48382.28,Bz,Max,2024-12-22,2024-12-23
pg3,2024-12-23,bz_max,-48399.97,Bz,Max,2024-12-23,2024-12-24
pg3,2024-12-24,bz_max,-48549.2,Bz,Max,2024-12-24,2024-12-25
pg3,2024-12-25,bz_max,-48602.86,Bz,Max,2024-12-25,2024-12-26
pg3,2024-12-26,bz_max,-48635.77,Bz,Max,2024-12-26,2024-12-27
pg3,2024-12-27,bz_max,-48555.54,Bz,Max,2024-12-27,2024-12-28
pg3,2024-12-28,bz_max,-48586.83,Bz,Max,2024-12-28,2024-12-29
pg3,2024-12-29,bz_max,-48599.11,Bz,Max,2024-12-29,2024-12-30
pg3,2024-12-30,bz_max,-48508.1,Bz,Max,2024-12-30,2024-12-31
pg3,2024-12-31,bz_max,-48214.55,Bz,Max,2024-12-31,2025-01-01
pg4,2024-01-01,bz_max,-45599.7,Bz,Max,2024-01-01,2024-01-02
pg4,2024-01-02,bz_max,-45800.11,Bz,Max,2024-01-02,2024-01-03
pg4,2024-01-03,bz_max,-45324.7,Bz,Max,2024-01-03,2024-01-04
pg4,2024-01-04,bz_max,-45526.49,Bz,Max,2024-01-04,2024-01-05
pg4,2024-01-05,bz_max,-45668.7,Bz,Max,2024-01-05,2024-01-06
pg4,2024-01-06,bz_max,-45673.26,Bz,Max,2024-01-06,2024-01-07
pg4,2024-01-07,bz_max,-45882.27,Bz,Max,2024-01-07,2024-01-08
pg4,2024-01-08,bz_max,-45798.9,Bz,Max,2024-01-08,2024-01-09
pg4,2024-01-09,bz_max,-45773.44,Bz,Max,2024-01-09,2024-01-10
pg4,2024-01-10,bz_max,-45758.13,Bz,Max,2024-01-10,2024-01-11
pg4,2024-01-11,bz_max,-45829.9,Bz,Max,2024-01-11,2024-01-12
pg4,2024-01-12,bz_max,-45875.57,Bz,Max,2024-01-12,2024-01-13
pg4,2024-01-13,bz_max,-45806.92,Bz,Max,2024-01-13,2024-01-14
pg4,2024-01-14,bz_max,-45714.72,Bz,Max,2024-01-14,2024-01-15
pg4,2024-01-15,bz_max,-45781.23,Bz,Max,2024-01-15,2024-01-16
pg4,2024-01-16,bz_max,-45785.39,Bz,Max,2024-01-16,2024-01-17
pg4,2024-01-17,bz_max,-45869.28,Bz,Max,2024-01-17,2024-01-18
pg4,2024-01-18,bz_max,-45707.27,Bz,Max,2024-01-18,2024-01-19
pg4,2024-01-19,bz_max,-45716.91,Bz,Max,2024-01-19,2024-01-20
pg4,2024-01-20,bz_max,-45731.69,Bz,Max,2024-01-20,2024-01-21
pg4,2024-01-21,bz_max,-45862.29,Bz,Max,2024-01-21,2024-01-22
pg4,2024-01-22,bz_max,-45600.45,Bz,Max,2024-01-22,2024-01-23
pg4,2024-01-23,bz_max,-45619.28,Bz,Max,2024-01-23,2024-01-24
pg4,2024-01-24,bz_max,-45844.74,Bz,Max,2024-01-24,2024-01-25
pg4,2024-01-25,bz_max,-45820.2,Bz,Max,2024-01-25,2024-01-26
pg4,2024-01-26,bz_max,-45797.92,Bz,Max,2024-01-26,2024-01-27
pg4,2024-01-27,bz_max,-45813.85,Bz,Max,2024-01-27,2024-01-28
pg4,2024-01-28,bz_max,-45718.59,Bz,Max,2024-01-28,2024-01-29
pg4,2024-01-29,bz_max,-45769.92,Bz,Max,2024-01-29,2024-01-30
pg4,2024-01-30,bz_max,-45794.51,Bz,Max,2024-01-30,2024-01-31
pg4,2024-01-31,bz_max,-45778.98,Bz,Max,2024-01-31,2024-02-01
pg4,2024-02-01,bz_max,-45858.66,Bz,Max,2024-02-01,2024-02-02
pg4,2024-02-02,bz_max,-45851.33,Bz,Max,2024-02-02,2024-02-03
pg4,2024-02-03,bz_max,-45881.75,Bz,Max,2024-02-03,2024-02-04
pg4,2024-02-04,bz_max,-45774.65,Bz,Max,2024-02-04,2024-02-05
pg4,2024-02-05,bz_max,-45896.01,Bz,Max,2024-02-05,2024-02-06
pg4,2024-02-06,bz_max,-45859.29,Bz,Max,2024-02-06,2024-02-07
pg4,2024-02-07,bz_max,-45712.58,Bz,Max,2024-02-07,2024-02-08
pg4,2024-02-08,bz_max,-45865.7,Bz,Max,2024-02-08,2024-02-09
pg4,2024-02-09,bz_max,-45901.79,Bz,Max,2024-02-09,2024-02-10
pg4,2024-02-10,bz_max,-45905.65,Bz,Max,2024-02-10,2024-02-11
pg4,2024-02-11,bz_max,-45679.1,Bz,Max,2024-02-11,2024-02-12
pg4,2024-02-12,bz_max,-45910.04,Bz,Max,2024-02-12,2024-02-13
pg4,2024-02-13,bz_max,-45652.13,Bz,Max,2024-02-13,2024-02-14
pg4,2024-02-14,bz_max,-45675.69,Bz,Max,2024-02-14,2024-02-15
pg4,2024-02-15,bz_max,-45693.06,Bz,Max,2024-02-15,2024-02-16
pg4,2024-02-16,bz_max,-45806.69,Bz,Max,2024-02-16,2024-02-17
pg4,2024-02-17,bz_max,-45795.44,Bz,Max,2024-02-17,2024-02-18
pg4,2024-02-18,bz_max,-45639.14,Bz,Max,2024-02-18,2024-02-19
pg4,2024-02-19,bz_max,-45657.27,Bz,Max,2024-02-19,2024-02-20
pg4,2024-02-20,bz_max,-45840.58,Bz,Max,2024-02-20,2024-02-21
pg4,2024-02-21,bz_max,-45846.47,Bz,Max,2024-02-21,2024-02-22
pg4,2024-02-22,bz_max,-45886.31,Bz,Max,2024-02-22,2024-02-23
pg4,2024-02-23,bz_max,-45918.19,Bz,Max,2024-02-23,2024-02-24
pg4,2024-02-24,bz_max,-45883.77,Bz,Max,2024-02-24,2024-02-25
pg4,2024-02-25,bz_max,-45850.4,Bz,Max,2024-02-25,2024-02-26
pg4,2024-02-26,bz_max,-45901.67,Bz,Max,2024-02-26,2024-02-27
pg4,2024-02-27,bz_max,-45893.24,Bz,Max,2024-02-27,2024-02-28
pg4,2024-02-28,bz_max,-45889.02,Bz,Max,2024-02-28,2024-02-29
pg4,2024-02-29,bz_max,-45904.33,Bz,Max,2024-02-29,2024-03-01
pg4,2024-03-01,bz_max,-45912.06,Bz,Max,2024-03-01,2024-03-02
pg4,2024-03-02,bz_max,-45870.9,Bz,Max,2024-03-02,2024-03-03
pg4,2024-03-03,bz_max,-45898.32,Bz,Max,2024-03-03,2024-03-04
pg4,2024-03-04,bz_max,-45926.79,Bz,Max,2024-03-04,2024-03-05
pg4,2024-03-05,bz_max,-45916.57,Bz,Max,2024-03-05,2024-03-06
pg4,2024-03-06,bz_max,-45890.82,Bz,Max,2024-03-06,2024-03-07
pg4,2024-03-07,bz_max,-45922.97,Bz,Max,2024-03-07,2024-03-08
pg4,2024-03-08,bz_max,-45894.86,Bz,Max,2024-03-08,2024-03-09
pg4,2024-03-09,bz_max,-45853.4,Bz,Max,2024-03-09,2024-03-10
pg4,2024-03-10,bz_max,-45785.33,Bz,Max,2024-03-10,2024-03-11
pg4,2024-03-11,bz_max,-45868.42,Bz,Max,2024-03-11,2024-03-12
pg4,2024-03-12,bz_max,-45696.65,Bz,Max,2024-03-12,2024-03-13
pg4,2024-03-13,bz_max,-45878.23,Bz,Max,2024-03-13,2024-03-14
pg4,2024-03-14,bz_max,-45885.56,Bz,Max,2024-03-14,2024-03-15
pg4,2024-03-15,bz_max,-45811.83,Bz,Max,2024-03-15,2024-03-16
pg4,2024-03-16,bz_max,-45921.65,Bz,Max,2024-03-16,2024-03-17
pg4,2024-03-17,bz_max,-45933.37,Bz,Max,2024-03-17,2024-03-18
pg4,2024-03-18,bz_max,-45921.3,Bz,Max,2024-03-18,2024-03-19
pg4,2024-03-19,bz_max,-45907.27,Bz,Max,2024-03-19,2024-03-20
pg4,2024-03-20,bz_max,-45898.73,Bz,Max,2024-03-20,2024-03-21
pg4,2024-03-21,bz_max,-45909.29,Bz,Max,2024-03-21,2024-03-22
pg4,2024-03-22,bz_max,-45881.11,Bz,Max,2024-03-22,2024-03-23
pg4,2024-03-23,bz_max,-45970.67,Bz,Max,2024-03-23,2024-03-24
pg4,2024-03-24,bz_max,-45961.95,Bz,Max,2024-03-24,2024-03-25
pg4,2024-03-25,bz_max,-45885.79,Bz,Max,2024-03-25,2024-03-26
pg4,2024-03-26,bz_max,-45883.25,Bz,Max,2024-03-26,2024-03-27
pg4,2024-03-27,bz_max,-45873.15,Bz,Max,2024-03-27,2024-03-28
pg4,2024-03-28,bz_max,-45882.62,Bz,Max,2024-03-28,2024-03-29
pg4,2024-03-29,bz_max,-45881.06,Bz,Max,2024-03-29,2024-03-30
pg4,2024-03-30,bz_max,-45930.36,Bz,Max,2024-03-30,2024-03-31
pg4,2024-03-31,bz_max,-45891.05,Bz,Max,2024-03-31,2024-04-01
pg4,2024-04-01,bz_max,-45861.02,Bz,Max,2024-04-01,2024-04-02
pg4,2024-04-02,bz_max,-45822.11,Bz,Max,2024-04-02,2024-04-03
pg4,2024-04-03,bz_max,-45882.96,Bz,Max,2024-04-03,2024-04-04
pg4,2024-04-04,bz_max,-45853.29,Bz,Max,2024-04-04,2024-04-05
pg4,2024-04-05,bz_max,-45860.16,Bz,Max,2024-04-05,2024-04-06
pg4,2024-04-06,bz_max,-45908.72,Bz,Max,2024-04-06,2024-04-07
pg4,2024-04-07,bz_max,-45894.11,Bz,Max,2024-04-07,2024-04-08
pg4,2024-04-08,bz_max,-45700.63,Bz,Max,2024-04-08,2024-04-09
pg4,2024-04-09,bz_max,-45890.99,Bz,Max,2024-04-09,2024-04-10
pg4,2024-04-10,bz_max,-45935.68,Bz,Max,2024-04-10,2024-04-11
pg4,2024-04-30,bz_max,-45574.47,Bz,Max,2024-04-30,2024-05-01
pg4,2024-05-01,bz_max,-45837.47,Bz,Max,2024-05-01,2024-05-02
pg4,2024-05-02,bz_max,-45632.44,Bz,Max,2024-05-02,2024-05-03
pg4,2024-05-03,bz_max,-45883.02,Bz,Max,2024-05-03,2024-05-04
pg4,2024-05-04,bz_max,-45656.11,Bz,Max,2024-05-04,2024-05-05
pg4,2024-05-05,bz_max,-45747.63,Bz,Max,2024-05-05,2024-05-06
pg4,2024-05-06,bz_max,-45860.39,Bz,Max,2024-05-06,2024-05-07
pg4,2024-05-07,bz_max,-45847.11,Bz,Max,2024-05-07,2024-05-08
pg4,2024-05-08,bz_max,-45850.81,Bz,Max,2024-05-08,2024-05-09
pg4,2024-05-09,bz_max,-45862.47,Bz,Max,2024-05-09,2024-05-10
pg4,2024-05-10,bz_max,-45363.21,Bz,Max,2024-05-10,2024-05-11
pg4,2024-05-11,bz_max,-45298.44,Bz,Max,2024-05-11,2024-05-12
pg4,2024-05-12,bz_max,-45156.63,Bz,Max,2024-05-12,2024-05-13
pg4,2024-05-13,bz_max,-45813.17,Bz,Max,2024-05-13,2024-05-14
pg4,2024-05-14,bz_max,-45892.73,Bz,Max,2024-05-14,2024-05-15
pg4,2024-05-15,bz_max,-45836.03,Bz,Max,2024-05-15,2024-05-16
pg4,2024-05-16,bz_max,-45636.38,Bz,Max,2024-05-16,2024-05-17
pg4,2024-05-17,bz_max,-45860.74,Bz,Max,2024-05-17,2024-05-18
pg4,2024-05-18,bz_max,-45826.33,Bz,Max,2024-05-18,2024-05-19
pg4,2024-05-19,bz_max,-45857.51,Bz,Max,2024-05-19,2024-05-20
pg4,2024-05-20,bz_max,-45909.3,Bz,Max,2024-05-20,2024-05-21
pg4,2024-05-21,bz_max,-45852.77,Bz,Max,2024-05-21,2024-05-22
pg4,2024-05-22,bz_max,-45867.9,Bz,Max,2024-05-22,2024-05-23
pg4,2024-05-23,bz_max,-45541.57,Bz,Max,2024-05-23,2024-05-24
pg4,2024-05-24,bz_max,-45679.22,Bz,Max,2024-05-24,2024-05-25
pg4,2024-05-25,bz_max,-45843.83,Bz,Max,2024-05-25,2024-05-26
pg4,2024-05-26,bz_max,-45672.11,Bz,Max,2024-05-26,2024-05-27
pg4,2024-05-27,bz_max,-45664.72,Bz,Max,2024-05-27,2024-05-28
pg4,2024-05-28,bz_max,-45664.2,Bz,Max,2024-05-28,2024-05-29
pg4,2024-05-29,bz_max,-45837.65,Bz,Max,2024-05-29,2024-05-30
pg4,2024-05-30,bz_max,-45726.85,Bz,Max,2024-05-30,2024-05-31
pg4,2024-05-31,bz_max,-45786.67,Bz,Max,2024-05-31,2024-06-01
pg4,2024-06-01,bz_max,-45901.33,Bz,Max,2024-06-01,2024-06-02
pg4,2024-06-02,bz_max,-45529.91,Bz,Max,2024-06-02,2024-06-03
pg4,2024-06-03,bz_max,-45814.96,Bz,Max,2024-06-03,2024-06-04
pg4,2024-06-04,bz_max,-45854.33,Bz,Max,2024-06-04,2024-06-05
pg4,2024-06-05,bz_max,-45859.88,Bz,Max,2024-06-05,2024-06-06
pg4,2024-06-06,bz_max,-45868.25,Bz,Max,2024-06-06,2024-06-07
pg4,2024-06-07,bz_max,-45723.56,Bz,Max,2024-06-07,2024-06-08
pg4,2024-06-08,bz_max,-45709.01,Bz,Max,2024-06-08,2024-06-09
pg4,2024-06-09,bz_max,-45726.5,Bz,Max,2024-06-09,2024-06-10
pg4,2024-06-10,bz_max,-45795.5,Bz,Max,2024-06-10,2024-06-11
pg4,2024-06-11,bz_max,-45835.22,Bz,Max,2024-06-11,2024-06-12
pg4,2024-06-12,bz_max,-45817.56,Bz,Max,2024-06-12,2024-06-13
pg4,2024-06-13,bz_max,-45893.71,Bz,Max,2024-06-13,2024-06-14
pg4,2024-06-14,bz_max,-45809.01,Bz,Max,2024-06-14,2024-06-15
pg4,2024-06-15,bz_max,-45753.01,Bz,Max,2024-06-15,2024-06-16
pg4,2024-06-16,bz_max,-45796.65,Bz,Max,2024-06-16,2024-06-17
pg4,2024-06-17,bz_max,-45811.84,Bz,Max,2024-06-17,2024-06-18
pg4,2024-06-18,bz_max,-45740.07,Bz,Max,2024-06-18,2024-06-19
pg4,2024-06-19,bz_max,-45724.77,Bz,Max,2024-06-19,2024-06-20
pg4,2024-06-20,bz_max,-45703.93,Bz,Max,2024-06-20,2024-06-21
pg4,2024-06-21,bz_max,-45888.4,Bz,Max,2024-06-21,2024-06-22
pg4,2024-06-22,bz_max,-45774.08,Bz,Max,2024-06-22,2024-06-23
pg4,2024-06-23,bz_max,-45623.21,Bz,Max,2024-06-23,2024-06-24
pg4,2024-06-24,bz_max,-45893.6,Bz,Max,2024-06-24,2024-06-25
pg4,2024-06-25,bz_max,-45806.81,Bz,Max,2024-06-25,2024-06-26
pg4,2024-06-26,bz_max,-45859.13,Bz,Max,2024-06-26,2024-06-27
pg4,2024-06-27,bz_max,-45674.71,Bz,Max,2024-06-27,2024-06-28
pg4,2024-06-28,bz_max,-45772.92,Bz,Max,2024-06-28,2024-06-29
pg4,2024-06-29,bz_max,-45717.67,Bz,Max,2024-06-29,2024-06-30
pg4,2024-06-30,bz_max,-45819.0,Bz,Max,2024-06-30,2024-07-01
pg4,2024-07-01,bz_max,-45842.61,Bz,Max,2024-07-01,2024-07-02
pg4,2024-07-02,bz_max,-45843.83,Bz,Max,2024-07-02,2024-07-03
pg4,2024-07-03,bz_max,-45835.8,Bz,Max,2024-07-03,2024-07-04
pg4,2024-07-04,bz_max,-45799.89,Bz,Max,2024-07-04,2024-07-05
pg4,2024-07-05,bz_max,-45916.63,Bz,Max,2024-07-05,2024-07-06
pg4,2024-10-20,bz_max,-45752.02,Bz,Max,2024-10-20,2024-10-21
pg4,2024-10-21,bz_max,-45817.56,Bz,Max,2024-10-21,2024-10-22
pg4,2024-10-22,bz_max,-45739.15,Bz,Max,2024-10-22,2024-10-23
pg4,2024-10-23,bz_max,-45847.35,Bz,Max,2024-10-23,2024-10-24
pg4,2024-10-24,bz_max,-45652.72,Bz,Max,2024-10-24,2024-10-25
pg4,2024-10-25,bz_max,-45815.42,Bz,Max,2024-10-25,2024-10-26
pg4,2024-10-26,bz_max,-45646.6,Bz,Max,2024-10-26,2024-10-27
pg4,2024-10-27,bz_max,-45677.02,Bz,Max,2024-10-27,2024-10-28
pg4,2024-10-28,bz_max,-45786.72,Bz,Max,2024-10-28,2024-10-29
pg4,2024-10-29,bz_max,-45189.72,Bz,Max,2024-10-29,2024-10-30
pg4,2024-10-30,bz_max,-45876.74,Bz,Max,2024-10-30,2024-10-31
pg4,2024-10-31,bz_max,-45758.95,Bz,Max,2024-10-31,2024-11-01
pg4,2024-11-01,bz_max,-45810.05,Bz,Max,2024-11-01,2024-11-02
pg4,2024-11-02,bz_max,-45744.4,Bz,Max,2024-11-02,2024-11-03
pg4,2024-11-03,bz_max,-45771.42,Bz,Max,2024-11-03,2024-11-04
pg4,2024-11-04,bz_max,-45796.19,Bz,Max,2024-11-04,2024-11-05
pg4,2024-11-05,bz_max,-45671.36,Bz,Max,2024-11-05,2024-11-06
pg4,2024-11-06,bz_max,-45783.95,Bz,Max,2024-11-06,2024-11-07
pg4,2024-11-07,bz_max,-45643.77,Bz,Max,2024-11-07,2024-11-08
pg4,2024-11-08,bz_max,-45240.01,Bz,Max,2024-11-08,2024-11-09
pg4,2024-11-09,bz_max,-45618.71,Bz,Max,2024-11-09,2024-11-10
pg4,2024-11-10,bz_max,-45285.74,Bz,Max,2024-11-10,2024-11-11
pg4,2024-11-11,bz_max,-45721.36,Bz,Max,2024-11-11,2024-11-12
pg4,2024-11-12,bz_max,-45822.23,Bz,Max,2024-11-12,2024-11-13
pg4,2024-11-13,bz_max,-45780.2,Bz,Max,2024-11-13,2024-11-14
pg4,2024-11-14,bz_max,-45585.85,Bz,Max,2024-11-14,2024-11-15
pg4,2024-11-15,bz_max,-45626.73,Bz,Max,2024-11-15,2024-11-16
pg4,2024-11-16,bz_max,-45649.36,Bz,Max,2024-11-16,2024-11-17
pg4,2024-11-17,bz_max,-45798.9,Bz,Max,2024-11-17,2024-11-18
pg4,2024-11-18,bz_max,-45736.78,Bz,Max,2024-11-18,2024-11-19
pg4,2024-11-19,bz_max,-45442.67,Bz,Max,2024-11-19,2024-11-20
pg4,2024-11-20,bz_max,-45716.4,Bz,Max,2024-11-20,2024-11-21
pg4,2024-11-21,bz_max,-45620.96,Bz,Max,2024-11-21,2024-11-22
pg4,2024-11-22,bz_max,-45646.19,Bz,Max,2024-11-22,2024-11-23
pg4,2024-11-23,bz_max,-45710.92,Bz,Max,2024-11-23,2024-11-24
pg4,2024-11-24,bz_max,-45726.22,Bz,Max,2024-11-24,2024-11-25
pg4,2024-11-25,bz_max,-45787.36,Bz,Max,2024-11-25,2024-11-26
pg4,2024-11-26,bz_max,-45741.23,Bz,Max,2024-11-26,2024-11-27
pg4,2024-11-27,bz_max,-45656.76,Bz,Max,2024-11-27,2024-11-28
pg4,2024-11-28,bz_max,-45812.19,Bz,Max,2024-11-28,2024-11-29
pg4,2024-11-29,bz_max,-45588.34,Bz,Max,2024-11-29,2024-11-30
pg4,2024-11-30,bz_max,-45718.25,Bz,Max,2024-11-30,2024-12-01
pg4,2024-12-01,bz_max,-45703.24,Bz,Max,2024-12-01,2024-12-02
pg4,2024-12-02,bz_max,-45750.64,Bz,Max,2024-12-02,2024-12-03
pg4,2024-12-03,bz_max,-45588.05,Bz,Max,2024-12-03,2024-12-04
pg4,2024-12-04,bz_max,-45746.77,Bz,Max,2024-12-04,2024-12-05
pg4,2024-12-05,bz_max,-45841.4,Bz,Max,2024-12-05,2024-12-06
pg4,2024-12-06,bz_max,-45753.76,Bz,Max,2024-12-06,2024-12-07
pg4,2024-12-07,bz_max,-45798.96,Bz,Max,2024-12-07,2024-12-08
pg4,2024-12-08,bz_max,-45665.3,Bz,Max,2024-12-08,2024-12-09
pg4,2024-12-09,bz_max,-45643.3,Bz,Max,2024-12-09,2024-12-10
pg4,2024-12-10,bz_max,-45705.2,Bz,Max,2024-12-10,2024-12-11
pg4,2024-12-11,bz_max,-45753.99,Bz,Max,2024-12-11,2024-12-12
pg4,2024-12-12,bz_max,-45781.47,Bz,Max,2024-12-12,2024-12-13
pg4,2024-12-13,bz_max,-45757.04,Bz,Max,2024-12-13,2024-12-14
pg4,2024-12-14,bz_max,-45552.48,Bz,Max,2024-12-14,2024-12-15
pg4,2024-12-15,bz_max,-45583.89,Bz,Max,2024-12-15,2024-12-16
pg4,2024-12-16,bz_max,-45643.65,Bz,Max,2024-12-16,2024-12-17
pg4,2024-12-17,bz_max,-45574.31,Bz,Max,2024-12-17,2024-12-18
pg4,2024-12-18,bz_max,-45594.17,Bz,Max,2024-12-18,2024-12-19
pg4,2024-12-19,bz_max,-45712.76,Bz,Max,2024-12-19,2024-12-20
pg4,2024-12-20,bz_max,-45641.86,Bz,Max,2024-12-20,2024-12-21
pg4,2024-12-21,bz_max,-45639.67,Bz,Max,2024-12-21,2024-12-22
pg4,2024-12-22,bz_max,-45560.62,Bz,Max,2024-12-22,2024-12-23
pg4,2024-12-23,bz_max,-45484.81,Bz,Max,2024-12-23,2024-12-24
pg4,2024-12-24,bz_max,-45691.11,Bz,Max,2024-12-24,2024-12-25
pg4,2024-12-25,bz_max,-45823.15,Bz,Max,2024-12-25,2024-12-26
pg4,2024-12-26,bz_max,-45817.61,Bz,Max,2024-12-26,2024-12-27
pg4,2024-12-27,bz_max,-45661.55,Bz,Max,2024-12-27,2024-12-28
pg4,2024-12-28,bz_max,-45829.56,Bz,Max,2024-12-28,2024-12-29
pg4,2024-12-29,bz_max,-45821.42,Bz,Max,2024-12-29,2024-12-30
pg4,2024-12-30,bz_max,-45703.41,Bz,Max,2024-12-30,2024-12-31
pg4,2024-12-31,bz_max,-45489.26,Bz,Max,2024-12-31,2025-01-01
pg5,2024-01-01,bz_max,-45375.99,Bz,Max,2024-01-01,2024-01-02
pg5,2024-01-02,bz_max,-45454.64,Bz,Max,2024-01-02,2024-01-03
pg5,2024-01-03,bz_max,-45313.9,Bz,Max,2024-01-03,2024-01-04
pg5,2024-01-04,bz_max,-45443.55,Bz,Max,2024-01-04,2024-01-05
pg5,2024-01-05,bz_max,-45438.21,Bz,Max,2024-01-05,2024-01-06
pg5,2024-01-06,bz_max,-45458.85,Bz,Max,2024-01-06,2024-01-07
pg5,2024-01-07,bz_max,-45469.47,Bz,Max,2024-01-07,2024-01-08
pg5,2024-01-08,bz_max,-45462.23,Bz,Max,2024-01-08,2024-01-09
pg5,2024-01-09,bz_max,-45567.02,Bz,Max,2024-01-09,2024-01-10
pg5,2024-01-10,bz_max,-45420.77,Bz,Max,2024-01-10,2024-01-11
pg5,2024-01-11,bz_max,-45421.96,Bz,Max,2024-01-11,2024-01-12
pg5,2024-01-12,bz_max,-45695.07,Bz,Max,2024-01-12,2024-01-13
pg5,2024-01-13,bz_max,-45483.05,Bz,Max,2024-01-13,2024-01-14
pg5,2024-01-14,bz_max,-45405.59,Bz,Max,2024-01-14,2024-01-15
pg5,2024-01-15,bz_max,-45367.63,Bz,Max,2024-01-15,2024-01-16
pg5,2024-01-16,bz_max,-45585.47,Bz,Max,2024-01-16,2024-01-17
pg5,2024-01-17,bz_max,-45451.38,Bz,Max,2024-01-17,2024-01-18
pg5,2024-01-18,bz_max,-45353.04,Bz,Max,2024-01-18,2024-01-19
pg5,2024-01-19,bz_max,-45523.14,Bz,Max,2024-01-19,2024-01-20
pg5,2024-01-20,bz_max,-45421.43,Bz,Max,2024-01-20,2024-01-21
pg5,2024-01-21,bz_max,-45476.35,Bz,Max,2024-01-21,2024-01-22
pg5,2024-01-22,bz_max,-45388.1,Bz,Max,2024-01-22,2024-01-23
pg5,2024-01-23,bz_max,-45624.14,Bz,Max,2024-01-23,2024-01-24
pg5,2024-01-24,bz_max,-45639.38,Bz,Max,2024-01-24,2024-01-25
pg5,2024-01-25,bz_max,-45635.76,Bz,Max,2024-01-25,2024-01-26
pg5,2024-01-26,bz_max,-45637.13,Bz,Max,2024-01-26,2024-01-27
pg5,2024-01-27,bz_max,-45666.67,Bz,Max,2024-01-27,2024-01-28
pg5,2024-01-28,bz_max,-45537.55,Bz,Max,2024-01-28,2024-01-29
pg5,2024-01-29,bz_max,-45631.14,Bz,Max,2024-01-29,2024-01-30
pg5,2024-01-30,bz_max,-45597.27,Bz,Max,2024-01-30,2024-01-31
pg5,2024-01-31,bz_max,-45655.75,Bz,Max,2024-01-31,2024-02-01
pg5,2024-02-01,bz_max,-45666.07,Bz,Max,2024-02-01,2024-02-02
pg5,2024-02-02,bz_max,-45682.97,Bz,Max,2024-02-02,2024-02-03
pg5,2024-02-03,bz_max,-45558.54,Bz,Max,2024-02-03,2024-02-04
pg5,2024-02-04,bz_max,-45587.13,Bz,Max,2024-02-04,2024-02-05
pg5,2024-02-05,bz_max,-45699.4,Bz,Max,2024-02-05,2024-02-06
pg5,2024-02-06,bz_max,-45639.56,Bz,Max,2024-02-06,2024-02-07
pg5,2024-02-07,bz_max,-45652.55,Bz,Max,2024-02-07,2024-02-08
pg5,2024-02-08,bz_max,-45471.19,Bz,Max,2024-02-08,2024-02-09
pg5,2024-02-09,bz_max,-45704.62,Bz,Max,2024-02-09,2024-02-10
pg5,2024-02-10,bz_max,-45707.65,Bz,Max,2024-02-10,2024-02-11
pg5,2024-02-11,bz_max,-45456.42,Bz,Max,2024-02-11,2024-02-12
pg5,2024-02-12,bz_max,-45665.42,Bz,Max,2024-02-12,2024-02-13
pg5,2024-02-13,bz_max,-45394.56,Bz,Max,2024-02-13,2024-02-14
pg5,2024-02-14,bz_max,-45682.38,Bz,Max,2024-02-14,2024-02-15
pg5,2024-02-15,bz_max,-45439.45,Bz,Max,2024-02-15,2024-02-16
pg5,2024-02-16,bz_max,-45632.68,Bz,Max,2024-02-16,2024-02-17
pg5,2024-02-17,bz_max,-45426.52,Bz,Max,2024-02-17,2024-02-18
pg5,2024-02-18,bz_max,-45448.11,Bz,Max,2024-02-18,2024-02-19
pg5,2024-02-19,bz_max,-45693.06,Bz,Max,2024-02-19,2024-02-20
pg5,2024-02-20,bz_max,-45636.89,Bz,Max,2024-02-20,2024-02-21
pg5,2024-02-21,bz_max,-45446.45,Bz,Max,2024-02-21,2024-02-22
pg5,2024-02-22,bz_max,-45437.56,Bz,Max,2024-02-22,2024-02-23
pg5,2024-02-23,bz_max,-45618.98,Bz,Max,2024-02-23,2024-02-24
pg5,2024-02-24,bz_max,-45622.77,Bz,Max,2024-02-24,2024-02-25
pg5,2024-02-25,bz_max,-45573.97,Bz,Max,2024-02-25,2024-02-26
pg5,2024-02-26,bz_max,-45671.35,Bz,Max,2024-02-26,2024-02-27
pg5,2024-02-27,bz_max,-45567.09,Bz,Max,2024-02-27,2024-02-28
pg5,2024-02-28,bz_max,-45418.04,Bz,Max,2024-02-28,2024-02-29
pg5,2024-02-29,bz_max,-45686.59,Bz,Max,2024-02-29,2024-03-01
pg5,2024-03-01,bz_max,-45367.22,Bz,Max,2024-03-01,2024-03-02
pg5,2024-03-02,bz_max,-45606.29,Bz,Max,2024-03-02,2024-03-03
pg5,2024-03-03,bz_max,-45454.16,Bz,Max,2024-03-03,2024-03-04
pg5,2024-03-04,bz_max,-45586.48,Bz,Max,2024-03-04,2024-03-05
pg5,2024-03-05,bz_max,-45600.6,Bz,Max,2024-03-05,2024-03-06
pg5,2024-03-06,bz_max,-45685.58,Bz,Max,2024-03-06,2024-03-07
pg5,2024-03-07,bz_max,-45497.1,Bz,Max,2024-03-07,2024-03-08
pg5,2024-03-08,bz_max,-45491.41,Bz,Max,2024-03-08,2024-03-09
pg5,2024-03-09,bz_max,-45578.0,Bz,Max,2024-03-09,2024-03-10
pg5,2024-03-10,bz_max,-45553.98,Bz,Max,2024-03-10,2024-03-11
pg5,2024-03-11,bz_max,-45638.67,Bz,Max,2024-03-11,2024-03-12
pg5,2024-03-12,bz_max,-45644.84,Bz,Max,2024-03-12,2024-03-13
pg5,2024-03-13,bz_max,-45639.32,Bz,Max,2024-03-13,2024-03-14
pg5,2024-03-14,bz_max,-45687.54,Bz,Max,2024-03-14,2024-03-15
pg5,2024-03-15,bz_max,-45591.52,Bz,Max,2024-03-15,2024-03-16
pg5,2024-03-16,bz_max,-45468.1,Bz,Max,2024-03-16,2024-03-17
pg5,2024-03-17,bz_max,-45732.79,Bz,Max,2024-03-17,2024-03-18
pg5,2024-03-18,bz_max,-45443.19,Bz,Max,2024-03-18,2024-03-19
pg5,2024-03-19,bz_max,-45612.16,Bz,Max,2024-03-19,2024-03-20
pg5,2024-03-20,bz_max,-45464.72,Bz,Max,2024-03-20,2024-03-21
pg5,2024-03-21,bz_max,-45498.41,Bz,Max,2024-03-21,2024-03-22
pg5,2024-03-22,bz_max,-45698.22,Bz,Max,2024-03-22,2024-03-23
pg5,2024-03-23,bz_max,-45590.51,Bz,Max,2024-03-23,2024-03-24
pg5,2024-03-24,bz_max,-45063.74,Bz,Max,2024-03-24,2024-03-25
pg5,2024-03-25,bz_max,-45547.87,Bz,Max,2024-03-25,2024-03-26
pg5,2024-03-26,bz_max,-45632.44,Bz,Max,2024-03-26,2024-03-27
pg5,2024-03-27,bz_max,-45533.1,Bz,Max,2024-03-27,2024-03-28
pg5,2024-03-28,bz_max,-45674.02,Bz,Max,2024-03-28,2024-03-29
pg5,2024-03-29,bz_max,-45547.22,Bz,Max,2024-03-29,2024-03-30
pg5,2024-03-30,bz_max,-45668.38,Bz,Max,2024-03-30,2024-03-31
pg5,2024-03-31,bz_max,-45656.4,Bz,Max,2024-03-31,2024-04-01
pg5,2024-04-01,bz_max,-45670.04,Bz,Max,2024-04-01,2024-04-02
pg5,2024-04-02,bz_max,-45646.97,Bz,Max,2024-04-02,2024-04-03
pg5,2024-04-03,bz_max,-45631.2,Bz,Max,2024-04-03,2024-04-04
pg5,2024-04-04,bz_max,-45266.63,Bz,Max,2024-04-04,2024-04-05
pg5,2024-04-05,bz_max,-45586.12,Bz,Max,2024-04-05,2024-04-06
pg5,2024-04-06,bz_max,-45579.6,Bz,Max,2024-04-06,2024-04-07
pg5,2024-04-07,bz_max,-45526.64,Bz,Max,2024-04-07,2024-04-08
pg5,2024-04-08,bz_max,-45454.04,Bz,Max,2024-04-08,2024-04-09
pg5,2024-04-09,bz_max,-45629.12,Bz,Max,2024-04-09,2024-04-10
pg5,2024-04-10,bz_max,-45700.06,Bz,Max,2024-04-10,2024-04-11
pg5,2024-04-11,bz_max,-45677.04,Bz,Max,2024-04-11,2024-04-12
pg5,2024-04-12,bz_max,-45687.13,Bz,Max,2024-04-12,2024-04-13
pg5,2024-04-13,bz_max,-45626.75,Bz,Max,2024-04-13,2024-04-14
pg5,2024-04-14,bz_max,-45654.92,Bz,Max,2024-04-14,2024-04-15
pg5,2024-04-15,bz_max,-45559.97,Bz,Max,2024-04-15,2024-04-16
pg5,2024-04-16,bz_max,-45505.52,Bz,Max,2024-04-16,2024-04-17
pg5,2024-04-17,bz_max,-45652.25,Bz,Max,2024-04-17,2024-04-18
pg5,2024-04-18,bz_max,-45731.07,Bz,Max,2024-04-18,2024-04-19
pg5,2024-04-19,bz_max,-45369.06,Bz,Max,2024-04-19,2024-04-20
pg5,2024-04-20,bz_max,-45572.13,Bz,Max,2024-04-20,2024-04-21
pg5,2024-04-21,bz_max,-45619.69,Bz,Max,2024-04-21,2024-04-22
pg5,2024-04-22,bz_max,-45617.44,Bz,Max,2024-04-22,2024-04-23
pg5,2024-04-23,bz_max,-45532.63,Bz,Max,2024-04-23,2024-04-24
pg5,2024-04-24,bz_max,-45736.88,Bz,Max,2024-04-24,2024-04-25
pg5,2024-04-25,bz_max,-45619.63,Bz,Max,2024-04-25,2024-04-26
pg5,2024-04-26,bz_max,-45519.52,Bz,Max,2024-04-26,2024-04-27
pg5,2024-04-27,bz_max,-45608.25,Bz,Max,2024-04-27,2024-04-28
pg5,2024-04-28,bz_max,-45548.76,Bz,Max,2024-04-28,2024-04-29
pg5,2024-04-29,bz_max,-45711.86,Bz,Max,2024-04-29,2024-04-30
pg5,2024-04-30,bz_max,-45436.79,Bz,Max,2024-04-30,2024-05-01
pg5,2024-05-01,bz_max,-45658.06,Bz,Max,2024-05-01,2024-05-02
pg5,2024-05-02,bz_max,-45203.53,Bz,Max,2024-05-02,2024-05-03
pg5,2024-05-03,bz_max,-45675.2,Bz,Max,2024-05-03,2024-05-04
pg5,2024-05-04,bz_max,-45351.09,Bz,Max,2024-05-04,2024-05-05
pg5,2024-05-05,bz_max,-45568.69,Bz,Max,2024-05-05,2024-05-06
pg5,2024-05-06,bz_max,-45611.74,Bz,Max,2024-05-06,2024-05-07
pg5,2024-05-07,bz_max,-45670.64,Bz,Max,2024-05-07,2024-05-08
pg5,2024-05-08,bz_max,-45696.91,Bz,Max,2024-05-08,2024-05-09
pg5,2024-05-09,bz_max,-45684.93,Bz,Max,2024-05-09,2024-05-10
pg5,2024-05-10,bz_max,-45155.85,Bz,Max,2024-05-10,2024-05-11
pg5,2024-05-11,bz_max,-44838.25,Bz,Max,2024-05-11,2024-05-12
pg5,2024-05-12,bz_max,-44628.18,Bz,Max,2024-05-12,2024-05-13
pg5,2024-05-13,bz_max,-45640.33,Bz,Max,2024-05-13,2024-05-14
pg5,2024-05-14,bz_max,-45696.67,Bz,Max,2024-05-14,2024-05-15
pg5,2024-05-15,bz_max,-45666.67,Bz,Max,2024-05-15,2024-05-16
pg5,2024-05-16,bz_max,-45196.47,Bz,Max,2024-05-16,2024-05-17
pg5,2024-05-17,bz_max,-45455.65,Bz,Max,2024-05-17,2024-05-18
pg5,2024-05-18,bz_max,-45621.95,Bz,Max,2024-05-18,2024-05-19
pg5,2024-05-19,bz_max,-45694.42,Bz,Max,2024-05-19,2024-05-20
pg5,2024-05-20,bz_max,-45729.29,Bz,Max,2024-05-20,2024-05-21
pg5,2024-05-21,bz_max,-45675.86,Bz,Max,2024-05-21,2024-05-22
pg5,2024-05-22,bz_max,-45615.48,Bz,Max,2024-05-22,2024-05-23
pg5,2024-05-23,bz_max,-45588.26,Bz,Max,2024-05-23,2024-05-24
pg5,2024-05-24,bz_max,-45489.04,Bz,Max,2024-05-24,2024-05-25
pg5,2024-05-25,bz_max,-45678.11,Bz,Max,2024-05-25,2024-05-26
pg5,2024-05-26,bz_max,-45598.64,Bz,Max,2024-05-26,2024-05-27
pg5,2024-05-27,bz_max,-45330.27,Bz,Max,2024-05-27,2024-05-28
pg5,2024-05-28,bz_max,-45674.08,Bz,Max,2024-05-28,2024-05-29
pg5,2024-05-29,bz_max,-45597.69,Bz,Max,2024-05-29,2024-05-30
pg5,2024-05-30,bz_max,-45321.55,Bz,Max,2024-05-30,2024-05-31
pg5,2024-05-31,bz_max,-45617.26,Bz,Max,2024-05-31,2024-06-01
pg5,2024-06-01,bz_max,-45728.82,Bz,Max,2024-06-01,2024-06-02
pg5,2024-06-02,bz_max,-45411.52,Bz,Max,2024-06-02,2024-06-03
pg5,2024-06-03,bz_max,-45665.6,Bz,Max,2024-06-03,2024-06-04
pg5,2024-06-04,bz_max,-45653.32,Bz,Max,2024-06-04,2024-06-05
pg5,2024-06-05,bz_max,-45702.6,Bz,Max,2024-06-05,2024-06-06
pg5,2024-06-06,bz_max,-45695.96,Bz,Max,2024-06-06,2024-06-07
pg5,2024-06-07,bz_max,-45494.91,Bz,Max,2024-06-07,2024-06-08
pg5,2024-06-08,bz_max,-45405.06,Bz,Max,2024-06-08,2024-06-09
pg5,2024-06-09,bz_max,-45633.21,Bz,Max,2024-06-09,2024-06-10
pg5,2024-06-10,bz_max,-45612.28,Bz,Max,2024-06-10,2024-06-11
pg5,2024-06-11,bz_max,-45681.55,Bz,Max,2024-06-11,2024-06-12
pg5,2024-06-12,bz_max,-45667.14,Bz,Max,2024-06-12,2024-06-13
pg5,2024-06-13,bz_max,-45725.02,Bz,Max,2024-06-13,2024-06-14
pg5,2024-06-14,bz_max,-45624.61,Bz,Max,2024-06-14,2024-06-15
pg5,2024-06-15,bz_max,-45625.21,Bz,Max,2024-06-15,2024-06-16
pg5,2024-06-16,bz_max,-45611.86,Bz,Max,2024-06-16,2024-06-17
pg5,2024-06-17,bz_max,-45555.46,Bz,Max,2024-06-17,2024-06-18
pg5,2024-06-18,bz_max,-45555.17,Bz,Max,2024-06-18,2024-06-19
pg5,2024-06-19,bz_max,-45504.75,Bz,Max,2024-06-19,2024-06-20
pg5,2024-06-20,bz_max,-45545.74,Bz,Max,2024-06-20,2024-06-21
pg5,2024-06-21,bz_max,-45558.13,Bz,Max,2024-06-21,2024-06-22
pg5,2024-06-22,bz_max,-45627.94,Bz,Max,2024-06-22,2024-06-23
pg5,2024-06-23,bz_max,-45432.52,Bz,Max,2024-06-23,2024-06-24
pg5,2024-06-24,bz_max,-45563.17,Bz,Max,2024-06-24,2024-06-25
pg5,2024-06-25,bz_max,-45520.47,Bz,Max,2024-06-25,2024-06-26
pg5,2024-06-26,bz_max,-45624.56,Bz,Max,2024-06-26,2024-06-27
pg5,2024-06-27,bz_max,-45424.45,Bz,Max,2024-06-27,2024-06-28
pg5,2024-06-28,bz_max,-45556.71,Bz,Max,2024-06-28,2024-06-29
pg5,2024-06-29,bz_max,-45411.58,Bz,Max,2024-06-29,2024-06-30
pg5,2024-06-30,bz_max,-45655.69,Bz,Max,2024-06-30,2024-07-01
pg5,2024-07-01,bz_max,-45646.38,Bz,Max,2024-07-01,2024-07-02
pg5,2024-07-02,bz_max,-45676.27,Bz,Max,2024-07-02,2024-07-03
pg5,2024-07-03,bz_max,-45636.42,Bz,Max,2024-07-03,2024-07-04
pg5,2024-07-04,bz_max,-45594.78,Bz,Max,2024-07-04,2024-07-05
pg5,2024-07-05,bz_max,-45663.11,Bz,Max,2024-07-05,2024-07-06
pg5,2024-07-06,bz_max,-45712.45,Bz,Max,2024-07-06,2024-07-07
pg5,2024-07-07,bz_max,-45584.82,Bz,Max,2024-07-07,2024-07-08
pg5,2024-07-08,bz_max,-45600.42,Bz,Max,2024-07-08,2024-07-09
pg5,2024-07-09,bz_max,-45682.32,Bz,Max,2024-07-09,2024-07-10
pg5,2024-10-23,bz_max,-45685.47,Bz,Max,2024-10-23,2024-10-24
pg5,2024-10-24,bz_max,-45490.52,Bz,Max,2024-10-24,2024-10-25
pg5,2024-10-25,bz_max,-45618.74,Bz,Max,2024-10-25,2024-10-26
pg5,2024-10-26,bz_max,-45495.62,Bz,Max,2024-10-26,2024-10-27
pg5,2024-10-27,bz_max,-45498.17,Bz,Max,2024-10-27,2024-10-28
pg5,2024-10-28,bz_max,-45634.88,Bz,Max,2024-10-28,2024-10-29
pg5,2024-10-29,bz_max,-45143.33,Bz,Max,2024-10-29,2024-10-30
pg5,2024-10-30,bz_max,-45667.97,Bz,Max,2024-10-30,2024-10-31
pg5,2024-10-31,bz_max,-45538.32,Bz,Max,2024-10-31,2024-11-01
pg5,2024-11-01,bz_max,-45637.72,Bz,Max,2024-11-01,2024-11-02
pg5,2024-11-02,bz_max,-45602.73,Bz,Max,2024-11-02,2024-11-03
pg5,2024-11-03,bz_max,-45610.97,Bz,Max,2024-11-03,2024-11-04
pg5,2024-11-04,bz_max,-45607.83,Bz,Max,2024-11-04,2024-11-05
pg5,2024-11-05,bz_max,-45487.26,Bz,Max,2024-11-05,2024-11-06
pg5,2024-11-06,bz_max,-45607.53,Bz,Max,2024-11-06,2024-11-07
pg5,2024-11-07,bz_max,-45483.46,Bz,Max,2024-11-07,2024-11-08
pg5,2024-11-08,bz_max,-45020.74,Bz,Max,2024-11-08,2024-11-09
pg5,2024-11-09,bz_max,-45440.82,Bz,Max,2024-11-09,2024-11-10
pg5,2024-11-10,bz_max,-45046.06,Bz,Max,2024-11-10,2024-11-11
pg5,2024-11-11,bz_max,-45525.81,Bz,Max,2024-11-11,2024-11-12
pg5,2024-11-12,bz_max,-45626.99,Bz,Max,2024-11-12,2024-11-13
pg5,2024-11-13,bz_max,-45464.36,Bz,Max,2024-11-13,2024-11-14
pg5,2024-11-14,bz_max,-45364.08,Bz,Max,2024-11-14,2024-11-15
pg5,2024-11-15,bz_max,-45184.49,Bz,Max,2024-11-15,2024-11-16
pg5,2024-11-16,bz_max,-45593.54,Bz,Max,2024-11-16,2024-11-17
pg5,2024-11-17,bz_max,-45448.59,Bz,Max,2024-11-17,2024-11-18
pg5,2024-11-18,bz_max,-45579.54,Bz,Max,2024-11-18,2024-11-19
pg5,2024-11-19,bz_max,-45472.49,Bz,Max,2024-11-19,2024-11-20
pg5,2024-11-20,bz_max,-45554.16,Bz,Max,2024-11-20,2024-11-21
pg5,2024-11-21,bz_max,-45376.41,Bz,Max,2024-11-21,2024-11-22
pg5,2024-11-22,bz_max,-45492.89,Bz,Max,2024-11-22,2024-11-23
pg5,2024-11-23,bz_max,-45593.01,Bz,Max,2024-11-23,2024-11-24
pg5,2024-11-24,bz_max,-45632.68,Bz,Max,2024-11-24,2024-11-25
pg5,2024-11-25,bz_max,-45622.42,Bz,Max,2024-11-25,2024-11-26
pg5,2024-11-26,bz_max,-45429.37,Bz,Max,2024-11-26,2024-11-27
pg5,2024-11-27,bz_max,-45455.05,Bz,Max,2024-11-27,2024-11-28
pg5,2024-11-28,bz_max,-45429.67,Bz,Max,2024-11-28,2024-11-29
pg5,2024-11-29,bz_max,-45422.79,Bz,Max,2024-11-29,2024-11-30
pg5,2024-11-30,bz_max,-45383.47,Bz,Max,2024-11-30,2024-12-01
pg5,2024-12-01,bz_max,-45338.27,Bz,Max,2024-12-01,2024-12-02
pg5,2024-12-02,bz_max,-45572.72,Bz,Max,2024-12-02,2024-12-03
pg5,2024-12-03,bz_max,-45392.9,Bz,Max,2024-12-03,2024-12-04
pg5,2024-12-04,bz_max,-45399.84,Bz,Max,2024-12-04,2024-12-05
pg5,2024-12-05,bz_max,-45410.4,Bz,Max,2024-12-05,2024-12-06
pg5,2024-12-06,bz_max,-45416.68,Bz,Max,2024-12-06,2024-12-07
pg5,2024-12-07,bz_max,-45401.2,Bz,Max,2024-12-07,2024-12-08
pg5,2024-12-08,bz_max,-45242.38,Bz,Max,2024-12-08,2024-12-09
pg5,2024-12-09,bz_max,-45401.97,Bz,Max,2024-12-09,2024-12-10
pg5,2024-12-10,bz_max,-45393.79,Bz,Max,2024-12-10,2024-12-11
pg5,2024-12-11,bz_max,-45449.12,Bz,Max,2024-12-11,2024-12-12
pg5,2024-12-12,bz_max,-45410.69,Bz,Max,2024-12-12,2024-12-13
pg5,2024-12-13,bz_max,-45439.4,Bz,Max,2024-12-13,2024-12-14
pg5,2024-12-14,bz_max,-45309.57,Bz,Max,2024-12-14,2024-12-15
pg5,2024-12-15,bz_max,-45266.99,Bz,Max,2024-12-15,2024-12-16
pg5,2024-12-16,bz_max,-45388.99,Bz,Max,2024-12-16,2024-12-17
pg5,2024-12-17,bz_max,-45362.18,Bz,Max,2024-12-17,2024-12-18
pg5,2024-12-18,bz_max,-45399.01,Bz,Max,2024-12-18,2024-12-19
pg5,2024-12-19,bz_max,-45425.04,Bz,Max,2024-12-19,2024-12-20
pg5,2024-12-20,bz_max,-45367.58,Bz,Max,2024-12-20,2024-12-21
pg5,2024-12-21,bz_max,-45320.66,Bz,Max,2024-12-21,2024-12-22
pg5,2024-12-22,bz_max,-45394.02,Bz,Max,2024-12-22,2024-12-23
pg5,2024-12-23,bz_max,-45318.35,Bz,Max,2024-12-23,2024-12-24
pg5,2024-12-24,bz_max,-45484.53,Bz,Max,2024-12-24,2024-12-25
pg5,2024-12-25,bz_max,-45330.33,Bz,Max,2024-12-25,2024-12-26
pg5,2024-12-26,bz_max,-45381.57,Bz,Max,2024-12-26,2024-12-27
pg5,2024-12-27,bz_max,-45413.72,Bz,Max,2024-12-27,2024-12-28
pg5,2024-12-28,bz_max,-45394.44,Bz,Max,2024-12-28,2024-12-29
pg5,2024-12-29,bz_max,-45409.21,Bz,Max,2024-12-29,2024-12-30
pg5,2024-12-30,bz_max,-45376.47,Bz,Max,2024-12-30,2024-12-31
pg5,2024-12-31,bz_max,-45370.12,Bz,Max,2024-12-31,2025-01-01
pg0,2020-01-08,bz_max,-53567.8,Bz,Max,2020-01-08,2020-01-09
pg0,2020-01-09,bz_max,-53509.1,Bz,Max,2020-01-09,2020-01-10
pg0,2020-01-10,bz_max,-53540.88,Bz,Max,2020-01-10,2020-01-11
pg0,2020-01-11,bz_max,-53529.15,Bz,Max,2020-01-11,2020-01-12
pg0,2020-01-12,bz_max,-53571.9,Bz,Max,2020-01-12,2020-01-13
pg0,2020-01-13,bz_max,-53550.26,Bz,Max,2020-01-13,2020-01-14
pg0,2020-01-14,bz_max,-53518.36,Bz,Max,2020-01-14,2020-01-15
pg0,2020-01-15,bz_max,-53511.09,Bz,Max,2020-01-15,2020-01-16
pg0,2020-01-16,bz_max,-53547.16,Bz,Max,2020-01-16,2020-01-17
pg0,2020-01-17,bz_max,-53552.2,Bz,Max,2020-01-17,2020-01-18
pg0,2020-01-18,bz_max,-53555.6,Bz,Max,2020-01-18,2020-01-19
pg0,2020-01-19,bz_max,-53561.76,Bz,Max,2020-01-19,2020-01-20
pg0,2020-01-20,bz_max,-53552.85,Bz,Max,2020-01-20,2020-01-21
pg0,2020-01-21,bz_max,-53511.5,Bz,Max,2020-01-21,2020-01-22
pg0,2020-01-22,bz_max,-53560.11,Bz,Max,2020-01-22,2020-01-23
pg0,2020-01-23,bz_max,-53555.54,Bz,Max,2020-01-23,2020-01-24
pg0,2020-01-24,bz_max,-53580.29,Bz,Max,2020-01-24,2020-01-25
pg0,2020-01-25,bz_max,-53559.76,Bz,Max,2020-01-25,2020-01-26
pg0,2020-01-26,bz_max,-53516.61,Bz,Max,2020-01-26,2020-01-27
pg0,2020-01-27,bz_max,-53596.77,Bz,Max,2020-01-27,2020-01-28
pg0,2020-01-28,bz_max,-53549.38,Bz,Max,2020-01-28,2020-01-29
pg0,2020-01-29,bz_max,-53547.04,Bz,Max,2020-01-29,2020-01-30
pg0,2020-01-30,bz_max,-53522.65,Bz,Max,2020-01-30,2020-01-31
pg0,2020-01-31,bz_max,-53556.36,Bz,Max,2020-01-31,2020-02-01
pg0,2020-02-01,bz_max,-53542.23,Bz,Max,2020-02-01,2020-02-02
pg0,2020-02-02,bz_max,-53559.76,Bz,Max,2020-02-02,2020-02-03
pg0,2020-02-03,bz_max,-53564.22,Bz,Max,2020-02-03,2020-02-04
pg0,2020-02-04,bz_max,-53495.08,Bz,Max,2020-02-04,2020-02-05
pg0,2020-02-05,bz_max,-53575.36,Bz,Max,2020-02-05,2020-02-06
pg0,2020-02-06,bz_max,-53516.49,Bz,Max,2020-02-06,2020-02-07
pg0,2020-02-07,bz_max,-53519.71,Bz,Max,2020-02-07,2020-02-08
pg0,2020-02-08,bz_max,-53542.76,Bz,Max,2020-02-08,2020-02-09
pg0,2020-02-09,bz_max,-53542.58,Bz,Max,2020-02-09,2020-02-10
pg0,2020-02-10,bz_max,-53566.57,Bz,Max,2020-02-10,2020-02-11
pg0,2020-02-11,bz_max,-53565.27,Bz,Max,2020-02-11,2020-02-12
pg0,2020-02-12,bz_max,-53601.34,Bz,Max,2020-02-12,2020-02-13
pg0,2020-02-13,bz_max,-53567.8,Bz,Max,2020-02-13,2020-02-14
pg0,2020-02-14,bz_max,-53587.62,Bz,Max,2020-02-14,2020-02-15
pg0,2020-02-15,bz_max,-53564.22,Bz,Max,2020-02-15,2020-02-16
pg0,2020-02-16,bz_max,-53580.11,Bz,Max,2020-02-16,2020-02-17
pg0,2020-02-17,bz_max,-53552.73,Bz,Max,2020-02-17,2020-02-18
pg0,2020-02-18,bz_max,-53557.89,Bz,Max,2020-02-18,2020-02-19
pg0,2020-02-19,bz_max,-53569.32,Bz,Max,2020-02-19,2020-02-20
pg0,2020-02-20,bz_max,-53568.33,Bz,Max,2020-02-20,2020-02-21
pg0,2020-02-21,bz_max,-53540.47,Bz,Max,2020-02-21,2020-02-22
pg0,2020-02-22,bz_max,-53567.92,Bz,Max,2020-02-22,2020-02-23
pg0,2020-02-23,bz_max,-53614.94,Bz,Max,2020-02-23,2020-02-24
pg0,2020-02-27,bz_max,-53604.33,Bz,Max,2020-02-27,2020-02-28
pg0,2020-02-28,bz_max,-53546.16,Bz,Max,2020-02-28,2020-02-29
pg0,2020-02-29,bz_max,-53540.76,Bz,Max,2020-02-29,2020-03-01
pg0,2020-03-01,bz_max,-53571.02,Bz,Max,2020-03-01,2020-03-02
pg0,2020-03-02,bz_max,-53558.77,Bz,Max,2020-03-02,2020-03-03
pg0,2020-03-03,bz_max,-53555.13,Bz,Max,2020-03-03,2020-03-04
pg0,2020-03-04,bz_max,-53563.58,Bz,Max,2020-03-04,2020-03-05
pg0,2020-03-05,bz_max,-53577.65,Bz,Max,2020-03-05,2020-03-06
pg0,2020-03-06,bz_max,-53589.08,Bz,Max,2020-03-06,2020-03-07
pg0,2020-03-07,bz_max,-53586.51,Bz,Max,2020-03-07,2020-03-08
pg0,2020-03-08,bz_max,-53572.84,Bz,Max,2020-03-08,2020-03-09
pg0,2020-03-09,bz_max,-53579.58,Bz,Max,2020-03-09,2020-03-10
pg0,2020-03-10,bz_max,-53584.86,Bz,Max,2020-03-10,2020-03-11
pg0,2020-03-11,bz_max,-53597.65,Bz,Max,2020-03-11,2020-03-12
pg0,2020-03-12,bz_max,-53591.55,Bz,Max,2020-03-12,2020-03-13
pg0,2020-03-13,bz_max,-53569.91,Bz,Max,2020-03-13,2020-03-14
pg0,2020-03-14,bz_max,-53598.35,Bz,Max,2020-03-14,2020-03-15
pg0,2020-03-15,bz_max,-53564.28,Bz,Max,2020-03-15,2020-03-16
pg0,2020-03-16,bz_max,-53579.0,Bz,Max,2020-03-16,2020-03-17
pg0,2020-03-17,bz_max,-53579.0,Bz,Max,2020-03-17,2020-03-18
pg0,2020-03-18,bz_max,-53593.6,Bz,Max,2020-03-18,2020-03-19
pg0,2020-03-19,bz_max,-53574.72,Bz,Max,2020-03-19,2020-03-20
pg0,2020-03-20,bz_max,-53594.77,Bz,Max,2020-03-20,2020-03-21
pg0,2020-03-21,bz_max,-53573.72,Bz,Max,2020-03-21,2020-03-22
pg0,2020-03-22,bz_max,-53591.26,Bz,Max,2020-03-22,2020-03-23
pg0,2020-03-23,bz_max,-53582.58,Bz,Max,2020-03-23,2020-03-24
pg0,2020-03-24,bz_max,-53600.75,Bz,Max,2020-03-24,2020-03-25
pg0,2020-03-25,bz_max,-53584.98,Bz,Max,2020-03-25,2020-03-26
pg0,2020-03-26,bz_max,-53580.29,Bz,Max,2020-03-26,2020-03-27
pg0,2020-03-27,bz_max,-53584.22,Bz,Max,2020-03-27,2020-03-28
pg0,2020-03-28,bz_max,-53579.35,Bz,Max,2020-03-28,2020-03-29
pg0,2020-03-29,bz_max,-53578.59,Bz,Max,2020-03-29,2020-03-30
pg0,2020-03-30,bz_max,-53565.16,Bz,Max,2020-03-30,2020-03-31
pg0,2020-03-31,bz_max,-53580.87,Bz,Max,2020-03-31,2020-04-01
pg0,2020-04-01,bz_max,-53601.99,Bz,Max,2020-04-01,2020-04-02
pg0,2020-04-02,bz_max,-53595.36,Bz,Max,2020-04-02,2020-04-03
pg0,2020-04-03,bz_max,-53596.42,Bz,Max,2020-04-03,2020-04-04
pg0,2020-04-04,bz_max,-53610.72,Bz,Max,2020-04-04,2020-04-05
pg0,2020-04-05,bz_max,-53584.63,Bz,Max,2020-04-05,2020-04-06
pg0,2020-04-06,bz_max,-53598.52,Bz,Max,2020-04-06,2020-04-07
pg0,2020-04-07,bz_max,-53604.8,Bz,Max,2020-04-07,2020-04-08
pg0,2020-04-08,bz_max,-53555.13,Bz,Max,2020-04-08,2020-04-09
pg0,2020-04-09,bz_max,-53627.08,Bz,Max,2020-04-09,2020-04-10
pg0,2020-04-11,bz_max,-53633.71,Bz,Max,2020-04-11,2020-04-12
pg0,2020-04-12,bz_max,-53582.11,Bz,Max,2020-04-12,2020-04-13
pg0,2020-04-13,bz_max,-53586.39,Bz,Max,2020-04-13,2020-04-14
pg0,2020-04-14,bz_max,-53600.99,Bz,Max,2020-04-14,2020-04-15
pg0,2020-04-15,bz_max,-53591.26,Bz,Max,2020-04-15,2020-04-16
pg0,2020-04-16,bz_max,-53668.83,Bz,Max,2020-04-16,2020-04-17
pg0,2020-04-21,bz_max,-53605.97,Bz,Max,2020-04-21,2020-04-22
pg0,2020-04-22,bz_max,-53585.98,Bz,Max,2020-04-22,2020-04-23
pg0,2020-04-23,bz_max,-53597.12,Bz,Max,2020-04-23,2020-04-24
pg0,2020-04-24,bz_max,-53586.04,Bz,Max,2020-04-24,2020-04-25
pg0,2020-04-25,bz_max,-53611.31,Bz,Max,2020-04-25,2020-04-26
pg0,2020-04-26,bz_max,-53585.56,Bz,Max,2020-04-26,2020-04-27
pg0,2020-04-27,bz_max,-53590.96,Bz,Max,2020-04-27,2020-04-28
pg0,2020-04-28,bz_max,-53605.56,Bz,Max,2020-04-28,2020-04-29
pg0,2020-04-29,bz_max,-53601.28,Bz,Max,2020-04-29,2020-04-30
pg0,2020-04-30,bz_max,-53622.27,Bz,Max,2020-04-30,2020-05-01
pg0,2020-05-01,bz_max,-53612.83,Bz,Max,2020-05-01,2020-05-02
pg0,2020-05-02,bz_max,-53603.86,Bz,Max,2020-05-02,2020-05-03
pg0,2020-05-03,bz_max,-53609.84,Bz,Max,2020-05-03,2020-05-04
pg0,2020-05-04,bz_max,-53594.65,Bz,Max,2020-05-04,2020-05-05
pg0,2020-05-05,bz_max,-53595.12,Bz,Max,2020-05-05,2020-05-06
pg0,2020-05-06,bz_max,-53610.96,Bz,Max,2020-05-06,2020-05-07
pg0,2020-05-07,bz_max,-53601.22,Bz,Max,2020-05-07,2020-05-08
pg0,2020-05-08,bz_max,-53601.52,Bz,Max,2020-05-08,2020-05-09
pg0,2020-05-09,bz_max,-53606.5,Bz,Max,2020-05-09,2020-05-10
pg0,2020-05-10,bz_max,-53598.23,Bz,Max,2020-05-10,2020-05-11
pg0,2020-05-11,bz_max,-53610.49,Bz,Max,2020-05-11,2020-05-12
pg0,2020-05-12,bz_max,-53607.5,Bz,Max,2020-05-12,2020-05-13
pg0,2020-05-13,bz_max,-53601.17,Bz,Max,2020-05-13,2020-05-14
pg0,2020-05-14,bz_max,-53606.56,Bz,Max,2020-05-14,2020-05-15
pg0,2020-05-15,bz_max,-53597.12,Bz,Max,2020-05-15,2020-05-16
pg0,2020-05-16,bz_max,-53588.79,Bz,Max,2020-05-16,2020-05-17
pg0,2020-05-17,bz_max,-53597.82,Bz,Max,2020-05-17,2020-05-18
pg0,2020-05-18,bz_max,-53580.64,Bz,Max,2020-05-18,2020-05-19
pg0,2020-05-19,bz_max,-53596.18,Bz,Max,2020-05-19,2020-05-20
pg0,2020-05-20,bz_max,-53603.27,Bz,Max,2020-05-20,2020-05-21
pg0,2020-05-21,bz_max,-53586.51,Bz,Max,2020-05-21,2020-05-22
pg0,2020-05-22,bz_max,-53582.58,Bz,Max,2020-05-22,2020-05-23
pg0,2020-05-23,bz_max,-53605.92,Bz,Max,2020-05-23,2020-05-24
pg0,2020-05-24,bz_max,-53586.1,Bz,Max,2020-05-24,2020-05-25
pg0,2020-05-25,bz_max,-53598.99,Bz,Max,2020-05-25,2020-05-26
pg0,2020-05-26,bz_max,-53608.02,Bz,Max,2020-05-26,2020-05-27
pg0,2020-05-27,bz_max,-53596.36,Bz,Max,2020-05-27,2020-05-28
pg0,2020-05-28,bz_max,-53595.89,Bz,Max,2020-05-28,2020-05-29
pg0,2020-05-29,bz_max,-53591.31,Bz,Max,2020-05-29,2020-05-30
pg0,2020-05-30,bz_max,-53580.81,Bz,Max,2020-05-30,2020-05-31
pg0,2020-05-31,bz_max,-53609.02,Bz,Max,2020-05-31,2020-06-01
pg0,2020-06-01,bz_max,-53582.87,Bz,Max,2020-06-01,2020-06-02
pg0,2020-06-02,bz_max,-53601.17,Bz,Max,2020-06-02,2020-06-03
pg0,2020-06-03,bz_max,-53591.02,Bz,Max,2020-06-03,2020-06-04
pg0,2020-06-04,bz_max,-53631.19,Bz,Max,2020-06-04,2020-06-05
pg0,2020-11-06,bz_max,-53508.45,Bz,Max,2020-11-06,2020-11-07
pg0,2020-11-07,bz_max,-53516.43,Bz,Max,2020-11-07,2020-11-08
pg0,2020-11-08,bz_max,-53526.87,Bz,Max,2020-11-08,2020-11-09
pg0,2020-11-09,bz_max,-53551.26,Bz,Max,2020-11-09,2020-11-10
pg0,2020-11-10,bz_max,-53556.77,Bz,Max,2020-11-10,2020-11-11
pg0,2020-11-11,bz_max,-53530.5,Bz,Max,2020-11-11,2020-11-12
pg0,2020-11-12,bz_max,-53516.61,Bz,Max,2020-11-12,2020-11-13
pg0,2020-11-13,bz_max,-53554.84,Bz,Max,2020-11-13,2020-11-14
pg0,2020-11-14,bz_max,-53528.57,Bz,Max,2020-11-14,2020-11-15
pg0,2020-11-15,bz_max,-53541.47,Bz,Max,2020-11-15,2020-11-16
pg0,2020-11-16,bz_max,-53554.13,Bz,Max,2020-11-16,2020-11-17
pg0,2020-11-17,bz_max,-53545.57,Bz,Max,2020-11-17,2020-11-18
pg0,2020-11-18,bz_max,-53535.95,Bz,Max,2020-11-18,2020-11-19
pg0,2020-11-19,bz_max,-53557.83,Bz,Max,2020-11-19,2020-11-20
pg0,2020-11-20,bz_max,-53527.34,Bz,Max,2020-11-20,2020-11-21
pg0,2020-11-21,bz_max,-53484.06,Bz,Max,2020-11-21,2020-11-22
pg0,2020-11-22,bz_max,-53523.88,Bz,Max,2020-11-22,2020-11-23
pg0,2020-12-18,bz_max,-53467.17,Bz,Max,2020-12-18,2020-12-19
pg0,2020-12-19,bz_max,-53513.56,Bz,Max,2020-12-19,2020-12-20
pg0,2020-12-20,bz_max,-53459.84,Bz,Max,2020-12-20,2020-12-21
pg0,2020-12-21,bz_max,-53488.4,Bz,Max,2020-12-21,2020-12-22
pg0,2020-12-22,bz_max,-53456.44,Bz,Max,2020-12-22,2020-12-23
pg0,2020-12-23,bz_max,-53431.05,Bz,Max,2020-12-23,2020-12-24
pg0,2020-12-24,bz_max,-53490.45,Bz,Max,2020-12-24,2020-12-25
pg0,2020-12-25,bz_max,-53524.81,Bz,Max,2020-12-25,2020-12-26
pg0,2020-12-26,bz_max,-53486.64,Bz,Max,2020-12-26,2020-12-27
pg0,2020-12-27,bz_max,-53478.14,Bz,Max,2020-12-27,2020-12-28
pg0,2020-12-28,bz_max,-53520.65,Bz,Max,2020-12-28,2020-12-29
pg0,2020-12-29,bz_max,-53468.35,Bz,Max,2020-12-29,2020-12-30
pg0,2020-12-30,bz_max,-53491.98,Bz,Max,2020-12-30,2020-12-31
pg0,2020-12-31,bz_max,-53506.11,Bz,Max,2020-12-31,2021-01-01
pg0,2021-01-01,bz_max,-53499.83,Bz,Max,2021-01-01,2021-01-02
pg0,2021-01-02,bz_max,-53534.43,Bz,Max,2021-01-02,2021-01-03
pg0,2021-01-03,bz_max,-53526.16,Bz,Max,2021-01-03,2021-01-04
pg0,2021-01-04,bz_max,-53495.02,Bz,Max,2021-01-04,2021-01-05
pg0,2021-01-05,bz_max,-53396.8,Bz,Max,2021-01-05,2021-01-06
pg0,2021-01-06,bz_max,-53447.7,Bz,Max,2021-01-06,2021-01-07
pg0,2021-01-07,bz_max,-53515.55,Bz,Max,2021-01-07,2021-01-08
pg0,2021-01-08,bz_max,-53547.16,Bz,Max,2021-01-08,2021-01-09
pg0,2021-01-09,bz_max,-53540.29,Bz,Max,2021-01-09,2021-01-10
pg0,2021-01-10,bz_max,-53482.24,Bz,Max,2021-01-10,2021-01-11
pg0,2021-01-11,bz_max,-53515.84,Bz,Max,2021-01-11,2021-01-12
pg0,2021-01-12,bz_max,-53494.85,Bz,Max,2021-01-12,2021-01-13
pg0,2021-01-13,bz_max,-53531.68,Bz,Max,2021-01-13,2021-01-14
pg0,2021-01-14,bz_max,-53502.71,Bz,Max,2021-01-14,2021-01-15
pg0,2021-01-15,bz_max,-53513.73,Bz,Max,2021-01-15,2021-01-16
pg0,2021-01-16,bz_max,-53523.94,Bz,Max,2021-01-16,2021-01-17
pg0,2021-01-17,bz_max,-53546.63,Bz,Max,2021-01-17,2021-01-18
pg0,2021-01-18,bz_max,-53491.33,Bz,Max,2021-01-18,2021-01-19
pg0,2021-01-19,bz_max,-53510.86,Bz,Max,2021-01-19,2021-01-20
pg0,2021-01-20,bz_max,-53435.1,Bz,Max,2021-01-20,2021-01-21
pg0,2021-01-21,bz_max,-53526.58,Bz,Max,2021-01-21,2021-01-22
pg0,2021-01-22,bz_max,-53455.03,Bz,Max,2021-01-22,2021-01-23
pg0,2021-01-23,bz_max,-53498.13,Bz,Max,2021-01-23,2021-01-24
pg0,2021-01-24,bz_max,-53504.82,Bz,Max,2021-01-24,2021-01-25
pg0,2021-01-25,bz_max,-53404.84,Bz,Max,2021-01-25,2021-01-26
pg0,2021-01-26,bz_max,-53489.69,Bz,Max,2021-01-26,2021-01-27
pg0,2021-01-27,bz_max,-53466.7,Bz,Max,2021-01-27,2021-01-28
pg0,2021-01-28,bz_max,-53562.64,Bz,Max,2021-01-28,2021-01-29
pg0,2021-01-29,bz_max,-53529.1,Bz,Max,2021-01-29,2021-01-30
pg0,2021-01-30,bz_max,-53535.95,Bz,Max,2021-01-30,2021-01-31
pg0,2021-01-31,bz_max,-53561.47,Bz,Max,2021-01-31,2021-02-01
pg0,2021-02-01,bz_max,-53506.76,Bz,Max,2021-02-01,2021-02-02
pg0,2021-02-02,bz_max,-53464.01,Bz,Max,2021-02-02,2021-02-03
pg0,2021-02-03,bz_max,-53341.86,Bz,Max,2021-02-03,2021-02-04
pg0,2021-02-04,bz_max,-53548.04,Bz,Max,2021-02-04,2021-02-05
pg0,2021-02-05,bz_max,-53508.28,Bz,Max,2021-02-05,2021-02-06
pg0,2021-02-06,bz_max,-53505.46,Bz,Max,2021-02-06,2021-02-07
pg0,2021-02-07,bz_max,-53535.02,Bz,Max,2021-02-07,2021-02-08
pg0,2021-02-08,bz_max,-53499.89,Bz,Max,2021-02-08,2021-02-09
pg0,2021-02-09,bz_max,-53516.37,Bz,Max,2021-02-09,2021-02-10
pg0,2021-02-10,bz_max,-53514.9,Bz,Max,2021-02-10,2021-02-11
pg0,2021-02-11,bz_max,-53571.02,Bz,Max,2021-02-11,2021-02-12
pg0,2021-02-12,bz_max,-53517.95,Bz,Max,2021-02-12,2021-02-13
pg0,2021-02-13,bz_max,-53494.61,Bz,Max,2021-02-13,2021-02-14
pg0,2021-02-14,bz_max,-53552.96,Bz,Max,2021-02-14,2021-02-15
pg0,2021-02-15,bz_max,-53517.08,Bz,Max,2021-02-15,2021-02-16
pg0,2021-02-16,bz_max,-53458.79,Bz,Max,2021-02-16,2021-02-17
pg0,2021-02-17,bz_max,-53539.36,Bz,Max,2021-02-17,2021-02-18
pg0,2021-02-18,bz_max,-53566.33,Bz,Max,2021-02-18,2021-02-19
pg0,2021-02-19,bz_max,-53522.0,Bz,Max,2021-02-19,2021-02-20
pg0,2021-02-20,bz_max,-53428.82,Bz,Max,2021-02-20,2021-02-21
pg0,2021-02-21,bz_max,-53534.49,Bz,Max,2021-02-21,2021-02-22
pg0,2021-02-22,bz_max,-53516.61,Bz,Max,2021-02-22,2021-02-23
pg0,2021-02-23,bz_max,-53529.27,Bz,Max,2021-02-23,2021-02-24
pg0,2021-02-24,bz_max,-53483.77,Bz,Max,2021-02-24,2021-02-25
pg0,2021-02-25,bz_max,-53547.86,Bz,Max,2021-02-25,2021-02-26
pg0,2021-02-26,bz_max,-53518.72,Bz,Max,2021-02-26,2021-02-27
pg0,2021-02-27,bz_max,-53535.43,Bz,Max,2021-02-27,2021-02-28
pg0,2021-02-28,bz_max,-53528.1,Bz,Max,2021-02-28,2021-03-01
pg0,2021-03-01,bz_max,-53547.45,Bz,Max,2021-03-01,2021-03-02
pg0,2021-03-02,bz_max,-53505.87,Bz,Max,2021-03-02,2021-03-03
pg0,2021-03-03,bz_max,-53552.85,Bz,Max,2021-03-03,2021-03-04
pg0,2021-03-04,bz_max,-53547.92,Bz,Max,2021-03-04,2021-03-05
pg0,2021-03-05,bz_max,-53560.82,Bz,Max,2021-03-05,2021-03-06
pg0,2021-03-06,bz_max,-53469.75,Bz,Max,2021-03-06,2021-03-07
pg0,2021-03-07,bz_max,-53492.51,Bz,Max,2021-03-07,2021-03-08
pg0,2021-03-08,bz_max,-53525.99,Bz,Max,2021-03-08,2021-03-09
pg0,2021-03-09,bz_max,-53529.74,Bz,Max,2021-03-09,2021-03-10
pg0,2021-03-10,bz_max,-53585.21,Bz,Max,2021-03-10,2021-03-11
pg0,2021-03-11,bz_max,-53543.99,Bz,Max,2021-03-11,2021-03-12
pg0,2021-03-12,bz_max,-53566.57,Bz,Max,2021-03-12,2021-03-13
pg0,2021-03-13,bz_max,-53560.06,Bz,Max,2021-03-13,2021-03-14
pg0,2021-03-14,bz_max,-53545.63,Bz,Max,2021-03-14,2021-03-15
pg0,2021-03-15,bz_max,-53555.89,Bz,Max,2021-03-15,2021-03-16
pg0,2021-03-16,bz_max,-53566.22,Bz,Max,2021-03-16,2021-03-17
pg0,2021-03-17,bz_max,-53568.68,Bz,Max,2021-03-17,2021-03-18
pg0,2021-03-18,bz_max,-53587.62,Bz,Max,2021-03-18,2021-03-19
pg0,2021-03-19,bz_max,-53576.71,Bz,Max,2021-03-19,2021-03-20
pg0,2021-03-20,bz_max,-53533.9,Bz,Max,2021-03-20,2021-03-21
pg0,2021-03-21,bz_max,-53562.46,Bz,Max,2021-03-21,2021-03-22
pg0,2021-03-22,bz_max,-53558.94,Bz,Max,2021-03-22,2021-03-23
pg0,2021-03-23,bz_max,-53561.88,Bz,Max,2021-03-23,2021-03-24
pg0,2021-03-24,bz_max,-53575.42,Bz,Max,2021-03-24,2021-03-25
pg0,2021-03-25,bz_max,-53560.76,Bz,Max,2021-03-25,2021-03-26
pg0,2021-03-26,bz_max,-53580.87,Bz,Max,2021-03-26,2021-03-27
pg0,2021-03-27,bz_max,-53562.93,Bz,Max,2021-03-27,2021-03-28
pg0,2021-03-28,bz_max,-53571.49,Bz,Max,2021-03-28,2021-03-29
pg0,2021-03-29,bz_max,-53583.57,Bz,Max,2021-03-29,2021-03-30
pg0,2021-03-30,bz_max,-53576.89,Bz,Max,2021-03-30,2021-03-31
pg0,2021-03-31,bz_max,-53555.77,Bz,Max,2021-03-31,2021-04-01
pg0,2021-04-01,bz_max,-53588.56,Bz,Max,2021-04-01,2021-04-02
pg0,2021-04-02,bz_max,-53555.66,Bz,Max,2021-04-02,2021-04-03
pg0,2021-04-03,bz_max,-53566.22,Bz,Max,2021-04-03,2021-04-04
pg0,2021-04-04,bz_max,-53566.51,Bz,Max,2021-04-04,2021-04-05
pg0,2021-04-05,bz_max,-53537.48,Bz,Max,2021-04-05,2021-04-06
pg0,2021-04-06,bz_max,-53555.48,Bz,Max,2021-04-06,2021-04-07
pg0,2021-04-07,bz_max,-53563.99,Bz,Max,2021-04-07,2021-04-08
pg0,2021-04-08,bz_max,-53573.72,Bz,Max,2021-04-08,2021-04-09
pg0,2021-04-09,bz_max,-53568.62,Bz,Max,2021-04-09,2021-04-10
pg0,2021-04-10,bz_max,-53579.76,Bz,Max,2021-04-10,2021-04-11
pg0,2021-04-11,bz_max,-53575.13,Bz,Max,2021-04-11,2021-04-12
pg0,2021-04-12,bz_max,-53558.94,Bz,Max,2021-04-12,2021-04-13
pg0,2021-04-13,bz_max,-53561.64,Bz,Max,2021-04-13,2021-04-14
pg0,2021-04-14,bz_max,-53564.28,Bz,Max,2021-04-14,2021-04-15
pg0,2021-04-15,bz_max,-53563.81,Bz,Max,2021-04-15,2021-04-16
pg0,2021-04-16,bz_max,-53534.37,Bz,Max,2021-04-16,2021-04-17
pg0,2021-04-17,bz_max,-53556.95,Bz,Max,2021-04-17,2021-04-18
pg0,2021-04-18,bz_max,-53576.77,Bz,Max,2021-04-18,2021-04-19
pg0,2021-04-19,bz_max,-53549.38,Bz,Max,2021-04-19,2021-04-20
pg0,2021-04-20,bz_max,-53557.42,Bz,Max,2021-04-20,2021-04-21
pg0,2021-04-21,bz_max,-53571.32,Bz,Max,2021-04-21,2021-04-22
pg0,2021-04-22,bz_max,-53570.61,Bz,Max,2021-04-22,2021-04-23
pg0,2021-04-23,bz_max,-53561.23,Bz,Max,2021-04-23,2021-04-24
pg0,2021-04-24,bz_max,-53576.36,Bz,Max,2021-04-24,2021-04-25
pg0,2021-04-25,bz_max,-53581.17,Bz,Max,2021-04-25,2021-04-26
pg0,2021-04-26,bz_max,-53595.95,Bz,Max,2021-04-26,2021-04-27
pg0,2021-04-27,bz_max,-53578.47,Bz,Max,2021-04-27,2021-04-28
pg0,2021-04-28,bz_max,-53588.5,Bz,Max,2021-04-28,2021-04-29
pg0,2021-04-29,bz_max,-53558.36,Bz,Max,2021-04-29,2021-04-30
pg0,2021-04-30,bz_max,-53554.25,Bz,Max,2021-04-30,2021-05-01
pg0,2021-05-01,bz_max,-53566.39,Bz,Max,2021-05-01,2021-05-02
pg0,2021-05-02,bz_max,-53574.54,Bz,Max,2021-05-02,2021-05-03
pg0,2021-05-03,bz_max,-53561.47,Bz,Max,2021-05-03,2021-05-04
pg0,2021-05-04,bz_max,-53577.59,Bz,Max,2021-05-04,2021-05-05
pg0,2021-05-05,bz_max,-53579.7,Bz,Max,2021-05-05,2021-05-06
pg0,2021-05-06,bz_max,-53561.88,Bz,Max,2021-05-06,2021-05-07
pg0,2021-05-07,bz_max,-53573.78,Bz,Max,2021-05-07,2021-05-08
pg0,2021-05-08,bz_max,-53579.29,Bz,Max,2021-05-08,2021-05-09
pg0,2021-05-09,bz_max,-53564.16,Bz,Max,2021-05-09,2021-05-10
pg0,2021-05-10,bz_max,-53563.81,Bz,Max,2021-05-10,2021-05-11
pg0,2021-05-11,bz_max,-53583.57,Bz,Max,2021-05-11,2021-05-12
pg0,2021-05-12,bz_max,-53562.23,Bz,Max,2021-05-12,2021-05-13
pg0,2021-05-13,bz_max,-53579.06,Bz,Max,2021-05-13,2021-05-14
pg0,2021-05-14,bz_max,-53576.24,Bz,Max,2021-05-14,2021-05-15
pg0,2021-05-15,bz_max,-53572.78,Bz,Max,2021-05-15,2021-05-16
pg0,2021-05-16,bz_max,-53566.33,Bz,Max,2021-05-16,2021-05-17
pg0,2021-05-17,bz_max,-53558.3,Bz,Max,2021-05-17,2021-05-18
pg0,2021-05-18,bz_max,-53562.99,Bz,Max,2021-05-18,2021-05-19
pg0,2021-05-19,bz_max,-53577.18,Bz,Max,2021-05-19,2021-05-20
pg0,2021-05-20,bz_max,-53543.05,Bz,Max,2021-05-20,2021-05-21
pg0,2021-05-21,bz_max,-53559.94,Bz,Max,2021-05-21,2021-05-22
pg0,2021-05-22,bz_max,-53568.03,Bz,Max,2021-05-22,2021-05-23
pg0,2021-05-23,bz_max,-53577.24,Bz,Max,2021-05-23,2021-05-24
pg0,2021-05-24,bz_max,-53588.97,Bz,Max,2021-05-24,2021-05-25
pg0,2021-05-25,bz_max,-53573.02,Bz,Max,2021-05-25,2021-05-26
pg0,2021-05-26,bz_max,-53542.29,Bz,Max,2021-05-26,2021-05-27
pg0,2021-05-27,bz_max,-53565.74,Bz,Max,2021-05-27,2021-05-28
pg0,2021-05-28,bz_max,-53570.79,Bz,Max,2021-05-28,2021-05-29
pg0,2021-05-29,bz_max,-53540.94,Bz,Max,2021-05-29,2021-05-30
pg0,2021-05-30,bz_max,-53576.71,Bz,Max,2021-05-30,2021-05-31
pg0,2021-05-31,bz_max,-53575.01,Bz,Max,2021-05-31,2021-06-01
pg0,2021-06-01,bz_max,-53581.05,Bz,Max,2021-06-01,2021-06-02
pg0,2021-06-02,bz_max,-53546.45,Bz,Max,2021-06-02,2021-06-03
pg0,2021-06-03,bz_max,-53547.86,Bz,Max,2021-06-03,2021-06-04
pg0,2021-06-04,bz_max,-53565.27,Bz,Max,2021-06-04,2021-06-05
pg0,2021-06-05,bz_max,-53567.33,Bz,Max,2021-06-05,2021-06-06
pg0,2021-06-06,bz_max,-53579.06,Bz,Max,2021-06-06,2021-06-07
pg0,2021-06-07,bz_max,-53540.88,Bz,Max,2021-06-07,2021-06-08
pg0,2021-06-08,bz_max,-53560.0,Bz,Max,2021-06-08,2021-06-09
pg0,2021-06-09,bz_max,-53575.83,Bz,Max,2021-06-09,2021-06-10
pg0,2021-06-10,bz_max,-53569.26,Bz,Max,2021-06-10,2021-06-11
pg0,2021-06-11,bz_max,-53571.73,Bz,Max,2021-06-11,2021-06-12
pg0,2021-06-12,bz_max,-53583.57,Bz,Max,2021-06-12,2021-06-13
pg0,2021-06-13,bz_max,-53577.83,Bz,Max,2021-06-13,2021-06-14
pg0,2021-06-14,bz_max,-53565.39,Bz,Max,2021-06-14,2021-06-15
pg0,2021-06-15,bz_max,-53583.16,Bz,Max,2021-06-15,2021-06-16
pg0,2024-01-01,bz_mean,-53436.4151619126,Bz,Mean,2024-01-01,2024-01-02
pg0,2024-01-02,bz_mean,-53439.767841057575,Bz,Mean,2024-01-02,2024-01-03
pg0,2024-01-03,bz_mean,-53450.56890102775,Bz,Mean,2024-01-03,2024-01-04
pg0,2024-01-04,bz_mean,-53458.8835282232,Bz,Mean,2024-01-04,2024-01-05
pg0,2024-01-05,bz_mean,-53476.183395355416,Bz,Mean,2024-01-05,2024-01-06
pg0,2024-01-06,bz_mean,-53474.27488447096,Bz,Mean,2024-01-06,2024-01-07
pg0,2024-01-07,bz_mean,-53476.28953853925,Bz,Mean,2024-01-07,2024-01-08
pg0,2024-01-08,bz_mean,-53472.92865469113,Bz,Mean,2024-01-08,2024-01-09
pg0,2024-01-09,bz_mean,-53480.031320991424,Bz,Mean,2024-01-09,2024-01-10
pg0,2024-01-10,bz_mean,-53493.15794340277,Bz,Mean,2024-01-10,2024-01-11
pg0,2024-01-11,bz_mean,-53510.06517222223,Bz,Mean,2024-01-11,2024-01-12
pg0,2024-01-12,bz_mean,-53495.51810405093,Bz,Mean,2024-01-12,2024-01-13
pg0,2024-01-13,bz_mean,-53474.24963298613,Bz,Mean,2024-01-13,2024-01-14
pg0,2024-01-14,bz_mean,-53511.88530682871,Bz,Mean,2024-01-14,2024-01-15
pg0,2024-01-15,bz_mean,-53476.69394664352,Bz,Mean,2024-01-15,2024-01-16
pg0,2024-01-16,bz_mean,-53468.65226851852,Bz,Mean,2024-01-16,2024-01-17
pg0,2024-01-17,bz_mean,-53477.870448379625,Bz,Mean,2024-01-17,2024-01-18
pg0,2024-01-18,bz_mean,-53490.26379988426,Bz,Mean,2024-01-18,2024-01-19
pg0,2024-01-19,bz_mean,-53504.20607789351,Bz,Mean,2024-01-19,2024-01-20
pg0,2024-01-20,bz_mean,-53495.43748090278,Bz,Mean,2024-01-20,2024-01-21
pg0,2024-01-21,bz_mean,-53516.53656446759,Bz,Mean,2024-01-21,2024-01-22
pg0,2024-01-22,bz_mean,-53470.90607025464,Bz,Mean,2024-01-22,2024-01-23
pg0,2024-01-23,bz_mean,-53468.92990983796,Bz,Mean,2024-01-23,2024-01-24
pg0,2024-01-24,bz_mean,-53480.20759097222,Bz,Mean,2024-01-24,2024-01-25
pg0,2024-01-25,bz_mean,-53463.928523958326,Bz,Mean,2024-01-25,2024-01-26
pg0,2024-01-26,bz_mean,-53450.89452673612,Bz,Mean,2024-01-26,2024-01-27
pg0,2024-01-27,bz_mean,-53487.69360023148,Bz,Mean,2024-01-27,2024-01-28
pg0,2024-01-28,bz_mean,-53480.01474699073,Bz,Mean,2024-01-28,2024-01-29
pg0,2024-01-29,bz_mean,-53443.015026388886,Bz,Mean,2024-01-29,2024-01-30
pg0,2024-01-30,bz_mean,-53459.55009675925,Bz,Mean,2024-01-30,2024-01-31
pg0,2024-01-31,bz_mean,-53456.38160486111,Bz,Mean,2024-01-31,2024-02-01
pg0,2024-02-01,bz_mean,-53446.68873298612,Bz,Mean,2024-02-01,2024-02-02
pg0,2024-02-02,bz_mean,-53487.574913657394,Bz,Mean,2024-02-02,2024-02-03
pg0,2024-02-03,bz_mean,-53475.58875833334,Bz,Mean,2024-02-03,2024-02-04
pg0,2024-02-04,bz_mean,-53459.31301111111,Bz,Mean,2024-02-04,2024-02-05
pg0,2024-02-05,bz_mean,-53484.9024980324,Bz,Mean,2024-02-05,2024-02-06
pg0,2024-02-06,bz_mean,-53485.095768234816,Bz,Mean,2024-02-06,2024-02-07
pg0,2024-02-07,bz_mean,-53487.27870420049,Bz,Mean,2024-02-07,2024-02-08
pg0,2024-02-08,bz_mean,-53513.658716767895,Bz,Mean,2024-02-08,2024-02-09
pg0,2024-02-09,bz_mean,-53485.90993943654,Bz,Mean,2024-02-09,2024-02-10
pg0,2024-02-10,bz_mean,-53489.17536903648,Bz,Mean,2024-02-10,2024-02-11
pg0,2024-02-11,bz_mean,-53478.66572734144,Bz,Mean,2024-02-11,2024-02-12
pg0,2024-02-12,bz_mean,-53484.53842731482,Bz,Mean,2024-02-12,2024-02-13
pg0,2024-02-13,bz_mean,-53476.43632792425,Bz,Mean,2024-02-13,2024-02-14
pg0,2024-02-14,bz_mean,-53494.30273206019,Bz,Mean,2024-02-14,2024-02-15
pg0,2024-02-15,bz_mean,-53472.78977858796,Bz,Mean,2024-02-15,2024-02-16
pg0,2024-02-16,bz_mean,-53505.492042013895,Bz,Mean,2024-02-16,2024-02-17
pg0,2024-02-17,bz_mean,-53480.36583923611,Bz,Mean,2024-02-17,2024-02-18
pg0,2024-02-18,bz_mean,-53496.12216076389,Bz,Mean,2024-02-18,2024-02-19
pg0,2024-02-19,bz_mean,-53468.80807407408,Bz,Mean,2024-02-19,2024-02-20
pg0,2024-02-20,bz_mean,-53477.95439548612,Bz,Mean,2024-02-20,2024-02-21
pg0,2024-02-21,bz_mean,-53470.98089490741,Bz,Mean,2024-02-21,2024-02-22
pg0,2024-02-22,bz_mean,-53498.07079622554,Bz,Mean,2024-02-22,2024-02-23
pg0,2024-02-23,bz_mean,-53498.2497774048,Bz,Mean,2024-02-23,2024-02-24
pg0,2024-02-24,bz_mean,-53479.91600277777,Bz,Mean,2024-02-24,2024-02-25
pg0,2024-02-25,bz_mean,-53480.097195833325,Bz,Mean,2024-02-25,2024-02-26
pg0,2024-02-26,bz_mean,-53487.99109560185,Bz,Mean,2024-02-26,2024-02-27
pg0,2024-02-27,bz_mean,-53496.99248304124,Bz,Mean,2024-02-27,2024-02-28
pg0,2024-02-28,bz_mean,-53495.97802060425,Bz,Mean,2024-02-28,2024-02-29
pg0,2024-02-29,bz_mean,-53486.51712724832,Bz,Mean,2024-02-29,2024-03-01
pg0,2024-03-01,bz_mean,-53485.24607569445,Bz,Mean,2024-03-01,2024-03-02
pg0,2024-03-02,bz_mean,-53489.6961527154,Bz,Mean,2024-03-02,2024-03-03
pg0,2024-03-03,bz_mean,-53480.93262786229,Bz,Mean,2024-03-03,2024-03-04
pg0,2024-03-04,bz_mean,-53493.94630358795,Bz,Mean,2024-03-04,2024-03-05
pg0,2024-03-05,bz_mean,-53495.843309490745,Bz,Mean,2024-03-05,2024-03-06
pg0,2024-03-06,bz_mean,-53516.28207199075,Bz,Mean,2024-03-06,2024-03-07
pg0,2024-03-07,bz_mean,-53498.05221666666,Bz,Mean,2024-03-07,2024-03-08
pg0,2024-03-08,bz_mean,-53501.27345358796,Bz,Mean,2024-03-08,2024-03-09
pg0,2024-03-09,bz_mean,-53498.94332708333,Bz,Mean,2024-03-09,2024-03-10
pg0,2024-03-10,bz_mean,-53500.88395972222,Bz,Mean,2024-03-10,2024-03-11
pg0,2024-03-11,bz_mean,-53500.51279745369,Bz,Mean,2024-03-11,2024-03-12
pg0,2024-03-12,bz_mean,-53498.81783981482,Bz,Mean,2024-03-12,2024-03-13
pg0,2024-03-13,bz_mean,-53510.00679791667,Bz,Mean,2024-03-13,2024-03-14
pg0,2024-03-14,bz_mean,-53495.14939675926,Bz,Mean,2024-03-14,2024-03-15
pg0,2024-03-15,bz_mean,-53504.27046262645,Bz,Mean,2024-03-15,2024-03-16
pg0,2024-03-16,bz_mean,-53495.12230115741,Bz,Mean,2024-03-16,2024-03-17
pg0,2024-03-17,bz_mean,-53491.49174556693,Bz,Mean,2024-03-17,2024-03-18
pg0,2024-03-18,bz_mean,-53487.90116280687,Bz,Mean,2024-03-18,2024-03-19
pg0,2024-03-19,bz_mean,-53502.21267580557,Bz,Mean,2024-03-19,2024-03-20
pg0,2024-03-20,bz_mean,-53489.525323379625,Bz,Mean,2024-03-20,2024-03-21
pg0,2024-03-21,bz_mean,-53511.7973755787,Bz,Mean,2024-03-21,2024-03-22
pg0,2024-03-22,bz_mean,-53502.84490761965,Bz,Mean,2024-03-22,2024-03-23
pg0,2024-03-23,bz_mean,-53481.78465497685,Bz,Mean,2024-03-23,2024-03-24
pg0,2024-03-24,bz_mean,-53471.03439159625,Bz,Mean,2024-03-24,2024-03-25
pg0,2024-03-25,bz_mean,-53491.06079280008,Bz,Mean,2024-03-25,2024-03-26
pg0,2024-03-26,bz_mean,-53519.18729079376,Bz,Mean,2024-03-26,2024-03-27
pg0,2024-03-27,bz_mean,-53516.243310684105,Bz,Mean,2024-03-27,2024-03-28
pg0,2024-03-28,bz_mean,-53503.19595912626,Bz,Mean,2024-03-28,2024-03-29
pg0,2024-03-29,bz_mean,-53505.33945284812,Bz,Mean,2024-03-29,2024-03-30
pg0,2024-03-30,bz_mean,-53490.29770821759,Bz,Mean,2024-03-30,2024-03-31
pg0,2024-03-31,bz_mean,-53504.074200791685,Bz,Mean,2024-03-31,2024-04-01
pg0,2024-04-01,bz_mean,-53503.52227858795,Bz,Mean,2024-04-01,2024-04-02
pg0,2024-04-02,bz_mean,-53508.64097291666,Bz,Mean,2024-04-02,2024-04-03
pg0,2024-04-03,bz_mean,-53508.93926446759,Bz,Mean,2024-04-03,2024-04-04
pg0,2024-04-04,bz_mean,-53503.36092094908,Bz,Mean,2024-04-04,2024-04-05
pg0,2024-04-05,bz_mean,-53512.3106855324,Bz,Mean,2024-04-05,2024-04-06
pg0,2024-04-06,bz_mean,-53511.70899011528,Bz,Mean,2024-04-06,2024-04-07
pg0,2024-04-07,bz_mean,-53502.84507651526,Bz,Mean,2024-04-07,2024-04-08
pg0,2024-04-08,bz_mean,-53517.99961629279,Bz,Mean,2024-04-08,2024-04-09
pg0,2024-04-09,bz_mean,-53530.43556509863,Bz,Mean,2024-04-09,2024-04-10
pg0,2024-04-10,bz_mean,-53501.52726122686,Bz,Mean,2024-04-10,2024-04-11
pg0,2024-04-11,bz_mean,-53499.9927337963,Bz,Mean,2024-04-11,2024-04-12
pg0,2024-04-12,bz_mean,-53507.41523048946,Bz,Mean,2024-04-12,2024-04-13
pg0,2024-04-13,bz_mean,-53500.51641265835,Bz,Mean,2024-04-13,2024-04-14
pg0,2024-04-14,bz_mean,-53495.07896400463,Bz,Mean,2024-04-14,2024-04-15
pg0,2024-04-15,bz_mean,-53494.32159370804,Bz,Mean,2024-04-15,2024-04-16
pg0,2024-04-16,bz_mean,-53524.127769212966,Bz,Mean,2024-04-16,2024-04-17
pg0,2024-04-17,bz_mean,-53502.24744027778,Bz,Mean,2024-04-17,2024-04-18
pg0,2024-04-18,bz_mean,-53497.219729398144,Bz,Mean,2024-04-18,2024-04-19
pg0,2024-04-19,bz_mean,-53523.147018634256,Bz,Mean,2024-04-19,2024-04-20
pg0,2024-04-20,bz_mean,-53520.60279664352,Bz,Mean,2024-04-20,2024-04-21
pg0,2024-04-21,bz_mean,-53527.31017870371,Bz,Mean,2024-04-21,2024-04-22
pg0,2024-04-22,bz_mean,-53516.91857083334,Bz,Mean,2024-04-22,2024-04-23
pg0,2024-04-23,bz_mean,-53518.92010081019,Bz,Mean,2024-04-23,2024-04-24
pg0,2024-04-24,bz_mean,-53504.30591273149,Bz,Mean,2024-04-24,2024-04-25
pg0,2024-04-25,bz_mean,-53501.84401684158,Bz,Mean,2024-04-25,2024-04-26
pg0,2024-04-26,bz_mean,-53515.67832573214,Bz,Mean,2024-04-26,2024-04-27
pg0,2024-04-27,bz_mean,-53512.965220833335,Bz,Mean,2024-04-27,2024-04-28
pg0,2024-04-28,bz_mean,-53511.4801420139,Bz,Mean,2024-04-28,2024-04-29
pg0,2024-04-29,bz_mean,-53498.12923465136,Bz,Mean,2024-04-29,2024-04-30
pg0,2024-04-30,bz_mean,-53503.785761591695,Bz,Mean,2024-04-30,2024-05-01
pg0,2024-05-01,bz_mean,-53503.46141030093,Bz,Mean,2024-05-01,2024-05-02
pg0,2024-05-02,bz_mean,-53533.91980196758,Bz,Mean,2024-05-02,2024-05-03
pg0,2024-05-03,bz_mean,-53522.44582581019,Bz,Mean,2024-05-03,2024-05-04
pg0,2024-05-04,bz_mean,-53505.54469791666,Bz,Mean,2024-05-04,2024-05-05
pg0,2024-05-05,bz_mean,-53512.088653125,Bz,Mean,2024-05-05,2024-05-06
pg0,2024-05-06,bz_mean,-53519.51648194445,Bz,Mean,2024-05-06,2024-05-07
pg0,2024-05-07,bz_mean,-53501.15406330345,Bz,Mean,2024-05-07,2024-05-08
pg0,2024-05-08,bz_mean,-53498.47144490921,Bz,Mean,2024-05-08,2024-05-09
pg0,2024-05-09,bz_mean,-53495.88447615741,Bz,Mean,2024-05-09,2024-05-10
pg0,2024-05-10,bz_mean,-53523.117316550924,Bz,Mean,2024-05-10,2024-05-11
pg0,2024-05-11,bz_mean,-53757.47585624999,Bz,Mean,2024-05-11,2024-05-12
pg0,2024-05-12,bz_mean,-53630.2528199074,Bz,Mean,2024-05-12,2024-05-13
pg0,2024-05-13,bz_mean,-53571.66557905093,Bz,Mean,2024-05-13,2024-05-14
pg0,2024-05-14,bz_mean,-53536.18716851852,Bz,Mean,2024-05-14,2024-05-15
pg0,2024-05-15,bz_mean,-53545.49738274229,Bz,Mean,2024-05-15,2024-05-16
pg0,2024-05-16,bz_mean,-53591.33749675925,Bz,Mean,2024-05-16,2024-05-17
pg0,2024-05-17,bz_mean,-53528.280265972215,Bz,Mean,2024-05-17,2024-05-18
pg0,2024-05-18,bz_mean,-53561.77195995371,Bz,Mean,2024-05-18,2024-05-19
pg0,2024-05-19,bz_mean,-53543.10009351852,Bz,Mean,2024-05-19,2024-05-20
pg0,2024-05-20,bz_mean,-53523.76271782407,Bz,Mean,2024-05-20,2024-05-21
pg0,2024-05-21,bz_mean,-53522.056979050925,Bz,Mean,2024-05-21,2024-05-22
pg0,2024-05-22,bz_mean,-53510.77630451389,Bz,Mean,2024-05-22,2024-05-23
pg0,2024-05-23,bz_mean,-53521.36476848725,Bz,Mean,2024-05-23,2024-05-24
pg0,2024-05-24,bz_mean,-53531.02277308257,Bz,Mean,2024-05-24,2024-05-25
pg0,2024-05-25,bz_mean,-53513.16508329508,Bz,Mean,2024-05-25,2024-05-26
pg0,2024-05-26,bz_mean,-53516.56462240703,Bz,Mean,2024-05-26,2024-05-27
pg0,2024-05-27,bz_mean,-53516.28049476162,Bz,Mean,2024-05-27,2024-05-28
pg0,2024-05-28,bz_mean,-53504.60344913008,Bz,Mean,2024-05-28,2024-05-29
pg0,2024-05-29,bz_mean,-53496.85692407407,Bz,Mean,2024-05-29,2024-05-30
pg0,2024-05-30,bz_mean,-53506.680789814825,Bz,Mean,2024-05-30,2024-05-31
pg0,2024-05-31,bz_mean,-53538.23769375001,Bz,Mean,2024-05-31,2024-06-01
pg0,2024-06-01,bz_mean,-53513.60335300925,Bz,Mean,2024-06-01,2024-06-02
pg0,2024-06-02,bz_mean,-53498.25484212964,Bz,Mean,2024-06-02,2024-06-03
pg0,2024-06-03,bz_mean,-53502.83310775463,Bz,Mean,2024-06-03,2024-06-04
pg0,2024-06-04,bz_mean,-53517.410930902784,Bz,Mean,2024-06-04,2024-06-05
pg0,2024-06-05,bz_mean,-53500.51596122684,Bz,Mean,2024-06-05,2024-06-06
pg0,2024-06-06,bz_mean,-53519.15063321759,Bz,Mean,2024-06-06,2024-06-07
pg0,2024-06-07,bz_mean,-53531.69736238426,Bz,Mean,2024-06-07,2024-06-08
pg0,2024-06-08,bz_mean,-53527.53743888888,Bz,Mean,2024-06-08,2024-06-09
pg0,2024-06-09,bz_mean,-53515.50027372685,Bz,Mean,2024-06-09,2024-06-10
pg0,2024-06-10,bz_mean,-53498.84361967592,Bz,Mean,2024-06-10,2024-06-11
pg0,2024-06-11,bz_mean,-53512.46279826389,Bz,Mean,2024-06-11,2024-06-12
pg0,2024-06-12,bz_mean,-53499.76095046296,Bz,Mean,2024-06-12,2024-06-13
pg0,2024-06-13,bz_mean,-53494.12514502316,Bz,Mean,2024-06-13,2024-06-14
pg0,2024-06-14,bz_mean,-53504.38298125,Bz,Mean,2024-06-14,2024-06-15
pg0,2024-06-15,bz_mean,-53517.55649930555,Bz,Mean,2024-06-15,2024-06-16
pg0,2024-06-16,bz_mean,-53515.58688796296,Bz,Mean,2024-06-16,2024-06-17
pg0,2024-06-17,bz_mean,-53497.35065266204,Bz,Mean,2024-06-17,2024-06-18
pg0,2024-06-18,bz_mean,-53515.11533807871,Bz,Mean,2024-06-18,2024-06-19
pg0,2024-06-19,bz_mean,-53509.979392708345,Bz,Mean,2024-06-19,2024-06-20
pg0,2024-06-20,bz_mean,-53508.70116550926,Bz,Mean,2024-06-20,2024-06-21
pg0,2024-06-21,bz_mean,-53493.14928287038,Bz,Mean,2024-06-21,2024-06-22
pg0,2024-06-22,bz_mean,-53491.13325393519,Bz,Mean,2024-06-22,2024-06-23
pg0,2024-06-23,bz_mean,-53499.841738888885,Bz,Mean,2024-06-23,2024-06-24
pg0,2024-06-24,bz_mean,-53493.09744196138,Bz,Mean,2024-06-24,2024-06-25
pg0,2024-06-25,bz_mean,-53492.930675853466,Bz,Mean,2024-06-25,2024-06-26
pg0,2024-06-26,bz_mean,-53501.89523809524,Bz,Mean,2024-06-26,2024-06-27
pg0,2024-06-27,bz_mean,-53508.140555555554,Bz,Mean,2024-06-27,2024-06-28
pg0,2024-10-08,bz_mean,-53536.854375,Bz,Mean,2024-10-08,2024-10-09
pg0,2024-10-09,bz_mean,-53494.39648648648,Bz,Mean,2024-10-09,2024-10-10
pg0,2024-10-10,bz_mean,-53422.74349051653,Bz,Mean,2024-10-10,2024-10-11
pg0,2024-10-11,bz_mean,-53548.143423842586,Bz,Mean,2024-10-11,2024-10-12
pg0,2024-10-12,bz_mean,-53500.46300069444,Bz,Mean,2024-10-12,2024-10-13
pg0,2024-10-13,bz_mean,-53483.086260185184,Bz,Mean,2024-10-13,2024-10-14
pg0,2024-10-14,bz_mean,-53477.59536608797,Bz,Mean,2024-10-14,2024-10-15
pg0,2024-10-15,bz_mean,-53484.797062384256,Bz,Mean,2024-10-15,2024-10-16
pg0,2024-10-16,bz_mean,-53498.45212094908,Bz,Mean,2024-10-16,2024-10-17
pg0,2024-10-17,bz_mean,-53487.27333086414,Bz,Mean,2024-10-17,2024-10-18
pg0,2024-10-18,bz_mean,-53479.85328055556,Bz,Mean,2024-10-18,2024-10-19
pg0,2024-10-19,bz_mean,-53495.57256446759,Bz,Mean,2024-10-19,2024-10-20
pg0,2024-10-20,bz_mean,-53478.80746967593,Bz,Mean,2024-10-20,2024-10-21
pg0,2024-10-21,bz_mean,-53471.606508101846,Bz,Mean,2024-10-21,2024-10-22
pg0,2024-10-22,bz_mean,-53476.96634791667,Bz,Mean,2024-10-22,2024-10-23
pg0,2024-10-23,bz_mean,-53479.93364826389,Bz,Mean,2024-10-23,2024-10-24
pg0,2024-10-24,bz_mean,-53488.8143699074,Bz,Mean,2024-10-24,2024-10-25
pg0,2024-10-25,bz_mean,-53468.308082870375,Bz,Mean,2024-10-25,2024-10-26
pg0,2024-10-26,bz_mean,-53431.686118171296,Bz,Mean,2024-10-26,2024-10-27
pg0,2024-10-27,bz_mean,-53381.4920675926,Bz,Mean,2024-10-27,2024-10-28
pg0,2024-10-28,bz_mean,-53409.829584375,Bz,Mean,2024-10-28,2024-10-29
pg0,2024-10-29,bz_mean,-53428.642010069445,Bz,Mean,2024-10-29,2024-10-30
pg0,2024-10-30,bz_mean,-53439.19575821758,Bz,Mean,2024-10-30,2024-10-31
pg0,2024-10-31,bz_mean,-53445.26421539352,Bz,Mean,2024-10-31,2024-11-01
pg0,2024-11-01,bz_mean,-53457.98439247686,Bz,Mean,2024-11-01,2024-11-02
pg0,2024-11-02,bz_mean,-53449.89194247685,Bz,Mean,2024-11-02,2024-11-03
pg0,2024-11-03,bz_mean,-53441.58321157407,Bz,Mean,2024-11-03,2024-11-04
pg0,2024-11-04,bz_mean,-53474.14344201388,Bz,Mean,2024-11-04,2024-11-05
pg0,2024-11-05,bz_mean,-53464.67868368056,Bz,Mean,2024-11-05,2024-11-06
pg0,2024-11-06,bz_mean,-53464.483950231486,Bz,Mean,2024-11-06,2024-11-07
pg0,2024-11-07,bz_mean,-53467.18731663271,Bz,Mean,2024-11-07,2024-11-08
pg0,2024-11-08,bz_mean,-53423.15774520244,Bz,Mean,2024-11-08,2024-11-09
pg0,2024-11-09,bz_mean,-53427.411112615744,Bz,Mean,2024-11-09,2024-11-10
pg0,2024-11-10,bz_mean,-53407.61426597223,Bz,Mean,2024-11-10,2024-11-11
pg0,2024-11-11,bz_mean,-53481.93638219854,Bz,Mean,2024-11-11,2024-11-12
pg0,2024-11-12,bz_mean,-53463.69966597223,Bz,Mean,2024-11-12,2024-11-13
pg0,2024-11-13,bz_mean,-53471.72707719908,Bz,Mean,2024-11-13,2024-11-14
pg0,2024-11-14,bz_mean,-53467.48898356482,Bz,Mean,2024-11-14,2024-11-15
pg0,2024-11-15,bz_mean,-53485.37757962963,Bz,Mean,2024-11-15,2024-11-16
pg0,2024-11-16,bz_mean,-53472.15539710648,Bz,Mean,2024-11-16,2024-11-17
pg0,2024-11-17,bz_mean,-53489.98149930556,Bz,Mean,2024-11-17,2024-11-18
pg0,2024-11-18,bz_mean,-53463.42613136574,Bz,Mean,2024-11-18,2024-11-19
pg0,2024-11-19,bz_mean,-53484.57546284722,Bz,Mean,2024-11-19,2024-11-20
pg0,2024-11-20,bz_mean,-53518.21255266204,Bz,Mean,2024-11-20,2024-11-21
pg0,2024-11-21,bz_mean,-53438.08759583334,Bz,Mean,2024-11-21,2024-11-22
pg0,2024-11-22,bz_mean,-53412.60114641204,Bz,Mean,2024-11-22,2024-11-23
pg0,2024-11-23,bz_mean,-53405.754572337966,Bz,Mean,2024-11-23,2024-11-24
pg0,2024-11-24,bz_mean,-53436.51426469906,Bz,Mean,2024-11-24,2024-11-25
pg0,2024-11-25,bz_mean,-53402.4526099537,Bz,Mean,2024-11-25,2024-11-26
pg0,2024-11-26,bz_mean,-53440.32167271169,Bz,Mean,2024-11-26,2024-11-27
pg0,2024-11-27,bz_mean,-53429.65038634258,Bz,Mean,2024-11-27,2024-11-28
pg0,2024-11-28,bz_mean,-53435.56716724537,Bz,Mean,2024-11-28,2024-11-29
pg0,2024-11-29,bz_mean,-53413.17585995369,Bz,Mean,2024-11-29,2024-11-30
pg0,2024-11-30,bz_mean,-53429.28012280093,Bz,Mean,2024-11-30,2024-12-01
pg0,2024-12-01,bz_mean,-53439.96155937499,Bz,Mean,2024-12-01,2024-12-02
pg0,2024-12-02,bz_mean,-53425.05004837962,Bz,Mean,2024-12-02,2024-12-03
pg0,2024-12-03,bz_mean,-53464.06059270833,Bz,Mean,2024-12-03,2024-12-04
pg0,2024-12-04,bz_mean,-53396.721557523146,Bz,Mean,2024-12-04,2024-12-05
pg0,2024-12-05,bz_mean,-53405.21760127315,Bz,Mean,2024-12-05,2024-12-06
pg0,2024-12-06,bz_mean,-53422.016010300926,Bz,Mean,2024-12-06,2024-12-07
pg0,2024-12-07,bz_mean,-53422.508556018525,Bz,Mean,2024-12-07,2024-12-08
pg0,2024-12-08,bz_mean,-53501.233506250006,Bz,Mean,2024-12-08,2024-12-09
pg0,2024-12-09,bz_mean,-53490.96473159722,Bz,Mean,2024-12-09,2024-12-10
pg0,2024-12-10,bz_mean,-53462.69918425926,Bz,Mean,2024-12-10,2024-12-11
pg0,2024-12-11,bz_mean,-53477.283139120365,Bz,Mean,2024-12-11,2024-12-12
pg0,2024-12-12,bz_mean,-53419.25467735207,Bz,Mean,2024-12-12,2024-12-13
pg0,2024-12-13,bz_mean,-53421.13377476851,Bz,Mean,2024-12-13,2024-12-14
pg0,2024-12-14,bz_mean,-53463.15765057871,Bz,Mean,2024-12-14,2024-12-15
pg0,2024-12-15,bz_mean,-53468.959074768514,Bz,Mean,2024-12-15,2024-12-16
pg0,2024-12-16,bz_mean,-53469.06193518519,Bz,Mean,2024-12-16,2024-12-17
pg0,2024-12-17,bz_mean,-53390.00973460648,Bz,Mean,2024-12-17,2024-12-18
pg0,2024-12-18,bz_mean,-53400.826946634814,Bz,Mean,2024-12-18,2024-12-19
pg0,2024-12-19,bz_mean,-53427.52126365741,Bz,Mean,2024-12-19,2024-12-20
pg0,2024-12-20,bz_mean,-53413.94744988426,Bz,Mean,2024-12-20,2024-12-21
pg0,2024-12-21,bz_mean,-53405.500048842594,Bz,Mean,2024-12-21,2024-12-22
pg0,2024-12-22,bz_mean,-53343.64723935185,Bz,Mean,2024-12-22,2024-12-23
pg0,2024-12-23,bz_mean,-53375.00097465278,Bz,Mean,2024-12-23,2024-12-24
pg0,2024-12-24,bz_mean,-53393.14444872685,Bz,Mean,2024-12-24,2024-12-25
pg0,2024-12-25,bz_mean,-53429.56594756944,Bz,Mean,2024-12-25,2024-12-26
pg0,2024-12-26,bz_mean,-53438.202199884254,Bz,Mean,2024-12-26,2024-12-27
pg0,2024-12-27,bz_mean,-53418.399402430565,Bz,Mean,2024-12-27,2024-12-28
pg0,2024-12-28,bz_mean,-53428.830468518514,Bz,Mean,2024-12-28,2024-12-29
pg0,2024-12-29,bz_mean,-53410.36966400462,Bz,Mean,2024-12-29,2024-12-30
pg0,2024-12-30,bz_mean,-53428.8469091435,Bz,Mean,2024-12-30,2024-12-31
pg0,2024-12-31,bz_mean,-53442.24820196759,Bz,Mean,2024-12-31,2025-01-01
pg1,2024-01-01,bz_mean,-1.403217129629632,Bz,Mean,2024-01-01,2024-01-02
pg1,2024-01-02,bz_mean,-0.7743650462962924,Bz,Mean,2024-01-02,2024-01-03
pg1,2024-01-03,bz_mean,-8.41024270833333,Bz,Mean,2024-01-03,2024-01-04
pg1,2024-01-04,bz_mean,-24.20425451388889,Bz,Mean,2024-01-04,2024-01-05
pg1,2024-01-05,bz_mean,-25.655593634259255,Bz,Mean,2024-01-05,2024-01-06
pg1,2024-01-06,bz_mean,-28.896976157407405,Bz,Mean,2024-01-06,2024-01-07
pg1,2024-01-07,bz_mean,-37.03370023148148,Bz,Mean,2024-01-07,2024-01-08
pg1,2024-01-08,bz_mean,-16.73101226851852,Bz,Mean,2024-01-08,2024-01-09
pg1,2024-01-09,bz_mean,-27.967048842592597,Bz,Mean,2024-01-09,2024-01-10
pg1,2024-01-10,bz_mean,-20.785343164794003,Bz,Mean,2024-01-10,2024-01-11
pg1,2024-01-11,bz_mean,-43.42553597974542,Bz,Mean,2024-01-11,2024-01-12
pg1,2024-01-12,bz_mean,-48.85457523148148,Bz,Mean,2024-01-12,2024-01-13
pg1,2024-01-13,bz_mean,-27.12217448884758,Bz,Mean,2024-01-13,2024-01-14
pg1,2024-01-14,bz_mean,-64.62051158480075,Bz,Mean,2024-01-14,2024-01-15
pg1,2024-01-15,bz_mean,-44.63081840277778,Bz,Mean,2024-01-15,2024-01-16
pg1,2024-01-16,bz_mean,-38.47651755813954,Bz,Mean,2024-01-16,2024-01-17
pg1,2024-01-17,bz_mean,-44.09856597222223,Bz,Mean,2024-01-17,2024-01-18
pg1,2024-01-18,bz_mean,-49.10130687929664,Bz,Mean,2024-01-18,2024-01-19
pg1,2024-01-19,bz_mean,-85.6953195093458,Bz,Mean,2024-01-19,2024-01-20
pg1,2024-01-20,bz_mean,-70.8941474537037,Bz,Mean,2024-01-20,2024-01-21
pg1,2024-01-21,bz_mean,-92.62194537037036,Bz,Mean,2024-01-21,2024-01-22
pg1,2024-01-22,bz_mean,-38.33587951388889,Bz,Mean,2024-01-22,2024-01-23
pg1,2024-01-23,bz_mean,-51.60357999067163,Bz,Mean,2024-01-23,2024-01-24
pg1,2024-01-24,bz_mean,-75.6478082175926,Bz,Mean,2024-01-24,2024-01-25
pg1,2024-01-25,bz_mean,-71.41592843866171,Bz,Mean,2024-01-25,2024-01-26
pg1,2024-01-26,bz_mean,-86.89166768292682,Bz,Mean,2024-01-26,2024-01-27
pg1,2024-01-27,bz_mean,-113.10198958333332,Bz,Mean,2024-01-27,2024-01-28
pg1,2024-01-28,bz_mean,-99.238096875,Bz,Mean,2024-01-28,2024-01-29
pg1,2024-01-29,bz_mean,-80.02038402777778,Bz,Mean,2024-01-29,2024-01-30
pg1,2024-01-30,bz_mean,-94.308565625,Bz,Mean,2024-01-30,2024-01-31
pg1,2024-01-31,bz_mean,-85.38552604166665,Bz,Mean,2024-01-31,2024-02-01
pg1,2024-02-01,bz_mean,-82.1799503180573,Bz,Mean,2024-02-01,2024-02-02
pg1,2024-02-02,bz_mean,-97.52193014018692,Bz,Mean,2024-02-02,2024-02-03
pg1,2024-02-03,bz_mean,-78.48807278037384,Bz,Mean,2024-02-03,2024-02-04
pg1,2024-02-04,bz_mean,-57.28409120370371,Bz,Mean,2024-02-04,2024-02-05
pg1,2024-02-05,bz_mean,-77.0161912037037,Bz,Mean,2024-02-05,2024-02-06
pg1,2024-02-06,bz_mean,-77.6735119212963,Bz,Mean,2024-02-06,2024-02-07
pg1,2024-02-07,bz_mean,-78.40289467592592,Bz,Mean,2024-02-07,2024-02-08
pg1,2024-02-08,bz_mean,-105.60777800925923,Bz,Mean,2024-02-08,2024-02-09
pg1,2024-02-09,bz_mean,-85.94067579217149,Bz,Mean,2024-02-09,2024-02-10
pg1,2024-02-10,bz_mean,-91.38229525462964,Bz,Mean,2024-02-10,2024-02-11
pg1,2024-02-11,bz_mean,-87.67598113425926,Bz,Mean,2024-02-11,2024-02-12
pg1,2024-02-12,bz_mean,-86.54964282407407,Bz,Mean,2024-02-12,2024-02-13
pg1,2024-02-13,bz_mean,-87.00293333333333,Bz,Mean,2024-02-13,2024-02-14
pg1,2024-02-14,bz_mean,-86.70187824074074,Bz,Mean,2024-02-14,2024-02-15
pg1,2024-02-15,bz_mean,-72.57260553753476,Bz,Mean,2024-02-15,2024-02-16
pg1,2024-02-16,bz_mean,-56.6460342661735,Bz,Mean,2024-02-16,2024-02-17
pg1,2024-02-17,bz_mean,23.304875,Bz,Mean,2024-02-17,2024-02-18
pg1,2024-02-18,bz_mean,12.162609953703704,Bz,Mean,2024-02-18,2024-02-19
pg1,2024-02-19,bz_mean,37.69402326388889,Bz,Mean,2024-02-19,2024-02-20
pg1,2024-02-20,bz_mean,23.24664958061509,Bz,Mean,2024-02-20,2024-02-21
pg1,2024-02-21,bz_mean,36.801763657407406,Bz,Mean,2024-02-21,2024-02-22
pg1,2024-02-22,bz_mean,11.812748828491095,Bz,Mean,2024-02-22,2024-02-23
pg1,2024-02-23,bz_mean,4.810474652777778,Bz,Mean,2024-02-23,2024-02-24
pg1,2024-02-24,bz_mean,16.262399537037037,Bz,Mean,2024-02-24,2024-02-25
pg1,2024-02-25,bz_mean,15.725784663865548,Bz,Mean,2024-02-25,2024-02-26
pg1,2024-02-26,bz_mean,2.6513984953703718,Bz,Mean,2024-02-26,2024-02-27
pg1,2024-04-30,bz_mean,-9.075261689814814,Bz,Mean,2024-04-30,2024-05-01
pg1,2024-05-01,bz_mean,-8.489176157407407,Bz,Mean,2024-05-01,2024-05-02
pg1,2024-05-02,bz_mean,-38.59125490833895,Bz,Mean,2024-05-02,2024-05-03
pg1,2024-05-03,bz_mean,-37.570239351851846,Bz,Mean,2024-05-03,2024-05-04
pg1,2024-05-04,bz_mean,-18.53456828703704,Bz,Mean,2024-05-04,2024-05-05
pg1,2024-05-05,bz_mean,-25.971177199074077,Bz,Mean,2024-05-05,2024-05-06
pg1,2024-05-06,bz_mean,-23.980986921296296,Bz,Mean,2024-05-06,2024-05-07
pg1,2024-05-07,bz_mean,-10.010578703703704,Bz,Mean,2024-05-07,2024-05-08
pg1,2024-05-08,bz_mean,-9.989172916666666,Bz,Mean,2024-05-08,2024-05-09
pg1,2024-05-09,bz_mean,-7.737415782508763,Bz,Mean,2024-05-09,2024-05-10
pg1,2024-05-10,bz_mean,-52.00270674860854,Bz,Mean,2024-05-10,2024-05-11
pg1,2024-05-11,bz_mean,-295.2624773148148,Bz,Mean,2024-05-11,2024-05-12
pg1,2024-05-12,bz_mean,-150.6926402777778,Bz,Mean,2024-05-12,2024-05-13
pg1,2024-05-13,bz_mean,-93.55267314814814,Bz,Mean,2024-05-13,2024-05-14
pg1,2024-05-14,bz_mean,-61.74837708333334,Bz,Mean,2024-05-14,2024-05-15
pg1,2024-05-15,bz_mean,-68.7574230324074,Bz,Mean,2024-05-15,2024-05-16
pg1,2024-05-16,bz_mean,-121.12719588083684,Bz,Mean,2024-05-16,2024-05-17
pg1,2024-05-17,bz_mean,-8.64912650462963,Bz,Mean,2024-05-17,2024-05-18
pg1,2024-05-18,bz_mean,-45.06192557870371,Bz,Mean,2024-05-18,2024-05-19
pg1,2024-05-19,bz_mean,-23.15662324766355,Bz,Mean,2024-05-19,2024-05-20
pg1,2024-05-20,bz_mean,-3.1362615740740742,Bz,Mean,2024-05-20,2024-05-21
pg1,2024-05-21,bz_mean,-1.040751041666666,Bz,Mean,2024-05-21,2024-05-22
pg1,2024-05-22,bz_mean,9.86687986111111,Bz,Mean,2024-05-22,2024-05-23
pg1,2024-05-23,bz_mean,-3.0262974617403224,Bz,Mean,2024-05-23,2024-05-24
pg1,2024-05-24,bz_mean,-34.580815625,Bz,Mean,2024-05-24,2024-05-25
pg1,2024-05-25,bz_mean,-13.469796296296296,Bz,Mean,2024-05-25,2024-05-26
pg1,2024-05-26,bz_mean,-19.14098460648148,Bz,Mean,2024-05-26,2024-05-27
pg1,2024-05-27,bz_mean,-16.773909953703704,Bz,Mean,2024-05-27,2024-05-28
pg1,2024-05-28,bz_mean,-5.502020833333334,Bz,Mean,2024-05-28,2024-05-29
pg1,2024-05-29,bz_mean,3.791831597222222,Bz,Mean,2024-05-29,2024-05-30
pg1,2024-05-30,bz_mean,-5.5894769480896525,Bz,Mean,2024-05-30,2024-05-31
pg1,2024-05-31,bz_mean,-40.50718993055556,Bz,Mean,2024-05-31,2024-06-01
pg1,2024-06-01,bz_mean,-12.472522800925928,Bz,Mean,2024-06-01,2024-06-02
pg1,2024-06-02,bz_mean,4.99635462962963,Bz,Mean,2024-06-02,2024-06-03
pg1,2024-06-03,bz_mean,1.178486111111111,Bz,Mean,2024-06-03,2024-06-04
pg1,2024-06-04,bz_mean,-14.84920949074074,Bz,Mean,2024-06-04,2024-06-05
pg1,2024-06-05,bz_mean,4.431733364573571,Bz,Mean,2024-06-05,2024-06-06
pg1,2024-06-06,bz_mean,-21.01019390260853,Bz,Mean,2024-06-06,2024-06-07
pg1,2024-06-07,bz_mean,-37.84516400462963,Bz,Mean,2024-06-07,2024-06-08
pg1,2024-06-08,bz_mean,-24.989993981481486,Bz,Mean,2024-06-08,2024-06-09
pg1,2024-06-09,bz_mean,-13.83374826388889,Bz,Mean,2024-06-09,2024-06-10
pg1,2024-06-10,bz_mean,3.388221643518517,Bz,Mean,2024-06-10,2024-06-11
pg1,2024-06-11,bz_mean,-13.237185798122065,Bz,Mean,2024-06-11,2024-06-12
pg1,2024-06-12,bz_mean,-1.7919101851851849,Bz,Mean,2024-06-12,2024-06-13
pg1,2024-06-13,bz_mean,3.184980599442379,Bz,Mean,2024-06-13,2024-06-14
pg1,2024-06-14,bz_mean,-18.54056069431501,Bz,Mean,2024-06-14,2024-06-15
pg1,2024-06-15,bz_mean,-32.928865972222226,Bz,Mean,2024-06-15,2024-06-16
pg1,2024-06-16,bz_mean,-28.76336712962963,Bz,Mean,2024-06-16,2024-06-17
pg1,2024-06-17,bz_mean,-7.256485532407408,Bz,Mean,2024-06-17,2024-06-18
pg1,2024-06-18,bz_mean,-26.63266701582868,Bz,Mean,2024-06-18,2024-06-19
pg1,2024-06-19,bz_mean,-22.86880046296296,Bz,Mean,2024-06-19,2024-06-20
pg1,2024-06-20,bz_mean,-22.231135371685937,Bz,Mean,2024-06-20,2024-06-21
pg1,2024-06-21,bz_mean,8.661839583333332,Bz,Mean,2024-06-21,2024-06-22
pg1,2024-06-22,bz_mean,9.66796851851852,Bz,Mean,2024-06-22,2024-06-23
pg1,2024-06-23,bz_mean,-1.036980894687792,Bz,Mean,2024-06-23,2024-06-24
pg1,2024-06-24,bz_mean,8.219190625,Bz,Mean,2024-06-24,2024-06-25
pg1,2024-06-25,bz_mean,-5.574614699074071,Bz,Mean,2024-06-25,2024-06-26
pg1,2024-06-26,bz_mean,-2.42642234141791,Bz,Mean,2024-06-26,2024-06-27
pg1,2024-06-27,bz_mean,10.343400436518994,Bz,Mean,2024-06-27,2024-06-28
pg1,2024-06-28,bz_mean,-82.42840937499999,Bz,Mean,2024-06-28,2024-06-29
pg1,2024-06-29,bz_mean,-41.89987430102517,Bz,Mean,2024-06-29,2024-06-30
pg1,2024-06-30,bz_mean,-31.63780185185185,Bz,Mean,2024-06-30,2024-07-01
pg1,2024-07-01,bz_mean,-35.95501440520446,Bz,Mean,2024-07-01,2024-07-02
pg1,2024-07-02,bz_mean,-34.69969236111111,Bz,Mean,2024-07-02,2024-07-03
pg1,2024-07-03,bz_mean,-33.49063425925926,Bz,Mean,2024-07-03,2024-07-04
pg1,2024-07-04,bz_mean,-32.55237673611111,Bz,Mean,2024-07-04,2024-07-05
pg1,2024-07-05,bz_mean,-22.77060185185185,Bz,Mean,2024-07-05,2024-07-06
pg1,2024-07-06,bz_mean,-21.377027314814818,Bz,Mean,2024-07-06,2024-07-07
pg1,2024-11-01,bz_mean,-122.6242324074074,Bz,Mean,2024-11-01,2024-11-02
pg1,2024-11-02,bz_mean,-105.82097152777776,Bz,Mean,2024-11-02,2024-11-03
pg1,2024-11-03,bz_mean,-97.34532337962963,Bz,Mean,2024-11-03,2024-11-04
pg1,2024-11-04,bz_mean,-119.8184445093458,Bz,Mean,2024-11-04,2024-11-05
pg1,2024-11-05,bz_mean,-104.43883380393436,Bz,Mean,2024-11-05,2024-11-06
pg1,2024-11-06,bz_mean,-141.78797650462965,Bz,Mean,2024-11-06,2024-11-07
pg1,2024-11-07,bz_mean,-150.21874224537038,Bz,Mean,2024-11-07,2024-11-08
pg1,2024-11-08,bz_mean,-125.7032539351852,Bz,Mean,2024-11-08,2024-11-09
pg1,2024-11-09,bz_mean,-118.56768773148148,Bz,Mean,2024-11-09,2024-11-10
pg1,2024-11-10,bz_mean,-100.952640625,Bz,Mean,2024-11-10,2024-11-11
pg1,2024-11-11,bz_mean,-160.44668356481483,Bz,Mean,2024-11-11,2024-11-12
pg1,2024-11-12,bz_mean,-126.14581085789952,Bz,Mean,2024-11-12,2024-11-13
pg1,2024-11-13,bz_mean,-49.78541863425926,Bz,Mean,2024-11-13,2024-11-14
pg1,2024-11-14,bz_mean,-48.86677384259259,Bz,Mean,2024-11-14,2024-11-15
pg1,2024-11-15,bz_mean,-68.74601689814814,Bz,Mean,2024-11-15,2024-11-16
pg1,2024-11-16,bz_mean,-64.71532060185186,Bz,Mean,2024-11-16,2024-11-17
pg1,2024-11-17,bz_mean,-66.55297061567164,Bz,Mean,2024-11-17,2024-11-18
pg1,2024-11-18,bz_mean,-38.12472048611111,Bz,Mean,2024-11-18,2024-11-19
pg1,2024-11-19,bz_mean,-82.41696208266536,Bz,Mean,2024-11-19,2024-11-20
pg1,2024-11-20,bz_mean,-153.9771820601852,Bz,Mean,2024-11-20,2024-11-21
pg1,2024-11-21,bz_mean,-105.76307835648149,Bz,Mean,2024-11-21,2024-11-22
pg1,2024-11-22,bz_mean,-77.18212766203703,Bz,Mean,2024-11-22,2024-11-23
pg1,2024-11-23,bz_mean,-80.49393229166667,Bz,Mean,2024-11-23,2024-11-24
pg1,2024-11-24,bz_mean,-103.83677083333332,Bz,Mean,2024-11-24,2024-11-25
pg1,2024-11-25,bz_mean,-76.75428463855421,Bz,Mean,2024-11-25,2024-11-26
pg1,2024-11-26,bz_mean,-91.54247057457924,Bz,Mean,2024-11-26,2024-11-27
pg1,2024-11-27,bz_mean,-39.18590430954588,Bz,Mean,2024-11-27,2024-11-28
pg1,2024-11-28,bz_mean,-36.32111860465117,Bz,Mean,2024-11-28,2024-11-29
pg1,2024-11-29,bz_mean,-26.344407870370368,Bz,Mean,2024-11-29,2024-11-30
pg1,2024-11-30,bz_mean,-33.516536574074074,Bz,Mean,2024-11-30,2024-12-01
pg1,2024-12-01,bz_mean,-38.83302870370371,Bz,Mean,2024-12-01,2024-12-02
pg1,2024-12-02,bz_mean,-28.455423263888893,Bz,Mean,2024-12-02,2024-12-03
pg1,2024-12-03,bz_mean,-72.83283277995774,Bz,Mean,2024-12-03,2024-12-04
pg1,2024-12-04,bz_mean,-51.55182349537038,Bz,Mean,2024-12-04,2024-12-05
pg1,2024-12-05,bz_mean,-46.402578472222224,Bz,Mean,2024-12-05,2024-12-06
pg1,2024-12-06,bz_mean,-52.679420601851845,Bz,Mean,2024-12-06,2024-12-07
pg1,2024-12-07,bz_mean,-60.74510532407407,Bz,Mean,2024-12-07,2024-12-08
pg1,2024-12-08,bz_mean,-103.8251357638889,Bz,Mean,2024-12-08,2024-12-09
pg1,2024-12-09,bz_mean,-103.59928252314816,Bz,Mean,2024-12-09,2024-12-10
pg1,2024-12-10,bz_mean,-76.90226029305902,Bz,Mean,2024-12-10,2024-12-11
pg1,2024-12-11,bz_mean,-96.373062557924,Bz,Mean,2024-12-11,2024-12-12
pg1,2024-12-12,bz_mean,-49.04913356481481,Bz,Mean,2024-12-12,2024-12-13
pg1,2024-12-13,bz_mean,-44.35748368055555,Bz,Mean,2024-12-13,2024-12-14
pg1,2024-12-14,bz_mean,-71.54666053240742,Bz,Mean,2024-12-14,2024-12-15
pg1,2024-12-15,bz_mean,-57.37146666666668,Bz,Mean,2024-12-15,2024-12-16
pg1,2024-12-16,bz_mean,-84.95591030092594,Bz,Mean,2024-12-16,2024-12-17
pg1,2024-12-17,bz_mean,-60.5636128225321,Bz,Mean,2024-12-17,2024-12-18
pg1,2024-12-18,bz_mean,-53.29693252314814,Bz,Mean,2024-12-18,2024-12-19
pg1,2024-12-19,bz_mean,-70.72281921296295,Bz,Mean,2024-12-19,2024-12-20
pg1,2024-12-20,bz_mean,-57.34893090277779,Bz,Mean,2024-12-20,2024-12-21
pg1,2024-12-21,bz_mean,-65.244309375,Bz,Mean,2024-12-21,2024-12-22
pg1,2024-12-22,bz_mean,5.66428365831012,Bz,Mean,2024-12-22,2024-12-23
pg1,2024-12-23,bz_mean,-38.42737674418605,Bz,Mean,2024-12-23,2024-12-24
pg1,2024-12-24,bz_mean,-32.249719731462555,Bz,Mean,2024-12-24,2024-12-25
pg1,2024-12-25,bz_mean,-54.0503462962963,Bz,Mean,2024-12-25,2024-12-26
pg1,2024-12-26,bz_mean,-57.97942951388889,Bz,Mean,2024-12-26,2024-12-27
pg1,2024-12-27,bz_mean,-47.21007893518518,Bz,Mean,2024-12-27,2024-12-28
pg1,2024-12-28,bz_mean,-49.34649375000001,Bz,Mean,2024-12-28,2024-12-29
pg1,2024-12-29,bz_mean,-36.66374583333334,Bz,Mean,2024-12-29,2024-12-30
pg1,2024-12-30,bz_mean,-36.786409722222224,Bz,Mean,2024-12-30,2024-12-31
pg1,2024-12-31,bz_mean,-67.89919276520608,Bz,Mean,2024-12-31,2025-01-01
pg2,2024-01-01,bz_mean,-49606.56592463215,Bz,Mean,2024-01-01,2024-01-02
pg2,2024-01-02,bz_mean,-49598.15520126171,Bz,Mean,2024-01-02,2024-01-03
pg2,2024-01-03,bz_mean,-49608.93713522356,Bz,Mean,2024-01-03,2024-01-04
pg2,2024-01-04,bz_mean,-49621.7699131273,Bz,Mean,2024-01-04,2024-01-05
pg2,2024-01-05,bz_mean,-49614.2156831238,Bz,Mean,2024-01-05,2024-01-06
pg2,2024-01-06,bz_mean,-49622.90005483192,Bz,Mean,2024-01-06,2024-01-07
pg2,2024-01-07,bz_mean,-49629.89014160248,Bz,Mean,2024-01-07,2024-01-08
pg2,2024-01-08,bz_mean,-49607.44713176105,Bz,Mean,2024-01-08,2024-01-09
pg2,2024-01-09,bz_mean,-49622.3581469833,Bz,Mean,2024-01-09,2024-01-10
pg2,2024-01-10,bz_mean,-49603.309634024205,Bz,Mean,2024-01-10,2024-01-11
pg2,2024-01-11,bz_mean,-49625.77804732058,Bz,Mean,2024-01-11,2024-01-12
pg2,2024-01-12,bz_mean,-49618.28236539774,Bz,Mean,2024-01-12,2024-01-13
pg2,2024-01-13,bz_mean,-49596.00539859547,Bz,Mean,2024-01-13,2024-01-14
pg2,2024-01-14,bz_mean,-49616.27663416183,Bz,Mean,2024-01-14,2024-01-15
pg2,2024-01-15,bz_mean,-49619.45039899399,Bz,Mean,2024-01-15,2024-01-16
pg2,2024-01-16,bz_mean,-49615.2112976848,Bz,Mean,2024-01-16,2024-01-17
pg2,2024-01-17,bz_mean,-49627.85138724508,Bz,Mean,2024-01-17,2024-01-18
pg2,2024-01-18,bz_mean,-49621.89713924527,Bz,Mean,2024-01-18,2024-01-19
pg2,2024-01-19,bz_mean,-49642.51297186959,Bz,Mean,2024-01-19,2024-01-20
pg2,2024-01-20,bz_mean,-49622.935622802586,Bz,Mean,2024-01-20,2024-01-21
pg2,2024-01-21,bz_mean,-49654.37377628378,Bz,Mean,2024-01-21,2024-01-22
pg2,2024-01-22,bz_mean,-49585.7772070899,Bz,Mean,2024-01-22,2024-01-23
pg2,2024-01-23,bz_mean,-49612.8700943987,Bz,Mean,2024-01-23,2024-01-24
pg2,2024-01-24,bz_mean,-49649.033076851854,Bz,Mean,2024-01-24,2024-01-25
pg2,2024-01-25,bz_mean,-49627.85747662037,Bz,Mean,2024-01-25,2024-01-26
pg2,2024-01-26,bz_mean,-49607.51616423611,Bz,Mean,2024-01-26,2024-01-27
pg2,2024-01-27,bz_mean,-49632.85314675926,Bz,Mean,2024-01-27,2024-01-28
pg2,2024-01-28,bz_mean,-49601.60329571759,Bz,Mean,2024-01-28,2024-01-29
pg2,2024-01-29,bz_mean,-49608.92197986111,Bz,Mean,2024-01-29,2024-01-30
pg2,2024-01-30,bz_mean,-49613.33070833333,Bz,Mean,2024-01-30,2024-01-31
pg2,2024-01-31,bz_mean,-49607.8337224537,Bz,Mean,2024-01-31,2024-02-01
pg2,2024-02-01,bz_mean,-49616.617790624994,Bz,Mean,2024-02-01,2024-02-02
pg2,2024-02-02,bz_mean,-49646.16523611111,Bz,Mean,2024-02-02,2024-02-03
pg2,2024-02-03,bz_mean,-49624.86398900463,Bz,Mean,2024-02-03,2024-02-04
pg2,2024-02-04,bz_mean,-49601.767125694445,Bz,Mean,2024-02-04,2024-02-05
pg2,2024-02-05,bz_mean,-49619.02221329996,Bz,Mean,2024-02-05,2024-02-06
pg2,2024-02-06,bz_mean,-49624.081479074215,Bz,Mean,2024-02-06,2024-02-07
pg2,2024-02-07,bz_mean,-49627.25933296069,Bz,Mean,2024-02-07,2024-02-08
pg2,2024-02-08,bz_mean,-49644.55162091182,Bz,Mean,2024-02-08,2024-02-09
pg2,2024-02-09,bz_mean,-49634.07620138046,Bz,Mean,2024-02-09,2024-02-10
pg2,2024-02-10,bz_mean,-49631.47853280049,Bz,Mean,2024-02-10,2024-02-11
pg2,2024-02-11,bz_mean,-49650.29772191461,Bz,Mean,2024-02-11,2024-02-12
pg2,2024-02-12,bz_mean,-49643.31631816745,Bz,Mean,2024-02-12,2024-02-13
pg2,2024-02-13,bz_mean,-49639.66455774741,Bz,Mean,2024-02-13,2024-02-14
pg2,2024-02-14,bz_mean,-49629.94093191905,Bz,Mean,2024-02-14,2024-02-15
pg2,2024-02-15,bz_mean,-49624.36808117295,Bz,Mean,2024-02-15,2024-02-16
pg2,2024-02-16,bz_mean,-49636.79302188027,Bz,Mean,2024-02-16,2024-02-17
pg2,2024-02-17,bz_mean,-49614.68736714635,Bz,Mean,2024-02-17,2024-02-18
pg2,2024-02-18,bz_mean,-49632.43382448639,Bz,Mean,2024-02-18,2024-02-19
pg2,2024-02-19,bz_mean,-49607.206046129846,Bz,Mean,2024-02-19,2024-02-20
pg2,2024-02-20,bz_mean,-49623.99446203703,Bz,Mean,2024-02-20,2024-02-21
pg2,2024-02-21,bz_mean,-49603.924138686896,Bz,Mean,2024-02-21,2024-02-22
pg2,2024-02-22,bz_mean,-49624.6082599537,Bz,Mean,2024-02-22,2024-02-23
pg2,2024-02-23,bz_mean,-49634.28973368056,Bz,Mean,2024-02-23,2024-02-24
pg2,2024-02-24,bz_mean,-49636.651688933176,Bz,Mean,2024-02-24,2024-02-25
pg2,2024-02-25,bz_mean,-49647.2935318996,Bz,Mean,2024-02-25,2024-02-26
pg2,2024-02-26,bz_mean,-49662.75166435185,Bz,Mean,2024-02-26,2024-02-27
pg2,2024-02-27,bz_mean,-49647.75626388792,Bz,Mean,2024-02-27,2024-02-28
pg2,2024-02-28,bz_mean,-49648.84344387815,Bz,Mean,2024-02-28,2024-02-29
pg2,2024-02-29,bz_mean,-49632.3254812434,Bz,Mean,2024-02-29,2024-03-01
pg2,2024-03-01,bz_mean,-49642.46859509878,Bz,Mean,2024-03-01,2024-03-02
pg2,2024-03-02,bz_mean,-49645.82167763005,Bz,Mean,2024-03-02,2024-03-03
pg2,2024-03-03,bz_mean,-49620.50851832485,Bz,Mean,2024-03-03,2024-03-04
pg2,2024-03-04,bz_mean,-49644.89336509045,Bz,Mean,2024-03-04,2024-03-05
pg2,2024-03-05,bz_mean,-49637.72198866744,Bz,Mean,2024-03-05,2024-03-06
pg2,2024-03-06,bz_mean,-49659.07263940694,Bz,Mean,2024-03-06,2024-03-07
pg2,2024-03-07,bz_mean,-49637.29616087411,Bz,Mean,2024-03-07,2024-03-08
pg2,2024-03-08,bz_mean,-49660.38405581222,Bz,Mean,2024-03-08,2024-03-09
pg2,2024-03-09,bz_mean,-49654.30206727857,Bz,Mean,2024-03-09,2024-03-10
pg2,2024-03-10,bz_mean,-49647.68403856436,Bz,Mean,2024-03-10,2024-03-11
pg2,2024-03-11,bz_mean,-49656.072498171474,Bz,Mean,2024-03-11,2024-03-12
pg2,2024-03-12,bz_mean,-49643.67847949007,Bz,Mean,2024-03-12,2024-03-13
pg2,2024-03-13,bz_mean,-49646.15805794366,Bz,Mean,2024-03-13,2024-03-14
pg2,2024-03-14,bz_mean,-49631.805019040105,Bz,Mean,2024-03-14,2024-03-15
pg2,2024-03-15,bz_mean,-49656.61018128641,Bz,Mean,2024-03-15,2024-03-16
pg2,2024-03-16,bz_mean,-49636.52207090962,Bz,Mean,2024-03-16,2024-03-17
pg2,2024-03-17,bz_mean,-49636.70649710648,Bz,Mean,2024-03-17,2024-03-18
pg2,2024-03-18,bz_mean,-49622.65085474538,Bz,Mean,2024-03-18,2024-03-19
pg2,2024-03-19,bz_mean,-49643.57153397428,Bz,Mean,2024-03-19,2024-03-20
pg2,2024-03-20,bz_mean,-49641.86102090237,Bz,Mean,2024-03-20,2024-03-21
pg2,2024-03-21,bz_mean,-49650.762949108765,Bz,Mean,2024-03-21,2024-03-22
pg2,2024-03-22,bz_mean,-49653.60547124647,Bz,Mean,2024-03-22,2024-03-23
pg2,2024-03-23,bz_mean,-49649.31601596295,Bz,Mean,2024-03-23,2024-03-24
pg2,2024-03-24,bz_mean,-49638.445948821536,Bz,Mean,2024-03-24,2024-03-25
pg2,2024-03-25,bz_mean,-49657.23022848394,Bz,Mean,2024-03-25,2024-03-26
pg2,2024-03-26,bz_mean,-49664.39935127315,Bz,Mean,2024-03-26,2024-03-27
pg2,2024-03-27,bz_mean,-49666.27811325346,Bz,Mean,2024-03-27,2024-03-28
pg2,2024-03-28,bz_mean,-49653.81693206019,Bz,Mean,2024-03-28,2024-03-29
pg2,2024-03-29,bz_mean,-49652.21182577343,Bz,Mean,2024-03-29,2024-03-30
pg2,2024-03-30,bz_mean,-49632.27292184985,Bz,Mean,2024-03-30,2024-03-31
pg2,2024-03-31,bz_mean,-49646.456048787935,Bz,Mean,2024-03-31,2024-04-01
pg2,2024-04-01,bz_mean,-49650.20626150863,Bz,Mean,2024-04-01,2024-04-02
pg2,2024-04-02,bz_mean,-49648.23293136574,Bz,Mean,2024-04-02,2024-04-03
pg2,2024-04-03,bz_mean,-49655.73110243055,Bz,Mean,2024-04-03,2024-04-04
pg2,2024-04-04,bz_mean,-49641.94060703692,Bz,Mean,2024-04-04,2024-04-05
pg2,2024-04-05,bz_mean,-49662.05531914647,Bz,Mean,2024-04-05,2024-04-06
pg2,2024-04-06,bz_mean,-49671.67262838885,Bz,Mean,2024-04-06,2024-04-07
pg2,2024-04-07,bz_mean,-49649.50985182483,Bz,Mean,2024-04-07,2024-04-08
pg2,2024-04-08,bz_mean,-49670.70323363584,Bz,Mean,2024-04-08,2024-04-09
pg2,2024-04-09,bz_mean,-49673.197756880894,Bz,Mean,2024-04-09,2024-04-10
pg2,2024-04-10,bz_mean,-49633.33332561338,Bz,Mean,2024-04-10,2024-04-11
pg2,2024-04-11,bz_mean,-49643.763158482536,Bz,Mean,2024-04-11,2024-04-12
pg2,2024-04-12,bz_mean,-49649.46598247574,Bz,Mean,2024-04-12,2024-04-13
pg2,2024-04-13,bz_mean,-49644.221532251424,Bz,Mean,2024-04-13,2024-04-14
pg2,2024-04-14,bz_mean,-49636.16404272831,Bz,Mean,2024-04-14,2024-04-15
pg2,2024-04-15,bz_mean,-49637.76755609888,Bz,Mean,2024-04-15,2024-04-16
pg2,2024-04-16,bz_mean,-49679.18268395977,Bz,Mean,2024-04-16,2024-04-17
pg2,2024-04-17,bz_mean,-49635.93205310629,Bz,Mean,2024-04-17,2024-04-18
pg2,2024-04-18,bz_mean,-49639.914459715474,Bz,Mean,2024-04-18,2024-04-19
pg2,2024-04-19,bz_mean,-49673.25226468166,Bz,Mean,2024-04-19,2024-04-20
pg2,2024-04-20,bz_mean,-49664.1709592019,Bz,Mean,2024-04-20,2024-04-21
pg2,2024-04-21,bz_mean,-49680.9629961666,Bz,Mean,2024-04-21,2024-04-22
pg2,2024-04-22,bz_mean,-49672.647833417774,Bz,Mean,2024-04-22,2024-04-23
pg2,2024-04-23,bz_mean,-49675.21455774707,Bz,Mean,2024-04-23,2024-04-24
pg2,2024-04-24,bz_mean,-49646.321740225205,Bz,Mean,2024-04-24,2024-04-25
pg2,2024-04-25,bz_mean,-49641.77571440336,Bz,Mean,2024-04-25,2024-04-26
pg2,2024-04-26,bz_mean,-49660.37041152553,Bz,Mean,2024-04-26,2024-04-27
pg2,2024-04-27,bz_mean,-49647.97564977338,Bz,Mean,2024-04-27,2024-04-28
pg2,2024-04-28,bz_mean,-49653.97314716928,Bz,Mean,2024-04-28,2024-04-29
pg2,2024-04-29,bz_mean,-49637.67480234295,Bz,Mean,2024-04-29,2024-04-30
pg2,2024-04-30,bz_mean,-49651.57805277846,Bz,Mean,2024-04-30,2024-05-01
pg2,2024-05-01,bz_mean,-49652.24435929087,Bz,Mean,2024-05-01,2024-05-02
pg2,2024-05-02,bz_mean,-49678.190692198215,Bz,Mean,2024-05-02,2024-05-03
pg2,2024-05-03,bz_mean,-49673.00635010122,Bz,Mean,2024-05-03,2024-05-04
pg2,2024-05-04,bz_mean,-49648.96216578861,Bz,Mean,2024-05-04,2024-05-05
pg2,2024-05-05,bz_mean,-49660.13082223658,Bz,Mean,2024-05-05,2024-05-06
pg2,2024-05-06,bz_mean,-49645.19724619439,Bz,Mean,2024-05-06,2024-05-07
pg2,2024-05-07,bz_mean,-49637.480175257246,Bz,Mean,2024-05-07,2024-05-08
pg2,2024-05-08,bz_mean,-49640.61178737987,Bz,Mean,2024-05-08,2024-05-09
pg2,2024-05-09,bz_mean,-49635.17312606644,Bz,Mean,2024-05-09,2024-05-10
pg2,2024-05-10,bz_mean,-49664.77825577027,Bz,Mean,2024-05-10,2024-05-11
pg2,2024-05-11,bz_mean,-49922.47218870852,Bz,Mean,2024-05-11,2024-05-12
pg2,2024-05-12,bz_mean,-49762.17497131234,Bz,Mean,2024-05-12,2024-05-13
pg2,2024-05-13,bz_mean,-49708.09035660449,Bz,Mean,2024-05-13,2024-05-14
pg2,2024-05-14,bz_mean,-49673.66955731067,Bz,Mean,2024-05-14,2024-05-15
pg2,2024-05-15,bz_mean,-49680.7717934099,Bz,Mean,2024-05-15,2024-05-16
pg2,2024-05-16,bz_mean,-49746.06257927274,Bz,Mean,2024-05-16,2024-05-17
pg2,2024-05-17,bz_mean,-49668.91220670424,Bz,Mean,2024-05-17,2024-05-18
pg2,2024-05-18,bz_mean,-49716.20759894087,Bz,Mean,2024-05-18,2024-05-19
pg2,2024-05-19,bz_mean,-49680.81840050777,Bz,Mean,2024-05-19,2024-05-20
pg2,2024-05-20,bz_mean,-49665.73759987758,Bz,Mean,2024-05-20,2024-05-21
pg2,2024-05-21,bz_mean,-49657.83425586178,Bz,Mean,2024-05-21,2024-05-22
pg2,2024-05-22,bz_mean,-49651.02074430266,Bz,Mean,2024-05-22,2024-05-23
pg2,2024-05-23,bz_mean,-49658.92733851436,Bz,Mean,2024-05-23,2024-05-24
pg2,2024-05-24,bz_mean,-49684.595216270616,Bz,Mean,2024-05-24,2024-05-25
pg2,2024-05-25,bz_mean,-49654.18717455238,Bz,Mean,2024-05-25,2024-05-26
pg2,2024-05-26,bz_mean,-49662.60052886424,Bz,Mean,2024-05-26,2024-05-27
pg2,2024-05-27,bz_mean,-49655.65531018186,Bz,Mean,2024-05-27,2024-05-28
pg2,2024-05-28,bz_mean,-49646.349551373285,Bz,Mean,2024-05-28,2024-05-29
pg2,2024-05-29,bz_mean,-49634.40889494246,Bz,Mean,2024-05-29,2024-05-30
pg2,2024-05-30,bz_mean,-49638.40466773419,Bz,Mean,2024-05-30,2024-05-31
pg2,2024-05-31,bz_mean,-49695.608607542825,Bz,Mean,2024-05-31,2024-06-01
pg2,2024-06-01,bz_mean,-49660.83742185754,Bz,Mean,2024-06-01,2024-06-02
pg2,2024-06-02,bz_mean,-49640.391169277485,Bz,Mean,2024-06-02,2024-06-03
pg2,2024-06-03,bz_mean,-49644.91577472572,Bz,Mean,2024-06-03,2024-06-04
pg2,2024-06-04,bz_mean,-49664.12040294979,Bz,Mean,2024-06-04,2024-06-05
pg2,2024-06-05,bz_mean,-49636.571222203886,Bz,Mean,2024-06-05,2024-06-06
pg2,2024-06-06,bz_mean,-49674.2335813287,Bz,Mean,2024-06-06,2024-06-07
pg2,2024-06-07,bz_mean,-49681.77233230292,Bz,Mean,2024-06-07,2024-06-08
pg2,2024-06-08,bz_mean,-49662.929245915526,Bz,Mean,2024-06-08,2024-06-09
pg2,2024-06-09,bz_mean,-49639.603241217854,Bz,Mean,2024-06-09,2024-06-10
pg2,2024-06-10,bz_mean,-49629.29311450596,Bz,Mean,2024-06-10,2024-06-11
pg2,2024-06-11,bz_mean,-49650.68477307083,Bz,Mean,2024-06-11,2024-06-12
pg2,2024-06-12,bz_mean,-49634.76765120079,Bz,Mean,2024-06-12,2024-06-13
pg2,2024-06-13,bz_mean,-49633.78043835938,Bz,Mean,2024-06-13,2024-06-14
pg2,2024-06-14,bz_mean,-49646.6795453209,Bz,Mean,2024-06-14,2024-06-15
pg2,2024-06-15,bz_mean,-49670.57458125412,Bz,Mean,2024-06-15,2024-06-16
pg2,2024-06-16,bz_mean,-49660.4171791917,Bz,Mean,2024-06-16,2024-06-17
pg2,2024-06-17,bz_mean,-49631.22301408384,Bz,Mean,2024-06-17,2024-06-18
pg2,2024-06-18,bz_mean,-49652.40162175231,Bz,Mean,2024-06-18,2024-06-19
pg2,2024-06-19,bz_mean,-49650.04573636299,Bz,Mean,2024-06-19,2024-06-20
pg2,2024-06-20,bz_mean,-49652.77328579826,Bz,Mean,2024-06-20,2024-06-21
pg2,2024-06-21,bz_mean,-49632.723770271696,Bz,Mean,2024-06-21,2024-06-22
pg2,2024-06-22,bz_mean,-49632.788469817446,Bz,Mean,2024-06-22,2024-06-23
pg2,2024-06-23,bz_mean,-49663.02314610528,Bz,Mean,2024-06-23,2024-06-24
pg2,2024-06-24,bz_mean,-49655.35147058823,Bz,Mean,2024-06-24,2024-06-25
pg3,2024-01-01,bz_mean,-48725.45083880912,Bz,Mean,2024-01-01,2024-01-02
pg3,2024-01-02,bz_mean,-48726.460336829135,Bz,Mean,2024-01-02,2024-01-03
pg3,2024-01-03,bz_mean,-48721.36981759127,Bz,Mean,2024-01-03,2024-01-04
pg3,2024-01-04,bz_mean,-48741.88462796114,Bz,Mean,2024-01-04,2024-01-05
pg3,2024-01-05,bz_mean,-48733.20752175189,Bz,Mean,2024-01-05,2024-01-06
pg3,2024-01-06,bz_mean,-48740.28990599638,Bz,Mean,2024-01-06,2024-01-07
pg3,2024-01-07,bz_mean,-48748.06895180555,Bz,Mean,2024-01-07,2024-01-08
pg3,2024-01-08,bz_mean,-48726.14185698878,Bz,Mean,2024-01-08,2024-01-09
pg3,2024-01-09,bz_mean,-48745.1965462963,Bz,Mean,2024-01-09,2024-01-10
pg3,2024-01-10,bz_mean,-48720.04948236798,Bz,Mean,2024-01-10,2024-01-11
pg3,2024-01-11,bz_mean,-48739.45060223359,Bz,Mean,2024-01-11,2024-01-12
pg3,2024-01-12,bz_mean,-48736.33266126133,Bz,Mean,2024-01-12,2024-01-13
pg3,2024-01-13,bz_mean,-48713.951836969,Bz,Mean,2024-01-13,2024-01-14
pg3,2024-01-14,bz_mean,-48703.19907496549,Bz,Mean,2024-01-14,2024-01-15
pg3,2024-01-15,bz_mean,-48728.45225082845,Bz,Mean,2024-01-15,2024-01-16
pg3,2024-01-16,bz_mean,-48734.48064340303,Bz,Mean,2024-01-16,2024-01-17
pg3,2024-01-17,bz_mean,-48750.823663888885,Bz,Mean,2024-01-17,2024-01-18
pg3,2024-01-18,bz_mean,-48732.94196193061,Bz,Mean,2024-01-18,2024-01-19
pg3,2024-01-19,bz_mean,-48753.838127199066,Bz,Mean,2024-01-19,2024-01-20
pg3,2024-01-20,bz_mean,-48729.09364537037,Bz,Mean,2024-01-20,2024-01-21
pg3,2024-01-21,bz_mean,-48766.77103712208,Bz,Mean,2024-01-21,2024-01-22
pg3,2024-01-22,bz_mean,-48700.33371979166,Bz,Mean,2024-01-22,2024-01-23
pg3,2024-01-23,bz_mean,-48731.77100208333,Bz,Mean,2024-01-23,2024-01-24
pg3,2024-01-24,bz_mean,-48768.99542497304,Bz,Mean,2024-01-24,2024-01-25
pg3,2024-01-25,bz_mean,-48740.009819212966,Bz,Mean,2024-01-25,2024-01-26
pg3,2024-01-26,bz_mean,-48723.37579941372,Bz,Mean,2024-01-26,2024-01-27
pg3,2024-01-27,bz_mean,-48749.98730289352,Bz,Mean,2024-01-27,2024-01-28
pg3,2024-01-28,bz_mean,-48712.615451101614,Bz,Mean,2024-01-28,2024-01-29
pg3,2024-01-29,bz_mean,-48735.01309513889,Bz,Mean,2024-01-29,2024-01-30
pg3,2024-01-30,bz_mean,-48736.40919774562,Bz,Mean,2024-01-30,2024-01-31
pg3,2024-01-31,bz_mean,-48734.98301129511,Bz,Mean,2024-01-31,2024-02-01
pg3,2024-02-01,bz_mean,-48740.719825,Bz,Mean,2024-02-01,2024-02-02
pg3,2024-02-02,bz_mean,-48757.81926863426,Bz,Mean,2024-02-02,2024-02-03
pg3,2024-02-03,bz_mean,-48747.55716927784,Bz,Mean,2024-02-03,2024-02-04
pg3,2024-02-04,bz_mean,-48716.6657337963,Bz,Mean,2024-02-04,2024-02-05
pg3,2024-02-05,bz_mean,-48733.3180691509,Bz,Mean,2024-02-05,2024-02-06
pg3,2024-02-06,bz_mean,-48746.7343228341,Bz,Mean,2024-02-06,2024-02-07
pg3,2024-02-07,bz_mean,-48745.46684986768,Bz,Mean,2024-02-07,2024-02-08
pg3,2024-02-08,bz_mean,-48752.60947550131,Bz,Mean,2024-02-08,2024-02-09
pg3,2024-02-09,bz_mean,-48754.55056236969,Bz,Mean,2024-02-09,2024-02-10
pg3,2024-02-10,bz_mean,-48742.34193399739,Bz,Mean,2024-02-10,2024-02-11
pg3,2024-02-11,bz_mean,-48782.37555191028,Bz,Mean,2024-02-11,2024-02-12
pg3,2024-02-12,bz_mean,-48769.94888597748,Bz,Mean,2024-02-12,2024-02-13
pg3,2024-02-13,bz_mean,-48743.95530156921,Bz,Mean,2024-02-13,2024-02-14
pg3,2024-02-14,bz_mean,-48749.49617084785,Bz,Mean,2024-02-14,2024-02-15
pg3,2024-02-15,bz_mean,-48745.4799254505,Bz,Mean,2024-02-15,2024-02-16
pg3,2024-02-16,bz_mean,-48747.88068722201,Bz,Mean,2024-02-16,2024-02-17
pg3,2024-02-17,bz_mean,-48725.33194328704,Bz,Mean,2024-02-17,2024-02-18
pg3,2024-02-18,bz_mean,-48749.083142293865,Bz,Mean,2024-02-18,2024-02-19
pg3,2024-02-19,bz_mean,-48723.51502812801,Bz,Mean,2024-02-19,2024-02-20
pg3,2024-02-20,bz_mean,-48739.77870416667,Bz,Mean,2024-02-20,2024-02-21
pg3,2024-02-21,bz_mean,-48604.74562430555,Bz,Mean,2024-02-21,2024-02-22
pg3,2024-02-22,bz_mean,-48739.17258125,Bz,Mean,2024-02-22,2024-02-23
pg3,2024-02-23,bz_mean,-48743.67280841935,Bz,Mean,2024-02-23,2024-02-24
pg3,2024-02-24,bz_mean,-48747.48640844908,Bz,Mean,2024-02-24,2024-02-25
pg3,2024-02-25,bz_mean,-48780.94217877484,Bz,Mean,2024-02-25,2024-02-26
pg3,2024-02-26,bz_mean,-48789.68472546297,Bz,Mean,2024-02-26,2024-02-27
pg3,2024-02-27,bz_mean,-48766.5056318287,Bz,Mean,2024-02-27,2024-02-28
pg3,2024-02-28,bz_mean,-48757.59791530039,Bz,Mean,2024-02-28,2024-02-29
pg3,2024-02-29,bz_mean,-48747.41780731128,Bz,Mean,2024-02-29,2024-03-01
pg3,2024-03-01,bz_mean,-48754.16955925926,Bz,Mean,2024-03-01,2024-03-02
pg3,2024-03-02,bz_mean,-48762.3982770094,Bz,Mean,2024-03-02,2024-03-03
pg3,2024-03-03,bz_mean,-48722.24246921296,Bz,Mean,2024-03-03,2024-03-04
pg3,2024-03-04,bz_mean,-48753.41497292094,Bz,Mean,2024-03-04,2024-03-05
pg3,2024-03-05,bz_mean,-48750.83704479167,Bz,Mean,2024-03-05,2024-03-06
pg3,2024-03-06,bz_mean,-48764.11057887053,Bz,Mean,2024-03-06,2024-03-07
pg3,2024-03-07,bz_mean,-48745.484948958336,Bz,Mean,2024-03-07,2024-03-08
pg3,2024-03-08,bz_mean,-48762.660817796015,Bz,Mean,2024-03-08,2024-03-09
pg3,2024-03-09,bz_mean,-48762.99283125,Bz,Mean,2024-03-09,2024-03-10
pg3,2024-03-10,bz_mean,-48751.40897433521,Bz,Mean,2024-03-10,2024-03-11
pg3,2024-03-11,bz_mean,-48761.66978749509,Bz,Mean,2024-03-11,2024-03-12
pg3,2024-03-12,bz_mean,-48738.0941108909,Bz,Mean,2024-03-12,2024-03-13
pg3,2024-03-13,bz_mean,-48737.955221152726,Bz,Mean,2024-03-13,2024-03-14
pg3,2024-03-14,bz_mean,-48730.59736653109,Bz,Mean,2024-03-14,2024-03-15
pg3,2024-03-15,bz_mean,-48760.50997314815,Bz,Mean,2024-03-15,2024-03-16
pg3,2024-03-16,bz_mean,-48738.248046875,Bz,Mean,2024-03-16,2024-03-17
pg3,2024-03-17,bz_mean,-48739.75144930556,Bz,Mean,2024-03-17,2024-03-18
pg3,2024-03-18,bz_mean,-48721.60437271041,Bz,Mean,2024-03-18,2024-03-19
pg3,2024-03-19,bz_mean,-48748.01586176931,Bz,Mean,2024-03-19,2024-03-20
pg3,2024-03-20,bz_mean,-48747.5015691477,Bz,Mean,2024-03-20,2024-03-21
pg3,2024-03-21,bz_mean,-48743.64636190741,Bz,Mean,2024-03-21,2024-03-22
pg3,2024-03-22,bz_mean,-48757.81334295853,Bz,Mean,2024-03-22,2024-03-23
pg3,2024-03-23,bz_mean,-48761.95563258212,Bz,Mean,2024-03-23,2024-03-24
pg3,2024-03-24,bz_mean,-48756.54249176601,Bz,Mean,2024-03-24,2024-03-25
pg3,2024-03-25,bz_mean,-48755.11907294445,Bz,Mean,2024-03-25,2024-03-26
pg3,2024-03-26,bz_mean,-48762.83359490741,Bz,Mean,2024-03-26,2024-03-27
pg3,2024-03-27,bz_mean,-48763.12992635973,Bz,Mean,2024-03-27,2024-03-28
pg3,2024-03-28,bz_mean,-48753.33701064815,Bz,Mean,2024-03-28,2024-03-29
pg3,2024-03-29,bz_mean,-48756.10827529022,Bz,Mean,2024-03-29,2024-03-30
pg3,2024-03-30,bz_mean,-48731.90464085648,Bz,Mean,2024-03-30,2024-03-31
pg3,2024-03-31,bz_mean,-48748.39593472223,Bz,Mean,2024-03-31,2024-04-01
pg3,2024-04-01,bz_mean,-48758.54457569444,Bz,Mean,2024-04-01,2024-04-02
pg3,2024-04-02,bz_mean,-48744.520303125,Bz,Mean,2024-04-02,2024-04-03
pg3,2024-04-03,bz_mean,-48757.36054655024,Bz,Mean,2024-04-03,2024-04-04
pg3,2024-04-04,bz_mean,-48729.919668055554,Bz,Mean,2024-04-04,2024-04-05
pg3,2024-04-05,bz_mean,-48764.18302100143,Bz,Mean,2024-04-05,2024-04-06
pg3,2024-04-06,bz_mean,-48771.37797858796,Bz,Mean,2024-04-06,2024-04-07
pg3,2024-04-07,bz_mean,-48744.65475459412,Bz,Mean,2024-04-07,2024-04-08
pg3,2024-04-08,bz_mean,-48777.29618988445,Bz,Mean,2024-04-08,2024-04-09
pg3,2024-04-09,bz_mean,-48765.621145459176,Bz,Mean,2024-04-09,2024-04-10
pg3,2024-04-10,bz_mean,-48731.44278715278,Bz,Mean,2024-04-10,2024-04-11
pg3,2024-04-11,bz_mean,-48742.48962731482,Bz,Mean,2024-04-11,2024-04-12
pg3,2024-04-12,bz_mean,-48748.012113310186,Bz,Mean,2024-04-12,2024-04-13
pg3,2024-04-13,bz_mean,-48744.72305023148,Bz,Mean,2024-04-13,2024-04-14
pg3,2024-04-14,bz_mean,-48734.61536458333,Bz,Mean,2024-04-14,2024-04-15
pg3,2024-04-15,bz_mean,-48728.79686087963,Bz,Mean,2024-04-15,2024-04-16
pg3,2024-04-16,bz_mean,-48788.83317719908,Bz,Mean,2024-04-16,2024-04-17
pg3,2024-04-17,bz_mean,-48727.30341944445,Bz,Mean,2024-04-17,2024-04-18
pg3,2024-04-18,bz_mean,-48737.00176724537,Bz,Mean,2024-04-18,2024-04-19
pg3,2024-04-19,bz_mean,-48777.97916516203,Bz,Mean,2024-04-19,2024-04-20
pg3,2024-04-20,bz_mean,-48756.37668987892,Bz,Mean,2024-04-20,2024-04-21
pg3,2024-04-21,bz_mean,-48790.40264421296,Bz,Mean,2024-04-21,2024-04-22
pg3,2024-04-22,bz_mean,-48779.20222199074,Bz,Mean,2024-04-22,2024-04-23
pg3,2024-04-23,bz_mean,-48772.736130439815,Bz,Mean,2024-04-23,2024-04-24
pg3,2024-04-24,bz_mean,-48744.69382847222,Bz,Mean,2024-04-24,2024-04-25
pg3,2024-04-25,bz_mean,-48734.741238194445,Bz,Mean,2024-04-25,2024-04-26
pg3,2024-04-26,bz_mean,-48763.60537662037,Bz,Mean,2024-04-26,2024-04-27
pg3,2024-04-27,bz_mean,-48743.19514606481,Bz,Mean,2024-04-27,2024-04-28
pg3,2024-04-28,bz_mean,-48754.02989328704,Bz,Mean,2024-04-28,2024-04-29
pg3,2024-04-29,bz_mean,-48735.20419398148,Bz,Mean,2024-04-29,2024-04-30
pg3,2024-04-30,bz_mean,-48742.13424028186,Bz,Mean,2024-04-30,2024-05-01
pg3,2024-05-01,bz_mean,-48749.47870960648,Bz,Mean,2024-05-01,2024-05-02
pg3,2024-05-02,bz_mean,-48767.43390717592,Bz,Mean,2024-05-02,2024-05-03
pg3,2024-05-03,bz_mean,-48774.138819907406,Bz,Mean,2024-05-03,2024-05-04
pg3,2024-05-04,bz_mean,-48739.80364513889,Bz,Mean,2024-05-04,2024-05-05
pg3,2024-05-05,bz_mean,-48760.46533506944,Bz,Mean,2024-05-05,2024-05-06
pg3,2024-05-06,bz_mean,-48741.71617673611,Bz,Mean,2024-05-06,2024-05-07
pg3,2024-05-07,bz_mean,-48735.53075393519,Bz,Mean,2024-05-07,2024-05-08
pg3,2024-05-08,bz_mean,-48741.633747569445,Bz,Mean,2024-05-08,2024-05-09
pg3,2024-05-09,bz_mean,-48735.28709421297,Bz,Mean,2024-05-09,2024-05-10
pg3,2024-05-10,bz_mean,-48763.94649178241,Bz,Mean,2024-05-10,2024-05-11
pg3,2024-05-11,bz_mean,-49044.199105671294,Bz,Mean,2024-05-11,2024-05-12
pg3,2024-05-12,bz_mean,-48841.00201157407,Bz,Mean,2024-05-12,2024-05-13
pg3,2024-05-13,bz_mean,-48808.35202210648,Bz,Mean,2024-05-13,2024-05-14
pg3,2024-05-14,bz_mean,-48770.182907407405,Bz,Mean,2024-05-14,2024-05-15
pg3,2024-05-15,bz_mean,-48774.28694212964,Bz,Mean,2024-05-15,2024-05-16
pg3,2024-05-16,bz_mean,-48855.71432997685,Bz,Mean,2024-05-16,2024-05-17
pg3,2024-05-17,bz_mean,-48764.03615659723,Bz,Mean,2024-05-17,2024-05-18
pg3,2024-05-18,bz_mean,-48827.12754189815,Bz,Mean,2024-05-18,2024-05-19
pg3,2024-05-19,bz_mean,-48769.12573379629,Bz,Mean,2024-05-19,2024-05-20
pg3,2024-05-20,bz_mean,-48765.712669402616,Bz,Mean,2024-05-20,2024-05-21
pg3,2024-05-21,bz_mean,-48749.09963518519,Bz,Mean,2024-05-21,2024-05-22
pg3,2024-05-22,bz_mean,-48747.64701516204,Bz,Mean,2024-05-22,2024-05-23
pg3,2024-05-23,bz_mean,-48742.37842302762,Bz,Mean,2024-05-23,2024-05-24
pg3,2024-05-24,bz_mean,-48793.15974354144,Bz,Mean,2024-05-24,2024-05-25
pg3,2024-05-25,bz_mean,-48753.13037424164,Bz,Mean,2024-05-25,2024-05-26
pg3,2024-05-26,bz_mean,-48757.08336810011,Bz,Mean,2024-05-26,2024-05-27
pg3,2024-05-27,bz_mean,-48751.031786042135,Bz,Mean,2024-05-27,2024-05-28
pg3,2024-05-28,bz_mean,-48745.51580225124,Bz,Mean,2024-05-28,2024-05-29
pg3,2024-05-29,bz_mean,-48730.48419224537,Bz,Mean,2024-05-29,2024-05-30
pg3,2024-05-30,bz_mean,-48721.45043842593,Bz,Mean,2024-05-30,2024-05-31
pg3,2024-05-31,bz_mean,-48797.54862916668,Bz,Mean,2024-05-31,2024-06-01
pg3,2024-06-01,bz_mean,-48766.26014085648,Bz,Mean,2024-06-01,2024-06-02
pg3,2024-06-02,bz_mean,-48738.90097743055,Bz,Mean,2024-06-02,2024-06-03
pg3,2024-06-03,bz_mean,-48745.42413796296,Bz,Mean,2024-06-03,2024-06-04
pg3,2024-06-04,bz_mean,-48763.3068125,Bz,Mean,2024-06-04,2024-06-05
pg3,2024-06-05,bz_mean,-48729.39485659723,Bz,Mean,2024-06-05,2024-06-06
pg3,2024-06-06,bz_mean,-48775.044027777774,Bz,Mean,2024-06-06,2024-06-07
pg3,2024-06-07,bz_mean,-48780.15980081019,Bz,Mean,2024-06-07,2024-06-08
pg3,2024-06-08,bz_mean,-48753.01583125,Bz,Mean,2024-06-08,2024-06-09
pg3,2024-06-09,bz_mean,-48734.05906608797,Bz,Mean,2024-06-09,2024-06-10
pg3,2024-06-10,bz_mean,-48719.24110694444,Bz,Mean,2024-06-10,2024-06-11
pg3,2024-06-11,bz_mean,-48748.23785474537,Bz,Mean,2024-06-11,2024-06-12
pg3,2024-06-12,bz_mean,-48726.39741412037,Bz,Mean,2024-06-12,2024-06-13
pg3,2024-06-13,bz_mean,-48731.65674317129,Bz,Mean,2024-06-13,2024-06-14
pg3,2024-06-14,bz_mean,-48742.46006875,Bz,Mean,2024-06-14,2024-06-15
pg3,2024-06-15,bz_mean,-48773.20211666667,Bz,Mean,2024-06-15,2024-06-16
pg3,2024-06-16,bz_mean,-48753.72893506945,Bz,Mean,2024-06-16,2024-06-17
pg3,2024-06-17,bz_mean,-48725.7931568287,Bz,Mean,2024-06-17,2024-06-18
pg3,2024-06-18,bz_mean,-48743.67380428241,Bz,Mean,2024-06-18,2024-06-19
pg3,2024-06-19,bz_mean,-48746.36873368056,Bz,Mean,2024-06-19,2024-06-20
pg3,2024-06-20,bz_mean,-48745.16916979167,Bz,Mean,2024-06-20,2024-06-21
pg3,2024-06-21,bz_mean,-48732.41799120371,Bz,Mean,2024-06-21,2024-06-22
pg3,2024-06-22,bz_mean,-48730.41760555555,Bz,Mean,2024-06-22,2024-06-23
pg3,2024-06-23,bz_mean,-48743.30257800926,Bz,Mean,2024-06-23,2024-06-24
pg3,2024-06-24,bz_mean,-48734.66532037037,Bz,Mean,2024-06-24,2024-06-25
pg3,2024-06-25,bz_mean,-48764.479580671294,Bz,Mean,2024-06-25,2024-06-26
pg3,2024-06-26,bz_mean,-48753.74272835649,Bz,Mean,2024-06-26,2024-06-27
pg3,2024-06-27,bz_mean,-48727.67640138889,Bz,Mean,2024-06-27,2024-06-28
pg3,2024-06-28,bz_mean,-48811.49434537037,Bz,Mean,2024-06-28,2024-06-29
pg3,2024-06-29,bz_mean,-48741.027046990734,Bz,Mean,2024-06-29,2024-06-30
pg3,2024-06-30,bz_mean,-48735.43702951389,Bz,Mean,2024-06-30,2024-07-01
pg3,2024-07-01,bz_mean,-48742.08746296296,Bz,Mean,2024-07-01,2024-07-02
pg3,2024-07-02,bz_mean,-48742.01179837963,Bz,Mean,2024-07-02,2024-07-03
pg3,2024-07-03,bz_mean,-48745.56344233588,Bz,Mean,2024-07-03,2024-07-04
pg3,2024-07-04,bz_mean,-48744.75088167053,Bz,Mean,2024-07-04,2024-07-05
pg3,2024-07-05,bz_mean,-48742.17318181819,Bz,Mean,2024-07-05,2024-07-06
pg3,2024-10-19,bz_mean,-48722.52226047905,Bz,Mean,2024-10-19,2024-10-20
pg3,2024-10-20,bz_mean,-48725.27359218098,Bz,Mean,2024-10-20,2024-10-21
pg3,2024-10-21,bz_mean,-48733.90978125,Bz,Mean,2024-10-21,2024-10-22
pg3,2024-10-22,bz_mean,-48722.69023587963,Bz,Mean,2024-10-22,2024-10-23
pg3,2024-10-23,bz_mean,-48724.09895104166,Bz,Mean,2024-10-23,2024-10-24
pg3,2024-10-24,bz_mean,-48767.051171875,Bz,Mean,2024-10-24,2024-10-25
pg3,2024-10-25,bz_mean,-48719.51511319445,Bz,Mean,2024-10-25,2024-10-26
pg3,2024-10-26,bz_mean,-48710.93999085648,Bz,Mean,2024-10-26,2024-10-27
pg3,2024-10-27,bz_mean,-48690.20768738426,Bz,Mean,2024-10-27,2024-10-28
pg3,2024-10-28,bz_mean,-48751.27389768519,Bz,Mean,2024-10-28,2024-10-29
pg3,2024-10-29,bz_mean,-48706.324621875,Bz,Mean,2024-10-29,2024-10-30
pg3,2024-10-30,bz_mean,-48759.79998391203,Bz,Mean,2024-10-30,2024-10-31
pg3,2024-10-31,bz_mean,-48710.92971689815,Bz,Mean,2024-10-31,2024-11-01
pg3,2024-11-01,bz_mean,-48730.11946782407,Bz,Mean,2024-11-01,2024-11-02
pg3,2024-11-02,bz_mean,-48740.56161956019,Bz,Mean,2024-11-02,2024-11-03
pg3,2024-11-03,bz_mean,-48704.31869803241,Bz,Mean,2024-11-03,2024-11-04
pg3,2024-11-04,bz_mean,-48740.81414722222,Bz,Mean,2024-11-04,2024-11-05
pg3,2024-11-05,bz_mean,-48672.60727430556,Bz,Mean,2024-11-05,2024-11-06
pg3,2024-11-06,bz_mean,-48715.77180104167,Bz,Mean,2024-11-06,2024-11-07
pg3,2024-11-07,bz_mean,-48714.53167002315,Bz,Mean,2024-11-07,2024-11-08
pg3,2024-11-08,bz_mean,-48675.739698032405,Bz,Mean,2024-11-08,2024-11-09
pg3,2024-11-09,bz_mean,-48709.86502604167,Bz,Mean,2024-11-09,2024-11-10
pg3,2024-11-10,bz_mean,-48704.60957847222,Bz,Mean,2024-11-10,2024-11-11
pg3,2024-11-11,bz_mean,-48785.55709492047,Bz,Mean,2024-11-11,2024-11-12
pg3,2024-12-12,bz_mean,-48668.58778856987,Bz,Mean,2024-12-12,2024-12-13
pg3,2024-12-13,bz_mean,-48682.11377216044,Bz,Mean,2024-12-13,2024-12-14
pg3,2024-12-14,bz_mean,-48680.8485062473,Bz,Mean,2024-12-14,2024-12-15
pg3,2024-12-15,bz_mean,-48659.296626949465,Bz,Mean,2024-12-15,2024-12-16
pg3,2024-12-16,bz_mean,-48704.203866393465,Bz,Mean,2024-12-16,2024-12-17
pg3,2024-12-17,bz_mean,-48716.87828389757,Bz,Mean,2024-12-17,2024-12-18
pg3,2024-12-18,bz_mean,-48707.16270147162,Bz,Mean,2024-12-18,2024-12-19
pg3,2024-12-19,bz_mean,-48713.303371968905,Bz,Mean,2024-12-19,2024-12-20
pg3,2024-12-20,bz_mean,-48688.27685464792,Bz,Mean,2024-12-20,2024-12-21
pg3,2024-12-21,bz_mean,-48708.2072375,Bz,Mean,2024-12-21,2024-12-22
pg3,2024-12-22,bz_mean,-48658.71437164352,Bz,Mean,2024-12-22,2024-12-23
pg3,2024-12-23,bz_mean,-48678.01978569441,Bz,Mean,2024-12-23,2024-12-24
pg3,2024-12-24,bz_mean,-48685.40527930016,Bz,Mean,2024-12-24,2024-12-25
pg3,2024-12-25,bz_mean,-48718.86451822584,Bz,Mean,2024-12-25,2024-12-26
pg3,2024-12-26,bz_mean,-48709.06093816334,Bz,Mean,2024-12-26,2024-12-27
pg3,2024-12-27,bz_mean,-48694.88083508251,Bz,Mean,2024-12-27,2024-12-28
pg3,2024-12-28,bz_mean,-48700.82569432871,Bz,Mean,2024-12-28,2024-12-29
pg3,2024-12-29,bz_mean,-48727.21654714291,Bz,Mean,2024-12-29,2024-12-30
pg3,2024-12-30,bz_mean,-48693.72485722268,Bz,Mean,2024-12-30,2024-12-31
pg3,2024-12-31,bz_mean,-48668.42617939814,Bz,Mean,2024-12-31,2025-01-01
pg4,2024-01-01,bz_mean,-45929.20662031082,Bz,Mean,2024-01-01,2024-01-02
pg4,2024-01-02,bz_mean,-45951.58769719392,Bz,Mean,2024-01-02,2024-01-03
pg4,2024-01-03,bz_mean,-45911.475761235095,Bz,Mean,2024-01-03,2024-01-04
pg4,2024-01-04,bz_mean,-45945.58326181926,Bz,Mean,2024-01-04,2024-01-05
pg4,2024-01-05,bz_mean,-45948.62695527934,Bz,Mean,2024-01-05,2024-01-06
pg4,2024-01-06,bz_mean,-45950.15596281015,Bz,Mean,2024-01-06,2024-01-07
pg4,2024-01-07,bz_mean,-45955.963928703706,Bz,Mean,2024-01-07,2024-01-08
pg4,2024-01-08,bz_mean,-45932.10324143519,Bz,Mean,2024-01-08,2024-01-09
pg4,2024-01-09,bz_mean,-45949.32239918981,Bz,Mean,2024-01-09,2024-01-10
pg4,2024-01-10,bz_mean,-45923.22033311705,Bz,Mean,2024-01-10,2024-01-11
pg4,2024-01-11,bz_mean,-45946.04478448776,Bz,Mean,2024-01-11,2024-01-12
pg4,2024-01-12,bz_mean,-45942.22758912037,Bz,Mean,2024-01-12,2024-01-13
pg4,2024-01-13,bz_mean,-45927.059969560185,Bz,Mean,2024-01-13,2024-01-14
pg4,2024-01-14,bz_mean,-45898.84555372534,Bz,Mean,2024-01-14,2024-01-15
pg4,2024-01-15,bz_mean,-45937.85259552607,Bz,Mean,2024-01-15,2024-01-16
pg4,2024-01-16,bz_mean,-45947.38948499994,Bz,Mean,2024-01-16,2024-01-17
pg4,2024-01-17,bz_mean,-45952.37553619893,Bz,Mean,2024-01-17,2024-01-18
pg4,2024-01-18,bz_mean,-45928.74295601852,Bz,Mean,2024-01-18,2024-01-19
pg4,2024-01-19,bz_mean,-45965.04574282407,Bz,Mean,2024-01-19,2024-01-20
pg4,2024-01-20,bz_mean,-45921.60270798612,Bz,Mean,2024-01-20,2024-01-21
pg4,2024-01-21,bz_mean,-45955.696170111696,Bz,Mean,2024-01-21,2024-01-22
pg4,2024-01-22,bz_mean,-45900.10099340128,Bz,Mean,2024-01-22,2024-01-23
pg4,2024-01-23,bz_mean,-45939.44627553273,Bz,Mean,2024-01-23,2024-01-24
pg4,2024-01-24,bz_mean,-45970.449009490745,Bz,Mean,2024-01-24,2024-01-25
pg4,2024-01-25,bz_mean,-45945.5808417317,Bz,Mean,2024-01-25,2024-01-26
pg4,2024-01-26,bz_mean,-45941.60846134259,Bz,Mean,2024-01-26,2024-01-27
pg4,2024-01-27,bz_mean,-45952.72682546297,Bz,Mean,2024-01-27,2024-01-28
pg4,2024-01-28,bz_mean,-45923.32649548612,Bz,Mean,2024-01-28,2024-01-29
pg4,2024-01-29,bz_mean,-45949.11478969907,Bz,Mean,2024-01-29,2024-01-30
pg4,2024-01-30,bz_mean,-45963.14772951389,Bz,Mean,2024-01-30,2024-01-31
pg4,2024-01-31,bz_mean,-45951.33062476852,Bz,Mean,2024-01-31,2024-02-01
pg4,2024-02-01,bz_mean,-45947.39003125,Bz,Mean,2024-02-01,2024-02-02
pg4,2024-02-02,bz_mean,-45951.476244212965,Bz,Mean,2024-02-02,2024-02-03
pg4,2024-02-03,bz_mean,-45957.74962578132,Bz,Mean,2024-02-03,2024-02-04
pg4,2024-02-04,bz_mean,-45925.976325578704,Bz,Mean,2024-02-04,2024-02-05
pg4,2024-02-05,bz_mean,-45950.74498353241,Bz,Mean,2024-02-05,2024-02-06
pg4,2024-02-06,bz_mean,-45954.71920868567,Bz,Mean,2024-02-06,2024-02-07
pg4,2024-02-07,bz_mean,-45945.95048170185,Bz,Mean,2024-02-07,2024-02-08
pg4,2024-02-08,bz_mean,-45939.665298621214,Bz,Mean,2024-02-08,2024-02-09
pg4,2024-02-09,bz_mean,-45954.288981932455,Bz,Mean,2024-02-09,2024-02-10
pg4,2024-02-10,bz_mean,-45942.76815172974,Bz,Mean,2024-02-10,2024-02-11
pg4,2024-02-11,bz_mean,-45987.27977444921,Bz,Mean,2024-02-11,2024-02-12
pg4,2024-02-12,bz_mean,-45968.71498000558,Bz,Mean,2024-02-12,2024-02-13
pg4,2024-02-13,bz_mean,-45933.51790322205,Bz,Mean,2024-02-13,2024-02-14
pg4,2024-02-14,bz_mean,-45956.40980157436,Bz,Mean,2024-02-14,2024-02-15
pg4,2024-02-15,bz_mean,-45949.49544059079,Bz,Mean,2024-02-15,2024-02-16
pg4,2024-02-16,bz_mean,-45946.49233439656,Bz,Mean,2024-02-16,2024-02-17
pg4,2024-02-17,bz_mean,-45929.75931681917,Bz,Mean,2024-02-17,2024-02-18
pg4,2024-02-18,bz_mean,-45956.30085897183,Bz,Mean,2024-02-18,2024-02-19
pg4,2024-02-19,bz_mean,-45937.54162955748,Bz,Mean,2024-02-19,2024-02-20
pg4,2024-02-20,bz_mean,-45945.2300476196,Bz,Mean,2024-02-20,2024-02-21
pg4,2024-02-21,bz_mean,-45932.85205298253,Bz,Mean,2024-02-21,2024-02-22
pg4,2024-02-22,bz_mean,-45954.06079065656,Bz,Mean,2024-02-22,2024-02-23
pg4,2024-02-23,bz_mean,-45945.63866265432,Bz,Mean,2024-02-23,2024-02-24
pg4,2024-02-24,bz_mean,-45942.46544404762,Bz,Mean,2024-02-24,2024-02-25
pg4,2024-02-25,bz_mean,-46143.44171805556,Bz,Mean,2024-02-25,2024-02-26
pg4,2024-02-26,bz_mean,-46034.45166569286,Bz,Mean,2024-02-26,2024-02-27
pg4,2024-02-27,bz_mean,-46004.27924212963,Bz,Mean,2024-02-27,2024-02-28
pg4,2024-02-28,bz_mean,-45976.149284259256,Bz,Mean,2024-02-28,2024-02-29
pg4,2024-02-29,bz_mean,-45983.02624206794,Bz,Mean,2024-02-29,2024-03-01
pg4,2024-03-01,bz_mean,-46088.26725277778,Bz,Mean,2024-03-01,2024-03-02
pg4,2024-03-02,bz_mean,-46001.56233425926,Bz,Mean,2024-03-02,2024-03-03
pg4,2024-03-03,bz_mean,-45951.1404837963,Bz,Mean,2024-03-03,2024-03-04
pg4,2024-03-04,bz_mean,-45983.41867435024,Bz,Mean,2024-03-04,2024-03-05
pg4,2024-03-05,bz_mean,-45985.87151990741,Bz,Mean,2024-03-05,2024-03-06
pg4,2024-03-06,bz_mean,-45986.757450000005,Bz,Mean,2024-03-06,2024-03-07
pg4,2024-03-07,bz_mean,-46005.20171111111,Bz,Mean,2024-03-07,2024-03-08
pg4,2024-03-08,bz_mean,-46003.57693333333,Bz,Mean,2024-03-08,2024-03-09
pg4,2024-03-09,bz_mean,-46009.13902722222,Bz,Mean,2024-03-09,2024-03-10
pg4,2024-03-10,bz_mean,-45998.88481991229,Bz,Mean,2024-03-10,2024-03-11
pg4,2024-03-11,bz_mean,-46001.37895234987,Bz,Mean,2024-03-11,2024-03-12
pg4,2024-03-12,bz_mean,-45941.88054981377,Bz,Mean,2024-03-12,2024-03-13
pg4,2024-03-13,bz_mean,-45975.6328462963,Bz,Mean,2024-03-13,2024-03-14
pg4,2024-03-14,bz_mean,-45969.03578833333,Bz,Mean,2024-03-14,2024-03-15
pg4,2024-03-15,bz_mean,-46016.13543888889,Bz,Mean,2024-03-15,2024-03-16
pg4,2024-03-16,bz_mean,-45942.74245992063,Bz,Mean,2024-03-16,2024-03-17
pg4,2024-03-17,bz_mean,-45945.20984880953,Bz,Mean,2024-03-17,2024-03-18
pg4,2024-03-18,bz_mean,-45938.49894618056,Bz,Mean,2024-03-18,2024-03-19
pg4,2024-03-19,bz_mean,-46012.074428478125,Bz,Mean,2024-03-19,2024-03-20
pg4,2024-03-20,bz_mean,-45945.74683819445,Bz,Mean,2024-03-20,2024-03-21
pg4,2024-03-21,bz_mean,-46011.75588692206,Bz,Mean,2024-03-21,2024-03-22
pg4,2024-03-22,bz_mean,-45983.95046435185,Bz,Mean,2024-03-22,2024-03-23
pg4,2024-03-23,bz_mean,-46071.74184305556,Bz,Mean,2024-03-23,2024-03-24
pg4,2024-03-24,bz_mean,-46102.701413333336,Bz,Mean,2024-03-24,2024-03-25
pg4,2024-03-25,bz_mean,-45981.92427611111,Bz,Mean,2024-03-25,2024-03-26
pg4,2024-03-26,bz_mean,-45995.064603240746,Bz,Mean,2024-03-26,2024-03-27
pg4,2024-03-27,bz_mean,-45970.02367166667,Bz,Mean,2024-03-27,2024-03-28
pg4,2024-03-28,bz_mean,-45955.48261388889,Bz,Mean,2024-03-28,2024-03-29
pg4,2024-03-29,bz_mean,-45975.9601699074,Bz,Mean,2024-03-29,2024-03-30
pg4,2024-03-30,bz_mean,-45944.72971904761,Bz,Mean,2024-03-30,2024-03-31
pg4,2024-03-31,bz_mean,-45970.94460648149,Bz,Mean,2024-03-31,2024-04-01
pg4,2024-04-01,bz_mean,-46027.80278666667,Bz,Mean,2024-04-01,2024-04-02
pg4,2024-04-02,bz_mean,-45945.48192916666,Bz,Mean,2024-04-02,2024-04-03
pg4,2024-04-03,bz_mean,-45971.216709259264,Bz,Mean,2024-04-03,2024-04-04
pg4,2024-04-04,bz_mean,-45929.07749055555,Bz,Mean,2024-04-04,2024-04-05
pg4,2024-04-05,bz_mean,-46061.29345055555,Bz,Mean,2024-04-05,2024-04-06
pg4,2024-04-06,bz_mean,-45997.77408055556,Bz,Mean,2024-04-06,2024-04-07
pg4,2024-04-07,bz_mean,-45970.69944907408,Bz,Mean,2024-04-07,2024-04-08
pg4,2024-04-08,bz_mean,-45981.87244625608,Bz,Mean,2024-04-08,2024-04-09
pg4,2024-04-09,bz_mean,-45970.71359222223,Bz,Mean,2024-04-09,2024-04-10
pg4,2024-04-10,bz_mean,-45951.93663888888,Bz,Mean,2024-04-10,2024-04-11
pg4,2024-04-30,bz_mean,-45883.10403796296,Bz,Mean,2024-04-30,2024-05-01
pg4,2024-05-01,bz_mean,-45937.71149803241,Bz,Mean,2024-05-01,2024-05-02
pg4,2024-05-02,bz_mean,-45905.62077939815,Bz,Mean,2024-05-02,2024-05-03
pg4,2024-05-03,bz_mean,-45967.17281435185,Bz,Mean,2024-05-03,2024-05-04
pg4,2024-05-04,bz_mean,-45930.34144398148,Bz,Mean,2024-05-04,2024-05-05
pg4,2024-05-05,bz_mean,-45942.80869710648,Bz,Mean,2024-05-05,2024-05-06
pg4,2024-05-06,bz_mean,-45932.65155023148,Bz,Mean,2024-05-06,2024-05-07
pg4,2024-05-07,bz_mean,-45930.86922905093,Bz,Mean,2024-05-07,2024-05-08
pg4,2024-05-08,bz_mean,-45935.39269050926,Bz,Mean,2024-05-08,2024-05-09
pg4,2024-05-09,bz_mean,-45932.045013773146,Bz,Mean,2024-05-09,2024-05-10
pg4,2024-05-10,bz_mean,-45955.77990138889,Bz,Mean,2024-05-10,2024-05-11
pg4,2024-05-11,bz_mean,-46234.87987210648,Bz,Mean,2024-05-11,2024-05-12
pg4,2024-05-12,bz_mean,-46003.00029861112,Bz,Mean,2024-05-12,2024-05-13
pg4,2024-05-13,bz_mean,-46002.904249652776,Bz,Mean,2024-05-13,2024-05-14
pg4,2024-05-14,bz_mean,-45961.53423877315,Bz,Mean,2024-05-14,2024-05-15
pg4,2024-05-15,bz_mean,-45963.31080405093,Bz,Mean,2024-05-15,2024-05-16
pg4,2024-05-16,bz_mean,-46045.114372916665,Bz,Mean,2024-05-16,2024-05-17
pg4,2024-05-17,bz_mean,-45950.57430497685,Bz,Mean,2024-05-17,2024-05-18
pg4,2024-05-18,bz_mean,-46018.263513541664,Bz,Mean,2024-05-18,2024-05-19
pg4,2024-05-19,bz_mean,-45962.07608518519,Bz,Mean,2024-05-19,2024-05-20
pg4,2024-05-20,bz_mean,-45962.78593611111,Bz,Mean,2024-05-20,2024-05-21
pg4,2024-05-21,bz_mean,-45941.09199537036,Bz,Mean,2024-05-21,2024-05-22
pg4,2024-05-22,bz_mean,-45939.41579467592,Bz,Mean,2024-05-22,2024-05-23
pg4,2024-05-23,bz_mean,-45913.19254633998,Bz,Mean,2024-05-23,2024-05-24
pg4,2024-05-24,bz_mean,-45970.19534742314,Bz,Mean,2024-05-24,2024-05-25
pg4,2024-05-25,bz_mean,-45953.685158726425,Bz,Mean,2024-05-25,2024-05-26
pg4,2024-05-26,bz_mean,-45946.06259155957,Bz,Mean,2024-05-26,2024-05-27
pg4,2024-05-27,bz_mean,-45934.07490584924,Bz,Mean,2024-05-27,2024-05-28
pg4,2024-05-28,bz_mean,-45937.85148069447,Bz,Mean,2024-05-28,2024-05-29
pg4,2024-05-29,bz_mean,-45920.42562905092,Bz,Mean,2024-05-29,2024-05-30
pg4,2024-05-30,bz_mean,-45896.685334375004,Bz,Mean,2024-05-30,2024-05-31
pg4,2024-05-31,bz_mean,-45960.83699988426,Bz,Mean,2024-05-31,2024-06-01
pg4,2024-06-01,bz_mean,-45949.813182523154,Bz,Mean,2024-06-01,2024-06-02
pg4,2024-06-02,bz_mean,-45926.41974733796,Bz,Mean,2024-06-02,2024-06-03
pg4,2024-06-03,bz_mean,-45931.79309849537,Bz,Mean,2024-06-03,2024-06-04
pg4,2024-06-04,bz_mean,-45945.6910494213,Bz,Mean,2024-06-04,2024-06-05
pg4,2024-06-05,bz_mean,-45926.01786469908,Bz,Mean,2024-06-05,2024-06-06
pg4,2024-06-06,bz_mean,-45960.05574699074,Bz,Mean,2024-06-06,2024-06-07
pg4,2024-06-07,bz_mean,-45953.11685821759,Bz,Mean,2024-06-07,2024-06-08
pg4,2024-06-08,bz_mean,-45943.31030416666,Bz,Mean,2024-06-08,2024-06-09
pg4,2024-06-09,bz_mean,-45926.84643703704,Bz,Mean,2024-06-09,2024-06-10
pg4,2024-06-10,bz_mean,-45908.50186504629,Bz,Mean,2024-06-10,2024-06-11
pg4,2024-06-11,bz_mean,-45943.0463306713,Bz,Mean,2024-06-11,2024-06-12
pg4,2024-06-12,bz_mean,-45915.11222314815,Bz,Mean,2024-06-12,2024-06-13
pg4,2024-06-13,bz_mean,-45923.6446681713,Bz,Mean,2024-06-13,2024-06-14
pg4,2024-06-14,bz_mean,-45929.54119664352,Bz,Mean,2024-06-14,2024-06-15
pg4,2024-06-15,bz_mean,-45954.008090625,Bz,Mean,2024-06-15,2024-06-16
pg4,2024-06-16,bz_mean,-45933.18319872685,Bz,Mean,2024-06-16,2024-06-17
pg4,2024-06-17,bz_mean,-45911.42944756945,Bz,Mean,2024-06-17,2024-06-18
pg4,2024-06-18,bz_mean,-45936.53347824074,Bz,Mean,2024-06-18,2024-06-19
pg4,2024-06-19,bz_mean,-45940.357980671295,Bz,Mean,2024-06-19,2024-06-20
pg4,2024-06-20,bz_mean,-45919.92833368056,Bz,Mean,2024-06-20,2024-06-21
pg4,2024-06-21,bz_mean,-45927.792985416665,Bz,Mean,2024-06-21,2024-06-22
pg4,2024-06-22,bz_mean,-45914.006101851846,Bz,Mean,2024-06-22,2024-06-23
pg4,2024-06-23,bz_mean,-45914.64763541667,Bz,Mean,2024-06-23,2024-06-24
pg4,2024-06-24,bz_mean,-45925.99662754629,Bz,Mean,2024-06-24,2024-06-25
pg4,2024-06-25,bz_mean,-45948.57514745371,Bz,Mean,2024-06-25,2024-06-26
pg4,2024-06-26,bz_mean,-45935.588599421295,Bz,Mean,2024-06-26,2024-06-27
pg4,2024-06-27,bz_mean,-45926.4725712963,Bz,Mean,2024-06-27,2024-06-28
pg4,2024-06-28,bz_mean,-46004.93934085649,Bz,Mean,2024-06-28,2024-06-29
pg4,2024-06-29,bz_mean,-45928.24331516204,Bz,Mean,2024-06-29,2024-06-30
pg4,2024-06-30,bz_mean,-45911.470958564816,Bz,Mean,2024-06-30,2024-07-01
pg4,2024-07-01,bz_mean,-45925.47975474538,Bz,Mean,2024-07-01,2024-07-02
pg4,2024-07-02,bz_mean,-45917.76238796297,Bz,Mean,2024-07-02,2024-07-03
pg4,2024-07-03,bz_mean,-45925.83406012157,Bz,Mean,2024-07-03,2024-07-04
pg4,2024-07-04,bz_mean,-45903.127474747474,Bz,Mean,2024-07-04,2024-07-05
pg4,2024-07-05,bz_mean,-45917.914,Bz,Mean,2024-07-05,2024-07-06
pg4,2024-10-20,bz_mean,-45871.25067364628,Bz,Mean,2024-10-20,2024-10-21
pg4,2024-10-21,bz_mean,-45898.20840503071,Bz,Mean,2024-10-21,2024-10-22
pg4,2024-10-22,bz_mean,-45897.96242650463,Bz,Mean,2024-10-22,2024-10-23
pg4,2024-10-23,bz_mean,-45915.08041400463,Bz,Mean,2024-10-23,2024-10-24
pg4,2024-10-24,bz_mean,-45961.05205289352,Bz,Mean,2024-10-24,2024-10-25
pg4,2024-10-25,bz_mean,-45911.35169780093,Bz,Mean,2024-10-25,2024-10-26
pg4,2024-10-26,bz_mean,-45897.56210740741,Bz,Mean,2024-10-26,2024-10-27
pg4,2024-10-27,bz_mean,-45879.398471064815,Bz,Mean,2024-10-27,2024-10-28
pg4,2024-10-28,bz_mean,-45962.512148263886,Bz,Mean,2024-10-28,2024-10-29
pg4,2024-10-29,bz_mean,-45910.7715917824,Bz,Mean,2024-10-29,2024-10-30
pg4,2024-10-30,bz_mean,-45970.25139375,Bz,Mean,2024-10-30,2024-10-31
pg4,2024-10-31,bz_mean,-45902.910026736114,Bz,Mean,2024-10-31,2024-11-01
pg4,2024-11-01,bz_mean,-45916.16127800926,Bz,Mean,2024-11-01,2024-11-02
pg4,2024-11-02,bz_mean,-45949.01919675926,Bz,Mean,2024-11-02,2024-11-03
pg4,2024-11-03,bz_mean,-45899.74207719908,Bz,Mean,2024-11-03,2024-11-04
pg4,2024-11-04,bz_mean,-45937.71255439815,Bz,Mean,2024-11-04,2024-11-05
pg4,2024-11-05,bz_mean,-45873.22453078704,Bz,Mean,2024-11-05,2024-11-06
pg4,2024-11-06,bz_mean,-45912.08637743056,Bz,Mean,2024-11-06,2024-11-07
pg4,2024-11-07,bz_mean,-45894.90732546296,Bz,Mean,2024-11-07,2024-11-08
pg4,2024-11-08,bz_mean,-45853.4997613426,Bz,Mean,2024-11-08,2024-11-09
pg4,2024-11-09,bz_mean,-45925.72750868055,Bz,Mean,2024-11-09,2024-11-10
pg4,2024-11-10,bz_mean,-45894.09541064815,Bz,Mean,2024-11-10,2024-11-11
pg4,2024-11-11,bz_mean,-45914.4998522024,Bz,Mean,2024-11-11,2024-11-12
pg4,2024-11-12,bz_mean,-45919.53930416667,Bz,Mean,2024-11-12,2024-11-13
pg4,2024-11-13,bz_mean,-45902.51044131685,Bz,Mean,2024-11-13,2024-11-14
pg4,2024-11-14,bz_mean,-45869.24233184065,Bz,Mean,2024-11-14,2024-11-15
pg4,2024-11-15,bz_mean,-45859.475721144365,Bz,Mean,2024-11-15,2024-11-16
pg4,2024-11-16,bz_mean,-45952.03746140373,Bz,Mean,2024-11-16,2024-11-17
pg4,2024-11-17,bz_mean,-45905.35673622084,Bz,Mean,2024-11-17,2024-11-18
pg4,2024-11-18,bz_mean,-45896.21621256353,Bz,Mean,2024-11-18,2024-11-19
pg4,2024-11-19,bz_mean,-45861.09990129327,Bz,Mean,2024-11-19,2024-11-20
pg4,2024-11-20,bz_mean,-45902.16460972222,Bz,Mean,2024-11-20,2024-11-21
pg4,2024-11-21,bz_mean,-45904.66710462963,Bz,Mean,2024-11-21,2024-11-22
pg4,2024-11-22,bz_mean,-45866.85149965277,Bz,Mean,2024-11-22,2024-11-23
pg4,2024-11-23,bz_mean,-45900.95767094907,Bz,Mean,2024-11-23,2024-11-24
pg4,2024-11-24,bz_mean,-45908.508828935184,Bz,Mean,2024-11-24,2024-11-25
pg4,2024-11-25,bz_mean,-45904.05888935185,Bz,Mean,2024-11-25,2024-11-26
pg4,2024-11-26,bz_mean,-45892.37300452448,Bz,Mean,2024-11-26,2024-11-27
pg4,2024-11-27,bz_mean,-45897.06021041,Bz,Mean,2024-11-27,2024-11-28
pg4,2024-11-28,bz_mean,-45907.01259553085,Bz,Mean,2024-11-28,2024-11-29
pg4,2024-11-29,bz_mean,-45877.579765544055,Bz,Mean,2024-11-29,2024-11-30
pg4,2024-11-30,bz_mean,-45903.60369089413,Bz,Mean,2024-11-30,2024-12-01
pg4,2024-12-01,bz_mean,-45882.84691203704,Bz,Mean,2024-12-01,2024-12-02
pg4,2024-12-02,bz_mean,-45898.831222569446,Bz,Mean,2024-12-02,2024-12-03
pg4,2024-12-03,bz_mean,-45886.68296863426,Bz,Mean,2024-12-03,2024-12-04
pg4,2024-12-04,bz_mean,-45891.44336053241,Bz,Mean,2024-12-04,2024-12-05
pg4,2024-12-05,bz_mean,-45903.80029456018,Bz,Mean,2024-12-05,2024-12-06
pg4,2024-12-06,bz_mean,-45910.044062615736,Bz,Mean,2024-12-06,2024-12-07
pg4,2024-12-07,bz_mean,-45908.89701226852,Bz,Mean,2024-12-07,2024-12-08
pg4,2024-12-08,bz_mean,-45875.189102777775,Bz,Mean,2024-12-08,2024-12-09
pg4,2024-12-09,bz_mean,-45865.80063402777,Bz,Mean,2024-12-09,2024-12-10
pg4,2024-12-10,bz_mean,-45895.40709259259,Bz,Mean,2024-12-10,2024-12-11
pg4,2024-12-11,bz_mean,-45919.017465509256,Bz,Mean,2024-12-11,2024-12-12
pg4,2024-12-12,bz_mean,-45911.1111308564,Bz,Mean,2024-12-12,2024-12-13
pg4,2024-12-13,bz_mean,-45901.157385275365,Bz,Mean,2024-12-13,2024-12-14
pg4,2024-12-14,bz_mean,-45840.04027118055,Bz,Mean,2024-12-14,2024-12-15
pg4,2024-12-15,bz_mean,-45853.97223934597,Bz,Mean,2024-12-15,2024-12-16
pg4,2024-12-16,bz_mean,-45880.414509953705,Bz,Mean,2024-12-16,2024-12-17
pg4,2024-12-17,bz_mean,-45912.776380902775,Bz,Mean,2024-12-17,2024-12-18
pg4,2024-12-18,bz_mean,-45893.5541095573,Bz,Mean,2024-12-18,2024-12-19
pg4,2024-12-19,bz_mean,-45902.68011644209,Bz,Mean,2024-12-19,2024-12-20
pg4,2024-12-20,bz_mean,-45877.58947164352,Bz,Mean,2024-12-20,2024-12-21
pg4,2024-12-21,bz_mean,-45894.5234375,Bz,Mean,2024-12-21,2024-12-22
pg4,2024-12-22,bz_mean,-45888.62448968242,Bz,Mean,2024-12-22,2024-12-23
pg4,2024-12-23,bz_mean,-45867.27770285158,Bz,Mean,2024-12-23,2024-12-24
pg4,2024-12-24,bz_mean,-45899.57218530092,Bz,Mean,2024-12-24,2024-12-25
pg4,2024-12-25,bz_mean,-45917.73133981482,Bz,Mean,2024-12-25,2024-12-26
pg4,2024-12-26,bz_mean,-45907.551753472224,Bz,Mean,2024-12-26,2024-12-27
pg4,2024-12-27,bz_mean,-45899.29646782081,Bz,Mean,2024-12-27,2024-12-28
pg4,2024-12-28,bz_mean,-45905.61035643863,Bz,Mean,2024-12-28,2024-12-29
pg4,2024-12-29,bz_mean,-45921.88426435185,Bz,Mean,2024-12-29,2024-12-30
pg4,2024-12-30,bz_mean,-45897.80784189815,Bz,Mean,2024-12-30,2024-12-31
pg4,2024-12-31,bz_mean,-45852.49770856481,Bz,Mean,2024-12-31,2025-01-01
pg5,2024-01-01,bz_mean,-45727.38967165161,Bz,Mean,2024-01-01,2024-01-02
pg5,2024-01-02,bz_mean,-45757.80691604938,Bz,Mean,2024-01-02,2024-01-03
pg5,2024-01-03,bz_mean,-45705.40256824434,Bz,Mean,2024-01-03,2024-01-04
pg5,2024-01-04,bz_mean,-45739.73951106567,Bz,Mean,2024-01-04,2024-01-05
pg5,2024-01-05,bz_mean,-45743.60557184199,Bz,Mean,2024-01-05,2024-01-06
pg5,2024-01-06,bz_mean,-45745.34178132274,Bz,Mean,2024-01-06,2024-01-07
pg5,2024-01-07,bz_mean,-45750.211663884125,Bz,Mean,2024-01-07,2024-01-08
pg5,2024-01-08,bz_mean,-45729.41547265726,Bz,Mean,2024-01-08,2024-01-09
pg5,2024-01-09,bz_mean,-45740.05939185299,Bz,Mean,2024-01-09,2024-01-10
pg5,2024-01-10,bz_mean,-45720.76518086471,Bz,Mean,2024-01-10,2024-01-11
pg5,2024-01-11,bz_mean,-45741.13033471128,Bz,Mean,2024-01-11,2024-01-12
pg5,2024-01-12,bz_mean,-45738.99551559542,Bz,Mean,2024-01-12,2024-01-13
pg5,2024-01-13,bz_mean,-45730.140096699055,Bz,Mean,2024-01-13,2024-01-14
pg5,2024-01-14,bz_mean,-45697.73717816369,Bz,Mean,2024-01-14,2024-01-15
pg5,2024-01-15,bz_mean,-45739.283926659686,Bz,Mean,2024-01-15,2024-01-16
pg5,2024-01-16,bz_mean,-45747.43509851175,Bz,Mean,2024-01-16,2024-01-17
pg5,2024-01-17,bz_mean,-45742.38330751575,Bz,Mean,2024-01-17,2024-01-18
pg5,2024-01-18,bz_mean,-45714.36639665199,Bz,Mean,2024-01-18,2024-01-19
pg5,2024-01-19,bz_mean,-45758.64176342747,Bz,Mean,2024-01-19,2024-01-20
pg5,2024-01-20,bz_mean,-45721.32222104706,Bz,Mean,2024-01-20,2024-01-21
pg5,2024-01-21,bz_mean,-45735.82309556852,Bz,Mean,2024-01-21,2024-01-22
pg5,2024-01-22,bz_mean,-45692.617362751866,Bz,Mean,2024-01-22,2024-01-23
pg5,2024-01-23,bz_mean,-45733.90128726852,Bz,Mean,2024-01-23,2024-01-24
pg5,2024-01-24,bz_mean,-45764.18088611111,Bz,Mean,2024-01-24,2024-01-25
pg5,2024-01-25,bz_mean,-45736.00934131944,Bz,Mean,2024-01-25,2024-01-26
pg5,2024-01-26,bz_mean,-45742.85255671296,Bz,Mean,2024-01-26,2024-01-27
pg5,2024-01-27,bz_mean,-45745.87448553241,Bz,Mean,2024-01-27,2024-01-28
pg5,2024-01-28,bz_mean,-45719.00172164352,Bz,Mean,2024-01-28,2024-01-29
pg5,2024-01-29,bz_mean,-45745.166489120376,Bz,Mean,2024-01-29,2024-01-30
pg5,2024-01-30,bz_mean,-45756.76694178241,Bz,Mean,2024-01-30,2024-01-31
pg5,2024-01-31,bz_mean,-45745.50403888889,Bz,Mean,2024-01-31,2024-02-01
pg5,2024-02-01,bz_mean,-45745.7411212963,Bz,Mean,2024-02-01,2024-02-02
pg5,2024-02-02,bz_mean,-45739.48069108796,Bz,Mean,2024-02-02,2024-02-03
pg5,2024-02-03,bz_mean,-45748.62952203665,Bz,Mean,2024-02-03,2024-02-04
pg5,2024-02-04,bz_mean,-45726.95537893519,Bz,Mean,2024-02-04,2024-02-05
pg5,2024-02-05,bz_mean,-45747.83539236112,Bz,Mean,2024-02-05,2024-02-06
pg5,2024-02-06,bz_mean,-45745.9220887291,Bz,Mean,2024-02-06,2024-02-07
pg5,2024-02-07,bz_mean,-45734.36916040932,Bz,Mean,2024-02-07,2024-02-08
pg5,2024-02-08,bz_mean,-45730.21354111991,Bz,Mean,2024-02-08,2024-02-09
pg5,2024-02-09,bz_mean,-45742.92562874391,Bz,Mean,2024-02-09,2024-02-10
pg5,2024-02-10,bz_mean,-45739.098854094016,Bz,Mean,2024-02-10,2024-02-11
pg5,2024-02-11,bz_mean,-45770.006498938405,Bz,Mean,2024-02-11,2024-02-12
pg5,2024-02-12,bz_mean,-45747.56550364303,Bz,Mean,2024-02-12,2024-02-13
pg5,2024-02-13,bz_mean,-45730.88590509357,Bz,Mean,2024-02-13,2024-02-14
pg5,2024-02-14,bz_mean,-45746.53873840924,Bz,Mean,2024-02-14,2024-02-15
pg5,2024-02-15,bz_mean,-45741.91335453864,Bz,Mean,2024-02-15,2024-02-16
pg5,2024-02-16,bz_mean,-45740.61251073694,Bz,Mean,2024-02-16,2024-02-17
pg5,2024-02-17,bz_mean,-45726.41528317817,Bz,Mean,2024-02-17,2024-02-18
pg5,2024-02-18,bz_mean,-45746.71885178724,Bz,Mean,2024-02-18,2024-02-19
pg5,2024-02-19,bz_mean,-45737.56329409722,Bz,Mean,2024-02-19,2024-02-20
pg5,2024-02-20,bz_mean,-45739.80700230772,Bz,Mean,2024-02-20,2024-02-21
pg5,2024-02-21,bz_mean,-45732.12296993538,Bz,Mean,2024-02-21,2024-02-22
pg5,2024-02-22,bz_mean,-45741.05346675206,Bz,Mean,2024-02-22,2024-02-23
pg5,2024-02-23,bz_mean,-45739.53898351234,Bz,Mean,2024-02-23,2024-02-24
pg5,2024-02-24,bz_mean,-45722.782460995375,Bz,Mean,2024-02-24,2024-02-25
pg5,2024-02-25,bz_mean,-45781.25348078703,Bz,Mean,2024-02-25,2024-02-26
pg5,2024-02-26,bz_mean,-45764.0313005787,Bz,Mean,2024-02-26,2024-02-27
pg5,2024-02-27,bz_mean,-45776.53302118056,Bz,Mean,2024-02-27,2024-02-28
pg5,2024-02-28,bz_mean,-45735.7248420392,Bz,Mean,2024-02-28,2024-02-29
pg5,2024-02-29,bz_mean,-45742.45957077593,Bz,Mean,2024-02-29,2024-03-01
pg5,2024-03-01,bz_mean,-45749.75130573581,Bz,Mean,2024-03-01,2024-03-02
pg5,2024-03-02,bz_mean,-45745.19633090278,Bz,Mean,2024-03-02,2024-03-03
pg5,2024-03-03,bz_mean,-45703.77462268413,Bz,Mean,2024-03-03,2024-03-04
pg5,2024-03-04,bz_mean,-45742.77560939606,Bz,Mean,2024-03-04,2024-03-05
pg5,2024-03-05,bz_mean,-45749.578468166525,Bz,Mean,2024-03-05,2024-03-06
pg5,2024-03-06,bz_mean,-45746.58942269741,Bz,Mean,2024-03-06,2024-03-07
pg5,2024-03-07,bz_mean,-45731.62528540417,Bz,Mean,2024-03-07,2024-03-08
pg5,2024-03-08,bz_mean,-45754.77711597222,Bz,Mean,2024-03-08,2024-03-09
pg5,2024-03-09,bz_mean,-45762.29678264605,Bz,Mean,2024-03-09,2024-03-10
pg5,2024-03-10,bz_mean,-45749.376462551074,Bz,Mean,2024-03-10,2024-03-11
pg5,2024-03-11,bz_mean,-45755.04021440275,Bz,Mean,2024-03-11,2024-03-12
pg5,2024-03-12,bz_mean,-45739.31991520509,Bz,Mean,2024-03-12,2024-03-13
pg5,2024-03-13,bz_mean,-45746.03865507192,Bz,Mean,2024-03-13,2024-03-14
pg5,2024-03-14,bz_mean,-45741.803991123095,Bz,Mean,2024-03-14,2024-03-15
pg5,2024-03-15,bz_mean,-45749.56574194373,Bz,Mean,2024-03-15,2024-03-16
pg5,2024-03-16,bz_mean,-45742.98600127743,Bz,Mean,2024-03-16,2024-03-17
pg5,2024-03-17,bz_mean,-45743.79165857229,Bz,Mean,2024-03-17,2024-03-18
pg5,2024-03-18,bz_mean,-45721.92594832204,Bz,Mean,2024-03-18,2024-03-19
pg5,2024-03-19,bz_mean,-45757.43897842027,Bz,Mean,2024-03-19,2024-03-20
pg5,2024-03-20,bz_mean,-45742.81073030437,Bz,Mean,2024-03-20,2024-03-21
pg5,2024-03-21,bz_mean,-45723.430284661954,Bz,Mean,2024-03-21,2024-03-22
pg5,2024-03-22,bz_mean,-45765.94654057572,Bz,Mean,2024-03-22,2024-03-23
pg5,2024-03-23,bz_mean,-45774.56028537001,Bz,Mean,2024-03-23,2024-03-24
pg5,2024-03-24,bz_mean,-45747.15717997685,Bz,Mean,2024-03-24,2024-03-25
pg5,2024-03-25,bz_mean,-45750.1737969829,Bz,Mean,2024-03-25,2024-03-26
pg5,2024-03-26,bz_mean,-45761.38028912037,Bz,Mean,2024-03-26,2024-03-27
pg5,2024-03-27,bz_mean,-45764.96810578006,Bz,Mean,2024-03-27,2024-03-28
pg5,2024-03-28,bz_mean,-45764.21875380961,Bz,Mean,2024-03-28,2024-03-29
pg5,2024-03-29,bz_mean,-45771.31672858796,Bz,Mean,2024-03-29,2024-03-30
pg5,2024-03-30,bz_mean,-45744.93687060185,Bz,Mean,2024-03-30,2024-03-31
pg5,2024-03-31,bz_mean,-45752.11083402778,Bz,Mean,2024-03-31,2024-04-01
pg5,2024-04-01,bz_mean,-45772.64407509625,Bz,Mean,2024-04-01,2024-04-02
pg5,2024-04-02,bz_mean,-45746.94955428241,Bz,Mean,2024-04-02,2024-04-03
pg5,2024-04-03,bz_mean,-45746.31917256945,Bz,Mean,2024-04-03,2024-04-04
pg5,2024-04-04,bz_mean,-45722.08491759259,Bz,Mean,2024-04-04,2024-04-05
pg5,2024-04-05,bz_mean,-45775.343687615736,Bz,Mean,2024-04-05,2024-04-06
pg5,2024-04-06,bz_mean,-45780.322763310185,Bz,Mean,2024-04-06,2024-04-07
pg5,2024-04-07,bz_mean,-45738.65939722223,Bz,Mean,2024-04-07,2024-04-08
pg5,2024-04-08,bz_mean,-45772.33260484471,Bz,Mean,2024-04-08,2024-04-09
pg5,2024-04-09,bz_mean,-45746.981576736114,Bz,Mean,2024-04-09,2024-04-10
pg5,2024-04-10,bz_mean,-45752.10482835648,Bz,Mean,2024-04-10,2024-04-11
pg5,2024-04-11,bz_mean,-45751.639751388895,Bz,Mean,2024-04-11,2024-04-12
pg5,2024-04-12,bz_mean,-45746.13021111111,Bz,Mean,2024-04-12,2024-04-13
pg5,2024-04-13,bz_mean,-45753.58777430556,Bz,Mean,2024-04-13,2024-04-14
pg5,2024-04-14,bz_mean,-45734.39647905093,Bz,Mean,2024-04-14,2024-04-15
pg5,2024-04-15,bz_mean,-45730.58330046296,Bz,Mean,2024-04-15,2024-04-16
pg5,2024-04-16,bz_mean,-45783.20956076389,Bz,Mean,2024-04-16,2024-04-17
pg5,2024-04-17,bz_mean,-45746.08530925926,Bz,Mean,2024-04-17,2024-04-18
pg5,2024-04-18,bz_mean,-45747.59783506944,Bz,Mean,2024-04-18,2024-04-19
pg5,2024-04-19,bz_mean,-45771.33281203704,Bz,Mean,2024-04-19,2024-04-20
pg5,2024-04-20,bz_mean,-45750.26240358796,Bz,Mean,2024-04-20,2024-04-21
pg5,2024-04-21,bz_mean,-45791.7098082176,Bz,Mean,2024-04-21,2024-04-22
pg5,2024-04-22,bz_mean,-45777.99640729167,Bz,Mean,2024-04-22,2024-04-23
pg5,2024-04-23,bz_mean,-45744.12297407408,Bz,Mean,2024-04-23,2024-04-24
pg5,2024-04-24,bz_mean,-45758.50861284723,Bz,Mean,2024-04-24,2024-04-25
pg5,2024-04-25,bz_mean,-45742.3886,Bz,Mean,2024-04-25,2024-04-26
pg5,2024-04-26,bz_mean,-45768.73463668981,Bz,Mean,2024-04-26,2024-04-27
pg5,2024-04-27,bz_mean,-45749.520340625,Bz,Mean,2024-04-27,2024-04-28
pg5,2024-04-28,bz_mean,-45766.17043217592,Bz,Mean,2024-04-28,2024-04-29
pg5,2024-04-29,bz_mean,-45754.96273506944,Bz,Mean,2024-04-29,2024-04-30
pg5,2024-04-30,bz_mean,-45731.38568414352,Bz,Mean,2024-04-30,2024-05-01
pg5,2024-05-01,bz_mean,-45753.36352719907,Bz,Mean,2024-05-01,2024-05-02
pg5,2024-05-02,bz_mean,-45693.26106087963,Bz,Mean,2024-05-02,2024-05-03
pg5,2024-05-03,bz_mean,-45785.97475925925,Bz,Mean,2024-05-03,2024-05-04
pg5,2024-05-04,bz_mean,-45746.93788657407,Bz,Mean,2024-05-04,2024-05-05
pg5,2024-05-05,bz_mean,-45752.47190578704,Bz,Mean,2024-05-05,2024-05-06
pg5,2024-05-06,bz_mean,-45746.47645289351,Bz,Mean,2024-05-06,2024-05-07
pg5,2024-05-07,bz_mean,-45745.38457268519,Bz,Mean,2024-05-07,2024-05-08
pg5,2024-05-08,bz_mean,-45747.98555393519,Bz,Mean,2024-05-08,2024-05-09
pg5,2024-05-09,bz_mean,-45746.09615046297,Bz,Mean,2024-05-09,2024-05-10
pg5,2024-05-10,bz_mean,-45766.6289212963,Bz,Mean,2024-05-10,2024-05-11
pg5,2024-05-11,bz_mean,-46031.85824710648,Bz,Mean,2024-05-11,2024-05-12
pg5,2024-05-12,bz_mean,-45804.15703796296,Bz,Mean,2024-05-12,2024-05-13
pg5,2024-05-13,bz_mean,-45816.52365092592,Bz,Mean,2024-05-13,2024-05-14
pg5,2024-05-14,bz_mean,-45776.61904605073,Bz,Mean,2024-05-14,2024-05-15
pg5,2024-05-15,bz_mean,-45773.747367592594,Bz,Mean,2024-05-15,2024-05-16
pg5,2024-05-16,bz_mean,-45838.79718460648,Bz,Mean,2024-05-16,2024-05-17
pg5,2024-05-17,bz_mean,-45757.30882013889,Bz,Mean,2024-05-17,2024-05-18
pg5,2024-05-18,bz_mean,-45830.04612037037,Bz,Mean,2024-05-18,2024-05-19
pg5,2024-05-19,bz_mean,-45774.82665625,Bz,Mean,2024-05-19,2024-05-20
pg5,2024-05-20,bz_mean,-45779.8992650463,Bz,Mean,2024-05-20,2024-05-21
pg5,2024-05-21,bz_mean,-45754.887915046296,Bz,Mean,2024-05-21,2024-05-22
pg5,2024-05-22,bz_mean,-45753.750995138886,Bz,Mean,2024-05-22,2024-05-23
pg5,2024-05-23,bz_mean,-45727.70066720248,Bz,Mean,2024-05-23,2024-05-24
pg5,2024-05-24,bz_mean,-45770.86249788296,Bz,Mean,2024-05-24,2024-05-25
pg5,2024-05-25,bz_mean,-45769.622782983926,Bz,Mean,2024-05-25,2024-05-26
pg5,2024-05-26,bz_mean,-45758.861472876415,Bz,Mean,2024-05-26,2024-05-27
pg5,2024-05-27,bz_mean,-45744.089755617846,Bz,Mean,2024-05-27,2024-05-28
pg5,2024-05-28,bz_mean,-45753.90444183629,Bz,Mean,2024-05-28,2024-05-29
pg5,2024-05-29,bz_mean,-45743.01746944444,Bz,Mean,2024-05-29,2024-05-30
pg5,2024-05-30,bz_mean,-45713.129743171296,Bz,Mean,2024-05-30,2024-05-31
pg5,2024-05-31,bz_mean,-45767.55030613426,Bz,Mean,2024-05-31,2024-06-01
pg5,2024-06-01,bz_mean,-45763.096030092594,Bz,Mean,2024-06-01,2024-06-02
pg5,2024-06-02,bz_mean,-45747.69462905093,Bz,Mean,2024-06-02,2024-06-03
pg5,2024-06-03,bz_mean,-45748.01306817129,Bz,Mean,2024-06-03,2024-06-04
pg5,2024-06-04,bz_mean,-45754.04990706018,Bz,Mean,2024-06-04,2024-06-05
pg5,2024-06-05,bz_mean,-45747.53127118055,Bz,Mean,2024-06-05,2024-06-06
pg5,2024-06-06,bz_mean,-45769.8694789352,Bz,Mean,2024-06-06,2024-06-07
pg5,2024-06-07,bz_mean,-45753.702484490736,Bz,Mean,2024-06-07,2024-06-08
pg5,2024-06-08,bz_mean,-45755.40571064815,Bz,Mean,2024-06-08,2024-06-09
pg5,2024-06-09,bz_mean,-45747.70425497685,Bz,Mean,2024-06-09,2024-06-10
pg5,2024-06-10,bz_mean,-45732.79136527778,Bz,Mean,2024-06-10,2024-06-11
pg5,2024-06-11,bz_mean,-45762.79818680556,Bz,Mean,2024-06-11,2024-06-12
pg5,2024-06-12,bz_mean,-45737.035576388895,Bz,Mean,2024-06-12,2024-06-13
pg5,2024-06-13,bz_mean,-45744.78674722222,Bz,Mean,2024-06-13,2024-06-14
pg5,2024-06-14,bz_mean,-45745.52570104167,Bz,Mean,2024-06-14,2024-06-15
pg5,2024-06-15,bz_mean,-45755.27331793981,Bz,Mean,2024-06-15,2024-06-16
pg5,2024-06-16,bz_mean,-45745.67657523148,Bz,Mean,2024-06-16,2024-06-17
pg5,2024-06-17,bz_mean,-45733.75055474538,Bz,Mean,2024-06-17,2024-06-18
pg5,2024-06-18,bz_mean,-45761.01707256945,Bz,Mean,2024-06-18,2024-06-19
pg5,2024-06-19,bz_mean,-45759.399195833335,Bz,Mean,2024-06-19,2024-06-20
pg5,2024-06-20,bz_mean,-45736.19753726852,Bz,Mean,2024-06-20,2024-06-21
pg5,2024-06-21,bz_mean,-45745.32445659723,Bz,Mean,2024-06-21,2024-06-22
pg5,2024-06-22,bz_mean,-45735.326290625,Bz,Mean,2024-06-22,2024-06-23
pg5,2024-06-23,bz_mean,-45723.69983888889,Bz,Mean,2024-06-23,2024-06-24
pg5,2024-06-24,bz_mean,-45745.11387187499,Bz,Mean,2024-06-24,2024-06-25
pg5,2024-06-25,bz_mean,-45746.03165,Bz,Mean,2024-06-25,2024-06-26
pg5,2024-06-26,bz_mean,-45739.290551157406,Bz,Mean,2024-06-26,2024-06-27
pg5,2024-06-27,bz_mean,-45749.849254976856,Bz,Mean,2024-06-27,2024-06-28
pg5,2024-06-28,bz_mean,-45828.80456770833,Bz,Mean,2024-06-28,2024-06-29
pg5,2024-06-29,bz_mean,-45746.07883125001,Bz,Mean,2024-06-29,2024-06-30
pg5,2024-06-30,bz_mean,-45735.74463946759,Bz,Mean,2024-06-30,2024-07-01
pg5,2024-07-01,bz_mean,-45744.55599328703,Bz,Mean,2024-07-01,2024-07-02
pg5,2024-07-02,bz_mean,-45739.35707407407,Bz,Mean,2024-07-02,2024-07-03
pg5,2024-07-03,bz_mean,-45743.44469074074,Bz,Mean,2024-07-03,2024-07-04
pg5,2024-07-04,bz_mean,-45733.96939699074,Bz,Mean,2024-07-04,2024-07-05
pg5,2024-07-05,bz_mean,-45747.83883136573,Bz,Mean,2024-07-05,2024-07-06
pg5,2024-07-06,bz_mean,-45740.65034895833,Bz,Mean,2024-07-06,2024-07-07
pg5,2024-07-07,bz_mean,-45731.62751377315,Bz,Mean,2024-07-07,2024-07-08
pg5,2024-07-08,bz_mean,-45726.006996296295,Bz,Mean,2024-07-08,2024-07-09
pg5,2024-07-09,bz_mean,-45728.53527090424,Bz,Mean,2024-07-09,2024-07-10
pg5,2024-10-23,bz_mean,-45739.198504113694,Bz,Mean,2024-10-23,2024-10-24
pg5,2024-10-24,bz_mean,-45728.59342740152,Bz,Mean,2024-10-24,2024-10-25
pg5,2024-10-25,bz_mean,-45734.75461689814,Bz,Mean,2024-10-25,2024-10-26
pg5,2024-10-26,bz_mean,-45712.31953675213,Bz,Mean,2024-10-26,2024-10-27
pg5,2024-10-27,bz_mean,-45694.96365847888,Bz,Mean,2024-10-27,2024-10-28
pg5,2024-10-28,bz_mean,-45790.02659155092,Bz,Mean,2024-10-28,2024-10-29
pg5,2024-10-29,bz_mean,-45735.273115624994,Bz,Mean,2024-10-29,2024-10-30
pg5,2024-10-30,bz_mean,-45789.29103888889,Bz,Mean,2024-10-30,2024-10-31
pg5,2024-10-31,bz_mean,-45726.087267939816,Bz,Mean,2024-10-31,2024-11-01
pg5,2024-11-01,bz_mean,-45738.27291284722,Bz,Mean,2024-11-01,2024-11-02
pg5,2024-11-02,bz_mean,-45746.31342048611,Bz,Mean,2024-11-02,2024-11-03
pg5,2024-11-03,bz_mean,-45718.45065474537,Bz,Mean,2024-11-03,2024-11-04
pg5,2024-11-04,bz_mean,-45755.97756261574,Bz,Mean,2024-11-04,2024-11-05
pg5,2024-11-05,bz_mean,-45691.10239965278,Bz,Mean,2024-11-05,2024-11-06
pg5,2024-11-06,bz_mean,-45735.26817662037,Bz,Mean,2024-11-06,2024-11-07
pg5,2024-11-07,bz_mean,-45709.187622453705,Bz,Mean,2024-11-07,2024-11-08
pg5,2024-11-08,bz_mean,-45674.05251145833,Bz,Mean,2024-11-08,2024-11-09
pg5,2024-11-09,bz_mean,-45750.88865462963,Bz,Mean,2024-11-09,2024-11-10
pg5,2024-11-10,bz_mean,-45683.485678125,Bz,Mean,2024-11-10,2024-11-11
pg5,2024-11-11,bz_mean,-45732.39332392829,Bz,Mean,2024-11-11,2024-11-12
pg5,2024-11-12,bz_mean,-45739.06515775463,Bz,Mean,2024-11-12,2024-11-13
pg5,2024-11-13,bz_mean,-45721.42924057863,Bz,Mean,2024-11-13,2024-11-14
pg5,2024-11-14,bz_mean,-45684.17123386639,Bz,Mean,2024-11-14,2024-11-15
pg5,2024-11-15,bz_mean,-45665.26037521877,Bz,Mean,2024-11-15,2024-11-16
pg5,2024-11-16,bz_mean,-45757.98482012295,Bz,Mean,2024-11-16,2024-11-17
pg5,2024-11-17,bz_mean,-45713.38744934362,Bz,Mean,2024-11-17,2024-11-18
pg5,2024-11-18,bz_mean,-45711.99610408549,Bz,Mean,2024-11-18,2024-11-19
pg5,2024-11-19,bz_mean,-45675.870345119794,Bz,Mean,2024-11-19,2024-11-20
pg5,2024-11-20,bz_mean,-45711.4313189242,Bz,Mean,2024-11-20,2024-11-21
pg5,2024-11-21,bz_mean,-45711.88849164023,Bz,Mean,2024-11-21,2024-11-22
pg5,2024-11-22,bz_mean,-45685.74356518099,Bz,Mean,2024-11-22,2024-11-23
pg5,2024-11-23,bz_mean,-45710.50436900884,Bz,Mean,2024-11-23,2024-11-24
pg5,2024-11-24,bz_mean,-45721.68398773148,Bz,Mean,2024-11-24,2024-11-25
pg5,2024-11-25,bz_mean,-45717.67611781373,Bz,Mean,2024-11-25,2024-11-26
pg5,2024-11-26,bz_mean,-45706.86977700152,Bz,Mean,2024-11-26,2024-11-27
pg5,2024-11-27,bz_mean,-45709.54006237936,Bz,Mean,2024-11-27,2024-11-28
pg5,2024-11-28,bz_mean,-45720.70262953933,Bz,Mean,2024-11-28,2024-11-29
pg5,2024-11-29,bz_mean,-45685.665834273495,Bz,Mean,2024-11-29,2024-11-30
pg5,2024-11-30,bz_mean,-45720.80130567814,Bz,Mean,2024-11-30,2024-12-01
pg5,2024-12-01,bz_mean,-45691.21271178458,Bz,Mean,2024-12-01,2024-12-02
pg5,2024-12-02,bz_mean,-45711.14198027724,Bz,Mean,2024-12-02,2024-12-03
pg5,2024-12-03,bz_mean,-45697.11726212725,Bz,Mean,2024-12-03,2024-12-04
pg5,2024-12-04,bz_mean,-45704.5276241448,Bz,Mean,2024-12-04,2024-12-05
pg5,2024-12-05,bz_mean,-45714.18215985134,Bz,Mean,2024-12-05,2024-12-06
pg5,2024-12-06,bz_mean,-45720.65152086248,Bz,Mean,2024-12-06,2024-12-07
pg5,2024-12-07,bz_mean,-45716.80352706519,Bz,Mean,2024-12-07,2024-12-08
pg5,2024-12-08,bz_mean,-45682.04456955433,Bz,Mean,2024-12-08,2024-12-09
pg5,2024-12-09,bz_mean,-45657.8007808129,Bz,Mean,2024-12-09,2024-12-10
pg5,2024-12-10,bz_mean,-45699.3187503531,Bz,Mean,2024-12-10,2024-12-11
pg5,2024-12-11,bz_mean,-45718.60090297621,Bz,Mean,2024-12-11,2024-12-12
pg5,2024-12-12,bz_mean,-45721.750417763775,Bz,Mean,2024-12-12,2024-12-13
pg5,2024-12-13,bz_mean,-45715.16815548835,Bz,Mean,2024-12-13,2024-12-14
pg5,2024-12-14,bz_mean,-45638.14784297793,Bz,Mean,2024-12-14,2024-12-15
pg5,2024-12-15,bz_mean,-45664.09544952811,Bz,Mean,2024-12-15,2024-12-16
pg5,2024-12-16,bz_mean,-45679.60186935903,Bz,Mean,2024-12-16,2024-12-17
pg5,2024-12-17,bz_mean,-45725.20504304321,Bz,Mean,2024-12-17,2024-12-18
pg5,2024-12-18,bz_mean,-45697.27701088812,Bz,Mean,2024-12-18,2024-12-19
pg5,2024-12-19,bz_mean,-45702.35287822314,Bz,Mean,2024-12-19,2024-12-20
pg5,2024-12-20,bz_mean,-45682.261597672856,Bz,Mean,2024-12-20,2024-12-21
pg5,2024-12-21,bz_mean,-45689.619147383535,Bz,Mean,2024-12-21,2024-12-22
pg5,2024-12-22,bz_mean,-45688.53864553348,Bz,Mean,2024-12-22,2024-12-23
pg5,2024-12-23,bz_mean,-45669.670473189086,Bz,Mean,2024-12-23,2024-12-24
pg5,2024-12-24,bz_mean,-45709.048933568905,Bz,Mean,2024-12-24,2024-12-25
pg5,2024-12-25,bz_mean,-45709.55152989284,Bz,Mean,2024-12-25,2024-12-26
pg5,2024-12-26,bz_mean,-45707.77925015879,Bz,Mean,2024-12-26,2024-12-27
pg5,2024-12-27,bz_mean,-45700.04278223668,Bz,Mean,2024-12-27,2024-12-28
pg5,2024-12-28,bz_mean,-45705.81846401391,Bz,Mean,2024-12-28,2024-12-29
pg5,2024-12-29,bz_mean,-45713.6163709478,Bz,Mean,2024-12-29,2024-12-30
pg5,2024-12-30,bz_mean,-45694.86002368942,Bz,Mean,2024-12-30,2024-12-31
pg5,2024-12-31,bz_mean,-45642.43824177505,Bz,Mean,2024-12-31,2025-01-01
pg0,2020-01-08,bz_mean,-53580.5812419268,Bz,Mean,2020-01-08,2020-01-09
pg0,2020-01-09,bz_mean,-53626.063329942364,Bz,Mean,2020-01-09,2020-01-10
pg0,2020-01-10,bz_mean,-53636.99701781892,Bz,Mean,2020-01-10,2020-01-11
pg0,2020-01-11,bz_mean,-53639.96100996398,Bz,Mean,2020-01-11,2020-01-12
pg0,2020-01-12,bz_mean,-53625.03867189145,Bz,Mean,2020-01-12,2020-01-13
pg0,2020-01-13,bz_mean,-53622.46697300396,Bz,Mean,2020-01-13,2020-01-14
pg0,2020-01-14,bz_mean,-53604.79302259755,Bz,Mean,2020-01-14,2020-01-15
pg0,2020-01-15,bz_mean,-53619.50841631975,Bz,Mean,2020-01-15,2020-01-16
pg0,2020-01-16,bz_mean,-53635.71837022203,Bz,Mean,2020-01-16,2020-01-17
pg0,2020-01-17,bz_mean,-53620.12686127715,Bz,Mean,2020-01-17,2020-01-18
pg0,2020-01-18,bz_mean,-53635.040692857394,Bz,Mean,2020-01-18,2020-01-19
pg0,2020-01-19,bz_mean,-53628.92224899411,Bz,Mean,2020-01-19,2020-01-20
pg0,2020-01-20,bz_mean,-53620.26742827401,Bz,Mean,2020-01-20,2020-01-21
pg0,2020-01-21,bz_mean,-53616.95983359274,Bz,Mean,2020-01-21,2020-01-22
pg0,2020-01-22,bz_mean,-53622.50297158892,Bz,Mean,2020-01-22,2020-01-23
pg0,2020-01-23,bz_mean,-53619.98376783102,Bz,Mean,2020-01-23,2020-01-24
pg0,2020-01-24,bz_mean,-53625.430987832,Bz,Mean,2020-01-24,2020-01-25
pg0,2020-01-25,bz_mean,-53628.52550956197,Bz,Mean,2020-01-25,2020-01-26
pg0,2020-01-26,bz_mean,-53619.81375906432,Bz,Mean,2020-01-26,2020-01-27
pg0,2020-01-27,bz_mean,-53635.15655935613,Bz,Mean,2020-01-27,2020-01-28
pg0,2020-01-28,bz_mean,-53621.79369725887,Bz,Mean,2020-01-28,2020-01-29
pg0,2020-01-29,bz_mean,-53629.26729253452,Bz,Mean,2020-01-29,2020-01-30
pg0,2020-01-30,bz_mean,-53615.03764759565,Bz,Mean,2020-01-30,2020-01-31
pg0,2020-01-31,bz_mean,-53630.26204223288,Bz,Mean,2020-01-31,2020-02-01
pg0,2020-02-01,bz_mean,-53627.90481233259,Bz,Mean,2020-02-01,2020-02-02
pg0,2020-02-02,bz_mean,-53623.02628872141,Bz,Mean,2020-02-02,2020-02-03
pg0,2020-02-03,bz_mean,-53641.63020114372,Bz,Mean,2020-02-03,2020-02-04
pg0,2020-02-04,bz_mean,-53622.40984180659,Bz,Mean,2020-02-04,2020-02-05
pg0,2020-02-05,bz_mean,-53632.80647506756,Bz,Mean,2020-02-05,2020-02-06
pg0,2020-02-06,bz_mean,-53621.89906876858,Bz,Mean,2020-02-06,2020-02-07
pg0,2020-02-07,bz_mean,-53631.70008908505,Bz,Mean,2020-02-07,2020-02-08
pg0,2020-02-08,bz_mean,-53622.41504989996,Bz,Mean,2020-02-08,2020-02-09
pg0,2020-02-09,bz_mean,-53627.31302220818,Bz,Mean,2020-02-09,2020-02-10
pg0,2020-02-10,bz_mean,-53640.37050183742,Bz,Mean,2020-02-10,2020-02-11
pg0,2020-02-11,bz_mean,-53633.97416417072,Bz,Mean,2020-02-11,2020-02-12
pg0,2020-02-12,bz_mean,-53640.57150910282,Bz,Mean,2020-02-12,2020-02-13
pg0,2020-02-13,bz_mean,-53629.20972252104,Bz,Mean,2020-02-13,2020-02-14
pg0,2020-02-14,bz_mean,-53629.63195436995,Bz,Mean,2020-02-14,2020-02-15
pg0,2020-02-15,bz_mean,-53629.35461339664,Bz,Mean,2020-02-15,2020-02-16
pg0,2020-02-16,bz_mean,-53627.39712032942,Bz,Mean,2020-02-16,2020-02-17
pg0,2020-02-17,bz_mean,-53621.00470904618,Bz,Mean,2020-02-17,2020-02-18
pg0,2020-02-18,bz_mean,-53650.62228314833,Bz,Mean,2020-02-18,2020-02-19
pg0,2020-02-19,bz_mean,-53634.60640268159,Bz,Mean,2020-02-19,2020-02-20
pg0,2020-02-20,bz_mean,-53640.21155949025,Bz,Mean,2020-02-20,2020-02-21
pg0,2020-02-21,bz_mean,-53657.06003718776,Bz,Mean,2020-02-21,2020-02-22
pg0,2020-02-22,bz_mean,-53633.84270312336,Bz,Mean,2020-02-22,2020-02-23
pg0,2020-02-23,bz_mean,-53631.21093014719,Bz,Mean,2020-02-23,2020-02-24
pg0,2020-02-27,bz_mean,-53617.87750595617,Bz,Mean,2020-02-27,2020-02-28
pg0,2020-02-28,bz_mean,-53630.72449249594,Bz,Mean,2020-02-28,2020-02-29
pg0,2020-02-29,bz_mean,-53633.52069733719,Bz,Mean,2020-02-29,2020-03-01
pg0,2020-03-01,bz_mean,-53640.296973895136,Bz,Mean,2020-03-01,2020-03-02
pg0,2020-03-02,bz_mean,-53637.14256299961,Bz,Mean,2020-03-02,2020-03-03
pg0,2020-03-03,bz_mean,-53630.53963008111,Bz,Mean,2020-03-03,2020-03-04
pg0,2020-03-04,bz_mean,-53626.55023075484,Bz,Mean,2020-03-04,2020-03-05
pg0,2020-03-05,bz_mean,-53632.13707641002,Bz,Mean,2020-03-05,2020-03-06
pg0,2020-03-06,bz_mean,-53636.80872171655,Bz,Mean,2020-03-06,2020-03-07
pg0,2020-03-07,bz_mean,-53638.0659825859,Bz,Mean,2020-03-07,2020-03-08
pg0,2020-03-08,bz_mean,-53630.63879033862,Bz,Mean,2020-03-08,2020-03-09
pg0,2020-03-09,bz_mean,-53633.9082100571,Bz,Mean,2020-03-09,2020-03-10
pg0,2020-03-10,bz_mean,-53631.28248363104,Bz,Mean,2020-03-10,2020-03-11
pg0,2020-03-11,bz_mean,-53628.49267631167,Bz,Mean,2020-03-11,2020-03-12
pg0,2020-03-12,bz_mean,-53626.06617915092,Bz,Mean,2020-03-12,2020-03-13
pg0,2020-03-13,bz_mean,-53629.22287257601,Bz,Mean,2020-03-13,2020-03-14
pg0,2020-03-14,bz_mean,-53630.66567207477,Bz,Mean,2020-03-14,2020-03-15
pg0,2020-03-15,bz_mean,-53630.81088147924,Bz,Mean,2020-03-15,2020-03-16
pg0,2020-03-16,bz_mean,-53624.42233202275,Bz,Mean,2020-03-16,2020-03-17
pg0,2020-03-17,bz_mean,-53625.73769931182,Bz,Mean,2020-03-17,2020-03-18
pg0,2020-03-18,bz_mean,-53625.670783744885,Bz,Mean,2020-03-18,2020-03-19
pg0,2020-03-19,bz_mean,-53636.92344133438,Bz,Mean,2020-03-19,2020-03-20
pg0,2020-03-20,bz_mean,-53638.45872800132,Bz,Mean,2020-03-20,2020-03-21
pg0,2020-03-21,bz_mean,-53641.17051730993,Bz,Mean,2020-03-21,2020-03-22
pg0,2020-03-22,bz_mean,-53637.14632748334,Bz,Mean,2020-03-22,2020-03-23
pg0,2020-03-23,bz_mean,-53637.44680945917,Bz,Mean,2020-03-23,2020-03-24
pg0,2020-03-24,bz_mean,-53641.275312865495,Bz,Mean,2020-03-24,2020-03-25
pg0,2020-03-25,bz_mean,-53638.30590246414,Bz,Mean,2020-03-25,2020-03-26
pg0,2020-03-26,bz_mean,-53632.45818733485,Bz,Mean,2020-03-26,2020-03-27
pg0,2020-03-27,bz_mean,-53636.78516023767,Bz,Mean,2020-03-27,2020-03-28
pg0,2020-03-28,bz_mean,-53631.25477009075,Bz,Mean,2020-03-28,2020-03-29
pg0,2020-03-29,bz_mean,-53630.68092365108,Bz,Mean,2020-03-29,2020-03-30
pg0,2020-03-30,bz_mean,-53652.577867309104,Bz,Mean,2020-03-30,2020-03-31
pg0,2020-03-31,bz_mean,-53661.52281539432,Bz,Mean,2020-03-31,2020-04-01
pg0,2020-04-01,bz_mean,-53648.76070962232,Bz,Mean,2020-04-01,2020-04-02
pg0,2020-04-02,bz_mean,-53652.47146830969,Bz,Mean,2020-04-02,2020-04-03
pg0,2020-04-03,bz_mean,-53641.8286334706,Bz,Mean,2020-04-03,2020-04-04
pg0,2020-04-04,bz_mean,-53637.5337252746,Bz,Mean,2020-04-04,2020-04-05
pg0,2020-04-05,bz_mean,-53631.350007370405,Bz,Mean,2020-04-05,2020-04-06
pg0,2020-04-06,bz_mean,-53633.53551174193,Bz,Mean,2020-04-06,2020-04-07
pg0,2020-04-07,bz_mean,-53625.42794807928,Bz,Mean,2020-04-07,2020-04-08
pg0,2020-04-08,bz_mean,-53645.53708373312,Bz,Mean,2020-04-08,2020-04-09
pg0,2020-04-09,bz_mean,-53642.98725947522,Bz,Mean,2020-04-09,2020-04-10
pg0,2020-04-11,bz_mean,-53640.07050295859,Bz,Mean,2020-04-11,2020-04-12
pg0,2020-04-12,bz_mean,-53629.90830717043,Bz,Mean,2020-04-12,2020-04-13
pg0,2020-04-13,bz_mean,-53631.43767666842,Bz,Mean,2020-04-13,2020-04-14
pg0,2020-04-14,bz_mean,-53650.59981463895,Bz,Mean,2020-04-14,2020-04-15
pg0,2020-04-15,bz_mean,-53648.6100262538,Bz,Mean,2020-04-15,2020-04-16
pg0,2020-04-16,bz_mean,-53731.88425798695,Bz,Mean,2020-04-16,2020-04-17
pg0,2020-04-21,bz_mean,-53636.07457358375,Bz,Mean,2020-04-21,2020-04-22
pg0,2020-04-22,bz_mean,-53657.46304347313,Bz,Mean,2020-04-22,2020-04-23
pg0,2020-04-23,bz_mean,-53639.19557582921,Bz,Mean,2020-04-23,2020-04-24
pg0,2020-04-24,bz_mean,-53631.20282878035,Bz,Mean,2020-04-24,2020-04-25
pg0,2020-04-25,bz_mean,-53639.08387783991,Bz,Mean,2020-04-25,2020-04-26
pg0,2020-04-26,bz_mean,-53635.962952456684,Bz,Mean,2020-04-26,2020-04-27
pg0,2020-04-27,bz_mean,-53650.53051196256,Bz,Mean,2020-04-27,2020-04-28
pg0,2020-04-28,bz_mean,-53641.70387343223,Bz,Mean,2020-04-28,2020-04-29
pg0,2020-04-29,bz_mean,-53639.38062112456,Bz,Mean,2020-04-29,2020-04-30
pg0,2020-04-30,bz_mean,-53638.34268603114,Bz,Mean,2020-04-30,2020-05-01
pg0,2020-05-01,bz_mean,-53646.407865577065,Bz,Mean,2020-05-01,2020-05-02
pg0,2020-05-02,bz_mean,-53643.10141470375,Bz,Mean,2020-05-02,2020-05-03
pg0,2020-05-03,bz_mean,-53631.16195810331,Bz,Mean,2020-05-03,2020-05-04
pg0,2020-05-04,bz_mean,-53631.34029447193,Bz,Mean,2020-05-04,2020-05-05
pg0,2020-05-05,bz_mean,-53630.90566758289,Bz,Mean,2020-05-05,2020-05-06
pg0,2020-05-06,bz_mean,-53646.4041152196,Bz,Mean,2020-05-06,2020-05-07
pg0,2020-05-07,bz_mean,-53637.81667481491,Bz,Mean,2020-05-07,2020-05-08
pg0,2020-05-08,bz_mean,-53631.45392626556,Bz,Mean,2020-05-08,2020-05-09
pg0,2020-05-09,bz_mean,-53625.38410061761,Bz,Mean,2020-05-09,2020-05-10
pg0,2020-05-10,bz_mean,-53621.55834019605,Bz,Mean,2020-05-10,2020-05-11
pg0,2020-05-11,bz_mean,-53638.97759756739,Bz,Mean,2020-05-11,2020-05-12
pg0,2020-05-12,bz_mean,-53629.52468418529,Bz,Mean,2020-05-12,2020-05-13
pg0,2020-05-13,bz_mean,-53627.761002866,Bz,Mean,2020-05-13,2020-05-14
pg0,2020-05-14,bz_mean,-53623.284420460266,Bz,Mean,2020-05-14,2020-05-15
pg0,2020-05-15,bz_mean,-53627.89740480787,Bz,Mean,2020-05-15,2020-05-16
pg0,2020-05-16,bz_mean,-53621.15639206971,Bz,Mean,2020-05-16,2020-05-17
pg0,2020-05-17,bz_mean,-53620.29990795322,Bz,Mean,2020-05-17,2020-05-18
pg0,2020-05-18,bz_mean,-53617.09661136138,Bz,Mean,2020-05-18,2020-05-19
pg0,2020-05-19,bz_mean,-53645.46487687378,Bz,Mean,2020-05-19,2020-05-20
pg0,2020-05-20,bz_mean,-53624.51950182473,Bz,Mean,2020-05-20,2020-05-21
pg0,2020-05-21,bz_mean,-53638.787756698905,Bz,Mean,2020-05-21,2020-05-22
pg0,2020-05-22,bz_mean,-53622.56196248567,Bz,Mean,2020-05-22,2020-05-23
pg0,2020-05-23,bz_mean,-53635.04922397454,Bz,Mean,2020-05-23,2020-05-24
pg0,2020-05-24,bz_mean,-53624.94478727759,Bz,Mean,2020-05-24,2020-05-25
pg0,2020-05-25,bz_mean,-53632.14340375256,Bz,Mean,2020-05-25,2020-05-26
pg0,2020-05-26,bz_mean,-53628.00351501825,Bz,Mean,2020-05-26,2020-05-27
pg0,2020-05-27,bz_mean,-53624.3820736783,Bz,Mean,2020-05-27,2020-05-28
pg0,2020-05-28,bz_mean,-53619.059928199735,Bz,Mean,2020-05-28,2020-05-29
pg0,2020-05-29,bz_mean,-53614.91483627557,Bz,Mean,2020-05-29,2020-05-30
pg0,2020-05-30,bz_mean,-53640.60039240462,Bz,Mean,2020-05-30,2020-05-31
pg0,2020-05-31,bz_mean,-53630.62937042237,Bz,Mean,2020-05-31,2020-06-01
pg0,2020-06-01,bz_mean,-53628.1978123574,Bz,Mean,2020-06-01,2020-06-02
pg0,2020-06-02,bz_mean,-53648.590901454256,Bz,Mean,2020-06-02,2020-06-03
pg0,2020-06-03,bz_mean,-53630.007294498224,Bz,Mean,2020-06-03,2020-06-04
pg0,2020-06-04,bz_mean,-53640.12381177756,Bz,Mean,2020-06-04,2020-06-05
pg0,2020-11-06,bz_mean,-53577.97224129123,Bz,Mean,2020-11-06,2020-11-07
pg0,2020-11-07,bz_mean,-53582.04222335299,Bz,Mean,2020-11-07,2020-11-08
pg0,2020-11-08,bz_mean,-53603.70634539328,Bz,Mean,2020-11-08,2020-11-09
pg0,2020-11-09,bz_mean,-53599.57621248085,Bz,Mean,2020-11-09,2020-11-10
pg0,2020-11-10,bz_mean,-53595.36879868079,Bz,Mean,2020-11-10,2020-11-11
pg0,2020-11-11,bz_mean,-53589.75314000281,Bz,Mean,2020-11-11,2020-11-12
pg0,2020-11-12,bz_mean,-53590.695736212816,Bz,Mean,2020-11-12,2020-11-13
pg0,2020-11-13,bz_mean,-53600.42905039894,Bz,Mean,2020-11-13,2020-11-14
pg0,2020-11-14,bz_mean,-53587.9620617037,Bz,Mean,2020-11-14,2020-11-15
pg0,2020-11-15,bz_mean,-53598.49258701579,Bz,Mean,2020-11-15,2020-11-16
pg0,2020-11-16,bz_mean,-53596.59354630421,Bz,Mean,2020-11-16,2020-11-17
pg0,2020-11-17,bz_mean,-53595.74437252976,Bz,Mean,2020-11-17,2020-11-18
pg0,2020-11-18,bz_mean,-53603.97421666023,Bz,Mean,2020-11-18,2020-11-19
pg0,2020-11-19,bz_mean,-53599.96296706125,Bz,Mean,2020-11-19,2020-11-20
pg0,2020-11-20,bz_mean,-53612.254650580704,Bz,Mean,2020-11-20,2020-11-21
pg0,2020-11-21,bz_mean,-53599.768802213744,Bz,Mean,2020-11-21,2020-11-22
pg0,2020-11-22,bz_mean,-53654.62173107682,Bz,Mean,2020-11-22,2020-11-23
pg0,2020-12-18,bz_mean,-53571.08072809332,Bz,Mean,2020-12-18,2020-12-19
pg0,2020-12-19,bz_mean,-53589.75897132826,Bz,Mean,2020-12-19,2020-12-20
pg0,2020-12-20,bz_mean,-53594.8536676764,Bz,Mean,2020-12-20,2020-12-21
pg0,2020-12-21,bz_mean,-53601.19776715837,Bz,Mean,2020-12-21,2020-12-22
pg0,2020-12-22,bz_mean,-53588.67531977391,Bz,Mean,2020-12-22,2020-12-23
pg0,2020-12-23,bz_mean,-53618.84946893343,Bz,Mean,2020-12-23,2020-12-24
pg0,2020-12-24,bz_mean,-53623.08602671471,Bz,Mean,2020-12-24,2020-12-25
pg0,2020-12-25,bz_mean,-53595.451513243366,Bz,Mean,2020-12-25,2020-12-26
pg0,2020-12-26,bz_mean,-53584.93689710856,Bz,Mean,2020-12-26,2020-12-27
pg0,2020-12-27,bz_mean,-53580.37634157182,Bz,Mean,2020-12-27,2020-12-28
pg0,2020-12-28,bz_mean,-53587.205224446334,Bz,Mean,2020-12-28,2020-12-29
pg0,2020-12-29,bz_mean,-53571.49630654765,Bz,Mean,2020-12-29,2020-12-30
pg0,2020-12-30,bz_mean,-53592.58442791307,Bz,Mean,2020-12-30,2020-12-31
pg0,2020-12-31,bz_mean,-53590.21871131969,Bz,Mean,2020-12-31,2021-01-01
pg0,2021-01-01,bz_mean,-53590.1423148538,Bz,Mean,2021-01-01,2021-01-02
pg0,2021-01-02,bz_mean,-53585.600772362006,Bz,Mean,2021-01-02,2021-01-03
pg0,2021-01-03,bz_mean,-53584.92911329934,Bz,Mean,2021-01-03,2021-01-04
pg0,2021-01-04,bz_mean,-53594.316938310025,Bz,Mean,2021-01-04,2021-01-05
pg0,2021-01-05,bz_mean,-53589.77805271721,Bz,Mean,2021-01-05,2021-01-06
pg0,2021-01-06,bz_mean,-53574.017580811145,Bz,Mean,2021-01-06,2021-01-07
pg0,2021-01-07,bz_mean,-53603.723224633024,Bz,Mean,2021-01-07,2021-01-08
pg0,2021-01-08,bz_mean,-53592.62784240524,Bz,Mean,2021-01-08,2021-01-09
pg0,2021-01-09,bz_mean,-53594.76952362569,Bz,Mean,2021-01-09,2021-01-10
pg0,2021-01-10,bz_mean,-53571.47219539868,Bz,Mean,2021-01-10,2021-01-11
pg0,2021-01-11,bz_mean,-53597.65428608189,Bz,Mean,2021-01-11,2021-01-12
pg0,2021-01-12,bz_mean,-53587.33132643252,Bz,Mean,2021-01-12,2021-01-13
pg0,2021-01-13,bz_mean,-53614.75702715037,Bz,Mean,2021-01-13,2021-01-14
pg0,2021-01-14,bz_mean,-53585.83782159449,Bz,Mean,2021-01-14,2021-01-15
pg0,2021-01-15,bz_mean,-53589.74255754656,Bz,Mean,2021-01-15,2021-01-16
pg0,2021-01-16,bz_mean,-53588.35041769072,Bz,Mean,2021-01-16,2021-01-17
pg0,2021-01-17,bz_mean,-53595.78171162092,Bz,Mean,2021-01-17,2021-01-18
pg0,2021-01-18,bz_mean,-53583.40993330838,Bz,Mean,2021-01-18,2021-01-19
pg0,2021-01-19,bz_mean,-53585.64108527495,Bz,Mean,2021-01-19,2021-01-20
pg0,2021-01-20,bz_mean,-53574.43193480854,Bz,Mean,2021-01-20,2021-01-21
pg0,2021-01-21,bz_mean,-53591.40192188214,Bz,Mean,2021-01-21,2021-01-22
pg0,2021-01-22,bz_mean,-53577.969357594186,Bz,Mean,2021-01-22,2021-01-23
pg0,2021-01-23,bz_mean,-53608.13741877595,Bz,Mean,2021-01-23,2021-01-24
pg0,2021-01-24,bz_mean,-53588.2125512603,Bz,Mean,2021-01-24,2021-01-25
pg0,2021-01-25,bz_mean,-53576.8739854826,Bz,Mean,2021-01-25,2021-01-26
pg0,2021-01-26,bz_mean,-53593.99898096698,Bz,Mean,2021-01-26,2021-01-27
pg0,2021-01-27,bz_mean,-53584.50649029405,Bz,Mean,2021-01-27,2021-01-28
pg0,2021-01-28,bz_mean,-53612.63386389957,Bz,Mean,2021-01-28,2021-01-29
pg0,2021-01-29,bz_mean,-53601.94843868476,Bz,Mean,2021-01-29,2021-01-30
pg0,2021-01-30,bz_mean,-53592.56947448483,Bz,Mean,2021-01-30,2021-01-31
pg0,2021-01-31,bz_mean,-53600.86964720608,Bz,Mean,2021-01-31,2021-02-01
pg0,2021-02-01,bz_mean,-53595.69912530408,Bz,Mean,2021-02-01,2021-02-02
pg0,2021-02-02,bz_mean,-53588.90364995602,Bz,Mean,2021-02-02,2021-02-03
pg0,2021-02-03,bz_mean,-53596.39018732023,Bz,Mean,2021-02-03,2021-02-04
pg0,2021-02-04,bz_mean,-53609.30663285363,Bz,Mean,2021-02-04,2021-02-05
pg0,2021-02-05,bz_mean,-53607.19735235645,Bz,Mean,2021-02-05,2021-02-06
pg0,2021-02-06,bz_mean,-53590.54259244961,Bz,Mean,2021-02-06,2021-02-07
pg0,2021-02-07,bz_mean,-53640.65808870845,Bz,Mean,2021-02-07,2021-02-08
pg0,2021-02-08,bz_mean,-53610.37894294203,Bz,Mean,2021-02-08,2021-02-09
pg0,2021-02-09,bz_mean,-53611.10564674637,Bz,Mean,2021-02-09,2021-02-10
pg0,2021-02-10,bz_mean,-53604.34793680145,Bz,Mean,2021-02-10,2021-02-11
pg0,2021-02-11,bz_mean,-53617.53219886038,Bz,Mean,2021-02-11,2021-02-12
pg0,2021-02-12,bz_mean,-53591.68758558159,Bz,Mean,2021-02-12,2021-02-13
pg0,2021-02-13,bz_mean,-53613.90231969973,Bz,Mean,2021-02-13,2021-02-14
pg0,2021-02-14,bz_mean,-53612.69607139933,Bz,Mean,2021-02-14,2021-02-15
pg0,2021-02-15,bz_mean,-53608.844296896015,Bz,Mean,2021-02-15,2021-02-16
pg0,2021-02-16,bz_mean,-53622.51137117915,Bz,Mean,2021-02-16,2021-02-17
pg0,2021-02-17,bz_mean,-53595.642443828125,Bz,Mean,2021-02-17,2021-02-18
pg0,2021-02-18,bz_mean,-53608.05138736842,Bz,Mean,2021-02-18,2021-02-19
pg0,2021-02-19,bz_mean,-53593.93434340237,Bz,Mean,2021-02-19,2021-02-20
pg0,2021-02-20,bz_mean,-53609.77188638385,Bz,Mean,2021-02-20,2021-02-21
pg0,2021-02-21,bz_mean,-53650.741475110575,Bz,Mean,2021-02-21,2021-02-22
pg0,2021-02-22,bz_mean,-53619.786678879966,Bz,Mean,2021-02-22,2021-02-23
pg0,2021-02-23,bz_mean,-53602.72054252869,Bz,Mean,2021-02-23,2021-02-24
pg0,2021-02-24,bz_mean,-53644.362437888565,Bz,Mean,2021-02-24,2021-02-25
pg0,2021-02-25,bz_mean,-53635.76964065973,Bz,Mean,2021-02-25,2021-02-26
pg0,2021-02-26,bz_mean,-53614.16001380973,Bz,Mean,2021-02-26,2021-02-27
pg0,2021-02-27,bz_mean,-53600.0094065268,Bz,Mean,2021-02-27,2021-02-28
pg0,2021-02-28,bz_mean,-53596.80021932646,Bz,Mean,2021-02-28,2021-03-01
pg0,2021-03-01,bz_mean,-53628.857973855454,Bz,Mean,2021-03-01,2021-03-02
pg0,2021-03-02,bz_mean,-53601.67175085436,Bz,Mean,2021-03-02,2021-03-03
pg0,2021-03-03,bz_mean,-53669.9351965372,Bz,Mean,2021-03-03,2021-03-04
pg0,2021-03-04,bz_mean,-53631.32965882368,Bz,Mean,2021-03-04,2021-03-05
pg0,2021-03-05,bz_mean,-53629.57340503218,Bz,Mean,2021-03-05,2021-03-06
pg0,2021-03-06,bz_mean,-53618.98782282125,Bz,Mean,2021-03-06,2021-03-07
pg0,2021-03-07,bz_mean,-53605.31556418413,Bz,Mean,2021-03-07,2021-03-08
pg0,2021-03-08,bz_mean,-53609.983494019616,Bz,Mean,2021-03-08,2021-03-09
pg0,2021-03-09,bz_mean,-53610.40318737498,Bz,Mean,2021-03-09,2021-03-10
pg0,2021-03-10,bz_mean,-53609.48947771148,Bz,Mean,2021-03-10,2021-03-11
pg0,2021-03-11,bz_mean,-53601.18870107075,Bz,Mean,2021-03-11,2021-03-12
pg0,2021-03-12,bz_mean,-53644.59651642127,Bz,Mean,2021-03-12,2021-03-13
pg0,2021-03-13,bz_mean,-53618.19207037787,Bz,Mean,2021-03-13,2021-03-14
pg0,2021-03-14,bz_mean,-53662.964055094606,Bz,Mean,2021-03-14,2021-03-15
pg0,2021-03-15,bz_mean,-53608.86170443246,Bz,Mean,2021-03-15,2021-03-16
pg0,2021-03-16,bz_mean,-53607.68922041438,Bz,Mean,2021-03-16,2021-03-17
pg0,2021-03-17,bz_mean,-53608.5395490024,Bz,Mean,2021-03-17,2021-03-18
pg0,2021-03-18,bz_mean,-53611.67943292697,Bz,Mean,2021-03-18,2021-03-19
pg0,2021-03-19,bz_mean,-53615.59567304653,Bz,Mean,2021-03-19,2021-03-20
pg0,2021-03-20,bz_mean,-53629.10085402092,Bz,Mean,2021-03-20,2021-03-21
pg0,2021-03-21,bz_mean,-53633.53428220514,Bz,Mean,2021-03-21,2021-03-22
pg0,2021-03-22,bz_mean,-53623.30066861689,Bz,Mean,2021-03-22,2021-03-23
pg0,2021-03-23,bz_mean,-53624.79869850592,Bz,Mean,2021-03-23,2021-03-24
pg0,2021-03-24,bz_mean,-53654.7883288498,Bz,Mean,2021-03-24,2021-03-25
pg0,2021-03-25,bz_mean,-53634.5519739044,Bz,Mean,2021-03-25,2021-03-26
pg0,2021-03-26,bz_mean,-53650.46672644953,Bz,Mean,2021-03-26,2021-03-27
pg0,2021-03-27,bz_mean,-53613.599777814175,Bz,Mean,2021-03-27,2021-03-28
pg0,2021-03-28,bz_mean,-53616.4196133224,Bz,Mean,2021-03-28,2021-03-29
pg0,2021-03-29,bz_mean,-53616.66856788447,Bz,Mean,2021-03-29,2021-03-30
pg0,2021-03-30,bz_mean,-53607.15948677471,Bz,Mean,2021-03-30,2021-03-31
pg0,2021-03-31,bz_mean,-53628.04731686204,Bz,Mean,2021-03-31,2021-04-01
pg0,2021-04-01,bz_mean,-53617.4649745498,Bz,Mean,2021-04-01,2021-04-02
pg0,2021-04-02,bz_mean,-53602.9076937565,Bz,Mean,2021-04-02,2021-04-03
pg0,2021-04-03,bz_mean,-53611.1562137251,Bz,Mean,2021-04-03,2021-04-04
pg0,2021-04-04,bz_mean,-53604.41067950832,Bz,Mean,2021-04-04,2021-04-05
pg0,2021-04-05,bz_mean,-53594.42183825765,Bz,Mean,2021-04-05,2021-04-06
pg0,2021-04-06,bz_mean,-53598.64721557937,Bz,Mean,2021-04-06,2021-04-07
pg0,2021-04-07,bz_mean,-53631.27020463081,Bz,Mean,2021-04-07,2021-04-08
pg0,2021-04-08,bz_mean,-53605.41059588007,Bz,Mean,2021-04-08,2021-04-09
pg0,2021-04-09,bz_mean,-53607.0130957978,Bz,Mean,2021-04-09,2021-04-10
pg0,2021-04-10,bz_mean,-53609.080079310304,Bz,Mean,2021-04-10,2021-04-11
pg0,2021-04-11,bz_mean,-53608.97717663437,Bz,Mean,2021-04-11,2021-04-12
pg0,2021-04-12,bz_mean,-53599.15878671312,Bz,Mean,2021-04-12,2021-04-13
pg0,2021-04-13,bz_mean,-53606.20234715596,Bz,Mean,2021-04-13,2021-04-14
pg0,2021-04-14,bz_mean,-53603.69428143503,Bz,Mean,2021-04-14,2021-04-15
pg0,2021-04-15,bz_mean,-53620.172490378434,Bz,Mean,2021-04-15,2021-04-16
pg0,2021-04-16,bz_mean,-53632.72840387563,Bz,Mean,2021-04-16,2021-04-17
pg0,2021-04-17,bz_mean,-53670.43252411745,Bz,Mean,2021-04-17,2021-04-18
pg0,2021-04-18,bz_mean,-53658.1156055857,Bz,Mean,2021-04-18,2021-04-19
pg0,2021-04-19,bz_mean,-53674.283291238506,Bz,Mean,2021-04-19,2021-04-20
pg0,2021-04-20,bz_mean,-53633.05310409356,Bz,Mean,2021-04-20,2021-04-21
pg0,2021-04-21,bz_mean,-53620.61481542133,Bz,Mean,2021-04-21,2021-04-22
pg0,2021-04-22,bz_mean,-53625.75362178288,Bz,Mean,2021-04-22,2021-04-23
pg0,2021-04-23,bz_mean,-53637.79796582997,Bz,Mean,2021-04-23,2021-04-24
pg0,2021-04-24,bz_mean,-53639.71434267935,Bz,Mean,2021-04-24,2021-04-25
pg0,2021-04-25,bz_mean,-53655.89962754505,Bz,Mean,2021-04-25,2021-04-26
pg0,2021-04-26,bz_mean,-53679.37896613024,Bz,Mean,2021-04-26,2021-04-27
pg0,2021-04-27,bz_mean,-53645.8234656592,Bz,Mean,2021-04-27,2021-04-28
pg0,2021-04-28,bz_mean,-53614.370449301474,Bz,Mean,2021-04-28,2021-04-29
pg0,2021-04-29,bz_mean,-53612.89816200725,Bz,Mean,2021-04-29,2021-04-30
pg0,2021-04-30,bz_mean,-53602.40442946191,Bz,Mean,2021-04-30,2021-05-01
pg0,2021-05-01,bz_mean,-53606.10396703978,Bz,Mean,2021-05-01,2021-05-02
pg0,2021-05-02,bz_mean,-53627.64566774673,Bz,Mean,2021-05-02,2021-05-03
pg0,2021-05-03,bz_mean,-53603.67210760234,Bz,Mean,2021-05-03,2021-05-04
pg0,2021-05-04,bz_mean,-53598.86464001218,Bz,Mean,2021-05-04,2021-05-05
pg0,2021-05-05,bz_mean,-53600.432177820425,Bz,Mean,2021-05-05,2021-05-06
pg0,2021-05-06,bz_mean,-53603.19656807365,Bz,Mean,2021-05-06,2021-05-07
pg0,2021-05-07,bz_mean,-53593.70326919477,Bz,Mean,2021-05-07,2021-05-08
pg0,2021-05-08,bz_mean,-53599.13700678442,Bz,Mean,2021-05-08,2021-05-09
pg0,2021-05-09,bz_mean,-53592.48338850909,Bz,Mean,2021-05-09,2021-05-10
pg0,2021-05-10,bz_mean,-53586.23166992382,Bz,Mean,2021-05-10,2021-05-11
pg0,2021-05-11,bz_mean,-53595.6572926872,Bz,Mean,2021-05-11,2021-05-12
pg0,2021-05-12,bz_mean,-53621.66868083664,Bz,Mean,2021-05-12,2021-05-13
pg0,2021-05-13,bz_mean,-53627.60874257101,Bz,Mean,2021-05-13,2021-05-14
pg0,2021-05-14,bz_mean,-53613.64854803047,Bz,Mean,2021-05-14,2021-05-15
pg0,2021-05-15,bz_mean,-53612.12429157846,Bz,Mean,2021-05-15,2021-05-16
pg0,2021-05-16,bz_mean,-53609.951447851614,Bz,Mean,2021-05-16,2021-05-17
pg0,2021-05-17,bz_mean,-53603.83643640107,Bz,Mean,2021-05-17,2021-05-18
pg0,2021-05-18,bz_mean,-53621.63594002293,Bz,Mean,2021-05-18,2021-05-19
pg0,2021-05-19,bz_mean,-53607.78467601316,Bz,Mean,2021-05-19,2021-05-20
pg0,2021-05-20,bz_mean,-53658.81744146883,Bz,Mean,2021-05-20,2021-05-21
pg0,2021-05-21,bz_mean,-53624.1876812764,Bz,Mean,2021-05-21,2021-05-22
pg0,2021-05-22,bz_mean,-53621.256449277054,Bz,Mean,2021-05-22,2021-05-23
pg0,2021-05-23,bz_mean,-53610.187372946784,Bz,Mean,2021-05-23,2021-05-24
pg0,2021-05-24,bz_mean,-53608.6035368921,Bz,Mean,2021-05-24,2021-05-25
pg0,2021-05-25,bz_mean,-53603.35088128656,Bz,Mean,2021-05-25,2021-05-26
pg0,2021-05-26,bz_mean,-53600.18326995753,Bz,Mean,2021-05-26,2021-05-27
pg0,2021-05-27,bz_mean,-53629.25716379502,Bz,Mean,2021-05-27,2021-05-28
pg0,2021-05-28,bz_mean,-53599.87997543055,Bz,Mean,2021-05-28,2021-05-29
pg0,2021-05-29,bz_mean,-53600.139041860144,Bz,Mean,2021-05-29,2021-05-30
pg0,2021-05-30,bz_mean,-53596.24715279971,Bz,Mean,2021-05-30,2021-05-31
pg0,2021-05-31,bz_mean,-53599.687814787954,Bz,Mean,2021-05-31,2021-06-01
pg0,2021-06-01,bz_mean,-53596.77913443873,Bz,Mean,2021-06-01,2021-06-02
pg0,2021-06-02,bz_mean,-53590.17879238131,Bz,Mean,2021-06-02,2021-06-03
pg0,2021-06-03,bz_mean,-53597.9069842551,Bz,Mean,2021-06-03,2021-06-04
pg0,2021-06-04,bz_mean,-53597.14049678755,Bz,Mean,2021-06-04,2021-06-05
pg0,2021-06-05,bz_mean,-53597.01046117669,Bz,Mean,2021-06-05,2021-06-06
pg0,2021-06-06,bz_mean,-53596.98460530009,Bz,Mean,2021-06-06,2021-06-07
pg0,2021-06-07,bz_mean,-53597.46890496086,Bz,Mean,2021-06-07,2021-06-08
pg0,2021-06-08,bz_mean,-53602.70050481781,Bz,Mean,2021-06-08,2021-06-09
pg0,2021-06-09,bz_mean,-53601.98225023103,Bz,Mean,2021-06-09,2021-06-10
pg0,2021-06-10,bz_mean,-53595.84473089476,Bz,Mean,2021-06-10,2021-06-11
pg0,2021-06-11,bz_mean,-53638.55084616104,Bz,Mean,2021-06-11,2021-06-12
pg0,2021-06-12,bz_mean,-53617.07389559173,Bz,Mean,2021-06-12,2021-06-13
pg0,2021-06-13,bz_mean,-53612.87629598867,Bz,Mean,2021-06-13,2021-06-14
pg0,2021-06-14,bz_mean,-53596.697873335244,Bz,Mean,2021-06-14,2021-06-15
pg0,2021-06-15,bz_mean,-53594.72013539981,Bz,Mean,2021-06-15,2021-06-16
